Unique Ref,Unit Type,Unit,Unit No,Pos No,Office,OffPos,Mem Type,Name,Join Date,Provincial Rank,Date Accorded,Active Office,Rank Oth Prov,OP Date Accorded,Lndn Rank,LR Date Accorded,Grand Rank,GR Date Accorded,Join Unit,Installed,First Date in Chair,Last Installation,GLRef,ActiveNote,Start Date,End Date,UnitRankStart,Lodge,Suffix,j,Founder,Joined,a,Title,Grouping,Sec Email,Table
AMD 0184 Hon 041,AMD,184,184,41,,,Hon,"Dunleavy, R A  (Fndr) 2018",,,,,,,,,,,,,,,,,,,,,,,,,,,,,Returns
AMD 0184 Hon 042,AMD,184,184,42,,,Hon,"Bale, D W B  2022",,,,,,,,,,,,,,,,,,,,,,,,,,,,,Returns
AMD 0184 Inst 001,AMD,184,184,1,,,Inst,,,,,,,,,,,,,,,January 17th 2026,,,,,,,,,,,,,,,DBLodges
AMD 0184 Mem 030,AMD,184,184,30,,,Mem,"Bond, T A",,,,,,,,,,,,,,,,,,,,,,,,2018,,,,,Returns
AMD 0184 Mem 031,AMD,184,184,31,,,Mem,"Sullivan, I R",,,,,,,,,,,,,,,,,,,,,,,,2022,,,,,Returns
AMD 0184 Mem 032,AMD,184,184,32,,,Mem,"Farlie, R",,,,,,,,,,,,,,,,,,,,,,,,2022,,,,,Returns
AMD 0184 Mem 033,AMD,184,184,33,,,Mem,"Parkes, R W",,,,,,,,,,,,,,,,,,,,,,,,2023,,,,,Returns
AMD 0184 Mem 034,AMD,184,184,34,,,Mem,"Paul, A",,,,,,,,,,,,,,,,,,,,,,,,2023,,,,,Returns
AMD 0184 Mem 035,AMD,184,184,35,,,Mem,"Parkes, M R",,,,,,,,,,,,,,,,,,,,,,,,2023,,,,,Returns
AMD 0184 Mem 036,AMD,184,184,36,,,Mem,"Bugler, C J",,,,,,,,,,,,,,,,,,,,,,,,2024,,,,,Returns
AMD 0184 Mem 037,AMD,184,184,37,,,Mem,"Davis, M D",,,,,,,,,,,,,,,,,,,,,,,,2024,,,,,Returns
AMD 0184 Mem 038,AMD,184,184,38,,,Mem,"Donoghue, J",,,,,,,,,,,,,,,,,,,,,,,,2024,,,,,Returns
AMD 0184 Mem 039,AMD,184,184,39,,,Mem,"Pomeroy, V H",,,,,,,,,,,,,,,,,,,,,,,,2025,,,,,Returns
AMD 0184 Mem 040,AMD,184,184,40,,,Mem,"Prudames, I B",,,,,,,,,,,,,,,,,,,,,,,,2026,,,,,Returns
AMD 0184 Off 002,AMD,184,184,2,W.M.,,Off,"Parkes, R W",,,,,,,,,,,,,,,,,,,,,,,,,,,,,Returns
AMD 0184 Off 003,AMD,184,184,3,S.W.,,Off,"Sullivan, I R",,,,,,,,,,,,,,,,,,,,,,,,,,,,,Returns
AMD 0184 Off 004,AMD,184,184,4,J.W.,,Off,"Fairlie, R",,,,,,,,,,,,,,,,,,,,,,,,,,,,,Returns
AMD 0184 Off 005,AMD,184,184,5,Chaplain,,Off,"Burt, D B F",,,,,,,,,,,,,,,,,,,,,,,,,,,,,Returns
AMD 0184 Off 006,AMD,184,184,6,Treasurer,,Off,"Micklefield, R F",,,,,,,,,,,,,,,,,,,,,,,,,,,,,Returns
AMD 0184 Off 007,AMD,184,184,7,Secretary,,Off,"Bond, T A",,,,,,,,,,,,,,,,,,,,,,,,,,,,,Returns
AMD 0184 Off 008,AMD,184,184,8,D.C,,Off,"Brookes, L T",,,,,,,,,,,,,,,,,,,,,,,,,,,,,Returns
AMD 0184 Off 009,AMD,184,184,9,Almoner,,Off,"Kusminoff, E",,,,,,,,,,,,,,,,,,,,,,,,,,,,,Returns
AMD 0184 Off 010,AMD,184,184,10,S.D.,,Off,"Parkes, M R",,,,,,,,,,,,,,,,,,,,,,,,,,,,,Returns
AMD 0184 Off 011,AMD,184,184,11,J.D.,,Off,"Paul, A",,,,,,,,,,,,,,,,,,,,,,,,,,,,,Returns
AMD 0184 Off 012,AMD,184,184,12,A.D.C.,,Off,"Barrett, T M",,,,,,,,,,,,,,,,,,,,,,,,,,,,,Returns
AMD 0184 Off 013,AMD,184,184,13,Organist,,Off,"Burt, M R",,,,,,,,,,,,,,,,,,,,,,,,,,,,,Returns
AMD 0184 Off 014,AMD,184,184,14,Inner Guard,,Off,"Davis, M C",,,,,,,,,,,,,,,,,,,,,,,,,,,,,Returns
AMD 0184 Off 015,AMD,184,184,15,Steward,,Off,"Donoghue, J",,,,,,,,,,,,,,,,,,,,,,,,,,,,,Returns
AMD 0184 Off 016,AMD,184,184,16,Tyler,,Off,"Bugler, C J",,,,,,,,,,,,,,,,,,,,,,,,,,,,,Returns
AMD 0184 Off 017,AMD,184,184,17,Guest Organist,,Off,,,,,,,,,,,,,,,,,,,,,,,,,,,,,,Returns
AMD 0184 PMO 018,AMD,184,184,18,,,PMO,"Brookes, L T",,DepDGP 2022-26,PGLec,,,,,,,,,2003,,,,,,,,,,f,,2003,,,,,Returns
AMD 0184 PMO 019,AMD,184,184,19,,,PMO,"Burt, D B F",,P Senior Warden (Lon) 2021,PGLec,,,,,,,,,2006,,,,,,,,,,f,,2003,,,,,Returns
AMD 0184 PMO 020,AMD,184,184,20,,,PMO,"Burt, M R",,Organist from 2025,PGJD,,,,,,,,,2010,,,,,,,,,,,,2003,,,,,Returns
AMD 0184 PMO 021,AMD,184,184,21,,,PMO,"Bale, D W B",,P Sword Bearer 2018,PGStB,,,,,,,,,2012,,,,,,,,,,,,2004,,,,,Returns
AMD 0184 PMO 022,AMD,184,184,22,,,PMO,"Micklefield, R F ",,P Junior Warden 2021,PGJD,,,,,,,,,2014,,,,,,,,,,,,2005,,,,,Returns
AMD 0184 PMO 023,AMD,184,184,23,,,PMO,"Kusminoff, E",,Dep Dir Ceremonies 2018,PGStB ,,,,,,,,,2015,,,,,,,,,,,,2006,,,,,Returns
AMD 0184 PMO 024,AMD,184,184,24,,,PMO,"Ballard, C T",,Sword Bearer 2019,PGStB,,,,,,,,,2018,,,,,,,,,,,,2010,,,,,Returns
AMD 0184 PMO 025,AMD,184,184,25,,,PMO,"Wiffen, B G",,P Inner Guard,2024,,,,,,,,,2020-21,,,,,,,,,,,,2008,,,,,Returns
AMD 0184 PMO 026,AMD,184,184,26,,,PMO,"Russell, F",,Senior Warden,2026,,,,,,,,,2022,,,,,,,,,,,,2015,,,,,Returns
AMD 0184 PMO 027,AMD,184,184,27,,,PMO,"Nixey, M T",,Standard Bearer,2025,,,,,,,,,2023,,,,,,,,,,,,2018,,,,,Returns
AMD 0184 PMO 028,AMD,184,184,28,,,PMO,"Barrett, T M",,Standard Bearer,2026,,,,,,,,,2024,,,,,,,,,,,,2017,,,,,Returns
AMD 0184 PMO 029,AMD,184,184,29,,,PMO,"Muir, P M",,Inner Guard,2026,,,,,,,,,2025,,,,,,,,,,,,2019,,,,,Returns
AMD 0184 SecEMail 001,AMD,184,184,1,,,SecEMail,,,,,,,,,,,,,,,,,,,,,,,,,,,,,,Returns
Athel 0143 Off 002,Athel,143,143,2,Worshipful Master,,Off,"Thomas, R J",,,,,,,,,,,,,,,,,,,,,,,,,,,,,Returns
Athel 0143 Off 003,Athel,143,143,3,Eminent Prior,,Off,"Bateman, J H",,,,,,,,,,,,,,,,,,,,,,,,,,,,,Returns
Athel 0143 Off 004,Athel,143,143,4,Senior Warden,,Off,"Palmer, B",,,,,,,,,,,,,,,,,,,,,,,,,,,,,Returns
Athel 0143 Off 005,Athel,143,143,5,Junior Warden,,Off,"Warwick, S",,,,,,,,,,,,,,,,,,,,,,,,,,,,,Returns
Athel 0143 Off 006,Athel,143,143,6,Treasurer,,Off,"Rash, A C",,,,,,,,,,,,,,,,,,,,,,,,,,,,,Returns
Athel 0143 Off 007,Athel,143,143,7,Secretary,,Off,"Jeffery, C J",,,,,,,,,,,,,,,,,,,,,,,,,,,,,Returns
Athel 0143 Off 008,Athel,143,143,8,Marshal,,Off,"Phillips, S",,,,,,,,,,,,,,,,,,,,,,,,,,,,,Returns
Athel 0143 Off 009,Athel,143,143,9,Almoner,,Off,"Brice-Bullows, P",,,,,,,,,,,,,,,,,,,,,,,,,,,,,Returns
Athel 0143 Off 010,Athel,143,143,10,Deputy Marshal,,Off,vacant,,,,,,,,,,,,,,,,,,,,,,,,,,,,,Returns
Athel 0143 Off 011,Athel,143,143,11,Senior Deacon,,Off,"Wakely , D",,,,,,,,,,,,,,,,,,,,,,,,,,,,,Returns
Athel 0143 Off 012,Athel,143,143,12,Junior Deacon,,Off,"Walker, I J",,,,,,,,,,,,,,,,,,,,,,,,,,,,,Returns
Athel 0143 Off 013,Athel,143,143,13,Organist,,Off,vacant,,,,,,,,,,,,,,,,,,,,,,,,,,,,,Returns
Athel 0143 Off 014,Athel,143,143,14,Capt. of the Guards,,Off,"Beckett, M",,,,,,,,,,,,,,,,,,,,,,,,,,,,,Returns
Athel 0143 Off 015,Athel,143,143,15,Burgh,,Off,vacant,,,,,,,,,,,,,,,,,,,,,,,,,,,,,Returns
Athel 0143 Off 016,Athel,143,143,16,Guard,,Off,vacant,,,,,,,,,,,,,,,,,,,,,,,,,,,,,Returns
Athel 0143 PMO 017,Athel,143,143,17,,,PMO,"Wakely , D",,Prov JGW,2026,,,,,,,,,2019-22,,,,,,,,,,,,,a,,,,Returns
Athel 0143 PMO 018,Athel,143,143,18,,,PMO,"Buckle, B",,,,,,,,,,,,2023,,,,,,,,,,,,,,,,,Returns
Athel 0143 PMO 019,Athel,143,143,19,,,PMO,"Rash, A C",,Prov SGD,2026,,,,,,,,,2024,,,,,,,,,,,,,a,,,,Returns
Athel 0143 PMO 020,Athel,143,143,20,,,PMO,"Thomas, R J",,Prov GCoG,2026,,,,,,,,,2025,,,,,,,,,,,,,a,,,,Returns
Athel 0143 SecEMail 001,Athel,143,143,1,,,SecEMail,,,,,,,,,,,,,,,,,,,,,,,,,,,,,,Returns
Craft 0137 Hon 001,Craft,137,137,1,,,Hon,"Miles, R J  ",2025,ProvGOrg,2023,,,,,,,,,,,,,,,,,,,,,,,,,,Honorary
Craft 0137 Hon 002,Craft,137,137,2,,,Hon,"Hollard, R M  ",2023,PPSGD,2018,,,,,,,,,,,,,,,,,,,,,,,,,,Honorary
Craft 0137 Inst 001,Craft,137,137,1,,,Inst,,,,,,,,,,,,,,,January 21st 2026,,,,,,,,,,,,,,,DBLodges
Craft 0137 Mem 001,Craft,137,137,1,,,Mem,"Howard, D   ",1964,PProvSGW,2005,,,,,,,,,,,,,,,,,,,,,,,,,,MarkRAMPMI
Craft 0137 Mem 002,Craft,137,137,2,,,Mem,"Davis, A   ",1971,PPJGW,2008,,,,,,,,,,,,,,,,,,,,,,,,,,MarkRAMPMI
Craft 0137 Mem 003,Craft,137,137,3,,,Mem,"Legg, P D  ",1974,,,,,,,,,,,,,,,,,,,,,,,,,,,,MarkRAMPMI
Craft 0137 Mem 004,Craft,137,137,4,,,Mem,"Gordon, R P  ",1974,PProvGSwdB,2007,,,,,,,,,,,,,,,,,,,,,,,,,,MarkRAMPMI
Craft 0137 Mem 005,Craft,137,137,5,,,Mem,"Burt, D B F ",1980,PProvSGW,2004,,,,,,,,,,,,,,,,,,,,,,,,,,MarkRAMPMI
Craft 0137 Mem 006,Craft,137,137,6,,,Mem,"Porter, J M B ",1981,,,,,,,,,,,,,,,,,,,,,,,,,,,,MarkRAMPMI
Craft 0137 Mem 007,Craft,137,137,7,,,Mem,"Nethercott, S J  ",1981,PPGReg,2022,,,,,,,,,,,,,,,,,,,,,,,,,,MarkRAMPMI
Craft 0137 Mem 008,Craft,137,137,8,,,Mem,"Wellman, J F  ",1981,,,,,,,,,,,,,,,,,,,,,,,,,,,,MarkRAMPMI
Craft 0137 Mem 009,Craft,137,137,9,,,Mem,"Gillingham, R K  ",1983,PPGSwdB,2019,,,,,,,,,,,,,,,,,,,,,,,,,,MarkRAMPMI
Craft 0137 Mem 010,Craft,137,137,10,,,Mem,"Thorne, G C  ",1985,PPGReg,2009,,,,,,,,,,,,,,,,,,,,,,,,,,MarkRAMPMI
Craft 0137 Mem 011,Craft,137,137,11,,,Mem,"Orr, M W  ",1986,,,,,,,,,,,,,,,,,,,,,,,,,,,,MarkRAMPMI
Craft 0137 Mem 012,Craft,137,137,12,,,Mem,"Birkett, T   ",1990,PPGStB,2023,,,,,,,,,,,,,,,,,,,,,,,,,,MarkRAMPMI
Craft 0137 Mem 013,Craft,137,137,13,,,Mem,"Russell, F   ",1990,PPGSwdB,2022,,,,,,,,,,,,,,,,,,,,,,,,,,MarkRAMPMI
Craft 0137 Mem 014,Craft,137,137,14,,,Mem,"Knowles, G   ",1990,,,,,,,,,,,,,,,,,,,,,,,,,,,,MarkRAMPMI
Craft 0137 Mem 015,Craft,137,137,15,,,Mem,"Barker, M B  ",1991,PPDepGDC,2022,,,,,,,,,,,,,,,,,,,,,,,,,,MarkRAMPMI
Craft 0137 Mem 016,Craft,137,137,16,,,Mem,"Cardy, S   ",1993,PProvGReg,2006,,,,,,,,,,,,,,,,,,,,,,,,,,MarkRAMPMI
Craft 0137 Mem 017,Craft,137,137,17,,,Mem,"Howard, B M  ",1994,,,,,,,,,,,,,,,,,,,,,,,,,,,,MarkRAMPMI
Craft 0137 Mem 018,Craft,137,137,18,,,Mem,"Everett, M L  ",1995,,,,,,,,,,,,,,,,,,,,,,,,,,,,MarkRAMPMI
Craft 0137 Mem 019,Craft,137,137,19,,,Mem,"Adlem, M J  ",1995,PPJGW,2024,,,,,,,,,,,,,,,,,,,,,,,,,,MarkRAMPMI
Craft 0137 Mem 020,Craft,137,137,20,,,Mem,"Morris, D J  ",1996,PPAGDC,2022,,,,,,,,,,,,,,,,,,,,,,,,,,MarkRAMPMI
Craft 0137 Mem 021,Craft,137,137,21,,,Mem,"Burt, M R  ",1996,PPSGW,2019,,PProvSGW (Hants. & I. of W.),2021,,,,,,,,,,,,,,,,,,,,,,,MarkRAMPMI
Craft 0137 Mem 022,Craft,137,137,22,,,Mem,"Shorto, R J  ",1999,PPJGW,2019,,PProvJGW (Surrey),2016,,,,,,,,,,,,,,,,,,,,,,,MarkRAMPMI
Craft 0137 Mem 023,Craft,137,137,23,,,Mem,"Wright, I M  ",2000,,,,,,,,,,,,,,,,,,,,,,,,,,,,MarkRAMPMI
Craft 0137 Mem 024,Craft,137,137,24,,,Mem,"Leese, G   ",2000,PPGSuptWks,2021,,,,,,,,,,,,,,,,,,,,,,,,,,MarkRAMPMI
Craft 0137 Mem 025,Craft,137,137,25,,,Mem,"Kamal, M   ",2003,,,,,,,,,,,,,,,,,,,,,,,,,,,,MarkRAMPMI
Craft 0137 Mem 026,Craft,137,137,26,,,Mem,"Mould, G V  ",2003,PPGStB,2025,,,,,,,,,,,,,,,,,,,,,,,,,,MarkRAMPMI
Craft 0137 Mem 027,Craft,137,137,27,,,Mem,"Bursey, R S  ",2005,PPJGD,2020,,,,,,,,,,,,,,,,,,,,,,,,,,MarkRAMPMI
Craft 0137 Mem 028,Craft,137,137,28,,,Mem,"Ball, M R  ",2006,PPSGD,2022,,,,,,,,,,,,,,,,,,,,,,,,,,MarkRAMPMI
Craft 0137 Mem 029,Craft,137,137,29,,,Mem,"Leese, J   ",2007,,,,,,,,,,,,,,,,,,,,,,,,,,,,MarkRAMPMI
Craft 0137 Mem 030,Craft,137,137,30,,,Mem,"Colborne, M J  ",2008,PProvJGD,2023,,,,,,,,,,,,,,,,,,,,,,,,,,MarkRAMPMI
Craft 0137 Mem 031,Craft,137,137,31,,,Mem,"Hillman, K J  ",2009,,,,,,,,,,,,,,,,,,,,,,,,,,,,MarkRAMPMI
Craft 0137 Mem 032,Craft,137,137,32,,,Mem,"Crumpler, H   ",2013,,,,,,,,,,,,,,,,,,,,,,,,,,,,MarkRAMPMI
Craft 0137 Mem 033,Craft,137,137,33,,,Mem,"Wills, C C  ",2013,,,,,,,,,,,,,,,,,,,,,,,,,,,,MarkRAMPMI
Craft 0137 Mem 034,Craft,137,137,34,,,Mem,"Woollard, P W  ",2015,,,,,,,,,,,,,,,,,,,,,,,,,,,,MarkRAMPMI
Craft 0137 Mem 035,Craft,137,137,35,,,Mem,"White, N J  ",2015,,,,,,,,,,,,,,,,,,,,,,,,,,,,MarkRAMPMI
Craft 0137 Mem 036,Craft,137,137,36,,,Mem,"Avery, J   ",2015,PPGSwdB,2021,,PProvSGD (Somerset),1992,,,,,,,,,,,,,,,,,,,,,,,MarkRAMPMI
Craft 0137 Mem 037,Craft,137,137,37,,,Mem,"Wells, B P  ",2018,,,,PProvJGD (Northants. & Hunts.),2017,LGR,2011,,,,,,,,,,,,,,,,,,,,,MarkRAMPMI
Craft 0137 Mem 038,Craft,137,137,38,,,Mem,"Powell, D K  ",2018,,,,,,,,,,,,,,,,,,,,,,,,,,,,MarkRAMPMI
Craft 0137 Mem 039,Craft,137,137,39,,,Mem,"Miles, H W  ",2019,,,,PProvSGD (Berks.),2021,,,,,,,,,,,,,,,,,,,,,,,MarkRAMPMI
Craft 0137 Mem 040,Craft,137,137,40,,,Mem,"Brookes, G L  ",2019,,,,,,,,,,,,,,,,,,,,,,,,,,,,MarkRAMPMI
Craft 0137 Mem 041,Craft,137,137,41,,,Mem,"Kay, S R  ",2020,,,,,,,,,,,,,,,,,,,,,,,,,,,,MarkRAMPMI
Craft 0137 Mem 042,Craft,137,137,42,,,Mem,"Overall, N J  ",2021,,,,,,,,,,,,,,,,,,,,,,,,,,,,MarkRAMPMI
Craft 0137 Mem 043,Craft,137,137,43,,,Mem,"Robinson, C M  ",2022,,,,,,,,,,,,,,,,,,,,,,,,,,,,MarkRAMPMI
Craft 0137 Mem 044,Craft,137,137,44,,,Mem,"Williams, M D J ",2022,,,,,,,,,,,,,,,,,,,,,,,,,,,,MarkRAMPMI
Craft 0137 Mem 045,Craft,137,137,45,,,Mem,"Fortescue, M   ",2023,,,,,,,,,,,,,,,,,,,,,,,,,,,,MarkRAMPMI
Craft 0137 Mem 046,Craft,137,137,46,,,Mem,"Carter, A J  ",2023,,,,,,,,,,,,,,,,,,,,,,,,,,,,MarkRAMPMI
Craft 0137 Mem 047,Craft,137,137,47,,,Mem,"D'Arcy-Wykes, A J  ",2023,,,,,,,,,,,,,,,,,,,,,,,,,,,,MarkRAMPMI
Craft 0137 Mem 048,Craft,137,137,48,,,Mem,"Kennedy, C J  ",2023,,,,,,,,,,,,,,,,,,,,,,,,,,,,MarkRAMPMI
Craft 0137 Mem 049,Craft,137,137,49,,,Mem,"Tarrant, C A  ",2024,,,,,,,,,,,,,,,,,,,,,,,,,,,,MarkRAMPMI
Craft 0137 Mem 050,Craft,137,137,50,,,Mem,"Reed, D J  ",2024,PPGSwdB,2022,,PProvGStB (Glos.),2008,,,,,,,,,,,,,,,,,,,,,,,MarkRAMPMI
Craft 0137 Mem 051,Craft,137,137,51,,,Mem,"Sowry-House, D A  ",2024,,,,,,,,,,,,,,,,,,,,,,,,,,,,MarkRAMPMI
Craft 0137 Mem 052,Craft,137,137,52,,,Mem,"Bird, D   ",2025,,,,,,,,,,,,,,,,,,,,,,,,,,,,MarkRAMPMI
Craft 0137 Mem 053,Craft,137,137,53,,,Mem,"Karaman, I   ",2025,,,,,,,,,,,,,,,,,,,,,,,,,,,,MarkRAMPMI
Craft 0137 Mem 054,Craft,137,137,54,,,Mem,"Head, C K  ",2025,,,,PProvSGD (Shropshire),2010,,,,,,,,,,,,,,,,,,,,,,,MarkRAMPMI
Craft 0137 Mem 055,Craft,137,137,55,,,Mem,"Pirie, P   ",2025,,,,,,,,,,,,,,,,,,,,,,,,,,,,MarkRAMPMI
Craft 0137 Mem 056,Craft,137,137,56,,,Mem,"Ballett, J   ",2025,,,,,,,,,,,,,,,,,,,,,,,,,,,,MarkRAMPMI
Craft 0137 Mem 057,Craft,137,137,57,,,Mem,"Townly, C J W ",2025,,,,,,,,,,,,,,,,,,,,,,,,,,,,MarkRAMPMI
Craft 0137 Off 001,Craft,137,137,1,WM,1,Off,"White, N J  ",2015,,,,,,,,,,,,,,,,,,,,,,,,,,,,Officers
Craft 0137 Off 002,Craft,137,137,2,SW,2,Off,"Brookes, G L  ",2019,,,,,,,,,,,,,,,,,,,,,,,,,,,,Officers
Craft 0137 Off 003,Craft,137,137,3,JW,3,Off,"Williams, M D J ",2022,,,,,,,,,,,,,,,,,,,,,,,,,,,,Officers
Craft 0137 Off 004,Craft,137,137,4,Chap,4,Off,"Nethercott, S J  ",1981,,,,,,,,,,,,,,,,,,,,,,,,,,,,Officers
Craft 0137 Off 005,Craft,137,137,5,Treas,5,Off,"Birkett, T   ",1990,,,,,,,,,,,,,,,,,,,,,,,,,,,,Officers
Craft 0137 Off 006,Craft,137,137,6,Sec,6,Off,"Ball, M R  ",2006,,,,,,,,,,,,,,,,,,,,,,,,,,,,Officers
Craft 0137 Off 007,Craft,137,137,7,DC,7,Off,"Barker, M B  ",1991,,,,,,,,,,,,,,,,,,,,,,,,,,,,Officers
Craft 0137 Off 008,Craft,137,137,8,Alm,8,Off,"Carter, A J  ",2023,,,,,,,,,,,,,,,,,,,,,,,,,,,,Officers
Craft 0137 Off 009,Craft,137,137,9,ChStwd,9,Off,"Kennedy, C J  ",2023,,,,,,,,,,,,,,,,,,,,,,,,,,,,Officers
Craft 0137 Off 010,Craft,137,137,10,MO,10,Off,"Colborne, M J  ",2008,,,,,,,,,,,,,,,,,,,,,,,,,,,,Officers
Craft 0137 Off 011,Craft,137,137,11,Mentor,11,Off,"Crumpler, H   ",2013,,,,,,,,,,,,,,,,,,,,,,,,,,,,Officers
Craft 0137 Off 012,Craft,137,137,12,SD,12,Off,"Head, C K  ",2025,,,,,,,,,,,,,,,,,,,,,,,,,,,,Officers
Craft 0137 Off 013,Craft,137,137,13,JD,13,Off,"Townly, C J W ",2025,,,,,,,,,,,,,,,,,,,,,,,,,,,,Officers
Craft 0137 Off 014,Craft,137,137,14,ADC,14,Off,"Adlem, M J  ",1995,,,,,,,,,,,,,,,,,,,,,,,,,,,,Officers
Craft 0137 Off 015,Craft,137,137,15,Org,15,Off,Vacant,,,,,,,,,,,,,,,,,,,,,,,,,,,,,Officers
Craft 0137 Off 016,Craft,137,137,16,Gst Org,15,Off,"Miles, R J  ",,,,,,,,,,,,,,,,,,,,,,,,,,,,,Officers
Craft 0137 Off 017,Craft,137,137,17,ASec,16,Off,"Wills, C C  ",2013,,,,,,,,,,,,,,,,,,,,,,,,,,,,Officers
Craft 0137 Off 018,Craft,137,137,18,IG,17,Off,"Kennedy, C J  ",2023,,,,,,,,,,,,,,,,,,,,,,,,,,,,Officers
Craft 0137 Off 019,Craft,137,137,19,Stwd,18,Off,"Woollard, P W  ",2015,,,,,,,,,,,,,,,,,,,,,,,,,,,,Officers
Craft 0137 Off 020,Craft,137,137,20,Stwd,18,Off,"Powell, D K  ",2018,,,,,,,,,,,,,,,,,,,,,,,,,,,,Officers
Craft 0137 Off 021,Craft,137,137,21,Stwd,18,Off,"Tarrant, C A  ",2024,,,,,,,,,,,,,,,,,,,,,,,,,,,,Officers
Craft 0137 Off 022,Craft,137,137,22,Stwd,18,Off,"Karaman, I   ",2025,,,,,,,,,,,,,,,,,,,,,,,,,,,,Officers
Craft 0137 Off 023,Craft,137,137,23,Stwd,18,Off,"Ballett, J   ",2025,,,,,,,,,,,,,,,,,,,,,,,,,,,,Officers
Craft 0137 Off 024,Craft,137,137,24,Stwd,18,Off,"Pirie, P   ",2025,,,,,,,,,,,,,,,,,,,,,,,,,,,,Officers
Craft 0137 Off 025,Craft,137,137,25,Stwd,18,Off,"Bird, D   ",2025,,,,,,,,,,,,,,,,,,,,,,,,,,,,Officers
Craft 0137 Off 026,Craft,137,137,26,Tyler,19,Off,"Mould, G V  ",2003,,,,,,,,,,,,,,,,,,,,,,,,,,,,Officers
Craft 0137 PMI 001,Craft,137,137,1,,,PMI,"Davis, A   ",1971,PPJGW,2008,,,,,,,,8641,,,,,,,,,,,,,,,,,,PMI
Craft 0137 PMI 002,Craft,137,137,2,,,PMI,"Thorne, G C  ",1985,PPGReg,2009,,,,,,,,8025,,,,,,,,,,,,,,,,,,PMI
Craft 0137 PMI 003,Craft,137,137,3,,,PMI,"Knowles, G   ",1990,,,,,,,,,,9290,,,,,,,,,,,,,,,,,,PMI
Craft 0137 PMI 004,Craft,137,137,4,,,PMI,"Shorto, R J  ",1999,PPJGW,2019,,PProvJGW (Surrey),2016,,,,,"5848, 6525",,,,,,,,,,,,,,,,,,PMI
Craft 0137 PMI 005,Craft,137,137,5,,,PMI,"Wright, I M  ",2000,,,,,,,,,,2671,,,,,,,,,,,,,,,,,,PMI
Craft 0137 PMI 006,Craft,137,137,6,,,PMI,"Avery, J   ",2015,PPGSwdB,2021,,PProvSGD (Somerset),1992,,,,,1296,,,,,,,,,,,,,,,,,,PMI
Craft 0137 PMI 007,Craft,137,137,7,,,PMI,"Wells, B P  ",2018,,,,PProvJGD (Northants. & Hunts.),2017,LGR,2011,,,"3343, 8837",,,,,,,,,,,,,,,,,,PMI
Craft 0137 PMI 008,Craft,137,137,8,,,PMI,"Miles, H W  ",2019,,,,PProvSGD (Berks.),2021,,,,,1899,,,,,,,,,,,,,,,,,,PMI
Craft 0137 PMI 009,Craft,137,137,9,,,PMI,"Reed, D J  ",2024,PPGSwdB,2022,,PProvGStB (Glos.),2008,,,,,8909,,,,,,,,,,,,,,,,,,PMI
Craft 0137 PMI 010,Craft,137,137,10,,,PMI,"Head, C K  ",2025,,,,PProvSGD (Shropshire),2010,,,,,"262, 4621",,,,,,,,,,,,,,,,,,PMI
Craft 0137 PMO 001,Craft,137,137,1,,,PMO,"Howard, D   ",,PProvSGW,2005,,,,,,,,,1978,1978,,,,,,,,,,,,,,,,PMO
Craft 0137 PMO 005,Craft,137,137,5,,,PMO,"Gordon, R P  ",,PProvGSwdB,2007,,,,,,,,,1990,1990,,,,,,,,,,,,,,,,PMO
Craft 0137 PMO 006,Craft,137,137,6,,,PMO,"Burt, D B F ",,PProvSGW,2004,,,,,,,,,1996,1996,,,,,,,,,,,,,,,,PMO
Craft 0137 PMO 010,Craft,137,137,10,,,PMO,"Gillingham, R K  ",,PPGSwdB,2019,,,,,,,,,"1998, 2006",1998,,,,,,,,,,,,,,,,PMO
Craft 0137 PMO 011,Craft,137,137,11,,,PMO,"Russell, F   ",,PPGSwdB,2022,,,,,,,,,2001,2001,,,,,,,,,,,,,,,,PMO
Craft 0137 PMO 013,Craft,137,137,13,,,PMO,"Cardy, S   ",,PProvGReg,2006,,,,,,PAGDC,2011,,2002,2002,,,,,,,,,,,,,,,,PMO
Craft 0137 PMO 014,Craft,137,137,14,,,PMO,"Adlem, M J  ",,PPJGW,2024,,,,,,,,,"2003, 2004",2003,,,,,,,,,,,,,,,,PMO
Craft 0137 PMO 015,Craft,137,137,15,,,PMO,"Burt, M R  ",,PPSGW,2019,,PProvSGW (Hants. & I. of W.),2021,,,PDepGOrg,2024,,2005,2005,,,,,,,,,,,,,,,,PMO
Craft 0137 PMO 017,Craft,137,137,17,,,PMO,"Leese, G   ",,PPGSuptWks,2021,,,,,,,,,2007,2007,,,,,,,,,,,,,,,,PMO
Craft 0137 PMO 018,Craft,137,137,18,,,PMO,"Nethercott, S J  ",,PPGReg,2022,,,,,,,,,2011,2011,,,,,,,,,,,,,,,,PMO
Craft 0137 PMO 019,Craft,137,137,19,,,PMO,"Barker, M B  ",,PPDepGDC,2022,,,,,,,,,"2012, 2017",2012,,,,,,,,,,,,,,,,PMO
Craft 0137 PMO 020,Craft,137,137,20,,,PMO,"Bursey, R S  ",,PPJGD,2020,,,,,,,,,"2013, 2014",2013,,,,,,,,,,,,,,,,PMO
Craft 0137 PMO 022,Craft,137,137,22,,,PMO,"Morris, D J  ",,PPAGDC,2022,,,,,,,,,2015,2015,,,,,,,,,,,,,,,,PMO
Craft 0137 PMO 023,Craft,137,137,23,,,PMO,"Ball, M R  ",,PPSGD,2022,,,,,,,,,2018,2018,,,,,,,,,,,,,,,,PMO
Craft 0137 PMO 025,Craft,137,137,25,,,PMO,"Colborne, M J  ",,PProvJGD,2023,,,,,,,,,"2019, 2020, 2021",2019,,,,,,,,,,,,,,,,PMO
Craft 0137 PMO 027,Craft,137,137,27,,,PMO,"Wills, C C  ",,,,,,,,,,,,2022,2022,,,,,,,,,,,,,,,,PMO
Craft 0137 PMO 028,Craft,137,137,28,,,PMO,"Crumpler, H   ",,,,,,,,,,,,2023,2023,,,,,,,,,,,,,,,,PMO
Craft 0137 PMO 029,Craft,137,137,29,,,PMO,"White, N J  ",,,,,,,,,,,,2025,2025,,,,,,,,,,,,,,,,PMO
Craft 0170 Hon 001,Craft,170,170,1,,,Hon,"Barnes, K H  ",2007,PProvGM,1994,,,,,,PProvGM (Dorset),1994,,,,,,,,,,,,,,,,,,,Honorary
Craft 0170 Hon 002,Craft,170,170,2,,,Hon,"Harris, W J W ",2025,PPJGW,2009,,PProvGStB (Hants. & I. of W.),1982,,,,,,,,,,,,,,,,,,,,,,,Honorary
Craft 0170 Hon 003,Craft,170,170,3,,,Hon,"Piggott, B A  ",2022,PPSGD,2018,,,,,,,,,,,,,,,,,,,,,,,,,,Honorary
Craft 0170 Hon 004,Craft,170,170,4,,,Hon,"Russell, F   ",2014,PPGSwdB,2022,,,,,,,,,,,,,,,,,,,,,,,,,,Honorary
Craft 0170 Hon 005,Craft,170,170,5,,,Hon,"Skipp, R J  ",1997,PPJGW,2025,,,,,,,,,,,,,,,,,,,,,,,,,,Honorary
Craft 0170 Hon 006,Craft,170,170,6,,,Hon,"Williamson, D   ",2024,PPGOrg,2019,,,,,,,,,,,,,,,,,,,,,,,,,,Honorary
Craft 0170 Inst 001,Craft,170,170,1,,,Inst,,,,,,,,,,,,,,,December 27th 2025,,,,,,,,,,,,,,,DBLodges
Craft 0170 Mem 001,Craft,170,170,1,,,Mem,"Mountjoy, D D  ",1982,,,,,,,,,,,,,,,,,,,,,,,,,,,,MarkRAMPMI
Craft 0170 Mem 002,Craft,170,170,2,,,Mem,"Abbiss, K   ",1986,PProvSGW,2016,,,,,,,,,,,,,,,,,,,,,,,,,,MarkRAMPMI
Craft 0170 Mem 003,Craft,170,170,3,,,Mem,"Paskins, G R  ",1986,,,,PProvGSwdB (Bristol),2010,,,,,,,,,,,,,,,,,,,,,,,MarkRAMPMI
Craft 0170 Mem 004,Craft,170,170,4,,,Mem,"Barnes, T J  ",1988,PPJGW,2020,,,,,,,,,,,,,,,,,,,,,,,,,,MarkRAMPMI
Craft 0170 Mem 005,Craft,170,170,5,,,Mem,"Porter, A M  ",1989,PPSGD,2021,,,,,,,,,,,,,,,,,,,,,,,,,,MarkRAMPMI
Craft 0170 Mem 006,Craft,170,170,6,,,Mem,"Pattison, R J  ",1989,,,,,,,,,,,,,,,,,,,,,,,,,,,,MarkRAMPMI
Craft 0170 Mem 007,Craft,170,170,7,,,Mem,"Hayward, W F  ",1991,PPGSwdB,2022,,,,,,,,,,,,,,,,,,,,,,,,,,MarkRAMPMI
Craft 0170 Mem 008,Craft,170,170,8,,,Mem,"Pearce, J K  ",1995,PPJGW,2025,,,,,,,,,,,,,,,,,,,,,,,,,,MarkRAMPMI
Craft 0170 Mem 009,Craft,170,170,9,,,Mem,"Penfold, J C  ",1996,,,,,,,,,,,,,,,,,,,,,,,,,,,,MarkRAMPMI
Craft 0170 Mem 010,Craft,170,170,10,,,Mem,"Gardiner, B E  ",1996,PPGReg,2025,,,,,,,,,,,,,,,,,,,,,,,,,,MarkRAMPMI
Craft 0170 Mem 011,Craft,170,170,11,,,Mem,"Paisley, R A  ",1999,PPGSuptWks,2021,,,,,,,,,,,,,,,,,,,,,,,,,,MarkRAMPMI
Craft 0170 Mem 012,Craft,170,170,12,,,Mem,"Walsh, D G  ",1999,,,,,,,,,,,,,,,,,,,,,,,,,,,,MarkRAMPMI
Craft 0170 Mem 013,Craft,170,170,13,,,Mem,"Fursman, R K  ",2000,PPAGDC,2021,,,,,,,,,,,,,,,,,,,,,,,,,,MarkRAMPMI
Craft 0170 Mem 014,Craft,170,170,14,,,Mem,"Harper, W B  ",2000,PPSGW,2023,,PProvAGReg (Surrey),2006,,,,,,,,,,,,,,,,,,,,,,,MarkRAMPMI
Craft 0170 Mem 015,Craft,170,170,15,,,Mem,"Smith, A C  ",2000,PPGSwdB,2020,,,,,,,,,,,,,,,,,,,,,,,,,,MarkRAMPMI
Craft 0170 Mem 016,Craft,170,170,16,,,Mem,"Capaldi, J R  ",2003,PPJGD,2025,,,,,,,,,,,,,,,,,,,,,,,,,,MarkRAMPMI
Craft 0170 Mem 017,Craft,170,170,17,,,Mem,"Hilton, D   ",2003,,,,,,,,,,,,,,,,,,,,,,,,,,,,MarkRAMPMI
Craft 0170 Mem 018,Craft,170,170,18,,,Mem,"Baines, B   ",2006,PPSGW,2018,,,,,,,,,,,,,,,,,,,,,,,,,,MarkRAMPMI
Craft 0170 Mem 019,Craft,170,170,19,,,Mem,"Lowman, R J  ",2006,PPAGDC,2025,,,,,,,,,,,,,,,,,,,,,,,,,,MarkRAMPMI
Craft 0170 Mem 020,Craft,170,170,20,,,Mem,"Carter, J C  ",2007,PProvSGW,2023,,,,,,,,,,,,,,,,,,,,,,,,,,MarkRAMPMI
Craft 0170 Mem 021,Craft,170,170,21,,,Mem,"Haigh, C I P ",2009,,,,,,,,,,,,,,,,,,,,,,,,,,,,MarkRAMPMI
Craft 0170 Mem 022,Craft,170,170,22,,,Mem,"Davis, W   ",2012,,,,,,,,,,,,,,,,,,,,,,,,,,,,MarkRAMPMI
Craft 0170 Mem 023,Craft,170,170,23,,,Mem,"Tracey, A D  ",2012,PProvGStwd,2023,,,,,,,,,,,,,,,,,,,,,,,,,,MarkRAMPMI
Craft 0170 Mem 024,Craft,170,170,24,,,Mem,"Garman, C P  ",2012,,,,,,,,,,,,,,,,,,,,,,,,,,,,MarkRAMPMI
Craft 0170 Mem 025,Craft,170,170,25,,,Mem,"Gittins, C S  ",2013,ProvGStB,2025,Y,,,,,,,,,,,,,,,,,,,,,,,,,MarkRAMPMI
Craft 0170 Mem 026,Craft,170,170,26,,,Mem,"Turner, K M  ",2014,PProvGStwd,2024,,,,,,,,,,,,,,,,,,,,,,,,,,MarkRAMPMI
Craft 0170 Mem 027,Craft,170,170,27,,,Mem,"Sutcliffe, P M  ",2014,PPSGW,2025,,PProvJGW (Surrey),2018,,,,,,,,,,,,,,,,,,,,,,,MarkRAMPMI
Craft 0170 Mem 028,Craft,170,170,28,,,Mem,"Stevenson, B J  ",2014,,,,,,,,,,,,,,,,,,,,,,,,,,,,MarkRAMPMI
Craft 0170 Mem 029,Craft,170,170,29,,,Mem,"Milnes, B P  ",2015,,,,,,,,,,,,,,,,,,,,,,,,,,,,MarkRAMPMI
Craft 0170 Mem 030,Craft,170,170,30,,,Mem,"Williams, L A  ",2015,,,,,,,,,,,,,,,,,,,,,,,,,,,,MarkRAMPMI
Craft 0170 Mem 031,Craft,170,170,31,,,Mem,"Rudd, D J  ",2015,,,,,,,,,,,,,,,,,,,,,,,,,,,,MarkRAMPMI
Craft 0170 Mem 032,Craft,170,170,32,,,Mem,"Fitch, N R  ",2015,,,,,,,,,,,,,,,,,,,,,,,,,,,,MarkRAMPMI
Craft 0170 Mem 033,Craft,170,170,33,,,Mem,"Muncaster, A   ",2015,PProvGReg,2016,,,,,,,,,,,,,,,,,,,,,,,,,,MarkRAMPMI
Craft 0170 Mem 034,Craft,170,170,34,,,Mem,"Fraquet, L   ",2015,,,,,,,,,,,,,,,,,,,,,,,,,,,,MarkRAMPMI
Craft 0170 Mem 035,Craft,170,170,35,,,Mem,"Gould, M A  ",2016,,,,,,,,,,,,,,,,,,,,,,,,,,,,MarkRAMPMI
Craft 0170 Mem 036,Craft,170,170,36,,,Mem,"Chessell, P Y  ",2016,,,,,,,,,,,,,,,,,,,,,,,,,,,,MarkRAMPMI
Craft 0170 Mem 037,Craft,170,170,37,,,Mem,"Clark, J A  ",2016,,,,,,,,,,,,,,,,,,,,,,,,,,,,MarkRAMPMI
Craft 0170 Mem 038,Craft,170,170,38,,,Mem,"Huckle, D W  ",2017,,,,,,,,,,,,,,,,,,,,,,,,,,,,MarkRAMPMI
Craft 0170 Mem 039,Craft,170,170,39,,,Mem,"Constant, D J  ",2017,,,,,,,,,,,,,,,,,,,,,,,,,,,,MarkRAMPMI
Craft 0170 Mem 040,Craft,170,170,40,,,Mem,"Wallis, J   ",2018,,,,,,,,,,,,,,,,,,,,,,,,,,,,MarkRAMPMI
Craft 0170 Mem 041,Craft,170,170,41,,,Mem,"Cameron, R D  ",2018,,,,,,,,,,,,,,,,,,,,,,,,,,,,MarkRAMPMI
Craft 0170 Mem 042,Craft,170,170,42,,,Mem,"Ward, A J  ",2018,,,,,,,,,,,,,,,,,,,,,,,,,,,,MarkRAMPMI
Craft 0170 Mem 043,Craft,170,170,43,,,Mem,"Frampton, D N  ",2018,,,,,,,,,,,,,,,,,,,,,,,,,,,,MarkRAMPMI
Craft 0170 Mem 044,Craft,170,170,44,,,Mem,"Sharod, P   ",2018,,,,,,,,,,,,,,,,,,,,,,,,,,,,MarkRAMPMI
Craft 0170 Mem 045,Craft,170,170,45,,,Mem,"Elliott, P   ",2019,,,,,,,,,,,,,,,,,,,,,,,,,,,,MarkRAMPMI
Craft 0170 Mem 046,Craft,170,170,46,,,Mem,"Atkins, R V  ",2019,,,,PProvJGW (Bucks.),2017,,,,,,,,,,,,,,,,,,,,,,,MarkRAMPMI
Craft 0170 Mem 047,Craft,170,170,47,,,Mem,"Pelham, H D B ",2019,,,,PProvSGD (Essex),2022,,,,,,,,,,,,,,,,,,,,,,,MarkRAMPMI
Craft 0170 Mem 048,Craft,170,170,48,,,Mem,"Ashwin, C L E ",2020,,,,,,,,,,,,,,,,,,,,,,,,,,,,MarkRAMPMI
Craft 0170 Mem 049,Craft,170,170,49,,,Mem,"Malik, E L  ",2021,,,,,,,,,,,,,,,,,,,,,,,,,,,,MarkRAMPMI
Craft 0170 Mem 050,Craft,170,170,50,,,Mem,"Olner, P W  ",2021,,,,,,,,,,,,,,,,,,,,,,,,,,,,MarkRAMPMI
Craft 0170 Mem 051,Craft,170,170,51,,,Mem,"Impey, M R  ",2022,,,,,,,,,,,,,,,,,,,,,,,,,,,,MarkRAMPMI
Craft 0170 Mem 052,Craft,170,170,52,,,Mem,"Cogdell, N A  ",2022,,,,,,,,,,,,,,,,,,,,,,,,,,,,MarkRAMPMI
Craft 0170 Mem 053,Craft,170,170,53,,,Mem,"Howard, B J  ",2022,,,,PProvSGW (Northants. & Hunts.),2013,,,,,,,,,,,,,,,,,,,,,,,MarkRAMPMI
Craft 0170 Mem 054,Craft,170,170,54,,,Mem,"Thomas, S S  ",2022,,,,,,SLGR,2026,,,,,,,,,,,,,,,,,,,,,MarkRAMPMI
Craft 0170 Mem 055,Craft,170,170,55,,,Mem,"Durrant, T J  ",2022,,,,,,,,,,,,,,,,,,,,,,,,,,,,MarkRAMPMI
Craft 0170 Mem 056,Craft,170,170,56,,,Mem,"Bourne, N J  ",2023,,,,,,,,,,,,,,,,,,,,,,,,,,,,MarkRAMPMI
Craft 0170 Mem 057,Craft,170,170,57,,,Mem,"Meleady, R   ",2023,,,,PProvJGW (Essex),2024,,,,,,,,,,,,,,,,,,,,,,,MarkRAMPMI
Craft 0170 Mem 058,Craft,170,170,58,,,Mem,"Lake, R C  ",2023,,,,,,,,,,,,,,,,,,,,,,,,,,,,MarkRAMPMI
Craft 0170 Mem 059,Craft,170,170,59,,,Mem,"Lantree, K J  ",2023,,,,,,,,,,,,,,,,,,,,,,,,,,,,MarkRAMPMI
Craft 0170 Mem 060,Craft,170,170,60,,,Mem,"Hammond, O J  ",2023,,,,,,,,,,,,,,,,,,,,,,,,,,,,MarkRAMPMI
Craft 0170 Mem 061,Craft,170,170,61,,,Mem,"Hardway, M T  ",2024,,,,,,,,,,,,,,,,,,,,,,,,,,,,MarkRAMPMI
Craft 0170 Mem 062,Craft,170,170,62,,,Mem,"Snape, T R  ",2024,,,,,,,,,,,,,,,,,,,,,,,,,,,,MarkRAMPMI
Craft 0170 Mem 063,Craft,170,170,63,,,Mem,"Poole, J C  ",2024,,,,,,,,,,,,,,,,,,,,,,,,,,,,MarkRAMPMI
Craft 0170 Mem 064,Craft,170,170,64,,,Mem,"Knight, J   ",2024,,,,PProvJGD (Surrey),2024,,,,,,,,,,,,,,,,,,,,,,,MarkRAMPMI
Craft 0170 Mem 065,Craft,170,170,65,,,Mem,"Griffiths, T G  ",2024,,,,,,,,,,,,,,,,,,,,,,,,,,,,MarkRAMPMI
Craft 0170 Mem 066,Craft,170,170,66,,,Mem,"Tracey, B J  ",2025,,,,,,,,,,,,,,,,,,,,,,,,,,,,MarkRAMPMI
Craft 0170 Mem 067,Craft,170,170,67,,,Mem,"James, S G  ",2025,,,,,,,,,,,,,,,,,,,,,,,,,,,,MarkRAMPMI
Craft 0170 Mem 068,Craft,170,170,68,,,Mem,"Lowry, P N  ",2025,,,,,,,,,,,,,,,,,,,,,,,,,,,,MarkRAMPMI
Craft 0170 Mem 069,Craft,170,170,69,,,Mem,"Schofield, A   ",2025,,,,,,,,,,,,,,,,,,,,,,,,,,,,MarkRAMPMI
Craft 0170 Mem 070,Craft,170,170,70,,,Mem,"Norton, G   ",2025,,,,,,,,,,,,,,,,,,,,,,,,,,,,MarkRAMPMI
Craft 0170 Mem 071,Craft,170,170,71,,,Mem,"Koscikiewicz, M J  ",2026,,,,,,,,,,,,,,,,,,,,,,,,,,,,MarkRAMPMI
Craft 0170 Off 001,Craft,170,170,1,WM,1,Off,"Williams, L A  ",2015,,,,,,,,,,,,,,,,,,,,,,,,,,,,Officers
Craft 0170 Off 002,Craft,170,170,2,SW,2,Off,"Thomas, S S  ",2022,,,,,,,,,,,,,,,,,,,,,,,,,,,,Officers
Craft 0170 Off 003,Craft,170,170,3,JW,3,Off,"Frampton, D N  ",2018,,,,,,,,,,,,,,,,,,,,,,,,,,,,Officers
Craft 0170 Off 004,Craft,170,170,4,Chap,4,Off,"Gardiner, B E  ",1996,,,,,,,,,,,,,,,,,,,,,,,,,,,,Officers
Craft 0170 Off 005,Craft,170,170,5,Treas,5,Off,"Huckle, D W  ",2017,,,,,,,,,,,,,,,,,,,,,,,,,,,,Officers
Craft 0170 Off 006,Craft,170,170,6,Sec,6,Off,"Pearce, J K  ",1995,,,,,,,,,,,,,,,,,,,,,,,,,,,,Officers
Craft 0170 Off 007,Craft,170,170,7,DC,7,Off,"Abbiss, K   ",1986,,,,,,,,,,,,,,,,,,,,,,,,,,,,Officers
Craft 0170 Off 008,Craft,170,170,8,Alm,8,Off,"Turner, K M  ",2014,,,,,,,,,,,,,,,,,,,,,,,,,,,,Officers
Craft 0170 Off 009,Craft,170,170,9,ChStwd,9,Off,"Knight, J   ",2024,,,,,,,,,,,,,,,,,,,,,,,,,,,,Officers
Craft 0170 Off 010,Craft,170,170,10,MO,10,Off,"Tracey, A D  ",2012,,,,,,,,,,,,,,,,,,,,,,,,,,,,Officers
Craft 0170 Off 011,Craft,170,170,11,Mentor,11,Off,"Capaldi, J R  ",2003,,,,,,,,,,,,,,,,,,,,,,,,,,,,Officers
Craft 0170 Off 012,Craft,170,170,12,SD,12,Off,"Ashwin, C L E ",2020,,,,,,,,,,,,,,,,,,,,,,,,,,,,Officers
Craft 0170 Off 013,Craft,170,170,13,JD,13,Off,"Poole, J C  ",2024,,,,,,,,,,,,,,,,,,,,,,,,,,,,Officers
Craft 0170 Off 014,Craft,170,170,14,ADC,14,Off,"Gittins, C S  ",2013,,,,,,,,,,,,,,,,,,,,,,,,,,,,Officers
Craft 0170 Off 015,Craft,170,170,15,Org,15,Off,Vacant,,,,,,,,,,,,,,,,,,,,,,,,,,,,,Officers
Craft 0170 Off 016,Craft,170,170,16,ASec,16,Off,"Ward, A J  ",2018,,,,,,,,,,,,,,,,,,,,,,,,,,,,Officers
Craft 0170 Off 017,Craft,170,170,17,IG,17,Off,"Wallis, J   ",2018,,,,,,,,,,,,,,,,,,,,,,,,,,,,Officers
Craft 0170 Off 018,Craft,170,170,18,Stwd,18,Off,"Sharod, P   ",2018,,,,,,,,,,,,,,,,,,,,,,,,,,,,Officers
Craft 0170 Off 019,Craft,170,170,19,Stwd,18,Off,"Malik, E L  ",2021,,,,,,,,,,,,,,,,,,,,,,,,,,,,Officers
Craft 0170 Off 020,Craft,170,170,20,Stwd,18,Off,"Olner, P W  ",2021,,,,,,,,,,,,,,,,,,,,,,,,,,,,Officers
Craft 0170 Off 021,Craft,170,170,21,Stwd,18,Off,"Impey, M R  ",2022,,,,,,,,,,,,,,,,,,,,,,,,,,,,Officers
Craft 0170 Off 022,Craft,170,170,22,Stwd,18,Off,"Lantree, K J  ",2023,,,,,,,,,,,,,,,,,,,,,,,,,,,,Officers
Craft 0170 Off 023,Craft,170,170,23,Stwd,18,Off,"Snape, T R  ",2024,,,,,,,,,,,,,,,,,,,,,,,,,,,,Officers
Craft 0170 Off 024,Craft,170,170,24,Stwd,18,Off,"Lowry, P N  ",2025,,,,,,,,,,,,,,,,,,,,,,,,,,,,Officers
Craft 0170 Off 025,Craft,170,170,25,Tyler,19,Off,"Lowman, R J  ",2006,,,,,,,,,,,,,,,,,,,,,,,,,,,,Officers
Craft 0170 PMI 001,Craft,170,170,1,,,PMI,"Paskins, G R  ",1986,,,,PProvGSwdB (Bristol),2010,,,,,610,,,,,,,,,,,,,,,,,,PMI
Craft 0170 PMI 002,Craft,170,170,2,,,PMI,"Baines, B   ",2006,PPSGW,2018,,,,,,,,1037,,,,,,,,,,,,,,,,,,PMI
Craft 0170 PMI 003,Craft,170,170,3,,,PMI,"Sutcliffe, P M  ",2014,PPSGW,2025,,PProvJGW (Surrey),2018,,,,,5222,,,,,,,,,,,,,,,,,,PMI
Craft 0170 PMI 004,Craft,170,170,4,,,PMI,"Muncaster, A   ",2015,PProvGReg,2016,,,,,,,,9163,,,,,,,,,,,,,,,,,,PMI
Craft 0170 PMI 005,Craft,170,170,5,,,PMI,"Atkins, R V  ",2019,,,,PProvJGW (Bucks.),2017,,,,,"3062, 4033, 9699",,,,,,,,,,,,,,,,,,PMI
Craft 0170 PMI 006,Craft,170,170,6,,,PMI,"Pelham, H D B ",2019,,,,PProvSGD (Essex),2022,,,,,"8018, 7693",,,,,,,,,,,,,,,,,,PMI
Craft 0170 PMI 007,Craft,170,170,7,,,PMI,"Howard, B J  ",2022,,,,PProvSGW (Northants. & Hunts.),2013,,,PAGDC,2018,"1764, 9740",,,,,,,,,,,,,,,,,,PMI
Craft 0170 PMI 008,Craft,170,170,8,,,PMI,"Thomas, S S  ",2022,,,,,,SLGR,2026,,,753,,,,,,,,,,,,,,,,,,PMI
Craft 0170 PMI 009,Craft,170,170,9,,,PMI,"Meleady, R   ",2023,,,,PProvJGW (Essex),2024,,,,,"177, 3079",,,,,,,,,,,,,,,,,,PMI
Craft 0170 PMI 010,Craft,170,170,10,,,PMI,"Knight, J   ",2024,,,,PProvJGD (Surrey),2024,,,,,4845,,,,,,,,,,,,,,,,,,PMI
Craft 0170 PMO 001,Craft,170,170,1,,,PMO,"Barnes, T J  ",,PPJGW,2020,,,,,,,,,1994,1994,,,,,,,,,,,,,,,,PMO
Craft 0170 PMO 002,Craft,170,170,2,,,PMO,"Abbiss, K   ",,PProvSGW,2016,,,,,,PAGDC,2025,,1995,1995,,,,,,,,,,,,,,,,PMO
Craft 0170 PMO 004,Craft,170,170,4,,,PMO,"Hayward, W F  ",,PPGSwdB,2022,,,,,,,,,2000,2000,,,,,,,,,,,,,,,,PMO
Craft 0170 PMO 005,Craft,170,170,5,,,PMO,"Porter, A M  ",,PPSGD,2021,,,,,,,,,2001,2001,,,,,,,,,,,,,,,,PMO
Craft 0170 PMO 006,Craft,170,170,6,,,PMO,"Gardiner, B E  ",,PPGReg,2025,,,,,,,,,2004,2004,,,,,,,,,,,,,,,,PMO
Craft 0170 PMO 007,Craft,170,170,7,,,PMO,"Harper, W B  ",,PPSGW,2023,,PProvAGReg (Surrey),2006,,,,,,2005,2005,,,,,,,,,,,,,,,,PMO
Craft 0170 PMO 008,Craft,170,170,8,,,PMO,"Paisley, R A  ",,PPGSuptWks,2021,,,,,,,,,"2007, 2012",2007,,,,,,,,,,,,,,,,PMO
Craft 0170 PMO 009,Craft,170,170,9,,,PMO,"Smith, A C  ",,PPGSwdB,2020,,,,,,,,,2008,2008,,,,,,,,,,,,,,,,PMO
Craft 0170 PMO 011,Craft,170,170,11,,,PMO,"Pearce, J K  ",,PPJGW,2025,,,,,,,,,2011,2011,,,,,,,,,,,,,,,,PMO
Craft 0170 PMO 012,Craft,170,170,12,,,PMO,"Piggott, B A  ",,PPSGD,2018,,,,,,,,,2013,2013,,,,,,,,,,,,,,,,PMO
Craft 0170 PMO 013,Craft,170,170,13,,,PMO,"Fursman, R K  ",,PPAGDC,2021,,,,,,,,,2014,2014,,,,,,,,,,,,,,,,PMO
Craft 0170 PMO 014,Craft,170,170,14,,,PMO,"Carter, J C  ",,PProvSGW,2023,,,,,,,,,2015,2015,,,,,,,,,,,,,,,,PMO
Craft 0170 PMO 016,Craft,170,170,16,,,PMO,"Capaldi, J R  ",,PPJGD,2025,,,,,,,,,2018,2018,,,,,,,,,,,,,,,,PMO
Craft 0170 PMO 017,Craft,170,170,17,,,PMO,"Lowman, R J  ",,PPAGDC,2025,,,,,,,,,2019,2019,,,,,,,,,,,,,,,,PMO
Craft 0170 PMO 018,Craft,170,170,18,,,PMO,"Tracey, A D  ",,PProvGStwd,2023,,,,,,,,,2021,2021,,,,,,,,,,,,,,,,PMO
Craft 0170 PMO 020,Craft,170,170,20,,,PMO,"Turner, K M  ",,PProvGStwd,2024,,,,,,,,,2022,2022,,,,,,,,,,,,,,,,PMO
Craft 0170 PMO 023,Craft,170,170,23,,,PMO,"Gittins, C S  ",,ProvGStB,2025,,,,,,,,,2023,2023,,,,,,,,,,,,,,,,PMO
Craft 0170 PMO 024,Craft,170,170,24,,,PMO,"Ward, A J  ",,,,,,,,,,,,2024,2024,,,,,,,,,,,,,,,,PMO
Craft 0386 Hon 001,Craft,386,386,1,,,Hon,"Parkes, M R  ",2025,AsstProvGM,2022,,,,,,PSGD,2025,,,,,,,,,,,,,,,,,,,Honorary
Craft 0386 Hon 002,Craft,386,386,2,,,Hon,"Knight, B J  ",2004,PDepProvGM,1994,,,,,,PGSwdB,1995,,,,,,,,,,,,,,,,,,,Honorary
Craft 0386 Hon 003,Craft,386,386,3,,,Hon,"O'Neill, P   ",2024,PPSGW,2020,,,,LGR,1984,,,,,,,,,,,,,,,,,,,,,Honorary
Craft 0386 Hon 004,Craft,386,386,4,,,Hon,"Garland, M K  ",2023,PPJGW,2017,,,,,,,,,,,,,,,,,,,,,,,,,,Honorary
Craft 0386 Hon 005,Craft,386,386,5,,,Hon,"Parkes, R W  ",2025,PPJGW,2019,,,,,,,,,,,,,,,,,,,,,,,,,,Honorary
Craft 0386 Inst 001,Craft,386,386,1,,,Inst,,,,,,,,,,,,,,,October 15th 2025,,,,,,,,,,,,,,,DBLodges
Craft 0386 Mem 001,Craft,386,386,1,,,Mem,"Russell, M G  ",1976,,,,,,,,,,,,,,,,,,,,,,,,,,,,MarkRAMPMI
Craft 0386 Mem 002,Craft,386,386,2,,,Mem,"Giddings, M W  ",1977,PPSGW,2022,,,,,,,,,,,,,,,,,,,,,,,,,,MarkRAMPMI
Craft 0386 Mem 003,Craft,386,386,3,,,Mem,"Phipps, P   ",1982,PPSGW,2010,,PProvJGW (Middx.),2006,,,,,,,,,,,,,,,,,,,,,,,MarkRAMPMI
Craft 0386 Mem 004,Craft,386,386,4,,,Mem,"Fletcher, M C  ",1984,PPGReg,2025,,,,,,,,,,,,,,,,,,,,,,,,,,MarkRAMPMI
Craft 0386 Mem 005,Craft,386,386,5,,,Mem,"Henstridge, W V  ",1984,PPJGW,2018,,,,,,,,,,,,,,,,,,,,,,,,,,MarkRAMPMI
Craft 0386 Mem 006,Craft,386,386,6,,,Mem,"Keay, R A  ",1986,,,,,,,,,,,,,,,,,,,,,,,,,,,,MarkRAMPMI
Craft 0386 Mem 007,Craft,386,386,7,,,Mem,"Gadd, J D  ",1996,,,,,,,,,,,,,,,,,,,,,,,,,,,,MarkRAMPMI
Craft 0386 Mem 008,Craft,386,386,8,,,Mem,"Jenkins, I M L ",1997,PPSGW,2020,,,,,,,,,,,,,,,,,,,,,,,,,,MarkRAMPMI
Craft 0386 Mem 009,Craft,386,386,9,,,Mem,"Smith, K S W ",1997,PPGSwdB,2019,,,,,,,,,,,,,,,,,,,,,,,,,,MarkRAMPMI
Craft 0386 Mem 010,Craft,386,386,10,,,Mem,"Gannon, M C V ",1999,,,,,,,,,,,,,,,,,,,,,,,,,,,,MarkRAMPMI
Craft 0386 Mem 011,Craft,386,386,11,,,Mem,"Wilson, I R  ",2006,,,,,,,,,,,,,,,,,,,,,,,,,,,,MarkRAMPMI
Craft 0386 Mem 012,Craft,386,386,12,,,Mem,"Backhouse, A R  ",2008,PPJGW,2021,,,,,,,,,,,,,,,,,,,,,,,,,,MarkRAMPMI
Craft 0386 Mem 013,Craft,386,386,13,,,Mem,"Lavin, M J  ",2009,PPAGDC,2022,,,,,,,,,,,,,,,,,,,,,,,,,,MarkRAMPMI
Craft 0386 Mem 014,Craft,386,386,14,,,Mem,"Burt, T J  ",2010,,,,,,,,,,,,,,,,,,,,,,,,,,,,MarkRAMPMI
Craft 0386 Mem 015,Craft,386,386,15,,,Mem,"Poulter, R C  ",2012,,,,,,,,,,,,,,,,,,,,,,,,,,,,MarkRAMPMI
Craft 0386 Mem 016,Craft,386,386,16,,,Mem,"Washbourne, A R  ",2012,ProvGChStwd,2025,Y,,,,,,,,,,,,,,,,,,,,,,,,,MarkRAMPMI
Craft 0386 Mem 017,Craft,386,386,17,,,Mem,"Orridge, A C  ",2013,PProvGStwd,2023,,,,,,,,,,,,,,,,,,,,,,,,,,MarkRAMPMI
Craft 0386 Mem 018,Craft,386,386,18,,,Mem,"Oughton, I L  ",2014,,,,,,,,,,,,,,,,,,,,,,,,,,,,MarkRAMPMI
Craft 0386 Mem 019,Craft,386,386,19,,,Mem,"Chaffey, C N  ",2015,,,,,,,,,,,,,,,,,,,,,,,,,,,,MarkRAMPMI
Craft 0386 Mem 020,Craft,386,386,20,,,Mem,"Hilton, R J  ",2016,,,,,,,,,,,,,,,,,,,,,,,,,,,,MarkRAMPMI
Craft 0386 Mem 021,Craft,386,386,21,,,Mem,"Davey, I G  ",2017,,,,,,,,,,,,,,,,,,,,,,,,,,,,MarkRAMPMI
Craft 0386 Mem 022,Craft,386,386,22,,,Mem,"Cady, P T  ",2017,,,,,,,,,,,,,,,,,,,,,,,,,,,,MarkRAMPMI
Craft 0386 Mem 023,Craft,386,386,23,,,Mem,"Newby, I C A ",2017,,,,PProvGSuptWks (Cheshire),2011,LGR,2011,,,,,,,,,,,,,,,,,,,,,MarkRAMPMI
Craft 0386 Mem 024,Craft,386,386,24,,,Mem,"Rothman, J R  ",2018,,,,,,,,,,,,,,,,,,,,,,,,,,,,MarkRAMPMI
Craft 0386 Mem 025,Craft,386,386,25,,,Mem,"Wilson, G J O ",2019,,,,,,,,,,,,,,,,,,,,,,,,,,,,MarkRAMPMI
Craft 0386 Mem 026,Craft,386,386,26,,,Mem,"Carr, D R  ",2019,,,,,,,,,,,,,,,,,,,,,,,,,,,,MarkRAMPMI
Craft 0386 Mem 027,Craft,386,386,27,,,Mem,"Renaut, M J  ",2020,,,,,,,,,,,,,,,,,,,,,,,,,,,,MarkRAMPMI
Craft 0386 Mem 028,Craft,386,386,28,,,Mem,"Ricks, H F  ",2022,,,,,,,,,,,,,,,,,,,,,,,,,,,,MarkRAMPMI
Craft 0386 Mem 029,Craft,386,386,29,,,Mem,"Cross, S D  ",2023,,,,,,,,,,,,,,,,,,,,,,,,,,,,MarkRAMPMI
Craft 0386 Mem 030,Craft,386,386,30,,,Mem,"Stevens, M R  ",2023,PProvJGD,2022,,,,,,,,,,,,,,,,,,,,,,,,,,MarkRAMPMI
Craft 0386 Mem 031,Craft,386,386,31,,,Mem,"Lee, M W  ",2023,,,,PProvJGW (Warks.),2015,,,,,,,,,,,,,,,,,,,,,,,MarkRAMPMI
Craft 0386 Mem 032,Craft,386,386,32,,,Mem,"Booth, J F  ",2023,,,,,,,,,,,,,,,,,,,,,,,,,,,,MarkRAMPMI
Craft 0386 Mem 033,Craft,386,386,33,,,Mem,"Round, R P  ",2023,,,,,,,,,,,,,,,,,,,,,,,,,,,,MarkRAMPMI
Craft 0386 Mem 034,Craft,386,386,34,,,Mem,"Carter, D   ",2023,,,,PProvGReg (Warks.),2019,,,,,,,,,,,,,,,,,,,,,,,MarkRAMPMI
Craft 0386 Mem 035,Craft,386,386,35,,,Mem,"Jacques, M L  ",2024,,,,,,,,,,,,,,,,,,,,,,,,,,,,MarkRAMPMI
Craft 0386 Mem 036,Craft,386,386,36,,,Mem,"Wareham, R A  ",2024,,,,,,,,,,,,,,,,,,,,,,,,,,,,MarkRAMPMI
Craft 0386 Mem 037,Craft,386,386,37,,,Mem,"Lloyd, G H  ",2024,,,,,,,,,,,,,,,,,,,,,,,,,,,,MarkRAMPMI
Craft 0386 Mem 038,Craft,386,386,38,,,Mem,"Bracey, M B  ",2024,,,,,,,,,,,,,,,,,,,,,,,,,,,,MarkRAMPMI
Craft 0386 Mem 039,Craft,386,386,39,,,Mem,"Foyle, A J  ",2024,,,,,,,,,,,,,,,,,,,,,,,,,,,,MarkRAMPMI
Craft 0386 Mem 040,Craft,386,386,40,,,Mem,"Arnold, M   ",2024,,,,,,,,,,,,,,,,,,,,,,,,,,,,MarkRAMPMI
Craft 0386 Mem 041,Craft,386,386,41,,,Mem,"Mahairi, A   ",2024,,,,,,,,,,,,,,,,,,,,,,,,,,,,MarkRAMPMI
Craft 0386 Mem 042,Craft,386,386,42,,,Mem,"Phillips, D C D ",2024,,,,,,,,,,,,,,,,,,,,,,,,,,,,MarkRAMPMI
Craft 0386 Mem 043,Craft,386,386,43,,,Mem,"Clark, D B  ",2025,,,,,,,,,,,,,,,,,,,,,,,,,,,,MarkRAMPMI
Craft 0386 Mem 044,Craft,386,386,44,,,Mem,"Smith, A P  ",2025,,,,,,,,,,,,,,,,,,,,,,,,,,,,MarkRAMPMI
Craft 0386 Mem 045,Craft,386,386,45,,,Mem,"Hatcher, R J  ",2025,,,,,,,,,,,,,,,,,,,,,,,,,,,,MarkRAMPMI
Craft 0386 Mem 046,Craft,386,386,46,,,Mem,"Kilcoyne, M L  ",2025,,,,,,,,,,,,,,,,,,,,,,,,,,,,MarkRAMPMI
Craft 0386 Mem 047,Craft,386,386,47,,,Mem,"Hoare, R   ",2025,,,,,,,,,,,,,,,,,,,,,,,,,,,,MarkRAMPMI
Craft 0386 Mem 048,Craft,386,386,48,,,Mem,"Lock, D   ",2025,,,,,,,,,,,,,,,,,,,,,,,,,,,,MarkRAMPMI
Craft 0386 Mem 049,Craft,386,386,49,,,Mem,"Quant, S P  ",2025,,,,PProvSGW (Oxon.),2013-14,LGR,2012,,,,,,,,,,,,,,,,,,,,,MarkRAMPMI
Craft 0386 Mem 050,Craft,386,386,50,,,Mem,"Denton, C C  ",2025,,,,,,LGR,1995,,,,,,,,,,,,,,,,,,,,,MarkRAMPMI
Craft 0386 Mem 051,Craft,386,386,51,,,Mem,"Smith, A D F ",2026,,,,,,,,,,,,,,,,,,,,,,,,,,,,MarkRAMPMI
Craft 0386 Mem 052,Craft,386,386,52,,,Mem,"Hixson-Ward, D E V ",2026,,,,,,,,,,,,,,,,,,,,,,,,,,,,MarkRAMPMI
Craft 0386 Off 001,Craft,386,386,1,WM,1,Off,"Davey, I G  ",2017,,,,,,,,,,,,,,,,,,,,,,,,,,,,Officers
Craft 0386 Off 002,Craft,386,386,2,SW,2,Off,"Smith, K S W ",1997,,,,,,,,,,,,,,,,,,,,,,,,,,,,Officers
Craft 0386 Off 003,Craft,386,386,3,JW,3,Off,"Rothman, J R  ",2018,,,,,,,,,,,,,,,,,,,,,,,,,,,,Officers
Craft 0386 Off 004,Craft,386,386,4,Chap,4,Off,"Jenkins, I M L ",1997,,,,,,,,,,,,,,,,,,,,,,,,,,,,Officers
Craft 0386 Off 005,Craft,386,386,5,Treas,5,Off,"Arnold, M   ",2024,,,,,,,,,,,,,,,,,,,,,,,,,,,,Officers
Craft 0386 Off 006,Craft,386,386,6,Sec,6,Off,"Lee, M W  ",2023,,,,,,,,,,,,,,,,,,,,,,,,,,,,Officers
Craft 0386 Off 007,Craft,386,386,7,DC,7,Off,"Washbourne, A R  ",2012,,,,,,,,,,,,,,,,,,,,,,,,,,,,Officers
Craft 0386 Off 008,Craft,386,386,8,Alm,8,Off,"Orridge, A C  ",2013,,,,,,,,,,,,,,,,,,,,,,,,,,,,Officers
Craft 0386 Off 009,Craft,386,386,9,ChStwd,9,Off,"Washbourne, A R  ",2012,,,,,,,,,,,,,,,,,,,,,,,,,,,,Officers
Craft 0386 Off 010,Craft,386,386,10,MO,10,Off,"Davey, I G  ",2017,,,,,,,,,,,,,,,,,,,,,,,,,,,,Officers
Craft 0386 Off 011,Craft,386,386,11,Mentor,11,Off,"Stevens, M R  ",2023,,,,,,,,,,,,,,,,,,,,,,,,,,,,Officers
Craft 0386 Off 012,Craft,386,386,12,SD,12,Off,"Phillips, D C D ",2024,,,,,,,,,,,,,,,,,,,,,,,,,,,,Officers
Craft 0386 Off 013,Craft,386,386,13,JD,13,Off,"Renaut, M J  ",2020,,,,,,,,,,,,,,,,,,,,,,,,,,,,Officers
Craft 0386 Off 014,Craft,386,386,14,ADC,14,Off,"Stevens, M R  ",2023,,,,,,,,,,,,,,,,,,,,,,,,,,,,Officers
Craft 0386 Off 015,Craft,386,386,15,Org,15,Off,"Ricks, H F  ",2022,,,,,,,,,,,,,,,,,,,,,,,,,,,,Officers
Craft 0386 Off 016,Craft,386,386,16,ASec,16,Off,"Carter, D   ",2023,,,,,,,,,,,,,,,,,,,,,,,,,,,,Officers
Craft 0386 Off 017,Craft,386,386,17,IG,17,Off,"Cross, S D  ",2023,,,,,,,,,,,,,,,,,,,,,,,,,,,,Officers
Craft 0386 Off 018,Craft,386,386,18,Stwd,18,Off,"Round, R P  ",2023,,,,,,,,,,,,,,,,,,,,,,,,,,,,Officers
Craft 0386 Off 019,Craft,386,386,19,Stwd,18,Off,"Jacques, M L  ",2024,,,,,,,,,,,,,,,,,,,,,,,,,,,,Officers
Craft 0386 Off 020,Craft,386,386,20,Stwd,18,Off,"Wareham, R A  ",2024,,,,,,,,,,,,,,,,,,,,,,,,,,,,Officers
Craft 0386 Off 021,Craft,386,386,21,Stwd,18,Off,"Foyle, A J  ",2024,,,,,,,,,,,,,,,,,,,,,,,,,,,,Officers
Craft 0386 Off 022,Craft,386,386,22,Stwd,18,Off,"Mahairi, A   ",2024,,,,,,,,,,,,,,,,,,,,,,,,,,,,Officers
Craft 0386 Off 023,Craft,386,386,23,Stwd,18,Off,"Hatcher, R J  ",2025,,,,,,,,,,,,,,,,,,,,,,,,,,,,Officers
Craft 0386 Off 024,Craft,386,386,24,Tyler,19,Off,"Henstridge, W V  ",1984,,,,,,,,,,,,,,,,,,,,,,,,,,,,Officers
Craft 0386 PMI 001,Craft,386,386,1,,,PMI,"Jenkins, I M L ",1997,PPSGW,2020,,,,,,,,8773,,,,,,,,,,,,,,,,,,PMI
Craft 0386 PMI 002,Craft,386,386,2,,,PMI,"Stevens, M R  ",2023,PProvJGD,2022,,,,,,,,1146,,,,,,,,,,,,,,,,,,PMI
Craft 0386 PMI 003,Craft,386,386,3,,,PMI,"Carter, D   ",2023,,,,PProvGReg (Warks.),2019,,,,,5998,,,,,,,,,,,,,,,,,,PMI
Craft 0386 PMI 004,Craft,386,386,4,,,PMI,"Lee, M W  ",2023,,,,PProvJGW (Warks.),2015,,,,,5998,,,,,,,,,,,,,,,,,,PMI
Craft 0386 PMI 005,Craft,386,386,5,,,PMI,"Quant, S P  ",2025,,,,PProvSGW (Oxon.),2013-14,LGR,2012,PGStB,2020,"1895, 6194, 9660, 9900, 9689, 9697",,,,,,,,,,,,,,,,,,PMI
Craft 0386 PMI 006,Craft,386,386,6,,,PMI,"Denton, C C  ",2025,,,,,,LGR,1995,,,1996,,,,,,,,,,,,,,,,,,PMI
Craft 0386 PMO 001,Craft,386,386,1,,,PMO,"Giddings, M W  ",,PPSGW,2022,,,,,,,,,"1989, 2014",1989,,,,,,,,,,,,,,,,PMO
Craft 0386 PMO 003,Craft,386,386,3,,,PMO,"Garland, M K  ",,PPJGW,2017,,,,,,,,,1996,1996,,,,,,,,,,,,,,,,PMO
Craft 0386 PMO 004,Craft,386,386,4,,,PMO,"Henstridge, W V  ",,PPJGW,2018,,,,,,,,,1997,1997,,,,,,,,,,,,,,,,PMO
Craft 0386 PMO 005,Craft,386,386,5,,,PMO,"Fletcher, M C  ",,PPGReg,2025,,,,,,,,,"2004, 2012",2004,,,,,,,,,,,,,,,,PMO
Craft 0386 PMO 006,Craft,386,386,6,,,PMO,"Phipps, P   ",,PPSGW,2010,,PProvJGW (Middx.),2006,,,,,,2005,2005,,,,,,,,,,,,,,,,PMO
Craft 0386 PMO 007,Craft,386,386,7,,,PMO,"Smith, K S W ",,PPGSwdB,2019,,,,,,,,,2007,2007,,,,,,,,,,,,,,,,PMO
Craft 0386 PMO 008,Craft,386,386,8,,,PMO,"Backhouse, A R  ",,PPJGW,2021,,,,,,,,,2011,2011,,,,,,,,,,,,,,,,PMO
Craft 0386 PMO 009,Craft,386,386,9,,,PMO,"Lavin, M J  ",,PPAGDC,2022,,,,,,,,,2015,2015,,,,,,,,,,,,,,,,PMO
Craft 0386 PMO 010,Craft,386,386,10,,,PMO,"Washbourne, A R  ",,ProvGChStwd,2025,,,,,,,,,2019,2019,,,,,,,,,,,,,,,,PMO
Craft 0386 PMO 013,Craft,386,386,13,,,PMO,"Orridge, A C  ",,PProvGStwd,2023,,,,,,,,,2021,2021,,,,,,,,,,,,,,,,PMO
Craft 0386 PMO 015,Craft,386,386,15,,,PMO,"Cady, P T  ",,,,,,,,,,,,2022,2022,,,,,,,,,,,,,,,,PMO
Craft 0386 PMO 016,Craft,386,386,16,,,PMO,"Newby, I C A ",,,,,PProvGSuptWks (Cheshire),2011,LGR,2011,PJGD,2023,,2023,2023,,,,,,,,,,,,,,,,PMO
Craft 0386 PMO 017,Craft,386,386,17,,,PMO,"Davey, I G  ",,,,,,,,,,,,2024,2024,,,,,,,,,,,,,,,,PMO
Craft 0417 Hon 001,Craft,417,417,1,,,Hon,"Barnes, K H  ",2009,PProvGM,1994,,,,,,PProvGM (Dorset),1994,,,,,,,,,,,,,,,,,,,Honorary
Craft 0417 Hon 002,Craft,417,417,2,,,Hon,"Collins, E A  ",2024,PPSGW,2004,,,,,,,,,,,,,,,,,,,,,,,,,,Honorary
Craft 0417 Hon 003,Craft,417,417,3,,,Hon,"Thorne, G C  ",2016,PPGReg,2009,,,,,,,,,,,,,,,,,,,,,,,,,,Honorary
Craft 0417 Inst 001,Craft,417,417,1,,,Inst,,,,,,,,,,,,,,,January 12th 2026,,,,,,,,,,,,,,,DBLodges
Craft 0417 Mem 001,Craft,417,417,1,,,Mem,"Green, A F  ",1980,,,,,,,,,,,,,,,,,,,,,,,,,,,,MarkRAMPMI
Craft 0417 Mem 002,Craft,417,417,2,,,Mem,"Dunford, D   ",1985,PProvJGW,2004,,,,,,,,,,,,,,,,,,,,,,,,,,MarkRAMPMI
Craft 0417 Mem 003,Craft,417,417,3,,,Mem,"Baker, P J  ",1987,PPGReg,2018,,,,,,,,,,,,,,,,,,,,,,,,,,MarkRAMPMI
Craft 0417 Mem 004,Craft,417,417,4,,,Mem,"Grabham, P R  ",1989,,,,,,,,,,,,,,,,,,,,,,,,,,,,MarkRAMPMI
Craft 0417 Mem 005,Craft,417,417,5,,,Mem,"Skipp, R J  ",1991,PPJGW,2025,,,,,,,,,,,,,,,,,,,,,,,,,,MarkRAMPMI
Craft 0417 Mem 006,Craft,417,417,6,,,Mem,"Slade, J K H ",1995,PPJGW,2025,,,,,,,,,,,,,,,,,,,,,,,,,,MarkRAMPMI
Craft 0417 Mem 007,Craft,417,417,7,,,Mem,"Hodges, R B  ",1998,PPDepGDC,2023,,,,,,,,,,,,,,,,,,,,,,,,,,MarkRAMPMI
Craft 0417 Mem 008,Craft,417,417,8,,,Mem,"Bassnett, R J  ",1998,PPGSuptWks,2022,,,,,,,,,,,,,,,,,,,,,,,,,,MarkRAMPMI
Craft 0417 Mem 009,Craft,417,417,9,,,Mem,"Porter, J R  ",2001,PPJGW,2023,,,,,,,,,,,,,,,,,,,,,,,,,,MarkRAMPMI
Craft 0417 Mem 010,Craft,417,417,10,,,Mem,"Townsend, R C  ",2002,,,,,,,,,,,,,,,,,,,,,,,,,,,,MarkRAMPMI
Craft 0417 Mem 011,Craft,417,417,11,,,Mem,"Talbot, P B  ",2004,PPGSwdB,2025,,,,,,,,,,,,,,,,,,,,,,,,,,MarkRAMPMI
Craft 0417 Mem 012,Craft,417,417,12,,,Mem,"Darling, J C H ",2005,PPGSwdB,2019,,,,LGR,2005,,,,,,,,,,,,,,,,,,,,,MarkRAMPMI
Craft 0417 Mem 013,Craft,417,417,13,,,Mem,"Baker, G M  ",2006,PPJGD,2022,,,,,,,,,,,,,,,,,,,,,,,,,,MarkRAMPMI
Craft 0417 Mem 014,Craft,417,417,14,,,Mem,"Buckland, C W  ",2014,PPSGW,2019,,PProvGReg (Bucks.),2010,,,,,,,,,,,,,,,,,,,,,,,MarkRAMPMI
Craft 0417 Mem 015,Craft,417,417,15,,,Mem,"Thorne, J   ",2015,,,,,,,,,,,,,,,,,,,,,,,,,,,,MarkRAMPMI
Craft 0417 Mem 016,Craft,417,417,16,,,Mem,"Palacio, J   ",2016,,,,,,,,,,,,,,,,,,,,,,,,,,,,MarkRAMPMI
Craft 0417 Mem 017,Craft,417,417,17,,,Mem,"Goodall, M J  ",2016,,,,,,,,,,,,,,,,,,,,,,,,,,,,MarkRAMPMI
Craft 0417 Mem 018,Craft,417,417,18,,,Mem,"Barnacott, J   ",2019,,,,,,,,,,,,,,,,,,,,,,,,,,,,MarkRAMPMI
Craft 0417 Mem 019,Craft,417,417,19,,,Mem,"Burton, B G  ",2019,PPGReg,2024,,,,,,,,,,,,,,,,,,,,,,,,,,MarkRAMPMI
Craft 0417 Mem 020,Craft,417,417,20,,,Mem,"Moreton, L N  ",2019,,,,,,,,,,,,,,,,,,,,,,,,,,,,MarkRAMPMI
Craft 0417 Mem 021,Craft,417,417,21,,,Mem,"Knott, A E  ",2019,,,,,,,,,,,,,,,,,,,,,,,,,,,,MarkRAMPMI
Craft 0417 Mem 022,Craft,417,417,22,,,Mem,"Atendido, R   ",2020,,,,,,,,,,,,,,,,,,,,,,,,,,,,MarkRAMPMI
Craft 0417 Mem 023,Craft,417,417,23,,,Mem,"Richards, D R  ",2021,,,,,,,,,,,,,,,,,,,,,,,,,,,,MarkRAMPMI
Craft 0417 Mem 024,Craft,417,417,24,,,Mem,"Parker, C A D ",2022,,,,,,,,,,,,,,,,,,,,,,,,,,,,MarkRAMPMI
Craft 0417 Mem 025,Craft,417,417,25,,,Mem,"Powell, S A  ",2022,,,,,,,,,,,,,,,,,,,,,,,,,,,,MarkRAMPMI
Craft 0417 Mem 026,Craft,417,417,26,,,Mem,"Bromberg, T H  ",2022,,,,,,,,,,,,,,,,,,,,,,,,,,,,MarkRAMPMI
Craft 0417 Mem 027,Craft,417,417,27,,,Mem,"Fry, A N  ",2023,PPGSwdB,2024,,,,,,,,,,,,,,,,,,,,,,,,,,MarkRAMPMI
Craft 0417 Mem 028,Craft,417,417,28,,,Mem,"Acres-Debenham, B R O ",2023,,,,,,,,,,,,,,,,,,,,,,,,,,,,MarkRAMPMI
Craft 0417 Mem 029,Craft,417,417,29,,,Mem,"Andrade De Azeredo Coutinho, G   ",2024,,,,,,,,,,,,,,,,,,,,,,,,,,,,MarkRAMPMI
Craft 0417 Mem 030,Craft,417,417,30,,,Mem,"Wright, P   ",2025,,,,,,LGR,2003,,,,,,,,,,,,,,,,,,,,,MarkRAMPMI
Craft 0417 Mem 031,Craft,417,417,31,,,Mem,"Kirby, M C  ",2025,,,,,,,,,,,,,,,,,,,,,,,,,,,,MarkRAMPMI
Craft 0417 Mem 032,Craft,417,417,32,,,Mem,"Santos, A A  ",2025,,,,,,,,,,,,,,,,,,,,,,,,,,,,MarkRAMPMI
Craft 0417 Off 001,Craft,417,417,1,WM,1,Off,"Goodall, M J  ",2016,,,,,,,,,,,,,,,,,,,,,,,,,,,,Officers
Craft 0417 Off 002,Craft,417,417,2,SW,2,Off,"Fry, A N  ",2023,,,,,,,,,,,,,,,,,,,,,,,,,,,,Officers
Craft 0417 Off 003,Craft,417,417,3,JW,3,Off,"Atendido, R   ",2020,,,,,,,,,,,,,,,,,,,,,,,,,,,,Officers
Craft 0417 Off 004,Craft,417,417,4,Chap,4,Off,"Baker, P J  ",1987,,,,,,,,,,,,,,,,,,,,,,,,,,,,Officers
Craft 0417 Off 005,Craft,417,417,5,Treas,5,Off,"Porter, J R  ",2001,,,,,,,,,,,,,,,,,,,,,,,,,,,,Officers
Craft 0417 Off 006,Craft,417,417,6,Sec,6,Off,"Dunford, D   ",1985,,,,,,,,,,,,,,,,,,,,,,,,,,,,Officers
Craft 0417 Off 007,Craft,417,417,7,DC,7,Off,"Baker, G M  ",2006,,,,,,,,,,,,,,,,,,,,,,,,,,,,Officers
Craft 0417 Off 008,Craft,417,417,8,Alm,8,Off,"Knott, A E  ",2019,,,,,,,,,,,,,,,,,,,,,,,,,,,,Officers
Craft 0417 Off 009,Craft,417,417,9,ChStwd,9,Off,"Dunford, D   ",1985,,,,,,,,,,,,,,,,,,,,,,,,,,,,Officers
Craft 0417 Off 010,Craft,417,417,10,MO,10,Off,"Talbot, P B  ",2004,,,,,,,,,,,,,,,,,,,,,,,,,,,,Officers
Craft 0417 Off 011,Craft,417,417,11,Mentor,11,Off,"Thorne, J   ",2015,,,,,,,,,,,,,,,,,,,,,,,,,,,,Officers
Craft 0417 Off 012,Craft,417,417,12,SD,12,Off,"Thorne, J   ",2015,,,,,,,,,,,,,,,,,,,,,,,,,,,,Officers
Craft 0417 Off 013,Craft,417,417,13,JD,13,Off,"Burton, B G  ",2019,,,,,,,,,,,,,,,,,,,,,,,,,,,,Officers
Craft 0417 Off 014,Craft,417,417,14,ADC,14,Off,"Slade, J K H ",1995,,,,,,,,,,,,,,,,,,,,,,,,,,,,Officers
Craft 0417 Off 015,Craft,417,417,15,Org,15,Off,Vacant,,,,,,,,,,,,,,,,,,,,,,,,,,,,,Officers
Craft 0417 Off 016,Craft,417,417,16,ASec,16,Off,"Barnacott, J   ",2019,,,,,,,,,,,,,,,,,,,,,,,,,,,,Officers
Craft 0417 Off 017,Craft,417,417,17,IG,17,Off,"Barnacott, J   ",2019,,,,,,,,,,,,,,,,,,,,,,,,,,,,Officers
Craft 0417 Off 018,Craft,417,417,18,Stwd,18,Off,"Powell, S A  ",2022,,,,,,,,,,,,,,,,,,,,,,,,,,,,Officers
Craft 0417 Off 019,Craft,417,417,19,Stwd,18,Off,"Acres-Debenham, B R O ",2023,,,,,,,,,,,,,,,,,,,,,,,,,,,,Officers
Craft 0417 Off 020,Craft,417,417,20,Stwd,18,Off,"Andrade De Azeredo Coutinho, G   ",2024,,,,,,,,,,,,,,,,,,,,,,,,,,,,Officers
Craft 0417 Off 021,Craft,417,417,21,Stwd,18,Off,"Kirby, M C  ",2025,,,,,,,,,,,,,,,,,,,,,,,,,,,,Officers
Craft 0417 Off 022,Craft,417,417,22,Stwd,18,Off,"Santos, A A  ",2025,,,,,,,,,,,,,,,,,,,,,,,,,,,,Officers
Craft 0417 Off 023,Craft,417,417,23,Tyler,19,Off,"Bassnett, R J  ",1998,,,,,,,,,,,,,,,,,,,,,,,,,,,,Officers
Craft 0417 PMI 001,Craft,417,417,1,,,PMI,"Bassnett, R J  ",1998,PPGSuptWks,2022,,,,,,,,9163,,,,,,,,,,,,,,,,,,PMI
Craft 0417 PMI 002,Craft,417,417,2,,,PMI,"Buckland, C W  ",2014,PPSGW,2019,,PProvGReg (Bucks.),2010,,,,,"8628, 9662",,,,,,,,,,,,,,,,,,PMI
Craft 0417 PMI 003,Craft,417,417,3,,,PMI,"Fry, A N  ",2023,PPGSwdB,2024,,,,,,,,7873,,,,,,,,,,,,,,,,,,PMI
Craft 0417 PMI 004,Craft,417,417,4,,,PMI,"Wright, P   ",2025,,,,,,LGR,2003,,,5971,,,,,,,,,,,,,,,,,,PMI
Craft 0417 PMO 001,Craft,417,417,1,,,PMO,"Baker, P J  ",,PPGReg,2018,,,,,,,,,1997,1997,,,,,,,,,,,,,,,,PMO
Craft 0417 PMO 002,Craft,417,417,2,,,PMO,"Dunford, D   ",,PProvJGW,2004,,,,,,PAGDC,2018,,1998,1998,,,,,,,,,,,,,,,,PMO
Craft 0417 PMO 004,Craft,417,417,4,,,PMO,"Skipp, R J  ",,PPJGW,2025,,,,,,,,,2001,2001,,,,,,,,,,,,,,,,PMO
Craft 0417 PMO 008,Craft,417,417,8,,,PMO,"Burton, B G  ",,PPGReg,2024,,,,,,,,,"2002, 2020",2002,,,,,,,,,,,,,,,,PMO
Craft 0417 PMO 009,Craft,417,417,9,,,PMO,"Slade, J K H ",,PPJGW,2025,,,,,,,,,"2004, 2022",2004,,,,,,,,,,,,,,,,PMO
Craft 0417 PMO 010,Craft,417,417,10,,,PMO,"Hodges, R B  ",,PPDepGDC,2023,,,,,,,,,"2006, 2019",2006,,,,,,,,,,,,,,,,PMO
Craft 0417 PMO 011,Craft,417,417,11,,,PMO,"Porter, J R  ",,PPJGW,2023,,,,,,,,,"2009, 2013, 2014",2009,,,,,,,,,,,,,,,,PMO
Craft 0417 PMO 012,Craft,417,417,12,,,PMO,"Talbot, P B  ",,PPGSwdB,2025,,,,,,,,,2011,2011,,,,,,,,,,,,,,,,PMO
Craft 0417 PMO 013,Craft,417,417,13,,,PMO,"Bromberg, T H  ",,,,,,,,,,,,2012,2012,,,,,,,,,,,,,,,,PMO
Craft 0417 PMO 014,Craft,417,417,14,,,PMO,"Baker, G M  ",,PPJGD,2022,,,,,,,,,"2015, 2016",2015,,,,,,,,,,,,,,,,PMO
Craft 0417 PMO 016,Craft,417,417,16,,,PMO,"Darling, J C H ",,PPGSwdB,2019,,,,LGR,2005,,,,"2017, 2018",2017,,,,,,,,,,,,,,,,PMO
Craft 0417 PMO 017,Craft,417,417,17,,,PMO,"Thorne, J   ",,,,,,,,,,,,2023,2023,,,,,,,,,,,,,,,,PMO
Craft 0417 PMO 018,Craft,417,417,18,,,PMO,"Palacio, J   ",,,,,,,,,,,,2024,2024,,,,,,,,,,,,,,,,PMO
Craft 0417 PMO 019,Craft,417,417,19,,,PMO,"Goodall, M J  ",,,,,,,,,,,,2025,2025,,,,,,,,,,,,,,,,PMO
Craft 0472 Hon 001,Craft,472,472,1,,,Hon,"Mayo, R J  ",2012,PPGReg,2012,,,,,,,,,,,,,,,,,,,,,,,,,,Honorary
Craft 0472 Hon 002,Craft,472,472,2,,,Hon,"Sprosen, R H  ",2015,,,,PProvJGW (Cornwall),2002,,,,,,,,,,,,,,,,,,,,,,,Honorary
Craft 0472 Inst 001,Craft,472,472,1,,,Inst,,,,,,,,,,,,,,,January 8th 2026,,,,,,,,,,,,,,,DBLodges
Craft 0472 Mem 001,Craft,472,472,1,,,Mem,"Falconer, W A  ",1979,PPSGW,2023,,,,,,,,,,,,,,,,,,,,,,,,,,MarkRAMPMI
Craft 0472 Mem 002,Craft,472,472,2,,,Mem,"Humphries, A P  ",1980,PProvGPurs,2019,,,,,,,,,,,,,,,,,,,,,,,,,,MarkRAMPMI
Craft 0472 Mem 003,Craft,472,472,3,,,Mem,"House, N M D ",1983,PProvSGW,2012,,,,,,,,,,,,,,,,,,,,,,,,,,MarkRAMPMI
Craft 0472 Mem 004,Craft,472,472,4,,,Mem,"Chown, J W  ",1991,,,,,,,,,,,,,,,,,,,,,,,,,,,,MarkRAMPMI
Craft 0472 Mem 005,Craft,472,472,5,,,Mem,"Sturgess, A J W ",2001,,,,,,,,,,,,,,,,,,,,,,,,,,,,MarkRAMPMI
Craft 0472 Mem 006,Craft,472,472,6,,,Mem,"Dunn, M J  ",2001,PProvSGD,2023,,,,,,,,,,,,,,,,,,,,,,,,,,MarkRAMPMI
Craft 0472 Mem 007,Craft,472,472,7,,,Mem,"Liddy, J S C ",2002,PPGStB,2021,,,,,,,,,,,,,,,,,,,,,,,,,,MarkRAMPMI
Craft 0472 Mem 008,Craft,472,472,8,,,Mem,"Smith, J T  ",2002,PPGOrg,2019,,,,,,,,,,,,,,,,,,,,,,,,,,MarkRAMPMI
Craft 0472 Mem 009,Craft,472,472,9,,,Mem,"Kerswell, M D B ",2009,,,,,,,,,,,,,,,,,,,,,,,,,,,,MarkRAMPMI
Craft 0472 Mem 010,Craft,472,472,10,,,Mem,"Kavanagh, P   ",2010,PPGStB,2024,,,,,,,,,,,,,,,,,,,,,,,,,,MarkRAMPMI
Craft 0472 Mem 011,Craft,472,472,11,,,Mem,"Neenan, S E  ",2010,,,,,,,,,,,,,,,,,,,,,,,,,,,,MarkRAMPMI
Craft 0472 Mem 012,Craft,472,472,12,,,Mem,"Gulliver, P D  ",2012,,,,,,,,,,,,,,,,,,,,,,,,,,,,MarkRAMPMI
Craft 0472 Mem 013,Craft,472,472,13,,,Mem,"Graham, B   ",2013,,,,,,,,,,,,,,,,,,,,,,,,,,,,MarkRAMPMI
Craft 0472 Mem 014,Craft,472,472,14,,,Mem,"Jeanes, D A  ",2013,,,,,,,,,,,,,,,,,,,,,,,,,,,,MarkRAMPMI
Craft 0472 Mem 015,Craft,472,472,15,,,Mem,"Kerr, A D  ",2015,,,,,,,,,,,,,,,,,,,,,,,,,,,,MarkRAMPMI
Craft 0472 Mem 016,Craft,472,472,16,,,Mem,"Hill, C J  ",2015,,,,,,,,,,,,,,,,,,,,,,,,,,,,MarkRAMPMI
Craft 0472 Mem 017,Craft,472,472,17,,,Mem,"Finch, N E  ",2017,,,,,,,,,,,,,,,,,,,,,,,,,,,,MarkRAMPMI
Craft 0472 Mem 018,Craft,472,472,18,,,Mem,"Webster, G I  ",2018,,,,,,,,,,,,,,,,,,,,,,,,,,,,MarkRAMPMI
Craft 0472 Mem 019,Craft,472,472,19,,,Mem,"Grew, C M  ",2018,,,,,,,,,,,,,,,,,,,,,,,,,,,,MarkRAMPMI
Craft 0472 Mem 020,Craft,472,472,20,,,Mem,"Prideaux-Aspinall, S J  ",2019,,,,,,,,,,,,,,,,,,,,,,,,,,,,MarkRAMPMI
Craft 0472 Mem 021,Craft,472,472,21,,,Mem,"Gaertig, K J  ",2019,PProvAGSec,2024,,,,,,,,,,,,,,,,,,,,,,,,,,MarkRAMPMI
Craft 0472 Mem 022,Craft,472,472,22,,,Mem,"Walmesley White, G W  ",2019,,,,,,,,,,,,,,,,,,,,,,,,,,,,MarkRAMPMI
Craft 0472 Mem 023,Craft,472,472,23,,,Mem,"Moore, W H S ",2020,,,,,,,,,,,,,,,,,,,,,,,,,,,,MarkRAMPMI
Craft 0472 Mem 024,Craft,472,472,24,,,Mem,"Clarke, D   ",2021,,,,,,,,,,,,,,,,,,,,,,,,,,,,MarkRAMPMI
Craft 0472 Mem 025,Craft,472,472,25,,,Mem,"Mowles, G J  ",2022,PPJGW,2025,,PProvGSwdB (Devon),2015,,,,,,,,,,,,,,,,,,,,,,,MarkRAMPMI
Craft 0472 Mem 026,Craft,472,472,26,,,Mem,"Dominy, L R  ",2022,,,,,,,,,,,,,,,,,,,,,,,,,,,,MarkRAMPMI
Craft 0472 Mem 027,Craft,472,472,27,,,Mem,"Pritchard, K S  ",2023,,,,,,,,,,,,,,,,,,,,,,,,,,,,MarkRAMPMI
Craft 0472 Mem 028,Craft,472,472,28,,,Mem,"McGookin, W   ",2023,,,,,,,,,,,,,,,,,,,,,,,,,,,,MarkRAMPMI
Craft 0472 Mem 029,Craft,472,472,29,,,Mem,"Filler, P H  ",2023,,,,,,,,,,,,,,,,,,,,,,,,,,,,MarkRAMPMI
Craft 0472 Mem 030,Craft,472,472,30,,,Mem,"Martin, P R  ",2024,,,,,,,,,,,,,,,,,,,,,,,,,,,,MarkRAMPMI
Craft 0472 Mem 031,Craft,472,472,31,,,Mem,"Stiles, M   ",2025,,,,,,,,,,,,,,,,,,,,,,,,,,,,MarkRAMPMI
Craft 0472 Mem 032,Craft,472,472,32,,,Mem,"Smith-Dowse, W   ",2025,,,,,,,,,,,,,,,,,,,,,,,,,,,,MarkRAMPMI
Craft 0472 Mem 033,Craft,472,472,33,,,Mem,"Hall, M J  ",2026,PPJGD,2022,,,,,,,,,,,,,,,,,,,,,,,,,,MarkRAMPMI
Craft 0472 Off 001,Craft,472,472,1,WM,1,Off,"Webster, G I  ",2018,,,,,,,,,,,,,,,,,,,,,,,,,,,,Officers
Craft 0472 Off 002,Craft,472,472,2,SW,2,Off,"Walmesley White, G W  ",2019,,,,,,,,,,,,,,,,,,,,,,,,,,,,Officers
Craft 0472 Off 003,Craft,472,472,3,JW,3,Off,"Finch, N E  ",2017,,,,,,,,,,,,,,,,,,,,,,,,,,,,Officers
Craft 0472 Off 004,Craft,472,472,4,Chap,4,Off,"Kerswell, M D B ",2009,,,,,,,,,,,,,,,,,,,,,,,,,,,,Officers
Craft 0472 Off 005,Craft,472,472,5,Treas,5,Off,"Liddy, J S C ",2002,,,,,,,,,,,,,,,,,,,,,,,,,,,,Officers
Craft 0472 Off 006,Craft,472,472,6,Sec,6,Off,"Gaertig, K J  ",2019,,,,,,,,,,,,,,,,,,,,,,,,,,,,Officers
Craft 0472 Off 007,Craft,472,472,7,DC,7,Off,"Dunn, M J  ",2001,,,,,,,,,,,,,,,,,,,,,,,,,,,,Officers
Craft 0472 Off 008,Craft,472,472,8,Alm,8,Off,"Humphries, A P  ",1980,,,,,,,,,,,,,,,,,,,,,,,,,,,,Officers
Craft 0472 Off 009,Craft,472,472,9,ChStwd,9,Off,"Graham, B   ",2013,,,,,,,,,,,,,,,,,,,,,,,,,,,,Officers
Craft 0472 Off 010,Craft,472,472,10,MO,10,Off,"Chown, J W  ",1991,,,,,,,,,,,,,,,,,,,,,,,,,,,,Officers
Craft 0472 Off 011,Craft,472,472,11,Mentor,11,Off,"Chown, J W  ",1991,,,,,,,,,,,,,,,,,,,,,,,,,,,,Officers
Craft 0472 Off 012,Craft,472,472,12,SD,12,Off,"Dominy, L R  ",2022,,,,,,,,,,,,,,,,,,,,,,,,,,,,Officers
Craft 0472 Off 013,Craft,472,472,13,JD,13,Off,"Pritchard, K S  ",2023,,,,,,,,,,,,,,,,,,,,,,,,,,,,Officers
Craft 0472 Off 014,Craft,472,472,14,ADC,14,Off,"Falconer, W A  ",1979,,,,,,,,,,,,,,,,,,,,,,,,,,,,Officers
Craft 0472 Off 015,Craft,472,472,15,Org,15,Off,"Smith, J T  ",2002,,,,,,,,,,,,,,,,,,,,,,,,,,,,Officers
Craft 0472 Off 016,Craft,472,472,16,ASec,16,Off,"Finch, N E  ",2017,,,,,,,,,,,,,,,,,,,,,,,,,,,,Officers
Craft 0472 Off 017,Craft,472,472,17,IG,17,Off,"Moore, W H S ",2020,,,,,,,,,,,,,,,,,,,,,,,,,,,,Officers
Craft 0472 Off 018,Craft,472,472,18,Stwd,18,Off,"Clarke, D   ",2021,,,,,,,,,,,,,,,,,,,,,,,,,,,,Officers
Craft 0472 Off 019,Craft,472,472,19,Stwd,18,Off,"Filler, P H  ",2023,,,,,,,,,,,,,,,,,,,,,,,,,,,,Officers
Craft 0472 Off 020,Craft,472,472,20,Stwd,18,Off,"Martin, P R  ",2024,,,,,,,,,,,,,,,,,,,,,,,,,,,,Officers
Craft 0472 Off 021,Craft,472,472,21,Stwd,18,Off,"Stiles, M   ",2025,,,,,,,,,,,,,,,,,,,,,,,,,,,,Officers
Craft 0472 Off 022,Craft,472,472,22,Stwd,18,Off,"Smith-Dowse, W   ",2025,,,,,,,,,,,,,,,,,,,,,,,,,,,,Officers
Craft 0472 Off 023,Craft,472,472,23,Tyler,19,Off,"McGookin, W   ",2023,,,,,,,,,,,,,,,,,,,,,,,,,,,,Officers
Craft 0472 PMI 001,Craft,472,472,1,,,PMI,"Hall, M J  ",2026,PPJGD,2022,,,,,,,,2559,,,,,,,,,,,,,,,,,,PMI
Craft 0472 PMO 001,Craft,472,472,1,,,PMO,"Mayo, R J  ",,PPGReg,2012,,,,,,,,,1990,1990,,,,,,,,,,,,,,,,PMO
Craft 0472 PMO 002,Craft,472,472,2,,,PMO,"Falconer, W A  ",,PPSGW,2023,,,,,,,,,"1992, 2015",1992,,,,,,,,,,,,,,,,PMO
Craft 0472 PMO 004,Craft,472,472,4,,,PMO,"Mowles, G J  ",,PPJGW,2025,,PProvGSwdB (Devon),2015,,,,,,1993,1993,,,,,,,,,,,,,,,,PMO
Craft 0472 PMO 006,Craft,472,472,6,,,PMO,"House, N M D ",,PProvSGW,2012,,,,,,PAGDC,2015,,"1997, 2009",1997,,,,,,,,,,,,,,,,PMO
Craft 0472 PMO 010,Craft,472,472,10,,,PMO,"Smith, J T  ",,PPGOrg,2019,,,,,,,,,2012,2012,,,,,,,,,,,,,,,,PMO
Craft 0472 PMO 011,Craft,472,472,11,,,PMO,"Liddy, J S C ",,PPGStB,2021,,,,,,,,,2014,2014,,,,,,,,,,,,,,,,PMO
Craft 0472 PMO 012,Craft,472,472,12,,,PMO,"Kavanagh, P   ",,PPGStB,2024,,,,,,,,,2017,2017,,,,,,,,,,,,,,,,PMO
Craft 0472 PMO 013,Craft,472,472,13,,,PMO,"Dunn, M J  ",,PProvSGD,2023,,,,,,,,,2018,2018,,,,,,,,,,,,,,,,PMO
Craft 0472 PMO 014,Craft,472,472,14,,,PMO,"Chown, J W  ",,,,,,,,,,,,2022,2022,,,,,,,,,,,,,,,,PMO
Craft 0472 PMO 016,Craft,472,472,16,,,PMO,"Kerswell, M D B ",,,,,,,,,,,,2023,2023,,,,,,,,,,,,,,,,PMO
Craft 0472 PMO 017,Craft,472,472,17,,,PMO,"Kerr, A D  ",,,,,,,,,,,,2024,2024,,,,,,,,,,,,,,,,PMO
Craft 0472 PMO 019,Craft,472,472,19,,,PMO,"Gaertig, K J  ",,PProvAGSec,2024,,,,,,,,,2025,2025,,,,,,,,,,,,,,,,PMO
Craft 0622 Hon 001,Craft,622,622,1,,,Hon,"Boylin, D   ",2024,,,,PProvSGW (Hants. & I. of W.),2025,,,,,,,,,,,,,,,,,,,,,,,Honorary
Craft 0622 Hon 002,Craft,622,622,2,,,Hon,"Micklefield, R F  ",2026,PPJGW,2019,,,,LGR,2005,,,,,,,,,,,,,,,,,,,,,Honorary
Craft 0622 Hon 003,Craft,622,622,3,,,Hon,"Hawkes, C S  ",2019,PProvGStwd,2018,,,,,,,,,,,,,,,,,,,,,,,,,,Honorary
Craft 0622 Hon 004,Craft,622,622,4,,,Hon,"Thomas, G R E ",2022,PProvSGW,2009,,,,,,PAGDC,2013,,,,,,,,,,,,,,,,,,,Honorary
Craft 0622 Inst 001,Craft,622,622,1,,,Inst,,,,,,,,,,,,,,,May 5th 2026,,,,,,,,,,,,,,,DBLodges
Craft 0622 Mem 001,Craft,622,622,1,,,Mem,"Dacombe, P W  ",1976,,,,,,,,,,,,,,,,,,,,,,,,,,,,MarkRAMPMI
Craft 0622 Mem 002,Craft,622,622,2,,,Mem,"Lake, D C  ",1982,PPJGW,2020,,,,,,,,,,,,,,,,,,,,,,,,,,MarkRAMPMI
Craft 0622 Mem 003,Craft,622,622,3,,,Mem,"Adcook, K G  ",1985,PPAGDC,2000,,,,,,,,,,,,,,,,,,,,,,,,,,MarkRAMPMI
Craft 0622 Mem 004,Craft,622,622,4,,,Mem,"Smith, D N  ",1990,PPJGD,2025,,,,,,,,,,,,,,,,,,,,,,,,,,MarkRAMPMI
Craft 0622 Mem 005,Craft,622,622,5,,,Mem,"Heaton, R D  ",1990,PPGReg,2025,,,,,,,,,,,,,,,,,,,,,,,,,,MarkRAMPMI
Craft 0622 Mem 006,Craft,622,622,6,,,Mem,"Sturgess, M J  ",1991,PPGSuptWks,2019,,,,,,,,,,,,,,,,,,,,,,,,,,MarkRAMPMI
Craft 0622 Mem 007,Craft,622,622,7,,,Mem,"Howes, K J  ",1991,PPGSwdB,2007,,,,,,,,,,,,,,,,,,,,,,,,,,MarkRAMPMI
Craft 0622 Mem 008,Craft,622,622,8,,,Mem,"Middleditch, N   ",1994,,,,,,,,,,,,,,,,,,,,,,,,,,,,MarkRAMPMI
Craft 0622 Mem 009,Craft,622,622,9,,,Mem,"White, A J  ",1996,PPSGD,2019,,,,,,,,,,,,,,,,,,,,,,,,,,MarkRAMPMI
Craft 0622 Mem 010,Craft,622,622,10,,,Mem,"Day, D J  ",1996,PPSGW,2022,,,,,,,,,,,,,,,,,,,,,,,,,,MarkRAMPMI
Craft 0622 Mem 011,Craft,622,622,11,,,Mem,"Mead, P V  ",1998,PPSGD,2018,,,,LGR,1999,,,,,,,,,,,,,,,,,,,,,MarkRAMPMI
Craft 0622 Mem 012,Craft,622,622,12,,,Mem,"Rabbets, M E  ",2002,,,,,,,,,,,,,,,,,,,,,,,,,,,,MarkRAMPMI
Craft 0622 Mem 013,Craft,622,622,13,,,Mem,"Hobbs, B K  ",2003,PPDepGDC,2022,,,,,,,,,,,,,,,,,,,,,,,,,,MarkRAMPMI
Craft 0622 Mem 014,Craft,622,622,14,,,Mem,"Knights, G S  ",2005,PPJGW,2023,,,,,,,,,,,,,,,,,,,,,,,,,,MarkRAMPMI
Craft 0622 Mem 015,Craft,622,622,15,,,Mem,"Frias-Robles, D R  ",2007,,,,,,,,,,,,,,,,,,,,,,,,,,,,MarkRAMPMI
Craft 0622 Mem 016,Craft,622,622,16,,,Mem,"Bird, A L  ",2007,,,,,,,,,,,,,,,,,,,,,,,,,,,,MarkRAMPMI
Craft 0622 Mem 017,Craft,622,622,17,,,Mem,"Cave, J P  ",2008,,,,,,,,,,,,,,,,,,,,,,,,,,,,MarkRAMPMI
Craft 0622 Mem 018,Craft,622,622,18,,,Mem,"Beacham, R J  ",2008,PPGSuptWks,2025,,,,,,,,,,,,,,,,,,,,,,,,,,MarkRAMPMI
Craft 0622 Mem 019,Craft,622,622,19,,,Mem,"Gale, A P T ",2011,ProvGAlm,2024,Y,,,,,,,,,,,,,,,,,,,,,,,,,MarkRAMPMI
Craft 0622 Mem 020,Craft,622,622,20,,,Mem,"Simmons, M D  ",2011,,,,,,,,,,,,,,,,,,,,,,,,,,,,MarkRAMPMI
Craft 0622 Mem 021,Craft,622,622,21,,,Mem,"Dale, L   ",2012,,,,,,,,,,,,,,,,,,,,,,,,,,,,MarkRAMPMI
Craft 0622 Mem 022,Craft,622,622,22,,,Mem,"Evans, B J G ",2012,,,,,,,,,,,,,,,,,,,,,,,,,,,,MarkRAMPMI
Craft 0622 Mem 023,Craft,622,622,23,,,Mem,"Frostick, D J B ",2014,PPDepGDC,2023,,,,,,,,,,,,,,,,,,,,,,,,,,MarkRAMPMI
Craft 0622 Mem 024,Craft,622,622,24,,,Mem,"Martin, D J  ",2014,PPJGD,2024,,,,,,,,,,,,,,,,,,,,,,,,,,MarkRAMPMI
Craft 0622 Mem 025,Craft,622,622,25,,,Mem,"Clarkson, R G  ",2014,PProvSGD,2023,,,,,,,,,,,,,,,,,,,,,,,,,,MarkRAMPMI
Craft 0622 Mem 026,Craft,622,622,26,,,Mem,"Smith, J R  ",2014,,,,,,,,,,,,,,,,,,,,,,,,,,,,MarkRAMPMI
Craft 0622 Mem 027,Craft,622,622,27,,,Mem,"Axtell, P S  ",2015,,,,,,,,,,,,,,,,,,,,,,,,,,,,MarkRAMPMI
Craft 0622 Mem 028,Craft,622,622,28,,,Mem,"Keene, A B  ",2015,,,,,,,,,,,,,,,,,,,,,,,,,,,,MarkRAMPMI
Craft 0622 Mem 029,Craft,622,622,29,,,Mem,"Smith, G J  ",2016,PPJGD,2021,,,,,,,,,,,,,,,,,,,,,,,,,,MarkRAMPMI
Craft 0622 Mem 030,Craft,622,622,30,,,Mem,"Reed, D J  ",2016,PPGSwdB,2022,,PProvGStB (Glos.),2008,,,,,,,,,,,,,,,,,,,,,,,MarkRAMPMI
Craft 0622 Mem 031,Craft,622,622,31,,,Mem,"Cowden, D P  ",2016,,,,,,,,,,,,,,,,,,,,,,,,,,,,MarkRAMPMI
Craft 0622 Mem 032,Craft,622,622,32,,,Mem,"Sheehan, P M  ",2016,PPGReg,2023,,,,SLGR,2016,,,,,,,,,,,,,,,,,,,,,MarkRAMPMI
Craft 0622 Mem 033,Craft,622,622,33,,,Mem,"Josic, M   ",2016,,,,PProvAGReg (Hants. & I. of W.),2021,LGR,2020,,,,,,,,,,,,,,,,,,,,,MarkRAMPMI
Craft 0622 Mem 034,Craft,622,622,34,,,Mem,"Beel, D C  ",2017,,,,,,,,,,,,,,,,,,,,,,,,,,,,MarkRAMPMI
Craft 0622 Mem 035,Craft,622,622,35,,,Mem,"Furby, M N  ",2018,,,,,,,,,,,,,,,,,,,,,,,,,,,,MarkRAMPMI
Craft 0622 Mem 036,Craft,622,622,36,,,Mem,"Peck, J G  ",2018,,,,,,,,,,,,,,,,,,,,,,,,,,,,MarkRAMPMI
Craft 0622 Mem 037,Craft,622,622,37,,,Mem,"Ball, M R  ",2019,PPSGD,2022,,,,,,,,,,,,,,,,,,,,,,,,,,MarkRAMPMI
Craft 0622 Mem 038,Craft,622,622,38,,,Mem,"Hendry, R K  ",2019,,,,,,,,,,,,,,,,,,,,,,,,,,,,MarkRAMPMI
Craft 0622 Mem 039,Craft,622,622,39,,,Mem,"Martin, K   ",2020,,,,,,,,,,,,,,,,,,,,,,,,,,,,MarkRAMPMI
Craft 0622 Mem 040,Craft,622,622,40,,,Mem,"Bagg, S N  ",2021,PPAGDC,2013,,,,,,,,,,,,,,,,,,,,,,,,,,MarkRAMPMI
Craft 0622 Mem 041,Craft,622,622,41,,,Mem,"Hewitt, D B  ",2021,,,,,,,,,,,,,,,,,,,,,,,,,,,,MarkRAMPMI
Craft 0622 Mem 042,Craft,622,622,42,,,Mem,"Alford, A D  ",2022,,,,,,,,,,,,,,,,,,,,,,,,,,,,MarkRAMPMI
Craft 0622 Mem 043,Craft,622,622,43,,,Mem,"Baldwin, J F  ",2022,,,,PProvJGD (Berks.),2016,,,,,,,,,,,,,,,,,,,,,,,MarkRAMPMI
Craft 0622 Mem 044,Craft,622,622,44,,,Mem,"Strange, S R D ",2022,,,,,,,,,,,,,,,,,,,,,,,,,,,,MarkRAMPMI
Craft 0622 Mem 045,Craft,622,622,45,,,Mem,"McMahon, T W  ",2022,,,,,,,,,,,,,,,,,,,,,,,,,,,,MarkRAMPMI
Craft 0622 Mem 046,Craft,622,622,46,,,Mem,"Panchalingam, V   ",2023,,,,,,,,,,,,,,,,,,,,,,,,,,,,MarkRAMPMI
Craft 0622 Mem 047,Craft,622,622,47,,,Mem,"Goddard, R I  ",2023,,,,,,,,,,,,,,,,,,,,,,,,,,,,MarkRAMPMI
Craft 0622 Mem 048,Craft,622,622,48,,,Mem,"Richardson, P A  ",2023,,,,,,,,,,,,,,,,,,,,,,,,,,,,MarkRAMPMI
Craft 0622 Mem 049,Craft,622,622,49,,,Mem,"Richmond, B   ",2023,,,,,,,,,,,,,,,,,,,,,,,,,,,,MarkRAMPMI
Craft 0622 Mem 050,Craft,622,622,50,,,Mem,"Martin, P I  ",2023,,,,,,,,,,,,,,,,,,,,,,,,,,,,MarkRAMPMI
Craft 0622 Mem 051,Craft,622,622,51,,,Mem,"Francis, R E  ",2023,PProvSGW,2019,,,,,,,,,,,,,,,,,,,,,,,,,,MarkRAMPMI
Craft 0622 Mem 052,Craft,622,622,52,,,Mem,"Higgin, A R  ",2023,,,,PProvGReg (Bucks.),2020,LGR,2022,,,,,,,,,,,,,,,,,,,,,MarkRAMPMI
Craft 0622 Mem 053,Craft,622,622,53,,,Mem,"Scott, A P  ",2023,PPAGDC,2023,,,,,,,,,,,,,,,,,,,,,,,,,,MarkRAMPMI
Craft 0622 Mem 054,Craft,622,622,54,,,Mem,"Perez Cao, A   ",2023,,,,,,,,,,,,,,,,,,,,,,,,,,,,MarkRAMPMI
Craft 0622 Mem 055,Craft,622,622,55,,,Mem,"Summers, M   ",2024,,,,,,,,,,,,,,,,,,,,,,,,,,,,MarkRAMPMI
Craft 0622 Mem 056,Craft,622,622,56,,,Mem,"Cartwright, S A  ",2024,,,,,,,,,,,,,,,,,,,,,,,,,,,,MarkRAMPMI
Craft 0622 Mem 057,Craft,622,622,57,,,Mem,"Pescod, D C  ",2024,,,,,,,,,,,,,,,,,,,,,,,,,,,,MarkRAMPMI
Craft 0622 Mem 058,Craft,622,622,58,,,Mem,"Reach, D J  ",2024,,,,,,,,,,,,,,,,,,,,,,,,,,,,MarkRAMPMI
Craft 0622 Mem 059,Craft,622,622,59,,,Mem,"Pace, I A  ",2024,,,,PAsstDistGM (KwaZulu-Natal),2021-24,,,,,,,,,,,,,,,,,,,,,,,MarkRAMPMI
Craft 0622 Mem 060,Craft,622,622,60,,,Mem,"Neil, P   ",2024,,,,,,,,,,,,,,,,,,,,,,,,,,,,MarkRAMPMI
Craft 0622 Mem 061,Craft,622,622,61,,,Mem,"Gomm, J G  ",2025,PPGSuptWks,2025,,,,,,,,,,,,,,,,,,,,,,,,,,MarkRAMPMI
Craft 0622 Mem 062,Craft,622,622,62,,,Mem,"Jarvis, G W  ",2025,,,,PProvAGSwdB (Hants. & I. of W.),2009-10,,,,,,,,,,,,,,,,,,,,,,,MarkRAMPMI
Craft 0622 Mem 063,Craft,622,622,63,,,Mem,"Holland, M   ",2025,,,,,,,,,,,,,,,,,,,,,,,,,,,,MarkRAMPMI
Craft 0622 Mem 064,Craft,622,622,64,,,Mem,"Beaumont, M   ",2026,,,,,,,,,,,,,,,,,,,,,,,,,,,,MarkRAMPMI
Craft 0622 Off 001,Craft,622,622,1,WM,1,Off,"Furby, M N  ",2018,,,,,,,,,,,,,,,,,,,,,,,,,,,,Officers
Craft 0622 Off 002,Craft,622,622,2,JW,3,Off,"Hendry, R K  ",2019,,,,,,,,,,,,,,,,,,,,,,,,,,,,Officers
Craft 0622 Off 003,Craft,622,622,3,Chap,4,Off,"Day, D J  ",1996,,,,,,,,,,,,,,,,,,,,,,,,,,,,Officers
Craft 0622 Off 004,Craft,622,622,4,Treas,5,Off,"Beacham, R J  ",2008,,,,,,,,,,,,,,,,,,,,,,,,,,,,Officers
Craft 0622 Off 005,Craft,622,622,5,Sec,6,Off,"Gale, A P T ",2011,,,,,,,,,,,,,,,,,,,,,,,,,,,,Officers
Craft 0622 Off 006,Craft,622,622,6,DC,7,Off,"Knights, G S  ",2005,,,,,,,,,,,,,,,,,,,,,,,,,,,,Officers
Craft 0622 Off 007,Craft,622,622,7,Alm,8,Off,"Alford, A D  ",2022,,,,,,,,,,,,,,,,,,,,,,,,,,,,Officers
Craft 0622 Off 008,Craft,622,622,8,ChStwd,9,Off,"Beel, D C  ",2017,,,,,,,,,,,,,,,,,,,,,,,,,,,,Officers
Craft 0622 Off 009,Craft,622,622,9,MO,10,Off,"Knights, G S  ",2005,,,,,,,,,,,,,,,,,,,,,,,,,,,,Officers
Craft 0622 Off 010,Craft,622,622,10,Mentor,11,Off,"Sheehan, P M  ",2016,,,,,,,,,,,,,,,,,,,,,,,,,,,,Officers
Craft 0622 Off 011,Craft,622,622,11,SD,12,Off,"Keene, A B  ",2015,,,,,,,,,,,,,,,,,,,,,,,,,,,,Officers
Craft 0622 Off 012,Craft,622,622,12,JD,13,Off,"Martin, K   ",2020,,,,,,,,,,,,,,,,,,,,,,,,,,,,Officers
Craft 0622 Off 013,Craft,622,622,13,ADC,14,Off,"Martin, D J  ",2014,,,,,,,,,,,,,,,,,,,,,,,,,,,,Officers
Craft 0622 Off 014,Craft,622,622,14,Org,15,Off,Vacant,,,,,,,,,,,,,,,,,,,,,,,,,,,,,Officers
Craft 0622 Off 015,Craft,622,622,15,Gst Org,15,Off,"Boylin, D   ",,,,,,,,,,,,,,,,,,,,,,,,,,,,,Officers
Craft 0622 Off 016,Craft,622,622,16,ASec,16,Off,"Rabbets, M E  ",2002,,,,,,,,,,,,,,,,,,,,,,,,,,,,Officers
Craft 0622 Off 017,Craft,622,622,17,IG,17,Off,"Strange, S R D ",2022,,,,,,,,,,,,,,,,,,,,,,,,,,,,Officers
Craft 0622 Off 018,Craft,622,622,18,Stwd,18,Off,"Hewitt, D B  ",2021,,,,,,,,,,,,,,,,,,,,,,,,,,,,Officers
Craft 0622 Off 019,Craft,622,622,19,Stwd,18,Off,"Richmond, B   ",2023,,,,,,,,,,,,,,,,,,,,,,,,,,,,Officers
Craft 0622 Off 020,Craft,622,622,20,Stwd,18,Off,"Goddard, R I  ",2023,,,,,,,,,,,,,,,,,,,,,,,,,,,,Officers
Craft 0622 Off 021,Craft,622,622,21,Stwd,18,Off,"Martin, P I  ",2023,,,,,,,,,,,,,,,,,,,,,,,,,,,,Officers
Craft 0622 Off 022,Craft,622,622,22,Stwd,18,Off,"Richardson, P A  ",2023,,,,,,,,,,,,,,,,,,,,,,,,,,,,Officers
Craft 0622 Off 023,Craft,622,622,23,Stwd,18,Off,"Pescod, D C  ",2024,,,,,,,,,,,,,,,,,,,,,,,,,,,,Officers
Craft 0622 Off 024,Craft,622,622,24,Stwd,18,Off,"Cartwright, S A  ",2024,,,,,,,,,,,,,,,,,,,,,,,,,,,,Officers
Craft 0622 Off 025,Craft,622,622,25,Stwd,18,Off,"Holland, M   ",2025,,,,,,,,,,,,,,,,,,,,,,,,,,,,Officers
Craft 0622 Off 026,Craft,622,622,26,Stwd,18,Off,"Beaumont, M   ",2026,,,,,,,,,,,,,,,,,,,,,,,,,,,,Officers
Craft 0622 Off 027,Craft,622,622,27,Tyler,19,Off,"Alford, A D  ",2022,,,,,,,,,,,,,,,,,,,,,,,,,,,,Officers
Craft 0622 PMI 001,Craft,622,622,1,,,PMI,"Frostick, D J B ",2014,PPDepGDC,2023,,,,,,,,"9177, 4234, 9649",,,,,,,,,,,,,,,,,,PMI
Craft 0622 PMI 002,Craft,622,622,2,,,PMI,"Josic, M   ",2016,,,,PProvAGReg (Hants. & I. of W.),2021,LGR,2020,,,"1305, 4397",,,,,,,,,,,,,,,,,,PMI
Craft 0622 PMI 003,Craft,622,622,3,,,PMI,"Sheehan, P M  ",2016,PPGReg,2023,,,,SLGR,2016,,,7184,,,,,,,,,,,,,,,,,,PMI
Craft 0622 PMI 004,Craft,622,622,4,,,PMI,"Reed, D J  ",2016,PPGSwdB,2022,,PProvGStB (Glos.),2008,,,,,8909,,,,,,,,,,,,,,,,,,PMI
Craft 0622 PMI 005,Craft,622,622,5,,,PMI,"Ball, M R  ",2019,PPSGD,2022,,,,,,,,137,,,,,,,,,,,,,,,,,,PMI
Craft 0622 PMI 006,Craft,622,622,6,,,PMI,"Baldwin, J F  ",2022,,,,PProvJGD (Berks.),2016,,,,,"3090, 771",,,,,,,,,,,,,,,,,,PMI
Craft 0622 PMI 007,Craft,622,622,7,,,PMI,"Scott, A P  ",2023,PPAGDC,2023,,,,,,,,386,,,,,,,,,,,,,,,,,,PMI
Craft 0622 PMI 008,Craft,622,622,8,,,PMI,"Higgin, A R  ",2023,,,,PProvGReg (Bucks.),2020,LGR,2022,,,"6483, 1805",,,,,,,,,,,,,,,,,,PMI
Craft 0622 PMI 009,Craft,622,622,9,,,PMI,"Francis, R E  ",2023,PProvSGW,2019,,,,,,,,"6525, 3366",,,,,,,,,,,,,,,,,,PMI
Craft 0622 PMI 010,Craft,622,622,10,,,PMI,"Pace, I A  ",2024,,,,PAsstDistGM (KwaZulu-Natal),2021-24,,,PAGDC,2025,"7548, 2461, 9642, 1778",,,,,,,,,,,,,,,,,,PMI
Craft 0622 PMI 011,Craft,622,622,11,,,PMI,"Gomm, J G  ",2025,PPGSuptWks,2025,,,,,,,,6582,,,,,,,,,,,,,,,,,,PMI
Craft 0622 PMI 012,Craft,622,622,12,,,PMI,"Jarvis, G W  ",2025,,,,PProvAGSwdB (Hants. & I. of W.),2009-10,,,,,6281,,,,,,,,,,,,,,,,,,PMI
Craft 0622 PMO 001,Craft,622,622,1,,,PMO,"Lake, D C  ",,PPJGW,2020,,,,,,,,,1990,1990,,,,,,,,,,,,,,,,PMO
Craft 0622 PMO 003,Craft,622,622,3,,,PMO,"Adcook, K G  ",,PPAGDC,2000,,,,,,,,,"1993, 2001",1993,,,,,,,,,,,,,,,,PMO
Craft 0622 PMO 004,Craft,622,622,4,,,PMO,"Bagg, S N  ",,PPAGDC,2013,,,,,,,,,"1995, 2010",1995,,,,,,,,,,,,,,,,PMO
Craft 0622 PMO 005,Craft,622,622,5,,,PMO,"Heaton, R D  ",,PPGReg,2025,,,,,,,,,1997,1997,,,,,,,,,,,,,,,,PMO
Craft 0622 PMO 006,Craft,622,622,6,,,PMO,"Sturgess, M J  ",,PPGSuptWks,2019,,,,,,,,,1998,1998,,,,,,,,,,,,,,,,PMO
Craft 0622 PMO 007,Craft,622,622,7,,,PMO,"Howes, K J  ",,PPGSwdB,2007,,,,,,PAGDC,2012,,1999,1999,,,,,,,,,,,,,,,,PMO
Craft 0622 PMO 010,Craft,622,622,10,,,PMO,"Mead, P V  ",,PPSGD,2018,,,,LGR,1999,,,,2004,2004,,,,,,,,,,,,,,,,PMO
Craft 0622 PMO 011,Craft,622,622,11,,,PMO,"White, A J  ",,PPSGD,2019,,,,,,,,,2005,2005,,,,,,,,,,,,,,,,PMO
Craft 0622 PMO 012,Craft,622,622,12,,,PMO,"Day, D J  ",,PPSGW,2022,,,,,,,,,2006,2006,,,,,,,,,,,,,,,,PMO
Craft 0622 PMO 014,Craft,622,622,14,,,PMO,"Hobbs, B K  ",,PPDepGDC,2022,,,,,,,,,2008,2008,,,,,,,,,,,,,,,,PMO
Craft 0622 PMO 015,Craft,622,622,15,,,PMO,"Knights, G S  ",,PPJGW,2023,,,,,,,,,"2011, 2015",2011,,,,,,,,,,,,,,,,PMO
Craft 0622 PMO 017,Craft,622,622,17,,,PMO,"Micklefield, R F  ",,PPJGW,2019,,,,LGR,2005,,,,2012,2012,,,,,,,,,,,,,,,,PMO
Craft 0622 PMO 020,Craft,622,622,20,,,PMO,"Frias-Robles, D R  ",,,,,,,,,,,,2013,2013,,,,,,,,,,,,,,,,PMO
Craft 0622 PMO 021,Craft,622,622,21,,,PMO,"Beacham, R J  ",,PPGSuptWks,2025,,,,,,,,,"2014, 2024",2014,,,,,,,,,,,,,,,,PMO
Craft 0622 PMO 022,Craft,622,622,22,,,PMO,"Hawkes, C S  ",,PProvGStwd,2018,,,,,,,,,2016,2016,,,,,,,,,,,,,,,,PMO
Craft 0622 PMO 023,Craft,622,622,23,,,PMO,"Gale, A P T ",,ProvGAlm,2024,,,,,,,,,"2017, 2018",2017,,,,,,,,,,,,,,,,PMO
Craft 0622 PMO 026,Craft,622,622,26,,,PMO,"Martin, D J  ",,PPJGD,2024,,,,,,,,,2019,2019,,,,,,,,,,,,,,,,PMO
Craft 0622 PMO 028,Craft,622,622,28,,,PMO,"Clarkson, R G  ",,PProvSGD,2023,,,,,,,,,"2021, 2025",2021,,,,,,,,,,,,,,,,PMO
Craft 0622 PMO 030,Craft,622,622,30,,,PMO,"Evans, B J G ",,,,,,,,,,,,2022,2022,,,,,,,,,,,,,,,,PMO
Craft 0622 PMO 031,Craft,622,622,31,,,PMO,"Smith, G J  ",,PPJGD,2021,,,,,,,,,2023,2023,,,,,,,,,,,,,,,,PMO
Craft 0665 Hon 001,Craft,665,665,1,,,Hon,"Bruton, P   ",2023,PPGStB,2019,,,,,,,,,,,,,,,,,,,,,,,,,,Honorary
Craft 0665 Inst 001,Craft,665,665,1,,,Inst,,,,,,,,,,,,,,,May 5th 2026,,,,,,,,,,,,,,,DBLodges
Craft 0665 Mem 001,Craft,665,665,1,,,Mem,"Lovell, O K  ",1977,,,,,,,,,,,,,,,,,,,,,,,,,,,,MarkRAMPMI
Craft 0665 Mem 002,Craft,665,665,2,,,Mem,"Wiscombe, F J  ",1982,PProvSGD,2000,,,,,,,,,,,,,,,,,,,,,,,,,,MarkRAMPMI
Craft 0665 Mem 003,Craft,665,665,3,,,Mem,"Wiscombe, W C  ",1983,PPJGW,2019,,,,,,,,,,,,,,,,,,,,,,,,,,MarkRAMPMI
Craft 0665 Mem 004,Craft,665,665,4,,,Mem,"Preston, D S  ",2002,PPSGW,2022,,PProvJGW (Middx.),2015,,,,,,,,,,,,,,,,,,,,,,,MarkRAMPMI
Craft 0665 Mem 005,Craft,665,665,5,,,Mem,"Smith, G D  ",2002,,,,,,,,,,,,,,,,,,,,,,,,,,,,MarkRAMPMI
Craft 0665 Mem 006,Craft,665,665,6,,,Mem,"Cottis, A R  ",2003,PPGReg,2021,,PProvGStwd (W. Kent),2001-02,,,,,,,,,,,,,,,,,,,,,,,MarkRAMPMI
Craft 0665 Mem 007,Craft,665,665,7,,,Mem,"Turner, R J  ",2003,,,,,,,,,,,,,,,,,,,,,,,,,,,,MarkRAMPMI
Craft 0665 Mem 008,Craft,665,665,8,,,Mem,"Stringer, G L  ",2006,PPGSuptWks,2024,,,,,,,,,,,,,,,,,,,,,,,,,,MarkRAMPMI
Craft 0665 Mem 009,Craft,665,665,9,,,Mem,"Le Clercq, M C  ",2009,,,,,,,,,,,,,,,,,,,,,,,,,,,,MarkRAMPMI
Craft 0665 Mem 010,Craft,665,665,10,,,Mem,"Skelton, R J  ",2010,PProvGPurs,2018,,,,,,,,,,,,,,,,,,,,,,,,,,MarkRAMPMI
Craft 0665 Mem 011,Craft,665,665,11,,,Mem,"Hunt, J R  ",2012,PProvJGD,2024,,,,,,,,,,,,,,,,,,,,,,,,,,MarkRAMPMI
Craft 0665 Mem 012,Craft,665,665,12,,,Mem,"Buckley, D L  ",2016,ProvGStwd,2025,Y,,,,,,,,,,,,,,,,,,,,,,,,,MarkRAMPMI
Craft 0665 Mem 013,Craft,665,665,13,,,Mem,"Gillett, K J  ",2016,,,,,,,,,,,,,,,,,,,,,,,,,,,,MarkRAMPMI
Craft 0665 Mem 014,Craft,665,665,14,,,Mem,"Meyer, P J H ",2017,PPJGD,2025,,,,,,,,,,,,,,,,,,,,,,,,,,MarkRAMPMI
Craft 0665 Mem 015,Craft,665,665,15,,,Mem,"Carey, P R  ",2020,,,,PProvAGDC (Sussex),2014,,,,,,,,,,,,,,,,,,,,,,,MarkRAMPMI
Craft 0665 Mem 016,Craft,665,665,16,,,Mem,"Holland, C O  ",2022,,,,PProvJGW (Devon),2006,,,,,,,,,,,,,,,,,,,,,,,MarkRAMPMI
Craft 0665 Mem 017,Craft,665,665,17,,,Mem,"Oates, J J  ",2023,,,,,,,,,,,,,,,,,,,,,,,,,,,,MarkRAMPMI
Craft 0665 Mem 018,Craft,665,665,18,,,Mem,"Miles, D F  ",2023,PPGSuptWks,2021,,,,,,,,,,,,,,,,,,,,,,,,,,MarkRAMPMI
Craft 0665 Mem 019,Craft,665,665,19,,,Mem,"Allan, S J  ",2024,,,,,,,,,,,,,,,,,,,,,,,,,,,,MarkRAMPMI
Craft 0665 Mem 020,Craft,665,665,20,,,Mem,"Sankey, M   ",2024,,,,,,,,,,,,,,,,,,,,,,,,,,,,MarkRAMPMI
Craft 0665 Mem 021,Craft,665,665,21,,,Mem,"Beavis, J H  ",2025,,,,,,,,,,,,,,,,,,,,,,,,,,,,MarkRAMPMI
Craft 0665 Off 001,Craft,665,665,1,WM,1,Off,"Miles, D F  ",2023,,,,,,,,,,,,,,,,,,,,,,,,,,,,Officers
Craft 0665 Off 002,Craft,665,665,2,SW,2,Off,"Buckley, D L  ",2016,,,,,,,,,,,,,,,,,,,,,,,,,,,,Officers
Craft 0665 Off 003,Craft,665,665,3,JW,3,Off,"Hunt, J R  ",2012,,,,,,,,,,,,,,,,,,,,,,,,,,,,Officers
Craft 0665 Off 004,Craft,665,665,4,Chap,4,Off,"Cottis, A R  ",2003,,,,,,,,,,,,,,,,,,,,,,,,,,,,Officers
Craft 0665 Off 005,Craft,665,665,5,Treas,5,Off,"Meyer, P J H ",2017,,,,,,,,,,,,,,,,,,,,,,,,,,,,Officers
Craft 0665 Off 006,Craft,665,665,6,Sec,6,Off,"Holland, C O  ",2022,,,,,,,,,,,,,,,,,,,,,,,,,,,,Officers
Craft 0665 Off 007,Craft,665,665,7,DC,7,Off,"Stringer, G L  ",2006,,,,,,,,,,,,,,,,,,,,,,,,,,,,Officers
Craft 0665 Off 008,Craft,665,665,8,Alm,8,Off,"Cottis, A R  ",2003,,,,,,,,,,,,,,,,,,,,,,,,,,,,Officers
Craft 0665 Off 009,Craft,665,665,9,ChStwd,9,Off,"Buckley, D L  ",2016,,,,,,,,,,,,,,,,,,,,,,,,,,,,Officers
Craft 0665 Off 010,Craft,665,665,10,MO,10,Off,"Carey, P R  ",2020,,,,,,,,,,,,,,,,,,,,,,,,,,,,Officers
Craft 0665 Off 011,Craft,665,665,11,Mentor,11,Off,"Hunt, J R  ",2012,,,,,,,,,,,,,,,,,,,,,,,,,,,,Officers
Craft 0665 Off 012,Craft,665,665,12,SD,12,Off,"Wiscombe, W C  ",1983,,,,,,,,,,,,,,,,,,,,,,,,,,,,Officers
Craft 0665 Off 013,Craft,665,665,13,JD,13,Off,"Sankey, M   ",2024,,,,,,,,,,,,,,,,,,,,,,,,,,,,Officers
Craft 0665 Off 014,Craft,665,665,14,ADC,14,Off,"Wiscombe, F J  ",1982,,,,,,,,,,,,,,,,,,,,,,,,,,,,Officers
Craft 0665 Off 015,Craft,665,665,15,Org,15,Off,Vacant,,,,,,,,,,,,,,,,,,,,,,,,,,,,,Officers
Craft 0665 Off 016,Craft,665,665,16,ASec,16,Off,"Oates, J J  ",2023,,,,,,,,,,,,,,,,,,,,,,,,,,,,Officers
Craft 0665 Off 017,Craft,665,665,17,IG,17,Off,"Allan, S J  ",2024,,,,,,,,,,,,,,,,,,,,,,,,,,,,Officers
Craft 0665 Off 018,Craft,665,665,18,Stwd,18,Off,"Beavis, J H  ",2025,,,,,,,,,,,,,,,,,,,,,,,,,,,,Officers
Craft 0665 Off 019,Craft,665,665,19,Tyler,19,Off,"Gillett, K J  ",2016,,,,,,,,,,,,,,,,,,,,,,,,,,,,Officers
Craft 0665 PMI 001,Craft,665,665,1,,,PMI,"Carey, P R  ",2020,,,,PProvAGDC (Sussex),2014,,,,,"1141, 708",,,,,,,,,,,,,,,,,,PMI
Craft 0665 PMI 002,Craft,665,665,2,,,PMI,"Miles, D F  ",2023,PPGSuptWks,2021,,,,,,,,8315,,,,,,,,,,,,,,,,,,PMI
Craft 0665 PMI 003,Craft,665,665,3,,,PMI,"Oates, J J  ",2023,,,,,,,,,,9207,,,,,,,,,,,,,,,,,,PMI
Craft 0665 PMO 001,Craft,665,665,1,,,PMO,"Wiscombe, F J  ",,PProvSGD,2000,,,,,,PGStB,2004,,1990,1990,,,,,,,,,,,,,,,,PMO
Craft 0665 PMO 002,Craft,665,665,2,,,PMO,"Wiscombe, W C  ",,PPJGW,2019,,,,,,,,,1991,1991,,,,,,,,,,,,,,,,PMO
Craft 0665 PMO 003,Craft,665,665,3,,,PMO,"Holland, C O  ",,,,,PProvJGW (Devon),2006,,,,,,2006,2006,,,,,,,,,,,,,,,,PMO
Craft 0665 PMO 004,Craft,665,665,4,,,PMO,"Cottis, A R  ",,PPGReg,2021,,PProvGStwd (W. Kent),2001-02,,,,,,2007,2007,,,,,,,,,,,,,,,,PMO
Craft 0665 PMO 005,Craft,665,665,5,,,PMO,"Preston, D S  ",,PPSGW,2022,,PProvJGW (Middx.),2015,,,,,,"2008, 2024",2008,,,,,,,,,,,,,,,,PMO
Craft 0665 PMO 008,Craft,665,665,8,,,PMO,"Stringer, G L  ",,PPGSuptWks,2024,,,,,,,,,"2010, 2022",2010,,,,,,,,,,,,,,,,PMO
Craft 0665 PMO 010,Craft,665,665,10,,,PMO,"Bruton, P   ",,PPGStB,2019,,,,,,,,,2012,2012,,,,,,,,,,,,,,,,PMO
Craft 0665 PMO 012,Craft,665,665,12,,,PMO,"Hunt, J R  ",,PProvJGD,2024,,,,,,,,,2018,2018,,,,,,,,,,,,,,,,PMO
Craft 0665 PMO 015,Craft,665,665,15,,,PMO,"Buckley, D L  ",,ProvGStwd,2025,,,,,,,,,2023,2023,,,,,,,,,,,,,,,,PMO
Craft 0707 Hon 001,Craft,707,707,1,,,Hon,"Deakin, C W  ",2015,PDepProvGM,2010,,,,,,PGSwdB,2011,,,,,,,,,,,,,,,,,,,Honorary
Craft 0707 Hon 002,Craft,707,707,2,,,Hon,"Kiver, R B  ",2005,PProvGReg,1993,,,,,,PJGD,2010,,,,,,,,,,,,,,,,,,,Honorary
Craft 0707 Hon 003,Craft,707,707,3,,,Hon,"Nicolson, D H  ",2011,,,,PProvSGD (Middx.),2012,,,,,,,,,,,,,,,,,,,,,,,Honorary
Craft 0707 Inst 001,Craft,707,707,1,,,Inst,,,,,,,,,,,,,,,November 13th 2025,,,,,,,,,,,,,,,DBLodges
Craft 0707 Mem 001,Craft,707,707,1,,,Mem,"Lill, C J  ",1973,PDepProvGM,2018,,,,,,,,,,,,,,,,,,,,,,,,,,MarkRAMPMI
Craft 0707 Mem 002,Craft,707,707,2,,,Mem,"Hudd, R E  ",1985,,,,,,,,,,,,,,,,,,,,,,,,,,,,MarkRAMPMI
Craft 0707 Mem 003,Craft,707,707,3,,,Mem,"Brown, A F T ",1988,PPGReg,2025,,,,,,,,,,,,,,,,,,,,,,,,,,MarkRAMPMI
Craft 0707 Mem 004,Craft,707,707,4,,,Mem,"Deacon, C T  ",1991,PPGSuptWks,2025,,,,,,,,,,,,,,,,,,,,,,,,,,MarkRAMPMI
Craft 0707 Mem 005,Craft,707,707,5,,,Mem,"Lambert, J E  ",1995,,,,,,,,,,,,,,,,,,,,,,,,,,,,MarkRAMPMI
Craft 0707 Mem 006,Craft,707,707,6,,,Mem,"Lyus, S W  ",2001,,,,,,,,,,,,,,,,,,,,,,,,,,,,MarkRAMPMI
Craft 0707 Mem 007,Craft,707,707,7,,,Mem,"McShee, A C  ",2004,PPGStB,2020,,,,,,,,,,,,,,,,,,,,,,,,,,MarkRAMPMI
Craft 0707 Mem 008,Craft,707,707,8,,,Mem,"Hedley, P   ",2005,PPGReg,2024,,,,,,,,,,,,,,,,,,,,,,,,,,MarkRAMPMI
Craft 0707 Mem 009,Craft,707,707,9,,,Mem,"Travers, R R  ",2006,PPGSwdB,2025,,,,,,,,,,,,,,,,,,,,,,,,,,MarkRAMPMI
Craft 0707 Mem 010,Craft,707,707,10,,,Mem,"Dorrington-Ward, S   ",2006,PPJGD,2022,,,,,,,,,,,,,,,,,,,,,,,,,,MarkRAMPMI
Craft 0707 Mem 011,Craft,707,707,11,,,Mem,"Knight, M R  ",2008,,,,,,,,,,,,,,,,,,,,,,,,,,,,MarkRAMPMI
Craft 0707 Mem 012,Craft,707,707,12,,,Mem,"Slade, C J  ",2009,,,,,,,,,,,,,,,,,,,,,,,,,,,,MarkRAMPMI
Craft 0707 Mem 013,Craft,707,707,13,,,Mem,"Saddington, J A  ",2012,,,,,,,,,,,,,,,,,,,,,,,,,,,,MarkRAMPMI
Craft 0707 Mem 014,Craft,707,707,14,,,Mem,"Teideman, M G  ",2012,,,,,,,,,,,,,,,,,,,,,,,,,,,,MarkRAMPMI
Craft 0707 Mem 015,Craft,707,707,15,,,Mem,"Fowler, J V P ",2012,,,,,,,,,,,,,,,,,,,,,,,,,,,,MarkRAMPMI
Craft 0707 Mem 016,Craft,707,707,16,,,Mem,"Bateman, R W  ",2014,,,,,,LGR,2008,,,,,,,,,,,,,,,,,,,,,MarkRAMPMI
Craft 0707 Mem 017,Craft,707,707,17,,,Mem,"McReavie, C W  ",2016,,,,,,LGR,2009,,,,,,,,,,,,,,,,,,,,,MarkRAMPMI
Craft 0707 Mem 018,Craft,707,707,18,,,Mem,"Teideman, G J  ",2017,,,,PProvJGW (Cornwall),2010,,,,,,,,,,,,,,,,,,,,,,,MarkRAMPMI
Craft 0707 Mem 019,Craft,707,707,19,,,Mem,"Turner, R J  ",2018,,,,,,,,,,,,,,,,,,,,,,,,,,,,MarkRAMPMI
Craft 0707 Mem 020,Craft,707,707,20,,,Mem,"Wood, C D  ",2018,PProvGStwd,2024,,,,,,,,,,,,,,,,,,,,,,,,,,MarkRAMPMI
Craft 0707 Mem 021,Craft,707,707,21,,,Mem,"Hill, R J  ",2018,,,,,,,,,,,,,,,,,,,,,,,,,,,,MarkRAMPMI
Craft 0707 Mem 022,Craft,707,707,22,,,Mem,"McGhee, D G  ",2019,,,,,,SLGR,2024,,,,,,,,,,,,,,,,,,,,,MarkRAMPMI
Craft 0707 Mem 023,Craft,707,707,23,,,Mem,"Westbrook, M R  ",2022,,,,PProvDepGReg (Middx.),2010,,,,,,,,,,,,,,,,,,,,,,,MarkRAMPMI
Craft 0707 Mem 024,Craft,707,707,24,,,Mem,"Black, P W  ",2022,,,,,,,,,,,,,,,,,,,,,,,,,,,,MarkRAMPMI
Craft 0707 Mem 025,Craft,707,707,25,,,Mem,"Barnes, C J  ",2022,,,,,,,,,,,,,,,,,,,,,,,,,,,,MarkRAMPMI
Craft 0707 Mem 026,Craft,707,707,26,,,Mem,"Stocks, A   ",2022,,,,,,,,,,,,,,,,,,,,,,,,,,,,MarkRAMPMI
Craft 0707 Mem 027,Craft,707,707,27,,,Mem,"Waldron, P   ",2022,,,,PProvJGW (Bucks.),2013-14,,,,,,,,,,,,,,,,,,,,,,,MarkRAMPMI
Craft 0707 Mem 028,Craft,707,707,28,,,Mem,"Pimbley, J   ",2023,,,,,,,,,,,,,,,,,,,,,,,,,,,,MarkRAMPMI
Craft 0707 Mem 029,Craft,707,707,29,,,Mem,"Strain, S P  ",2023,,,,,,LGR,1996,,,,,,,,,,,,,,,,,,,,,MarkRAMPMI
Craft 0707 Mem 030,Craft,707,707,30,,,Mem,"Pimbley, B J  ",2025,,,,,,,,,,,,,,,,,,,,,,,,,,,,MarkRAMPMI
Craft 0707 Mem 031,Craft,707,707,31,,,Mem,"Beck, G J  ",2025,,,,,,,,,,,,,,,,,,,,,,,,,,,,MarkRAMPMI
Craft 0707 Mem 032,Craft,707,707,32,,,Mem,"Addy, J C  ",2026,,,,PProvGReg (Middx.),2012,SLGR,2010,,,,,,,,,,,,,,,,,,,,,MarkRAMPMI
Craft 0707 Off 001,Craft,707,707,1,WM,1,Off,"Saddington, J A  ",2012,,,,,,,,,,,,,,,,,,,,,,,,,,,,Officers
Craft 0707 Off 002,Craft,707,707,2,SW,2,Off,"Strain, S P  ",2023,,,,,,,,,,,,,,,,,,,,,,,,,,,,Officers
Craft 0707 Off 003,Craft,707,707,3,JW,3,Off,"Knight, M R  ",2008,,,,,,,,,,,,,,,,,,,,,,,,,,,,Officers
Craft 0707 Off 004,Craft,707,707,4,Chap,4,Off,"Westbrook, M R  ",2022,,,,,,,,,,,,,,,,,,,,,,,,,,,,Officers
Craft 0707 Off 005,Craft,707,707,5,Treas,5,Off,"Dorrington-Ward, S   ",2006,,,,,,,,,,,,,,,,,,,,,,,,,,,,Officers
Craft 0707 Off 006,Craft,707,707,6,Sec,6,Off,"Wood, C D  ",2018,,,,,,,,,,,,,,,,,,,,,,,,,,,,Officers
Craft 0707 Off 007,Craft,707,707,7,DC,7,Off,"Waldron, P   ",2022,,,,,,,,,,,,,,,,,,,,,,,,,,,,Officers
Craft 0707 Off 008,Craft,707,707,8,Alm,8,Off,"Deacon, C T  ",1991,,,,,,,,,,,,,,,,,,,,,,,,,,,,Officers
Craft 0707 Off 009,Craft,707,707,9,ChStwd,9,Off,"McGhee, D G  ",2019,,,,,,,,,,,,,,,,,,,,,,,,,,,,Officers
Craft 0707 Off 010,Craft,707,707,10,MO,10,Off,"Wood, C D  ",2018,,,,,,,,,,,,,,,,,,,,,,,,,,,,Officers
Craft 0707 Off 011,Craft,707,707,11,Mentor,11,Off,"Fowler, J V P ",2012,,,,,,,,,,,,,,,,,,,,,,,,,,,,Officers
Craft 0707 Off 012,Craft,707,707,12,SD,12,Off,"Black, P W  ",2022,,,,,,,,,,,,,,,,,,,,,,,,,,,,Officers
Craft 0707 Off 013,Craft,707,707,13,JD,13,Off,"Barnes, C J  ",2022,,,,,,,,,,,,,,,,,,,,,,,,,,,,Officers
Craft 0707 Off 014,Craft,707,707,14,ADC,14,Off,"McGhee, D G  ",2019,,,,,,,,,,,,,,,,,,,,,,,,,,,,Officers
Craft 0707 Off 015,Craft,707,707,15,Org,15,Off,Vacant,,,,,,,,,,,,,,,,,,,,,,,,,,,,,Officers
Craft 0707 Off 016,Craft,707,707,16,ASec,16,Off,"McReavie, C W  ",2016,,,,,,,,,,,,,,,,,,,,,,,,,,,,Officers
Craft 0707 Off 017,Craft,707,707,17,IG,17,Off,"Pimbley, J   ",2023,,,,,,,,,,,,,,,,,,,,,,,,,,,,Officers
Craft 0707 Off 018,Craft,707,707,18,Stwd,18,Off,"Beck, G J  ",2025,,,,,,,,,,,,,,,,,,,,,,,,,,,,Officers
Craft 0707 Off 019,Craft,707,707,19,Stwd,18,Off,"Pimbley, B J  ",2025,,,,,,,,,,,,,,,,,,,,,,,,,,,,Officers
Craft 0707 Off 020,Craft,707,707,20,Tyler,19,Off,"Hedley, P   ",2005,,,,,,,,,,,,,,,,,,,,,,,,,,,,Officers
Craft 0707 PMI 001,Craft,707,707,1,,,PMI,"Teideman, G J  ",2017,,,,PProvJGW (Cornwall),2010,,,,,7790,,,,,,,,,,,,,,,,,,PMI
Craft 0707 PMI 002,Craft,707,707,2,,,PMI,"Waldron, P   ",2022,,,,PProvJGW (Bucks.),2013-14,,,PAGDC,2017,8614,,,,,,,,,,,,,,,,,,PMI
Craft 0707 PMI 003,Craft,707,707,3,,,PMI,"Westbrook, M R  ",2022,,,,PProvDepGReg (Middx.),2010,,,,,"4173, 946",,,,,,,,,,,,,,,,,,PMI
Craft 0707 PMI 004,Craft,707,707,4,,,PMI,"Strain, S P  ",2023,,,,,,LGR,1996,,,"29, 7514, 7998",,,,,,,,,,,,,,,,,,PMI
Craft 0707 PMI 005,Craft,707,707,5,,,PMI,"Addy, J C  ",2026,,,,PProvGReg (Middx.),2012,SLGR,2010,,,"6369, 5902",,,,,,,,,,,,,,,,,,PMI
Craft 0707 PMO 001,Craft,707,707,1,,,PMO,"Lill, C J  ",,PDepProvGM,2018,,,,,,PGSwdB,2019,,1983,1983,,,,,,,,,,,,,,,,PMO
Craft 0707 PMO 004,Craft,707,707,4,,,PMO,"Brown, A F T ",,PPGReg,2025,,,,,,,,,1996,1996,,,,,,,,,,,,,,,,PMO
Craft 0707 PMO 005,Craft,707,707,5,,,PMO,"Deacon, C T  ",,PPGSuptWks,2025,,,,,,,,,"2004, 2008, 2017",2004,,,,,,,,,,,,,,,,PMO
Craft 0707 PMO 007,Craft,707,707,7,,,PMO,"Hedley, P   ",,PPGReg,2024,,,,,,,,,2010,2010,,,,,,,,,,,,,,,,PMO
Craft 0707 PMO 008,Craft,707,707,8,,,PMO,"McShee, A C  ",,PPGStB,2020,,,,,,,,,2013,2013,,,,,,,,,,,,,,,,PMO
Craft 0707 PMO 009,Craft,707,707,9,,,PMO,"Travers, R R  ",,PPGSwdB,2025,,,,,,,,,2014,2014,,,,,,,,,,,,,,,,PMO
Craft 0707 PMO 012,Craft,707,707,12,,,PMO,"Dorrington-Ward, S   ",,PPJGD,2022,,,,,,,,,"2015, 2020",2015,,,,,,,,,,,,,,,,PMO
Craft 0707 PMO 014,Craft,707,707,14,,,PMO,"Bateman, R W  ",,,,,,,LGR,2008,,,,2016,2016,,,,,,,,,,,,,,,,PMO
Craft 0707 PMO 017,Craft,707,707,17,,,PMO,"McReavie, C W  ",,,,,,,LGR,2009,,,,2018,2018,,,,,,,,,,,,,,,,PMO
Craft 0707 PMO 018,Craft,707,707,18,,,PMO,"McGhee, D G  ",,,,,,,SLGR,2024,,,,2022,2022,,,,,,,,,,,,,,,,PMO
Craft 0707 PMO 019,Craft,707,707,19,,,PMO,"Wood, C D  ",,PProvGStwd,2024,,,,,,,,,2023,2023,,,,,,,,,,,,,,,,PMO
Craft 0707 PMO 021,Craft,707,707,21,,,PMO,"Fowler, J V P ",,,,,,,,,,,,2024,2024,,,,,,,,,,,,,,,,PMO
Craft 0707 PMO 022,Craft,707,707,22,,,PMO,"Saddington, J A  ",,,,,,,,,,,,2025,2025,,,,,,,,,,,,,,,,PMO
Craft 0708 Hon 001,Craft,708,708,1,,,Hon,"Dowrick, M   ",2017,,,,PProvJGW (Middx.),2014,,,,,,,,,,,,,,,,,,,,,,,Honorary
Craft 0708 Inst 001,Craft,708,708,1,,,Inst,,,,,,,,,,,,,,,May 6th 2026,,,,,,,,,,,,,,,DBLodges
Craft 0708 Mem 001,Craft,708,708,1,,,Mem,"Gorman, J S  ",1971,PPGSwdB,2023,,PProvJGD (Middx.),1984,,,,,,,,,,,,,,,,,,,,,,,MarkRAMPMI
Craft 0708 Mem 002,Craft,708,708,2,,,Mem,"Preston, D S  ",1982,PPSGW,2022,,PProvJGW (Middx.),2015,,,,,,,,,,,,,,,,,,,,,,,MarkRAMPMI
Craft 0708 Mem 003,Craft,708,708,3,,,Mem,"Greatbatch, K J  ",1988,PPSGD,2025,,PProvAGDC (Middx.),2020,,,,,,,,,,,,,,,,,,,,,,,MarkRAMPMI
Craft 0708 Mem 004,Craft,708,708,4,,,Mem,"Ferguson, I A  ",2004,,,,AsstProvGM (Middx.),2023,,,,,,,,,,,,,,,,,,,,,,,MarkRAMPMI
Craft 0708 Mem 005,Craft,708,708,5,,,Mem,"Barham, M W  ",2005,,,,PProvAGDC (Middx.),2019,,,,,,,,,,,,,,,,,,,,,,,MarkRAMPMI
Craft 0708 Mem 006,Craft,708,708,6,,,Mem,"Cutler, D E  ",2005,,,,PProvSGD (Middx.),2016,,,,,,,,,,,,,,,,,,,,,,,MarkRAMPMI
Craft 0708 Mem 007,Craft,708,708,7,,,Mem,"Probert, T C E ",2007,PPGStB,2025,,,,,,,,,,,,,,,,,,,,,,,,,,MarkRAMPMI
Craft 0708 Mem 008,Craft,708,708,8,,,Mem,"Preston, J D  ",2013,,,,,,,,,,,,,,,,,,,,,,,,,,,,MarkRAMPMI
Craft 0708 Mem 009,Craft,708,708,9,,,Mem,"Preston, T D  ",2017,,,,,,,,,,,,,,,,,,,,,,,,,,,,MarkRAMPMI
Craft 0708 Mem 010,Craft,708,708,10,,,Mem,"Dove, S N  ",2017,,,,,,,,,,,,,,,,,,,,,,,,,,,,MarkRAMPMI
Craft 0708 Mem 011,Craft,708,708,11,,,Mem,"Hunt, J R  ",2022,PProvJGD,2024,,,,,,,,,,,,,,,,,,,,,,,,,,MarkRAMPMI
Craft 0708 Mem 012,Craft,708,708,12,,,Mem,"Carey, P R  ",2022,,,,PProvAGDC (Sussex),2014,,,,,,,,,,,,,,,,,,,,,,,MarkRAMPMI
Craft 0708 Mem 013,Craft,708,708,13,,,Mem,"Moore, I D  ",2022,PPGReg,2025,,,,,,,,,,,,,,,,,,,,,,,,,,MarkRAMPMI
Craft 0708 Mem 014,Craft,708,708,14,,,Mem,"Stringer, G L  ",2022,PPGSuptWks,2024,,,,,,,,,,,,,,,,,,,,,,,,,,MarkRAMPMI
Craft 0708 Mem 015,Craft,708,708,15,,,Mem,"Badger, R B  ",2022,,,,PProvJGW (Devon),2022,,,,,,,,,,,,,,,,,,,,,,,MarkRAMPMI
Craft 0708 Mem 016,Craft,708,708,16,,,Mem,"Bruton, P   ",2022,PPGStB,2019,,,,,,,,,,,,,,,,,,,,,,,,,,MarkRAMPMI
Craft 0708 Mem 017,Craft,708,708,17,,,Mem,"Beeson, P R  ",2022,,,,,,,,,,,,,,,,,,,,,,,,,,,,MarkRAMPMI
Craft 0708 Mem 018,Craft,708,708,18,,,Mem,"Cooke, I   ",2024,,,,,,,,,,,,,,,,,,,,,,,,,,,,MarkRAMPMI
Craft 0708 Mem 019,Craft,708,708,19,,,Mem,"Wales, R P  ",2025,PPSGW,2017,,PProvDepGReg (Middx.),2011,,,,,,,,,,,,,,,,,,,,,,,MarkRAMPMI
Craft 0708 Mem 020,Craft,708,708,20,,,Mem,"Shorey, A C  ",2025,,,,PProvGReg (Bucks.),2017,LGR,2014,,,,,,,,,,,,,,,,,,,,,MarkRAMPMI
Craft 0708 Off 001,Craft,708,708,1,WM,1,Off,"Carey, P R  ",2022,,,,,,,,,,,,,,,,,,,,,,,,,,,,Officers
Craft 0708 Off 002,Craft,708,708,2,SW,2,Off,"Hunt, J R  ",2022,,,,,,,,,,,,,,,,,,,,,,,,,,,,Officers
Craft 0708 Off 003,Craft,708,708,3,JW,3,Off,"Preston, T D  ",2017,,,,,,,,,,,,,,,,,,,,,,,,,,,,Officers
Craft 0708 Off 004,Craft,708,708,4,Chap,4,Off,"Badger, R B  ",2022,,,,,,,,,,,,,,,,,,,,,,,,,,,,Officers
Craft 0708 Off 005,Craft,708,708,5,Treas,5,Off,"Gorman, J S  ",1971,,,,,,,,,,,,,,,,,,,,,,,,,,,,Officers
Craft 0708 Off 006,Craft,708,708,6,Sec,6,Off,"Preston, D S  ",1982,,,,,,,,,,,,,,,,,,,,,,,,,,,,Officers
Craft 0708 Off 007,Craft,708,708,7,DC,7,Off,"Greatbatch, K J  ",1988,,,,,,,,,,,,,,,,,,,,,,,,,,,,Officers
Craft 0708 Off 008,Craft,708,708,8,Alm,8,Off,"Stringer, G L  ",2022,,,,,,,,,,,,,,,,,,,,,,,,,,,,Officers
Craft 0708 Off 009,Craft,708,708,9,ChStwd,9,Off,"Moore, I D  ",2022,,,,,,,,,,,,,,,,,,,,,,,,,,,,Officers
Craft 0708 Off 010,Craft,708,708,10,MO,10,Off,"Stringer, G L  ",2022,,,,,,,,,,,,,,,,,,,,,,,,,,,,Officers
Craft 0708 Off 011,Craft,708,708,11,Mentor,11,Off,"Stringer, G L  ",2022,,,,,,,,,,,,,,,,,,,,,,,,,,,,Officers
Craft 0708 Off 012,Craft,708,708,12,SD,12,Off,"Cutler, D E  ",2005,,,,,,,,,,,,,,,,,,,,,,,,,,,,Officers
Craft 0708 Off 013,Craft,708,708,13,JD,13,Off,"Dove, S N  ",2017,,,,,,,,,,,,,,,,,,,,,,,,,,,,Officers
Craft 0708 Off 014,Craft,708,708,14,ADC,14,Off,Vacant,,,,,,,,,,,,,,,,,,,,,,,,,,,,,Officers
Craft 0708 Off 015,Craft,708,708,15,Org,15,Off,"Probert, T C E ",2007,,,,,,,,,,,,,,,,,,,,,,,,,,,,Officers
Craft 0708 Off 016,Craft,708,708,16,ASec,16,Off,"Moore, I D  ",2022,,,,,,,,,,,,,,,,,,,,,,,,,,,,Officers
Craft 0708 Off 017,Craft,708,708,17,IG,17,Off,"Beeson, P R  ",2022,,,,,,,,,,,,,,,,,,,,,,,,,,,,Officers
Craft 0708 Off 018,Craft,708,708,18,Stwd,18,Off,"Cooke, I   ",2024,,,,,,,,,,,,,,,,,,,,,,,,,,,,Officers
Craft 0708 Off 019,Craft,708,708,19,Tyler,19,Off,Vacant,,,,,,,,,,,,,,,,,,,,,,,,,,,,,Officers
Craft 0708 PMI 001,Craft,708,708,1,,,PMI,"Hunt, J R  ",2022,PProvJGD,2024,,,,,,,,"665, 8315",,,,,,,,,,,,,,,,,,PMI
Craft 0708 PMI 002,Craft,708,708,2,,,PMI,"Bruton, P   ",2022,PPGStB,2019,,,,,,,,665,,,,,,,,,,,,,,,,,,PMI
Craft 0708 PMI 003,Craft,708,708,3,,,PMI,"Badger, R B  ",2022,,,,PProvJGW (Devon),2022,,,,,1181,,,,,,,,,,,,,,,,,,PMI
Craft 0708 PMI 004,Craft,708,708,4,,,PMI,"Moore, I D  ",2022,PPGReg,2025,,,,,,,,6827,,,,,,,,,,,,,,,,,,PMI
Craft 0708 PMI 005,Craft,708,708,5,,,PMI,"Carey, P R  ",2022,,,,PProvAGDC (Sussex),2014,,,,,1141,,,,,,,,,,,,,,,,,,PMI
Craft 0708 PMI 006,Craft,708,708,6,,,PMI,"Stringer, G L  ",2022,PPGSuptWks,2024,,,,,,,,665,,,,,,,,,,,,,,,,,,PMI
Craft 0708 PMI 007,Craft,708,708,7,,,PMI,"Wales, R P  ",2025,PPSGW,2017,,PProvDepGReg (Middx.),2011,,,,,"8287, 707",,,,,,,,,,,,,,,,,,PMI
Craft 0708 PMI 008,Craft,708,708,8,,,PMI,"Shorey, A C  ",2025,,,,PProvGReg (Bucks.),2017,LGR,2014,,,"8091, 4921",,,,,,,,,,,,,,,,,,PMI
Craft 0708 PMO 001,Craft,708,708,1,,,PMO,"Gorman, J S  ",,PPGSwdB,2023,,PProvJGD (Middx.),1984,,,,,,1977,1977,,,,,,,,,,,,,,,,PMO
Craft 0708 PMO 002,Craft,708,708,2,,,PMO,"Preston, D S  ",,PPSGW,2022,,PProvJGW (Middx.),2015,,,,,,"1988, 1991, 2007, 2014, 2022",1988,,,,,,,,,,,,,,,,PMO
Craft 0708 PMO 005,Craft,708,708,5,,,PMO,"Greatbatch, K J  ",,PPSGD,2025,,PProvAGDC (Middx.),2020,,,,,,"1995, 2021",1995,,,,,,,,,,,,,,,,PMO
Craft 0708 PMO 006,Craft,708,708,6,,,PMO,"Dowrick, M   ",,,,,PProvJGW (Middx.),2014,,,,,,2003,2003,,,,,,,,,,,,,,,,PMO
Craft 0708 PMO 007,Craft,708,708,7,,,PMO,"Ferguson, I A  ",,,,,AsstProvGM (Middx.),2023,,,PSGD,2024,,"2009, 2016, 2017, 2018",2009,,,,,,,,,,,,,,,,PMO
Craft 0708 PMO 008,Craft,708,708,8,,,PMO,"Cutler, D E  ",,,,,PProvSGD (Middx.),2016,,,,,,2011,2011,,,,,,,,,,,,,,,,PMO
Craft 0708 PMO 009,Craft,708,708,9,,,PMO,"Barham, M W  ",,,,,PProvAGDC (Middx.),2019,,,,,,2012,2012,,,,,,,,,,,,,,,,PMO
Craft 0708 PMO 010,Craft,708,708,10,,,PMO,"Preston, J D  ",,,,,,,,,,,,2023,2023,,,,,,,,,,,,,,,,PMO
Craft 0708 PMO 011,Craft,708,708,11,,,PMO,"Dove, S N  ",,,,,,,,,,,,2024,2024,,,,,,,,,,,,,,,,PMO
Craft 1037 Hon 001,Craft,1037,1037,1,,,Hon,"Barnes, K H  ",1977,PProvGM,1994,,,,,,PProvGM (Dorset),1994,,,,,,,,,,,,,,,,,,,Honorary
Craft 1037 Hon 002,Craft,1037,1037,2,,,Hon,"Barrett, T M  ",2012,PProvSGD,2019,,,,,,,,,,,,,,,,,,,,,,,,,,Honorary
Craft 1037 Hon 003,Craft,1037,1037,3,,,Hon,"Bond, T A  ",2009,ProvGSuptWks,2023,,,,,,,,,,,,,,,,,,,,,,,,,,Honorary
Craft 1037 Hon 004,Craft,1037,1037,4,,,Hon,"Blackman, J   ",2023,PPSGW,2019,,,,,,,,,,,,,,,,,,,,,,,,,,Honorary
Craft 1037 Hon 005,Craft,1037,1037,5,,,Hon,"Jolliffe, J W A ",2020,PPJGW,2017,,,,,,,,,,,,,,,,,,,,,,,,,,Honorary
Craft 1037 Hon 006,Craft,1037,1037,6,,,Hon,"Osment, C S  ",2009,PPJGW,2019,,,,,,,,,,,,,,,,,,,,,,,,,,Honorary
Craft 1037 Hon 007,Craft,1037,1037,7,,,Hon,"Shepherd, J   ",2017,PPGReg,2011,,,,,,,,,,,,,,,,,,,,,,,,,,Honorary
Craft 1037 Inst 001,Craft,1037,1037,1,,,Inst,,,,,,,,,,,,,,,January 15th 2026,,,,,,,,,,,,,,,DBLodges
Craft 1037 Mem 001,Craft,1037,1037,1,,,Mem,"Firth, D E  ",1977,,,,,,,,,,,,,,,,,,,,,,,,,,,,MarkRAMPMI
Craft 1037 Mem 002,Craft,1037,1037,2,,,Mem,"Brown, N M F ",1978,PPAGDC,2017,,,,,,,,,,,,,,,,,,,,,,,,,,MarkRAMPMI
Craft 1037 Mem 003,Craft,1037,1037,3,,,Mem,"White, R   ",1978,PPSGW,2020,,,,,,,,,,,,,,,,,,,,,,,,,,MarkRAMPMI
Craft 1037 Mem 004,Craft,1037,1037,4,,,Mem,"Blake, G D  ",1979,PPJGW,2018,,,,,,,,,,,,,,,,,,,,,,,,,,MarkRAMPMI
Craft 1037 Mem 005,Craft,1037,1037,5,,,Mem,"Pomeroy, V H  ",1980,PPSGW,2019,,,,,,,,,,,,,,,,,,,,,,,,,,MarkRAMPMI
Craft 1037 Mem 006,Craft,1037,1037,6,,,Mem,"Payne, C S  ",1981,,,,,,,,,,,,,,,,,,,,,,,,,,,,MarkRAMPMI
Craft 1037 Mem 007,Craft,1037,1037,7,,,Mem,"Alderton, J E  ",1981,,,,,,,,,,,,,,,,,,,,,,,,,,,,MarkRAMPMI
Craft 1037 Mem 008,Craft,1037,1037,8,,,Mem,"Daniels, G S G ",1987,,,,,,,,,,,,,,,,,,,,,,,,,,,,MarkRAMPMI
Craft 1037 Mem 009,Craft,1037,1037,9,,,Mem,"Colling, P F  ",1987,PPJGW,2019,,,,,,,,,,,,,,,,,,,,,,,,,,MarkRAMPMI
Craft 1037 Mem 010,Craft,1037,1037,10,,,Mem,"McPheat, J T B ",1991,,,,,,,,,,,,,,,,,,,,,,,,,,,,MarkRAMPMI
Craft 1037 Mem 011,Craft,1037,1037,11,,,Mem,"Garnett, D   ",1992,,,,,,,,,,,,,,,,,,,,,,,,,,,,MarkRAMPMI
Craft 1037 Mem 012,Craft,1037,1037,12,,,Mem,"Williams, T G  ",1994,PPJGW,2020,,,,,,,,,,,,,,,,,,,,,,,,,,MarkRAMPMI
Craft 1037 Mem 013,Craft,1037,1037,13,,,Mem,"Stone, I R  ",1999,PPSGD,2022,,,,,,,,,,,,,,,,,,,,,,,,,,MarkRAMPMI
Craft 1037 Mem 014,Craft,1037,1037,14,,,Mem,"Duggan, M J  ",1999,,,,,,,,,,,,,,,,,,,,,,,,,,,,MarkRAMPMI
Craft 1037 Mem 015,Craft,1037,1037,15,,,Mem,"Hubbard, B J  ",2000,PPSGD,2021,,,,,,,,,,,,,,,,,,,,,,,,,,MarkRAMPMI
Craft 1037 Mem 016,Craft,1037,1037,16,,,Mem,"McNaughton, S L  ",2001,PPDepGDC,2023,,PProvAGDC (Somerset),2020-22,,,,,,,,,,,,,,,,,,,,,,,MarkRAMPMI
Craft 1037 Mem 017,Craft,1037,1037,17,,,Mem,"Allen, J A T ",2003,PPSGW,2010,,,,SLGR,1993,,,,,,,,,,,,,,,,,,,,,MarkRAMPMI
Craft 1037 Mem 018,Craft,1037,1037,18,,,Mem,"Graham, T F  ",2010,PPJGD,2023,,,,,,,,,,,,,,,,,,,,,,,,,,MarkRAMPMI
Craft 1037 Mem 019,Craft,1037,1037,19,,,Mem,"Zollo, D J  ",2011,,,,,,,,,,,,,,,,,,,,,,,,,,,,MarkRAMPMI
Craft 1037 Mem 020,Craft,1037,1037,20,,,Mem,"Shereston, B G  ",2012,,,,,,,,,,,,,,,,,,,,,,,,,,,,MarkRAMPMI
Craft 1037 Mem 021,Craft,1037,1037,21,,,Mem,"Jinks, S L  ",2014,,,,,,,,,,,,,,,,,,,,,,,,,,,,MarkRAMPMI
Craft 1037 Mem 022,Craft,1037,1037,22,,,Mem,"Williams, M R  ",2014,,,,,,,,,,,,,,,,,,,,,,,,,,,,MarkRAMPMI
Craft 1037 Mem 023,Craft,1037,1037,23,,,Mem,"Stevenson, M   ",2015,,,,,,,,,,,,,,,,,,,,,,,,,,,,MarkRAMPMI
Craft 1037 Mem 024,Craft,1037,1037,24,,,Mem,"McHugh, R G  ",2016,,,,,,,,,,,,,,,,,,,,,,,,,,,,MarkRAMPMI
Craft 1037 Mem 025,Craft,1037,1037,25,,,Mem,"Wormald, T R  ",2016,PPJGD,2025,,,,,,,,,,,,,,,,,,,,,,,,,,MarkRAMPMI
Craft 1037 Mem 026,Craft,1037,1037,26,,,Mem,"Trent, M D  ",2016,,,,,,,,,,,,,,,,,,,,,,,,,,,,MarkRAMPMI
Craft 1037 Mem 027,Craft,1037,1037,27,,,Mem,"Marquis, R J  ",2017,,,,,,,,,,,,,,,,,,,,,,,,,,,,MarkRAMPMI
Craft 1037 Mem 028,Craft,1037,1037,28,,,Mem,"Blake, G J  ",2018,,,,,,,,,,,,,,,,,,,,,,,,,,,,MarkRAMPMI
Craft 1037 Mem 029,Craft,1037,1037,29,,,Mem,"Ward, D H  ",2019,,,,,,,,,,,,,,,,,,,,,,,,,,,,MarkRAMPMI
Craft 1037 Mem 030,Craft,1037,1037,30,,,Mem,"Stroud, N R  ",2020,,,,,,,,,,,,,,,,,,,,,,,,,,,,MarkRAMPMI
Craft 1037 Mem 031,Craft,1037,1037,31,,,Mem,"Hadwin, B   ",2021,,,,,,,,,,,,,,,,,,,,,,,,,,,,MarkRAMPMI
Craft 1037 Mem 032,Craft,1037,1037,32,,,Mem,"Nairn, A G  ",2022,,,,,,,,,,,,,,,,,,,,,,,,,,,,MarkRAMPMI
Craft 1037 Mem 033,Craft,1037,1037,33,,,Mem,"Vass, R   ",2022,,,,,,,,,,,,,,,,,,,,,,,,,,,,MarkRAMPMI
Craft 1037 Mem 034,Craft,1037,1037,34,,,Mem,"Male, M J  ",2023,,,,,,,,,,,,,,,,,,,,,,,,,,,,MarkRAMPMI
Craft 1037 Mem 035,Craft,1037,1037,35,,,Mem,"Tritton, B D  ",2023,PPSGW,2014,,,,,,,,,,,,,,,,,,,,,,,,,,MarkRAMPMI
Craft 1037 Mem 036,Craft,1037,1037,36,,,Mem,"Groves, P T  ",2023,,,,,,,,,,,,,,,,,,,,,,,,,,,,MarkRAMPMI
Craft 1037 Mem 037,Craft,1037,1037,37,,,Mem,"Starkey, P   ",2024,,,,,,,,,,,,,,,,,,,,,,,,,,,,MarkRAMPMI
Craft 1037 Mem 038,Craft,1037,1037,38,,,Mem,"Smart, C R  ",2024,,,,,,,,,,,,,,,,,,,,,,,,,,,,MarkRAMPMI
Craft 1037 Mem 039,Craft,1037,1037,39,,,Mem,"Hounsell, S   ",2024,,,,,,,,,,,,,,,,,,,,,,,,,,,,MarkRAMPMI
Craft 1037 Mem 040,Craft,1037,1037,40,,,Mem,"Ward, P T  ",2024,PPSGW,2018,,,,,,,,,,,,,,,,,,,,,,,,,,MarkRAMPMI
Craft 1037 Mem 041,Craft,1037,1037,41,,,Mem,"Knell, R W  ",2024,,,,,,,,,,,,,,,,,,,,,,,,,,,,MarkRAMPMI
Craft 1037 Mem 042,Craft,1037,1037,42,,,Mem,"Kington, R A  ",2024,,,,,,,,,,,,,,,,,,,,,,,,,,,,MarkRAMPMI
Craft 1037 Mem 043,Craft,1037,1037,43,,,Mem,"Rogers, P   ",2025,,,,,,,,,,,,,,,,,,,,,,,,,,,,MarkRAMPMI
Craft 1037 Mem 044,Craft,1037,1037,44,,,Mem,"Joynes, C   ",2025,,,,,,,,,,,,,,,,,,,,,,,,,,,,MarkRAMPMI
Craft 1037 Mem 045,Craft,1037,1037,45,,,Mem,"Loader, M   ",2025,,,,,,,,,,,,,,,,,,,,,,,,,,,,MarkRAMPMI
Craft 1037 Mem 046,Craft,1037,1037,46,,,Mem,"Haggett, R V T ",2026,,,,PProvSGD (Glos.),2013,,,,,,,,,,,,,,,,,,,,,,,MarkRAMPMI
Craft 1037 Off 001,Craft,1037,1037,1,WM,1,Off,"Stevenson, M   ",2015,,,,,,,,,,,,,,,,,,,,,,,,,,,,Officers
Craft 1037 Off 002,Craft,1037,1037,2,SW,2,Off,"White, R   ",1978,,,,,,,,,,,,,,,,,,,,,,,,,,,,Officers
Craft 1037 Off 003,Craft,1037,1037,3,JW,3,Off,"Nairn, A G  ",2022,,,,,,,,,,,,,,,,,,,,,,,,,,,,Officers
Craft 1037 Off 004,Craft,1037,1037,4,Chap,4,Off,"Ward, D H  ",2019,,,,,,,,,,,,,,,,,,,,,,,,,,,,Officers
Craft 1037 Off 005,Craft,1037,1037,5,Treas,5,Off,"Stone, I R  ",1999,,,,,,,,,,,,,,,,,,,,,,,,,,,,Officers
Craft 1037 Off 006,Craft,1037,1037,6,Sec,6,Off,"Blake, G D  ",1979,,,,,,,,,,,,,,,,,,,,,,,,,,,,Officers
Craft 1037 Off 007,Craft,1037,1037,7,DC,7,Off,"Ward, P T  ",2024,,,,,,,,,,,,,,,,,,,,,,,,,,,,Officers
Craft 1037 Off 008,Craft,1037,1037,8,Alm,8,Off,"Hubbard, B J  ",2000,,,,,,,,,,,,,,,,,,,,,,,,,,,,Officers
Craft 1037 Off 009,Craft,1037,1037,9,ChStwd,9,Off,"Stroud, N R  ",2020,,,,,,,,,,,,,,,,,,,,,,,,,,,,Officers
Craft 1037 Off 010,Craft,1037,1037,10,MO,10,Off,"Stone, I R  ",1999,,,,,,,,,,,,,,,,,,,,,,,,,,,,Officers
Craft 1037 Off 011,Craft,1037,1037,11,Mentor,11,Off,"Blake, G D  ",1979,,,,,,,,,,,,,,,,,,,,,,,,,,,,Officers
Craft 1037 Off 012,Craft,1037,1037,12,SD,12,Off,"Smart, C R  ",2024,,,,,,,,,,,,,,,,,,,,,,,,,,,,Officers
Craft 1037 Off 013,Craft,1037,1037,13,JD,13,Off,"Jinks, S L  ",2014,,,,,,,,,,,,,,,,,,,,,,,,,,,,Officers
Craft 1037 Off 014,Craft,1037,1037,14,ADC,14,Off,"Colling, P F  ",1987,,,,,,,,,,,,,,,,,,,,,,,,,,,,Officers
Craft 1037 Off 015,Craft,1037,1037,15,Org,15,Off,Vacant,,,,,,,,,,,,,,,,,,,,,,,,,,,,,Officers
Craft 1037 Off 016,Craft,1037,1037,16,ASec,16,Off,"Graham, T F  ",2010,,,,,,,,,,,,,,,,,,,,,,,,,,,,Officers
Craft 1037 Off 017,Craft,1037,1037,17,IG,17,Off,"Starkey, P   ",2024,,,,,,,,,,,,,,,,,,,,,,,,,,,,Officers
Craft 1037 Off 018,Craft,1037,1037,18,Stwd,18,Off,"Trent, M D  ",2016,,,,,,,,,,,,,,,,,,,,,,,,,,,,Officers
Craft 1037 Off 019,Craft,1037,1037,19,Stwd,18,Off,"Blake, G J  ",2018,,,,,,,,,,,,,,,,,,,,,,,,,,,,Officers
Craft 1037 Off 020,Craft,1037,1037,20,Stwd,18,Off,"Vass, R   ",2022,,,,,,,,,,,,,,,,,,,,,,,,,,,,Officers
Craft 1037 Off 021,Craft,1037,1037,21,Stwd,18,Off,"Hounsell, S   ",2024,,,,,,,,,,,,,,,,,,,,,,,,,,,,Officers
Craft 1037 Off 022,Craft,1037,1037,22,Stwd,18,Off,"Kington, R A  ",2024,,,,,,,,,,,,,,,,,,,,,,,,,,,,Officers
Craft 1037 Off 023,Craft,1037,1037,23,Stwd,18,Off,"Knell, R W  ",2024,,,,,,,,,,,,,,,,,,,,,,,,,,,,Officers
Craft 1037 Off 024,Craft,1037,1037,24,Tyler,19,Off,"Williams, T G  ",1994,,,,,,,,,,,,,,,,,,,,,,,,,,,,Officers
Craft 1037 PMI 001,Craft,1037,1037,1,,,PMI,"Hubbard, B J  ",2000,PPSGD,2021,,,,,,,,9163,,,,,,,,,,,,,,,,,,PMI
Craft 1037 PMI 002,Craft,1037,1037,2,,,PMI,"Tritton, B D  ",2023,PPSGW,2014,,,,,,PAGDC,2019,"7873, 3366",,,,,,,,,,,,,,,,,,PMI
Craft 1037 PMO 001,Craft,1037,1037,1,,,PMO,"Blake, G D  ",,PPJGW,2018,,,,,,,,,1990,1990,,,,,,,,,,,,,,,,PMO
Craft 1037 PMO 002,Craft,1037,1037,2,,,PMO,"White, R   ",,PPSGW,2020,,,,,,,,,1991,1991,,,,,,,,,,,,,,,,PMO
Craft 1037 PMO 003,Craft,1037,1037,3,,,PMO,"Pomeroy, V H  ",,PPSGW,2019,,,,,,,,,1992,1992,,,,,,,,,,,,,,,,PMO
Craft 1037 PMO 004,Craft,1037,1037,4,,,PMO,"Blackman, J   ",,PPSGW,2019,,,,,,,,,"1993, 2003",1993,,,,,,,,,,,,,,,,PMO
Craft 1037 PMO 005,Craft,1037,1037,5,,,PMO,"Ward, P T  ",,PPSGW,2018,,,,,,,,,1994,1994,,,,,,,,,,,,,,,,PMO
Craft 1037 PMO 008,Craft,1037,1037,8,,,PMO,"Jolliffe, J W A ",,PPJGW,2017,,,,,,,,,1996,1996,,,,,,,,,,,,,,,,PMO
Craft 1037 PMO 009,Craft,1037,1037,9,,,PMO,"Colling, P F  ",,PPJGW,2019,,,,,,,,,1998,1998,,,,,,,,,,,,,,,,PMO
Craft 1037 PMO 010,Craft,1037,1037,10,,,PMO,"Williams, T G  ",,PPJGW,2020,,,,,,,,,"1999, 2013, 2019",1999,,,,,,,,,,,,,,,,PMO
Craft 1037 PMO 011,Craft,1037,1037,11,,,PMO,"Stone, I R  ",,PPSGD,2022,,,,,,,,,2006,2006,,,,,,,,,,,,,,,,PMO
Craft 1037 PMO 013,Craft,1037,1037,13,,,PMO,"McNaughton, S L  ",,PPDepGDC,2023,,PProvAGDC (Somerset),2020-22,,,,,,2009,2009,,,,,,,,,,,,,,,,PMO
Craft 1037 PMO 014,Craft,1037,1037,14,,,PMO,"Brown, N M F ",,PPAGDC,2017,,,,,,,,,2010,2010,,,,,,,,,,,,,,,,PMO
Craft 1037 PMO 015,Craft,1037,1037,15,,,PMO,"Graham, T F  ",,PPJGD,2023,,,,,,,,,2016,2016,,,,,,,,,,,,,,,,PMO
Craft 1037 PMO 016,Craft,1037,1037,16,,,PMO,"Haggett, R V T ",,,,,PProvSGD (Glos.),2013,,,,,,2017,2017,,,,,,,,,,,,,,,,PMO
Craft 1037 PMO 017,Craft,1037,1037,17,,,PMO,"Wormald, T R  ",,PPJGD,2025,,,,,,,,,"2018, 2020, 2022",2018,,,,,,,,,,,,,,,,PMO
Craft 1037 PMO 018,Craft,1037,1037,18,,,PMO,"Williams, M R  ",,,,,,,,,,,,"2023, 2024",2023,,,,,,,,,,,,,,,,PMO
Craft 1037 PMO 019,Craft,1037,1037,19,,,PMO,"Stroud, N R  ",,,,,,,,,,,,2025,2025,,,,,,,,,,,,,,,,PMO
Craft 1146 Hon 001,Craft,1146,1146,1,,,Hon,"De Alfonso Ortega, O   ",2012,,,,,,,,,,,,,,,,,,,,,,,,,,,,Honorary
Craft 1146 Hon 002,Craft,1146,1146,2,,,Hon,"Roddick, T K  ",2022,PPSGW,2011,,,,,,,,,,,,,,,,,,,,,,,,,,Honorary
Craft 1146 Inst 001,Craft,1146,1146,1,,,Inst,,,,,,,,,,,,,,,June 15th 2026,,,,,,,,,,,,,,,DBLodges
Craft 1146 Mem 001,Craft,1146,1146,1,,,Mem,"Bale, D W B ",1964,PPSGW,2009,,,,,,,,,,,,,,,,,,,,,,,,,,MarkRAMPMI
Craft 1146 Mem 002,Craft,1146,1146,2,,,Mem,"Puddepha, P J  ",1971,PPGPurs,1988,,,,,,,,,,,,,,,,,,,,,,,,,,MarkRAMPMI
Craft 1146 Mem 003,Craft,1146,1146,3,,,Mem,"Barratt, C A  ",1989,PPJGW,2020,,,,,,,,,,,,,,,,,,,,,,,,,,MarkRAMPMI
Craft 1146 Mem 004,Craft,1146,1146,4,,,Mem,"Boorn, D W  ",1990,,,,,,,,,,,,,,,,,,,,,,,,,,,,MarkRAMPMI
Craft 1146 Mem 005,Craft,1146,1146,5,,,Mem,"Mack, D C  ",1991,PPSGW,2012,,PProvSGW (Glos.),2015,,,,,,,,,,,,,,,,,,,,,,,MarkRAMPMI
Craft 1146 Mem 006,Craft,1146,1146,6,,,Mem,"Hines, L P  ",1998,PPJGD,2021,,,,,,,,,,,,,,,,,,,,,,,,,,MarkRAMPMI
Craft 1146 Mem 007,Craft,1146,1146,7,,,Mem,"Kill, J W  ",1998,PPGSuptWks,2019,,,,,,,,,,,,,,,,,,,,,,,,,,MarkRAMPMI
Craft 1146 Mem 008,Craft,1146,1146,8,,,Mem,"Masters, J D  ",2000,PPSGW,2017,,PProvGSuptWks (Cambs.),2000,LGR,1996,,,,,,,,,,,,,,,,,,,,,MarkRAMPMI
Craft 1146 Mem 009,Craft,1146,1146,9,,,Mem,"Spiller, D   ",2000,PPSGD,2023,,,,,,,,,,,,,,,,,,,,,,,,,,MarkRAMPMI
Craft 1146 Mem 010,Craft,1146,1146,10,,,Mem,"Brown, J   ",2001,,,,,,,,,,,,,,,,,,,,,,,,,,,,MarkRAMPMI
Craft 1146 Mem 011,Craft,1146,1146,11,,,Mem,"Suttle, G M  ",2001,,,,,,,,,,,,,,,,,,,,,,,,,,,,MarkRAMPMI
Craft 1146 Mem 012,Craft,1146,1146,12,,,Mem,"Clarke, T J F ",2002,PPGStB,2019,,,,,,,,,,,,,,,,,,,,,,,,,,MarkRAMPMI
Craft 1146 Mem 013,Craft,1146,1146,13,,,Mem,"Stevens, P J  ",2005,PPGSwdB,2024,,PProvJGD (Middx.),2019,,,,,,,,,,,,,,,,,,,,,,,MarkRAMPMI
Craft 1146 Mem 014,Craft,1146,1146,14,,,Mem,"O'Connell, M   ",2006,,,,,,,,,,,,,,,,,,,,,,,,,,,,MarkRAMPMI
Craft 1146 Mem 015,Craft,1146,1146,15,,,Mem,"Frost, P A  ",2006,PPAGDC,2021,,,,,,,,,,,,,,,,,,,,,,,,,,MarkRAMPMI
Craft 1146 Mem 016,Craft,1146,1146,16,,,Mem,"Walker, N D A ",2008,,,,,,LGR,2020,,,,,,,,,,,,,,,,,,,,,MarkRAMPMI
Craft 1146 Mem 017,Craft,1146,1146,17,,,Mem,"Poultney, D C  ",2010,,,,,,,,,,,,,,,,,,,,,,,,,,,,MarkRAMPMI
Craft 1146 Mem 018,Craft,1146,1146,18,,,Mem,"Baines, C R  ",2010,,,,,,,,,,,,,,,,,,,,,,,,,,,,MarkRAMPMI
Craft 1146 Mem 019,Craft,1146,1146,19,,,Mem,"Stevens, M R  ",2011,PProvJGD,2022,,,,,,,,,,,,,,,,,,,,,,,,,,MarkRAMPMI
Craft 1146 Mem 020,Craft,1146,1146,20,,,Mem,"Jones, B D  ",2012,,,,,,,,,,,,,,,,,,,,,,,,,,,,MarkRAMPMI
Craft 1146 Mem 021,Craft,1146,1146,21,,,Mem,"O'Connell, J   ",2013,,,,,,,,,,,,,,,,,,,,,,,,,,,,MarkRAMPMI
Craft 1146 Mem 022,Craft,1146,1146,22,,,Mem,"Rust, P J  ",2014,,,,,,,,,,,,,,,,,,,,,,,,,,,,MarkRAMPMI
Craft 1146 Mem 023,Craft,1146,1146,23,,,Mem,"Slater, M J  ",2014,,,,,,,,,,,,,,,,,,,,,,,,,,,,MarkRAMPMI
Craft 1146 Mem 024,Craft,1146,1146,24,,,Mem,"Hatcher, J W  ",2015,,,,PProvSGD (Surrey),1999,,,,,,,,,,,,,,,,,,,,,,,MarkRAMPMI
Craft 1146 Mem 025,Craft,1146,1146,25,,,Mem,"Collier, C V  ",2018,,,,,,,,,,,,,,,,,,,,,,,,,,,,MarkRAMPMI
Craft 1146 Mem 026,Craft,1146,1146,26,,,Mem,"Buchanan, W E  ",2018,,,,,,,,,,,,,,,,,,,,,,,,,,,,MarkRAMPMI
Craft 1146 Mem 027,Craft,1146,1146,27,,,Mem,"White, M A J ",2020,PPGStB,2025,,,,,,,,,,,,,,,,,,,,,,,,,,MarkRAMPMI
Craft 1146 Mem 028,Craft,1146,1146,28,,,Mem,"Westwood, S   ",2022,,,,,,,,,,,,,,,,,,,,,,,,,,,,MarkRAMPMI
Craft 1146 Mem 029,Craft,1146,1146,29,,,Mem,"Young, M A  ",2022,,,,,,,,,,,,,,,,,,,,,,,,,,,,MarkRAMPMI
Craft 1146 Off 001,Craft,1146,1146,1,WM,1,Off,"Collier, C V  ",2018,,,,,,,,,,,,,,,,,,,,,,,,,,,,Officers
Craft 1146 Off 002,Craft,1146,1146,2,SW,2,Off,"Frost, P A  ",2006,,,,,,,,,,,,,,,,,,,,,,,,,,,,Officers
Craft 1146 Off 003,Craft,1146,1146,3,JW,3,Off,"Hatcher, J W  ",2015,,,,,,,,,,,,,,,,,,,,,,,,,,,,Officers
Craft 1146 Off 004,Craft,1146,1146,4,Chap,4,Off,"Bale, D W B ",1964,,,,,,,,,,,,,,,,,,,,,,,,,,,,Officers
Craft 1146 Off 005,Craft,1146,1146,5,Treas,5,Off,"Stevens, M R  ",2011,,,,,,,,,,,,,,,,,,,,,,,,,,,,Officers
Craft 1146 Off 006,Craft,1146,1146,6,Sec,6,Off,"Kill, J W  ",1998,,,,,,,,,,,,,,,,,,,,,,,,,,,,Officers
Craft 1146 Off 007,Craft,1146,1146,7,DC,7,Off,"Stevens, P J  ",2005,,,,,,,,,,,,,,,,,,,,,,,,,,,,Officers
Craft 1146 Off 008,Craft,1146,1146,8,Alm,8,Off,"Hatcher, J W  ",2015,,,,,,,,,,,,,,,,,,,,,,,,,,,,Officers
Craft 1146 Off 009,Craft,1146,1146,9,ChStwd,9,Off,"Westwood, S   ",2022,,,,,,,,,,,,,,,,,,,,,,,,,,,,Officers
Craft 1146 Off 010,Craft,1146,1146,10,MO,10,Off,"Collier, C V  ",2018,,,,,,,,,,,,,,,,,,,,,,,,,,,,Officers
Craft 1146 Off 011,Craft,1146,1146,11,Mentor,11,Off,"Stevens, P J  ",2005,,,,,,,,,,,,,,,,,,,,,,,,,,,,Officers
Craft 1146 Off 012,Craft,1146,1146,12,SD,12,Off,"Westwood, S   ",2022,,,,,,,,,,,,,,,,,,,,,,,,,,,,Officers
Craft 1146 Off 013,Craft,1146,1146,13,JD,13,Off,"Poultney, D C  ",2010,,,,,,,,,,,,,,,,,,,,,,,,,,,,Officers
Craft 1146 Off 014,Craft,1146,1146,14,ADC,14,Off,"Stevens, M R  ",2011,,,,,,,,,,,,,,,,,,,,,,,,,,,,Officers
Craft 1146 Off 015,Craft,1146,1146,15,Org,15,Off,Vacant,,,,,,,,,,,,,,,,,,,,,,,,,,,,,Officers
Craft 1146 Off 016,Craft,1146,1146,16,ASec,16,Off,"Rust, P J  ",2014,,,,,,,,,,,,,,,,,,,,,,,,,,,,Officers
Craft 1146 Off 017,Craft,1146,1146,17,IG,17,Off,"Spiller, D   ",2000,,,,,,,,,,,,,,,,,,,,,,,,,,,,Officers
Craft 1146 Off 018,Craft,1146,1146,18,Stwd,18,Off,Vacant,,,,,,,,,,,,,,,,,,,,,,,,,,,,,Officers
Craft 1146 Off 019,Craft,1146,1146,19,Tyler,19,Off,Vacant,,,,,,,,,,,,,,,,,,,,,,,,,,,,,Officers
Craft 1146 PMI 001,Craft,1146,1146,1,,,PMI,"Walker, N D A ",2008,,,,,,LGR,2020,,,"1987, 3776",,,,,,,,,,,,,,,,,,PMI
Craft 1146 PMI 002,Craft,1146,1146,2,,,PMI,"Hatcher, J W  ",2015,,,,PProvSGD (Surrey),1999,,,,,5390,,,,,,,,,,,,,,,,,,PMI
Craft 1146 PMI 003,Craft,1146,1146,3,,,PMI,"White, M A J ",2020,PPGStB,2025,,,,,,,,4355,,,,,,,,,,,,,,,,,,PMI
Craft 1146 PMO 001,Craft,1146,1146,1,,,PMO,"Bale, D W B ",,PPSGW,2009,,,,,,,,,"1972, 2013",1972,,,,,,,,,,,,,,,,PMO
Craft 1146 PMO 002,Craft,1146,1146,2,,,PMO,"Puddepha, P J  ",,PPGPurs,1988,,,,,,,,,1980,1980,,,,,,,,,,,,,,,,PMO
Craft 1146 PMO 003,Craft,1146,1146,3,,,PMO,"Roddick, T K  ",,PPSGW,2011,,,,,,,,,1995,1995,,,,,,,,,,,,,,,,PMO
Craft 1146 PMO 004,Craft,1146,1146,4,,,PMO,"Barratt, C A  ",,PPJGW,2020,,,,,,,,,1997,1997,,,,,,,,,,,,,,,,PMO
Craft 1146 PMO 005,Craft,1146,1146,5,,,PMO,"Mack, D C  ",,PPSGW,2012,,PProvSGW (Glos.),2015,,,,,,1998,1998,,,,,,,,,,,,,,,,PMO
Craft 1146 PMO 007,Craft,1146,1146,7,,,PMO,"Kill, J W  ",,PPGSuptWks,2019,,,,,,,,,2005,2005,,,,,,,,,,,,,,,,PMO
Craft 1146 PMO 008,Craft,1146,1146,8,,,PMO,"Hines, L P  ",,PPJGD,2021,,,,,,,,,2007,2007,,,,,,,,,,,,,,,,PMO
Craft 1146 PMO 009,Craft,1146,1146,9,,,PMO,"Spiller, D   ",,PPSGD,2023,,,,,,,,,2009,2009,,,,,,,,,,,,,,,,PMO
Craft 1146 PMO 010,Craft,1146,1146,10,,,PMO,"Stevens, P J  ",,PPGSwdB,2024,,PProvJGD (Middx.),2019,,,,,,"2010, 2011",2010,,,,,,,,,,,,,,,,PMO
Craft 1146 PMO 011,Craft,1146,1146,11,,,PMO,"Clarke, T J F ",,PPGStB,2019,,,,,,,,,2012,2012,,,,,,,,,,,,,,,,PMO
Craft 1146 PMO 012,Craft,1146,1146,12,,,PMO,"Frost, P A  ",,PPAGDC,2021,,,,,,,,,2014,2014,,,,,,,,,,,,,,,,PMO
Craft 1146 PMO 013,Craft,1146,1146,13,,,PMO,"Masters, J D  ",,PPSGW,2017,,PProvGSuptWks (Cambs.),2000,LGR,1996,,,,2016,2016,,,,,,,,,,,,,,,,PMO
Craft 1146 PMO 014,Craft,1146,1146,14,,,PMO,"Stevens, M R  ",,PProvJGD,2022,,,,,,,,,"2017, 2022, 2023",2017,,,,,,,,,,,,,,,,PMO
Craft 1146 PMO 016,Craft,1146,1146,16,,,PMO,"Slater, M J  ",,,,,,,,,,,,2024,2024,,,,,,,,,,,,,,,,PMO
Craft 1168 Hon 001,Craft,1168,1168,1,,,Hon,"Knight, B J  ",2004,PDepProvGM,1994,,,,,,PGSwdB,1995,,,,,,,,,,,,,,,,,,,Honorary
Craft 1168 Hon 002,Craft,1168,1168,2,,,Hon,"Holt, C M  ",2021,PPSGW,2012,,,,,,,,,,,,,,,,,,,,,,,,,,Honorary
Craft 1168 Hon 003,Craft,1168,1168,3,,,Hon,"Wood, R   ",2024,PPJGW,2022,,PProvAGDC (Durham),1986,,,,,,,,,,,,,,,,,,,,,,,Honorary
Craft 1168 Inst 001,Craft,1168,1168,1,,,Inst,,,,,,,,,,,,,,,October 6th 2025,,,,,,,,,,,,,,,DBLodges
Craft 1168 Mem 001,Craft,1168,1168,1,,,Mem,"King, H R  ",1968,,,,,,,,,,,,,,,,,,,,,,,,,,,,MarkRAMPMI
Craft 1168 Mem 002,Craft,1168,1168,2,,,Mem,"Bown, J H  ",1975,,,,,,,,,,,,,,,,,,,,,,,,,,,,MarkRAMPMI
Craft 1168 Mem 003,Craft,1168,1168,3,,,Mem,"Allan, J J B ",1985,PProvJGW,2011,,,,,,,,,,,,,,,,,,,,,,,,,,MarkRAMPMI
Craft 1168 Mem 004,Craft,1168,1168,4,,,Mem,"Green, P J  ",1989,PPGStB,2007,,,,,,,,,,,,,,,,,,,,,,,,,,MarkRAMPMI
Craft 1168 Mem 005,Craft,1168,1168,5,,,Mem,"Wannell, B R  ",1989,PPJGW,2019,,,,,,,,,,,,,,,,,,,,,,,,,,MarkRAMPMI
Craft 1168 Mem 006,Craft,1168,1168,6,,,Mem,"Guppy, N P  ",1993,,,,,,,,,,,,,,,,,,,,,,,,,,,,MarkRAMPMI
Craft 1168 Mem 007,Craft,1168,1168,7,,,Mem,"Vine, C R F ",1994,PProvSGW,2014,,PProvSGW (Somerset),2018,,,,,,,,,,,,,,,,,,,,,,,MarkRAMPMI
Craft 1168 Mem 008,Craft,1168,1168,8,,,Mem,"Cairns, P K  ",1994,PPGSwdB,2022,,,,,,,,,,,,,,,,,,,,,,,,,,MarkRAMPMI
Craft 1168 Mem 009,Craft,1168,1168,9,,,Mem,"Read, P N  ",1995,PPGStB,2023,,,,,,,,,,,,,,,,,,,,,,,,,,MarkRAMPMI
Craft 1168 Mem 010,Craft,1168,1168,10,,,Mem,"Jackson, J M  ",1996,PPDepGDC,2025,,,,,,,,,,,,,,,,,,,,,,,,,,MarkRAMPMI
Craft 1168 Mem 011,Craft,1168,1168,11,,,Mem,"Terry, C R  ",1999,PPDepGDC,2020,,,,,,,,,,,,,,,,,,,,,,,,,,MarkRAMPMI
Craft 1168 Mem 012,Craft,1168,1168,12,,,Mem,"Blake, R P M ",2001,PProvGDC,2006,,,,,,,,,,,,,,,,,,,,,,,,,,MarkRAMPMI
Craft 1168 Mem 013,Craft,1168,1168,13,,,Mem,"Bailie, D J  ",2002,PPSGD,2025,,,,,,,,,,,,,,,,,,,,,,,,,,MarkRAMPMI
Craft 1168 Mem 014,Craft,1168,1168,14,,,Mem,"Barson, S J  ",2003,PPSGD,2019,,,,,,,,,,,,,,,,,,,,,,,,,,MarkRAMPMI
Craft 1168 Mem 015,Craft,1168,1168,15,,,Mem,"Storey, J R  ",2004,ProvGChap,2023,Y,,,,,,,,,,,,,,,,,,,,,,,,,MarkRAMPMI
Craft 1168 Mem 016,Craft,1168,1168,16,,,Mem,"Tutt, R P  ",2004,,,,,,,,,,,,,,,,,,,,,,,,,,,,MarkRAMPMI
Craft 1168 Mem 017,Craft,1168,1168,17,,,Mem,"Barnes, D W  ",2008,,,,,,,,,,,,,,,,,,,,,,,,,,,,MarkRAMPMI
Craft 1168 Mem 018,Craft,1168,1168,18,,,Mem,"Wells, A   ",2009,,,,,,,,,,,,,,,,,,,,,,,,,,,,MarkRAMPMI
Craft 1168 Mem 019,Craft,1168,1168,19,,,Mem,"Graham, G J  ",2010,PPGStB,2024,,,,,,,,,,,,,,,,,,,,,,,,,,MarkRAMPMI
Craft 1168 Mem 020,Craft,1168,1168,20,,,Mem,"Williams, J S  ",2012,,,,,,,,,,,,,,,,,,,,,,,,,,,,MarkRAMPMI
Craft 1168 Mem 021,Craft,1168,1168,21,,,Mem,"Rich, N F  ",2016,PPJGW,2025,,,,,,,,,,,,,,,,,,,,,,,,,,MarkRAMPMI
Craft 1168 Mem 022,Craft,1168,1168,22,,,Mem,"Glazier, G R  ",2016,PProvGM,2018,,PProvDepGDC (Hants. & I. of W.),1995-14,,,,,,,,,,,,,,,,,,,,,,,MarkRAMPMI
Craft 1168 Mem 023,Craft,1168,1168,23,,,Mem,"Rampling, M W  ",2018,PPGSwdB,2021,,,,LGR,2004,,,,,,,,,,,,,,,,,,,,,MarkRAMPMI
Craft 1168 Mem 024,Craft,1168,1168,24,,,Mem,"Jesty, J T O ",2020,,,,,,,,,,,,,,,,,,,,,,,,,,,,MarkRAMPMI
Craft 1168 Mem 025,Craft,1168,1168,25,,,Mem,"Everritt, J V  ",2021,,,,,,LGR,2017,,,,,,,,,,,,,,,,,,,,,MarkRAMPMI
Craft 1168 Mem 026,Craft,1168,1168,26,,,Mem,"Hudd, D G T ",2021,,,,,,LGR,2004,,,,,,,,,,,,,,,,,,,,,MarkRAMPMI
Craft 1168 Mem 027,Craft,1168,1168,27,,,Mem,"Hill, A P  ",2021,,,,,,,,,,,,,,,,,,,,,,,,,,,,MarkRAMPMI
Craft 1168 Mem 028,Craft,1168,1168,28,,,Mem,"Groves, S   ",2021,PProvJGW,2024,,,,,,,,,,,,,,,,,,,,,,,,,,MarkRAMPMI
Craft 1168 Mem 029,Craft,1168,1168,29,,,Mem,"Bradford, P G  ",2021,,,,,,,,,,,,,,,,,,,,,,,,,,,,MarkRAMPMI
Craft 1168 Mem 030,Craft,1168,1168,30,,,Mem,"Richards, M F  ",2021,,,,,,LGR,2022,,,,,,,,,,,,,,,,,,,,,MarkRAMPMI
Craft 1168 Mem 031,Craft,1168,1168,31,,,Mem,"Cook, P D  ",2022,,,,,,SLGR,2000,,,,,,,,,,,,,,,,,,,,,MarkRAMPMI
Craft 1168 Mem 032,Craft,1168,1168,32,,,Mem,"Hitchins, E G  ",2022,,,,,,,,,,,,,,,,,,,,,,,,,,,,MarkRAMPMI
Craft 1168 Mem 033,Craft,1168,1168,33,,,Mem,"Coleridge-Matthews, V   ",2023,,,,PProvAGDC (Middx.),2020,,,,,,,,,,,,,,,,,,,,,,,MarkRAMPMI
Craft 1168 Mem 034,Craft,1168,1168,34,,,Mem,"Serna Acero, A J  ",2023,,,,,,,,,,,,,,,,,,,,,,,,,,,,MarkRAMPMI
Craft 1168 Mem 035,Craft,1168,1168,35,,,Mem,"Lafosse, M J  ",2023,,,,PProvJGD (Herts.),1983-84,,,,,,,,,,,,,,,,,,,,,,,MarkRAMPMI
Craft 1168 Mem 036,Craft,1168,1168,36,,,Mem,"Azhar, M H B ",2023,,,,,,,,,,,,,,,,,,,,,,,,,,,,MarkRAMPMI
Craft 1168 Mem 037,Craft,1168,1168,37,,,Mem,"Hancock, R M A ",2023,,,,PProvGChap (Wilts.),2017-19,,,,,,,,,,,,,,,,,,,,,,,MarkRAMPMI
Craft 1168 Mem 038,Craft,1168,1168,38,,,Mem,"Horsey, A P M ",2024,,,,PProvAGStB (Somerset),2019,,,,,,,,,,,,,,,,,,,,,,,MarkRAMPMI
Craft 1168 Mem 039,Craft,1168,1168,39,,,Mem,"Bryers, M A  ",2024,,,,,,,,,,,,,,,,,,,,,,,,,,,,MarkRAMPMI
Craft 1168 Mem 040,Craft,1168,1168,40,,,Mem,"Gale, A M  ",2025,,,,,,,,,,,,,,,,,,,,,,,,,,,,MarkRAMPMI
Craft 1168 Mem 041,Craft,1168,1168,41,,,Mem,"Davies, C   ",2025,,,,,,,,,,,,,,,,,,,,,,,,,,,,MarkRAMPMI
Craft 1168 Mem 042,Craft,1168,1168,42,,,Mem,"Taylor, A G  ",2025,,,,,,LGR,1999,,,,,,,,,,,,,,,,,,,,,MarkRAMPMI
Craft 1168 Mem 043,Craft,1168,1168,43,,,Mem,"Wood, W J  ",2025,,,,PProvJGW (Cornwall),2016,,,,,,,,,,,,,,,,,,,,,,,MarkRAMPMI
Craft 1168 Mem 044,Craft,1168,1168,44,,,Mem,"Francis, B S  ",2026,,,,,,,,,,,,,,,,,,,,,,,,,,,,MarkRAMPMI
Craft 1168 Mem 045,Craft,1168,1168,45,,,Mem,"Stainer, T   ",2026,,,,,,,,,,,,,,,,,,,,,,,,,,,,MarkRAMPMI
Craft 1168 Off 001,Craft,1168,1168,1,WM,1,Off,"Richards, M F  ",2021,,,,,,,,,,,,,,,,,,,,,,,,,,,,Officers
Craft 1168 Off 002,Craft,1168,1168,2,SW,2,Off,"Groves, S   ",2021,,,,,,,,,,,,,,,,,,,,,,,,,,,,Officers
Craft 1168 Off 003,Craft,1168,1168,3,JW,3,Off,"Serna Acero, A J  ",2023,,,,,,,,,,,,,,,,,,,,,,,,,,,,Officers
Craft 1168 Off 004,Craft,1168,1168,4,Chap,4,Off,"Storey, J R  ",2004,,,,,,,,,,,,,,,,,,,,,,,,,,,,Officers
Craft 1168 Off 005,Craft,1168,1168,5,Treas,5,Off,"Hill, A P  ",2021,,,,,,,,,,,,,,,,,,,,,,,,,,,,Officers
Craft 1168 Off 006,Craft,1168,1168,6,Sec,6,Off,"Wood, W J  ",2025,,,,,,,,,,,,,,,,,,,,,,,,,,,,Officers
Craft 1168 Off 007,Craft,1168,1168,7,DC,7,Off,"Wannell, B R  ",1989,,,,,,,,,,,,,,,,,,,,,,,,,,,,Officers
Craft 1168 Off 008,Craft,1168,1168,8,Alm,8,Off,"Cairns, P K  ",1994,,,,,,,,,,,,,,,,,,,,,,,,,,,,Officers
Craft 1168 Off 009,Craft,1168,1168,9,ChStwd,9,Off,"Bradford, P G  ",2021,,,,,,,,,,,,,,,,,,,,,,,,,,,,Officers
Craft 1168 Off 010,Craft,1168,1168,10,MO,10,Off,"Richards, M F  ",2021,,,,,,,,,,,,,,,,,,,,,,,,,,,,Officers
Craft 1168 Off 011,Craft,1168,1168,11,Mentor,11,Off,"Bailie, D J  ",2002,,,,,,,,,,,,,,,,,,,,,,,,,,,,Officers
Craft 1168 Off 012,Craft,1168,1168,12,SD,12,Off,"Gale, A M  ",2025,,,,,,,,,,,,,,,,,,,,,,,,,,,,Officers
Craft 1168 Off 013,Craft,1168,1168,13,JD,13,Off,"Terry, C R  ",1999,,,,,,,,,,,,,,,,,,,,,,,,,,,,Officers
Craft 1168 Off 014,Craft,1168,1168,14,ADC,14,Off,"Cairns, P K  ",1994,,,,,,,,,,,,,,,,,,,,,,,,,,,,Officers
Craft 1168 Off 015,Craft,1168,1168,15,Org,15,Off,"Hitchins, E G  ",2022,,,,,,,,,,,,,,,,,,,,,,,,,,,,Officers
Craft 1168 Off 016,Craft,1168,1168,16,ASec,16,Off,Vacant,,,,,,,,,,,,,,,,,,,,,,,,,,,,,Officers
Craft 1168 Off 017,Craft,1168,1168,17,IG,17,Off,"Davies, C   ",2025,,,,,,,,,,,,,,,,,,,,,,,,,,,,Officers
Craft 1168 Off 018,Craft,1168,1168,18,Stwd,18,Off,"Read, P N  ",1995,,,,,,,,,,,,,,,,,,,,,,,,,,,,Officers
Craft 1168 Off 019,Craft,1168,1168,19,Stwd,18,Off,"Azhar, M H B ",2023,,,,,,,,,,,,,,,,,,,,,,,,,,,,Officers
Craft 1168 Off 020,Craft,1168,1168,20,Tyler,19,Off,"Rampling, M W  ",2018,,,,,,,,,,,,,,,,,,,,,,,,,,,,Officers
Craft 1168 PMI 001,Craft,1168,1168,1,,,PMI,"Rich, N F  ",2016,PPJGW,2025,,,,,,,,9484,,,,,,,,,,,,,,,,,,PMI
Craft 1168 PMI 002,Craft,1168,1168,2,,,PMI,"Groves, S   ",2021,PProvJGW,2024,,,,,,,,"8479, 9727",,,,,,,,,,,,,,,,,,PMI
Craft 1168 PMI 003,Craft,1168,1168,3,,,PMI,"Hudd, D G T ",2021,,,,,,LGR,2004,DepPresMCF,2025,9304,,,,,,,,,,,,,,,,,,PMI
Craft 1168 PMI 004,Craft,1168,1168,4,,,PMI,"Cook, P D  ",2022,,,,,,SLGR,2000,PJGD,2017,"2346, 7759",,,,,,,,,,,,,,,,,,PMI
Craft 1168 PMI 005,Craft,1168,1168,5,,,PMI,"Lafosse, M J  ",2023,,,,PProvJGD (Herts.),1983-84,,,,,"8155, 9177",,,,,,,,,,,,,,,,,,PMI
Craft 1168 PMI 006,Craft,1168,1168,6,,,PMI,"Coleridge-Matthews, V   ",2023,,,,PProvAGDC (Middx.),2020,,,,,6557,,,,,,,,,,,,,,,,,,PMI
Craft 1168 PMI 007,Craft,1168,1168,7,,,PMI,"Horsey, A P M ",2024,,,,PProvAGStB (Somerset),2019,,,,,5007,,,,,,,,,,,,,,,,,,PMI
Craft 1168 PMI 008,Craft,1168,1168,8,,,PMI,"Taylor, A G  ",2025,,,,,,LGR,1999,,,7417,,,,,,,,,,,,,,,,,,PMI
Craft 1168 PMI 009,Craft,1168,1168,9,,,PMI,"Wood, W J  ",2025,,,,PProvJGW (Cornwall),2016,,,,,557,,,,,,,,,,,,,,,,,,PMI
Craft 1168 PMO 001,Craft,1168,1168,1,,,PMO,"Allan, J J B ",,PProvJGW,2011,,,,,,PAGDC,2014,,1996,1996,,,,,,,,,,,,,,,,PMO
Craft 1168 PMO 003,Craft,1168,1168,3,,,PMO,"Wannell, B R  ",,PPJGW,2019,,,,,,,,,"2000, 2001",2000,,,,,,,,,,,,,,,,PMO
Craft 1168 PMO 005,Craft,1168,1168,5,,,PMO,"Vine, C R F ",,PProvSGW,2014,,PProvSGW (Somerset),2018,,,PGStB,2020,,"2002, 2007",2002,,,,,,,,,,,,,,,,PMO
Craft 1168 PMO 007,Craft,1168,1168,7,,,PMO,"Jackson, J M  ",,PPDepGDC,2025,,,,,,,,,2004,2004,,,,,,,,,,,,,,,,PMO
Craft 1168 PMO 008,Craft,1168,1168,8,,,PMO,"Terry, C R  ",,PPDepGDC,2020,,,,,,,,,2005,2005,,,,,,,,,,,,,,,,PMO
Craft 1168 PMO 009,Craft,1168,1168,9,,,PMO,"Blake, R P M ",,PProvGDC,2006,,,,,,PAGDC,2005,,2006,2006,,,,,,,,,,,,,,,,PMO
Craft 1168 PMO 010,Craft,1168,1168,10,,,PMO,"Cairns, P K  ",,PPGSwdB,2022,,,,,,,,,"2008, 2016",2008,,,,,,,,,,,,,,,,PMO
Craft 1168 PMO 011,Craft,1168,1168,11,,,PMO,"Storey, J R  ",,ProvGChap,2023,,,,,,PAGChap,2024,,2010,2010,,,,,,,,,,,,,,,,PMO
Craft 1168 PMO 012,Craft,1168,1168,12,,,PMO,"Bailie, D J  ",,PPSGD,2025,,,,,,,,,2011,2011,,,,,,,,,,,,,,,,PMO
Craft 1168 PMO 013,Craft,1168,1168,13,,,PMO,"Barson, S J  ",,PPSGD,2019,,,,,,,,,2014,2014,,,,,,,,,,,,,,,,PMO
Craft 1168 PMO 014,Craft,1168,1168,14,,,PMO,"Graham, G J  ",,PPGStB,2024,,,,,,,,,2017,2017,,,,,,,,,,,,,,,,PMO
Craft 1168 PMO 015,Craft,1168,1168,15,,,PMO,"Wells, A   ",,,,,,,,,,,,"2019, 2020",2019,,,,,,,,,,,,,,,,PMO
Craft 1168 PMO 016,Craft,1168,1168,16,,,PMO,"Glazier, G R  ",,PProvGM,2018,,PProvDepGDC (Hants. & I. of W.),1995-14,,,PProvGM (Dorset),2018,,2021,2021,,,,,,,,,,,,,,,,PMO
Craft 1168 PMO 018,Craft,1168,1168,18,,,PMO,"Rampling, M W  ",,PPGSwdB,2021,,,,LGR,2004,,,,2022,2022,,,,,,,,,,,,,,,,PMO
Craft 1168 PMO 019,Craft,1168,1168,19,,,PMO,"Bradford, P G  ",,,,,,,,,,,,2023,2023,,,,,,,,,,,,,,,,PMO
Craft 1168 PMO 020,Craft,1168,1168,20,,,PMO,"Richards, M F  ",,,,,,,LGR,2022,PAGStB,2023,,2024,2024,,,,,,,,,,,,,,,,PMO
Craft 1266 Inst 001,Craft,1266,1266,1,,,Inst,,,,,,,,,,,,,,,November 4th 2025,,,,,,,,,,,,,,,DBLodges
Craft 1266 Mem 001,Craft,1266,1266,1,,,Mem,"Collier-Marsh, M E  ",1975,PPAGDC,1989,,,,,,,,,,,,,,,,,,,,,,,,,,MarkRAMPMI
Craft 1266 Mem 002,Craft,1266,1266,2,,,Mem,"Marley, A P H ",1976,,,,,,,,,,,,,,,,,,,,,,,,,,,,MarkRAMPMI
Craft 1266 Mem 003,Craft,1266,1266,3,,,Mem,"James, S A  ",1989,ProvGM,2024,Y,,,,,,,,,,,,,,,,,,,,,,,,,MarkRAMPMI
Craft 1266 Mem 004,Craft,1266,1266,4,,,Mem,"Dodd, H W  ",1989,,,,,,,,,,,,,,,,,,,,,,,,,,,,MarkRAMPMI
Craft 1266 Mem 005,Craft,1266,1266,5,,,Mem,"Adams, T J  ",1992,PPGReg,2019,,,,,,,,,,,,,,,,,,,,,,,,,,MarkRAMPMI
Craft 1266 Mem 006,Craft,1266,1266,6,,,Mem,"Samways, A B  ",1993,,,,,,,,,,,,,,,,,,,,,,,,,,,,MarkRAMPMI
Craft 1266 Mem 007,Craft,1266,1266,7,,,Mem,"Cains, F A  ",1994,PPGReg,2021,,,,,,,,,,,,,,,,,,,,,,,,,,MarkRAMPMI
Craft 1266 Mem 008,Craft,1266,1266,8,,,Mem,"Bugler, C J  ",1994,PProvGPurs,2006,,,,,,,,,,,,,,,,,,,,,,,,,,MarkRAMPMI
Craft 1266 Mem 009,Craft,1266,1266,9,,,Mem,"Hinsley, M C  ",1995,PProvGReg,2015,,,,,,,,,,,,,,,,,,,,,,,,,,MarkRAMPMI
Craft 1266 Mem 010,Craft,1266,1266,10,,,Mem,"Revell, M   ",1998,PPGSuptWks,2020,,,,,,,,,,,,,,,,,,,,,,,,,,MarkRAMPMI
Craft 1266 Mem 011,Craft,1266,1266,11,,,Mem,"Jones, R K  ",1999,ProvGDC,2023,Y,,,,,,,,,,,,,,,,,,,,,,,,,MarkRAMPMI
Craft 1266 Mem 012,Craft,1266,1266,12,,,Mem,"Thomson, D R  ",2000,,,,,,,,,,,,,,,,,,,,,,,,,,,,MarkRAMPMI
Craft 1266 Mem 013,Craft,1266,1266,13,,,Mem,"Powell, R S  ",2004,,,,,,,,,,,,,,,,,,,,,,,,,,,,MarkRAMPMI
Craft 1266 Mem 014,Craft,1266,1266,14,,,Mem,"Aston, E W J ",2005,PPSGW,2020,,,,,,,,,,,,,,,,,,,,,,,,,,MarkRAMPMI
Craft 1266 Mem 015,Craft,1266,1266,15,,,Mem,"Haskell, G   ",2006,PPAGDC,2023,,,,,,,,,,,,,,,,,,,,,,,,,,MarkRAMPMI
Craft 1266 Mem 016,Craft,1266,1266,16,,,Mem,"Keet, S   ",2007,PPJGD,2022,,,,,,,,,,,,,,,,,,,,,,,,,,MarkRAMPMI
Craft 1266 Mem 017,Craft,1266,1266,17,,,Mem,"Handford, D J  ",2007,PPJGD,2024,,,,,,,,,,,,,,,,,,,,,,,,,,MarkRAMPMI
Craft 1266 Mem 018,Craft,1266,1266,18,,,Mem,"Jones, T F  ",2007,PPAGDC,2025,,,,,,,,,,,,,,,,,,,,,,,,,,MarkRAMPMI
Craft 1266 Mem 019,Craft,1266,1266,19,,,Mem,"Chambers, A P M ",2008,ProvGReg,2023,Y,,,,,,,,,,,,,,,,,,,,,,,,,MarkRAMPMI
Craft 1266 Mem 020,Craft,1266,1266,20,,,Mem,"Curtis, M J  ",2009,PPSGD,2021,,,,,,,,,,,,,,,,,,,,,,,,,,MarkRAMPMI
Craft 1266 Mem 021,Craft,1266,1266,21,,,Mem,"Ellis, J   ",2010,,,,,,,,,,,,,,,,,,,,,,,,,,,,MarkRAMPMI
Craft 1266 Mem 022,Craft,1266,1266,22,,,Mem,"Knowles, A D  ",2011,,,,,,,,,,,,,,,,,,,,,,,,,,,,MarkRAMPMI
Craft 1266 Mem 023,Craft,1266,1266,23,,,Mem,"Ward, M   ",2012,PPGStB,2021,,,,,,,,,,,,,,,,,,,,,,,,,,MarkRAMPMI
Craft 1266 Mem 024,Craft,1266,1266,24,,,Mem,"Daniels, T B  ",2013,,,,,,,,,,,,,,,,,,,,,,,,,,,,MarkRAMPMI
Craft 1266 Mem 025,Craft,1266,1266,25,,,Mem,"Burnham, P S  ",2013,PPJGD,2025,,,,,,,,,,,,,,,,,,,,,,,,,,MarkRAMPMI
Craft 1266 Mem 026,Craft,1266,1266,26,,,Mem,"Dick, R   ",2014,,,,,,,,,,,,,,,,,,,,,,,,,,,,MarkRAMPMI
Craft 1266 Mem 027,Craft,1266,1266,27,,,Mem,"Dick, J A  ",2014,,,,,,,,,,,,,,,,,,,,,,,,,,,,MarkRAMPMI
Craft 1266 Mem 028,Craft,1266,1266,28,,,Mem,"Ward, A   ",2014,ProvDepGSec,2025,Y,,,,,,,,,,,,,,,,,,,,,,,,,MarkRAMPMI
Craft 1266 Mem 029,Craft,1266,1266,29,,,Mem,"Lofthouse, M P  ",2017,,,,,,,,,,,,,,,,,,,,,,,,,,,,MarkRAMPMI
Craft 1266 Mem 030,Craft,1266,1266,30,,,Mem,"Lacey-Clarke, N B L ",2017,ProvGStwd,2025,Y,,,,,,,,,,,,,,,,,,,,,,,,,MarkRAMPMI
Craft 1266 Mem 031,Craft,1266,1266,31,,,Mem,"Taylor, R Z  ",2018,,,,,,,,,,,,,,,,,,,,,,,,,,,,MarkRAMPMI
Craft 1266 Mem 032,Craft,1266,1266,32,,,Mem,"Jones, L A  ",2018,,,,,,,,,,,,,,,,,,,,,,,,,,,,MarkRAMPMI
Craft 1266 Mem 033,Craft,1266,1266,33,,,Mem,"Green, T R  ",2019,,,,,,,,,,,,,,,,,,,,,,,,,,,,MarkRAMPMI
Craft 1266 Mem 034,Craft,1266,1266,34,,,Mem,"Ible, S S  ",2019,,,,,,,,,,,,,,,,,,,,,,,,,,,,MarkRAMPMI
Craft 1266 Mem 035,Craft,1266,1266,35,,,Mem,"Messer, T B  ",2019,,,,,,,,,,,,,,,,,,,,,,,,,,,,MarkRAMPMI
Craft 1266 Mem 036,Craft,1266,1266,36,,,Mem,"Kerby, A B  ",2019,,,,,,,,,,,,,,,,,,,,,,,,,,,,MarkRAMPMI
Craft 1266 Mem 037,Craft,1266,1266,37,,,Mem,"Helson, A J  ",2021,,,,,,,,,,,,,,,,,,,,,,,,,,,,MarkRAMPMI
Craft 1266 Mem 038,Craft,1266,1266,38,,,Mem,"Quinn, W P D ",2021,,,,,,,,,,,,,,,,,,,,,,,,,,,,MarkRAMPMI
Craft 1266 Mem 039,Craft,1266,1266,39,,,Mem,"Gosden, W C  ",2022,,,,,,,,,,,,,,,,,,,,,,,,,,,,MarkRAMPMI
Craft 1266 Mem 040,Craft,1266,1266,40,,,Mem,"Ward, M T  ",2022,,,,,,,,,,,,,,,,,,,,,,,,,,,,MarkRAMPMI
Craft 1266 Mem 041,Craft,1266,1266,41,,,Mem,"Kidd, S P  ",2022,,,,PProvJGD (Surrey),2023,,,,,,,,,,,,,,,,,,,,,,,MarkRAMPMI
Craft 1266 Mem 042,Craft,1266,1266,42,,,Mem,"Suckling, N J  ",2023,,,,PProvSGD (Suffolk),2022,,,,,,,,,,,,,,,,,,,,,,,MarkRAMPMI
Craft 1266 Mem 043,Craft,1266,1266,43,,,Mem,"Fischer, W A  ",2023,,,,,,,,,,,,,,,,,,,,,,,,,,,,MarkRAMPMI
Craft 1266 Mem 044,Craft,1266,1266,44,,,Mem,"Hawkins, I G  ",2023,,,,,,,,,,,,,,,,,,,,,,,,,,,,MarkRAMPMI
Craft 1266 Mem 045,Craft,1266,1266,45,,,Mem,"Haine, O W H ",2023,,,,,,,,,,,,,,,,,,,,,,,,,,,,MarkRAMPMI
Craft 1266 Mem 046,Craft,1266,1266,46,,,Mem,"Hulm, F C  ",2024,,,,,,,,,,,,,,,,,,,,,,,,,,,,MarkRAMPMI
Craft 1266 Mem 047,Craft,1266,1266,47,,,Mem,"Stoddart, N D  ",2025,,,,,,,,,,,,,,,,,,,,,,,,,,,,MarkRAMPMI
Craft 1266 Mem 048,Craft,1266,1266,48,,,Mem,"Homer, L   ",2025,,,,,,,,,,,,,,,,,,,,,,,,,,,,MarkRAMPMI
Craft 1266 Mem 049,Craft,1266,1266,49,,,Mem,"Winter, J F  ",2025,,,,,,,,,,,,,,,,,,,,,,,,,,,,MarkRAMPMI
Craft 1266 Mem 050,Craft,1266,1266,50,,,Mem,"Owen, R W  ",2025,,,,,,,,,,,,,,,,,,,,,,,,,,,,MarkRAMPMI
Craft 1266 Mem 051,Craft,1266,1266,51,,,Mem,"Madden, A S  ",2026,,,,,,,,,,,,,,,,,,,,,,,,,,,,MarkRAMPMI
Craft 1266 Mem 052,Craft,1266,1266,52,,,Mem,"Randall, R P  ",2026,,,,,,,,,,,,,,,,,,,,,,,,,,,,MarkRAMPMI
Craft 1266 Off 001,Craft,1266,1266,1,WM,1,Off,"Helson, A J  ",2021,,,,,,,,,,,,,,,,,,,,,,,,,,,,Officers
Craft 1266 Off 002,Craft,1266,1266,2,SW,2,Off,"Ible, S S  ",2019,,,,,,,,,,,,,,,,,,,,,,,,,,,,Officers
Craft 1266 Off 003,Craft,1266,1266,3,JW,3,Off,"Green, T R  ",2019,,,,,,,,,,,,,,,,,,,,,,,,,,,,Officers
Craft 1266 Off 004,Craft,1266,1266,4,Chap,4,Off,"Haskell, G   ",2006,,,,,,,,,,,,,,,,,,,,,,,,,,,,Officers
Craft 1266 Off 005,Craft,1266,1266,5,Treas,5,Off,"Aston, E W J ",2005,,,,,,,,,,,,,,,,,,,,,,,,,,,,Officers
Craft 1266 Off 006,Craft,1266,1266,6,Sec,6,Off,"Ward, A   ",2014,,,,,,,,,,,,,,,,,,,,,,,,,,,,Officers
Craft 1266 Off 007,Craft,1266,1266,7,DC,7,Off,"Jones, R K  ",1999,,,,,,,,,,,,,,,,,,,,,,,,,,,,Officers
Craft 1266 Off 008,Craft,1266,1266,8,Alm,8,Off,"Ward, M T  ",2022,,,,,,,,,,,,,,,,,,,,,,,,,,,,Officers
Craft 1266 Off 009,Craft,1266,1266,9,ChStwd,9,Off,"Jones, T F  ",2007,,,,,,,,,,,,,,,,,,,,,,,,,,,,Officers
Craft 1266 Off 010,Craft,1266,1266,10,MO,10,Off,"Kidd, S P  ",2022,,,,,,,,,,,,,,,,,,,,,,,,,,,,Officers
Craft 1266 Off 011,Craft,1266,1266,11,Mentor,11,Off,"Lofthouse, M P  ",2017,,,,,,,,,,,,,,,,,,,,,,,,,,,,Officers
Craft 1266 Off 012,Craft,1266,1266,12,SD,12,Off,"Jones, L A  ",2018,,,,,,,,,,,,,,,,,,,,,,,,,,,,Officers
Craft 1266 Off 013,Craft,1266,1266,13,JD,13,Off,"Gosden, W C  ",2022,,,,,,,,,,,,,,,,,,,,,,,,,,,,Officers
Craft 1266 Off 014,Craft,1266,1266,14,ADC,14,Off,"Lacey-Clarke, N B L ",2017,,,,,,,,,,,,,,,,,,,,,,,,,,,,Officers
Craft 1266 Off 015,Craft,1266,1266,15,Org,15,Off,Vacant,,,,,,,,,,,,,,,,,,,,,,,,,,,,,Officers
Craft 1266 Off 016,Craft,1266,1266,16,ASec,16,Off,"Aston, E W J ",2005,,,,,,,,,,,,,,,,,,,,,,,,,,,,Officers
Craft 1266 Off 017,Craft,1266,1266,17,IG,17,Off,"Ward, M T  ",2022,,,,,,,,,,,,,,,,,,,,,,,,,,,,Officers
Craft 1266 Off 018,Craft,1266,1266,18,IG,17,Off,"Fischer, W A  ",2023,,,,,,,,,,,,,,,,,,,,,,,,,,,,Officers
Craft 1266 Off 019,Craft,1266,1266,19,Stwd,18,Off,"Fischer, W A  ",2023,,,,,,,,,,,,,,,,,,,,,,,,,,,,Officers
Craft 1266 Off 020,Craft,1266,1266,20,Stwd,18,Off,"Hawkins, I G  ",2023,,,,,,,,,,,,,,,,,,,,,,,,,,,,Officers
Craft 1266 Off 021,Craft,1266,1266,21,Stwd,18,Off,"Hulm, F C  ",2024,,,,,,,,,,,,,,,,,,,,,,,,,,,,Officers
Craft 1266 Off 022,Craft,1266,1266,22,Stwd,18,Off,"Stoddart, N D  ",2025,,,,,,,,,,,,,,,,,,,,,,,,,,,,Officers
Craft 1266 Off 023,Craft,1266,1266,23,Tyler,19,Off,"Keet, S   ",2007,,,,,,,,,,,,,,,,,,,,,,,,,,,,Officers
Craft 1266 PMI 001,Craft,1266,1266,1,,,PMI,"Ellis, J   ",2010,,,,,,,,,,"8126, 3175",,,,,,,,,,,,,,,,,,PMI
Craft 1266 PMI 002,Craft,1266,1266,2,,,PMI,"Kidd, S P  ",2022,,,,PProvJGD (Surrey),2023,,,,,5885,,,,,,,,,,,,,,,,,,PMI
Craft 1266 PMI 003,Craft,1266,1266,3,,,PMI,"Suckling, N J  ",2023,,,,PProvSGD (Suffolk),2022,,,,,936,,,,,,,,,,,,,,,,,,PMI
Craft 1266 PMO 001,Craft,1266,1266,1,,,PMO,"Collier-Marsh, M E  ",,PPAGDC,1989,,,,,,,,,1981,1981,,,,,,,,,,,,,,,,PMO
Craft 1266 PMO 002,Craft,1266,1266,2,,,PMO,"Marley, A P H ",,,,,,,,,,,,1985,1985,,,,,,,,,,,,,,,,PMO
Craft 1266 PMO 003,Craft,1266,1266,3,,,PMO,"James, S A  ",,ProvGM,2024,,,,,,ProvGM (Dorset),2024,,1997,1997,,,,,,,,,,,,,,,,PMO
Craft 1266 PMO 007,Craft,1266,1266,7,,,PMO,"Adams, T J  ",,PPGReg,2019,,,,,,,,,1998,1998,,,,,,,,,,,,,,,,PMO
Craft 1266 PMO 008,Craft,1266,1266,8,,,PMO,"Bugler, C J  ",,PProvGPurs,2006,,,,,,,,,1999,1999,,,,,,,,,,,,,,,,PMO
Craft 1266 PMO 009,Craft,1266,1266,9,,,PMO,"Cains, F A  ",,PPGReg,2021,,,,,,,,,2000,2000,,,,,,,,,,,,,,,,PMO
Craft 1266 PMO 010,Craft,1266,1266,10,,,PMO,"Hinsley, M C  ",,PProvGReg,2015,,,,,,PAGDC,2016,,2002,2002,,,,,,,,,,,,,,,,PMO
Craft 1266 PMO 012,Craft,1266,1266,12,,,PMO,"Revell, M   ",,PPGSuptWks,2020,,,,,,,,,2006,2006,,,,,,,,,,,,,,,,PMO
Craft 1266 PMO 013,Craft,1266,1266,13,,,PMO,"Jones, R K  ",,ProvGDC,2023,,,,,,,,,"2007, 2008",2007,,,,,,,,,,,,,,,,PMO
Craft 1266 PMO 015,Craft,1266,1266,15,,,PMO,"Aston, E W J ",,PPSGW,2020,,,,,,,,,2011,2011,,,,,,,,,,,,,,,,PMO
Craft 1266 PMO 017,Craft,1266,1266,17,,,PMO,"Haskell, G   ",,PPAGDC,2023,,,,,,,,,2012,2012,,,,,,,,,,,,,,,,PMO
Craft 1266 PMO 018,Craft,1266,1266,18,,,PMO,"Jones, T F  ",,PPAGDC,2025,,,,,,,,,2013,2013,,,,,,,,,,,,,,,,PMO
Craft 1266 PMO 019,Craft,1266,1266,19,,,PMO,"Chambers, A P M ",,ProvGReg,2023,,,,,,,,,2014,2014,,,,,,,,,,,,,,,,PMO
Craft 1266 PMO 020,Craft,1266,1266,20,,,PMO,"Keet, S   ",,PPJGD,2022,,,,,,,,,2015,2015,,,,,,,,,,,,,,,,PMO
Craft 1266 PMO 021,Craft,1266,1266,21,,,PMO,"Curtis, M J  ",,PPSGD,2021,,,,,,,,,2016,2016,,,,,,,,,,,,,,,,PMO
Craft 1266 PMO 023,Craft,1266,1266,23,,,PMO,"Handford, D J  ",,PPJGD,2024,,,,,,,,,2017,2017,,,,,,,,,,,,,,,,PMO
Craft 1266 PMO 024,Craft,1266,1266,24,,,PMO,"Daniels, T B  ",,,,,,,,,,,,2018,2018,,,,,,,,,,,,,,,,PMO
Craft 1266 PMO 026,Craft,1266,1266,26,,,PMO,"Burnham, P S  ",,PPJGD,2025,,,,,,,,,2019,2019,,,,,,,,,,,,,,,,PMO
Craft 1266 PMO 028,Craft,1266,1266,28,,,PMO,"Ward, A   ",,ProvDepGSec,2025,,,,,,,,,2021,2021,,,,,,,,,,,,,,,,PMO
Craft 1266 PMO 031,Craft,1266,1266,31,,,PMO,"Lofthouse, M P  ",,,,,,,,,,,,2022,2022,,,,,,,,,,,,,,,,PMO
Craft 1266 PMO 033,Craft,1266,1266,33,,,PMO,"Lacey-Clarke, N B L ",,ProvGStwd,2025,,,,,,,,,2023,2023,,,,,,,,,,,,,,,,PMO
Craft 1266 PMO 036,Craft,1266,1266,36,,,PMO,"Ward, M   ",,PPGStB,2021,,,,,,,,,2024,2024,,,,,,,,,,,,,,,,PMO
Craft 1367 Hon 001,Craft,1367,1367,1,,,Hon,"Ashford, A E  ",2025,PPJGW,2012,,,,,,,,,,,,,,,,,,,,,,,,,,Honorary
Craft 1367 Inst 001,Craft,1367,1367,1,,,Inst,,,,,,,,,,,,,,,March 10th 2026,,,,,,,,,,,,,,,DBLodges
Craft 1367 Mem 001,Craft,1367,1367,1,,,Mem,"Buik, D A  ",1971,PPGSuptWks,2007,,PProvGSuptWks (Glos.),2018,,,,,,,,,,,,,,,,,,,,,,,MarkRAMPMI
Craft 1367 Mem 002,Craft,1367,1367,2,,,Mem,"Wakely, D   ",1972,PProvSGW,2008,,,,,,,,,,,,,,,,,,,,,,,,,,MarkRAMPMI
Craft 1367 Mem 003,Craft,1367,1367,3,,,Mem,"Beckett, M   ",1973,PPSGW,2019,,,,,,,,,,,,,,,,,,,,,,,,,,MarkRAMPMI
Craft 1367 Mem 004,Craft,1367,1367,4,,,Mem,"Watt, J P  ",1980,,,,,,,,,,,,,,,,,,,,,,,,,,,,MarkRAMPMI
Craft 1367 Mem 005,Craft,1367,1367,5,,,Mem,"Wakely, B J  ",1981,PPGSuptWks,2018,,,,SLGR,2020,,,,,,,,,,,,,,,,,,,,,MarkRAMPMI
Craft 1367 Mem 006,Craft,1367,1367,6,,,Mem,"Beazer, D E R ",1986,PPJGW,2024,,,,,,,,,,,,,,,,,,,,,,,,,,MarkRAMPMI
Craft 1367 Mem 007,Craft,1367,1367,7,,,Mem,"Rusbridge, M W  ",1987,,,,,,,,,,,,,,,,,,,,,,,,,,,,MarkRAMPMI
Craft 1367 Mem 008,Craft,1367,1367,8,,,Mem,"Bishop, D A  ",1987,PPSGD,2010,,,,,,,,,,,,,,,,,,,,,,,,,,MarkRAMPMI
Craft 1367 Mem 009,Craft,1367,1367,9,,,Mem,"Pitcher, B J  ",1988,PPGSwdB,2019,,,,,,,,,,,,,,,,,,,,,,,,,,MarkRAMPMI
Craft 1367 Mem 010,Craft,1367,1367,10,,,Mem,"Christopher, S J  ",1996,,,,,,,,,,,,,,,,,,,,,,,,,,,,MarkRAMPMI
Craft 1367 Mem 011,Craft,1367,1367,11,,,Mem,"Cooper, J D  ",1999,PPGSwdB,2019,,,,,,,,,,,,,,,,,,,,,,,,,,MarkRAMPMI
Craft 1367 Mem 012,Craft,1367,1367,12,,,Mem,"Cochrane, P J  ",2000,PPJGD,2020,,,,,,,,,,,,,,,,,,,,,,,,,,MarkRAMPMI
Craft 1367 Mem 013,Craft,1367,1367,13,,,Mem,"Adams, J T  ",2006,,,,,,,,,,,,,,,,,,,,,,,,,,,,MarkRAMPMI
Craft 1367 Mem 014,Craft,1367,1367,14,,,Mem,"Fox, A   ",2010,,,,,,,,,,,,,,,,,,,,,,,,,,,,MarkRAMPMI
Craft 1367 Mem 015,Craft,1367,1367,15,,,Mem,"Phillips, A S  ",2012,PPGReg,2025,,,,,,,,,,,,,,,,,,,,,,,,,,MarkRAMPMI
Craft 1367 Mem 016,Craft,1367,1367,16,,,Mem,"Gregory, N F  ",2012,,,,,,,,,,,,,,,,,,,,,,,,,,,,MarkRAMPMI
Craft 1367 Mem 017,Craft,1367,1367,17,,,Mem,"Fox, S   ",2013,,,,,,,,,,,,,,,,,,,,,,,,,,,,MarkRAMPMI
Craft 1367 Mem 018,Craft,1367,1367,18,,,Mem,"Walker, I J  ",2014,,,,PProvSGW (Somerset),2012-13,,,,,,,,,,,,,,,,,,,,,,,MarkRAMPMI
Craft 1367 Mem 019,Craft,1367,1367,19,,,Mem,"Palmer, B N L ",2014,PPGSwdB,2023,,PProvGSuptWks (Oxon.),2018,,,,,,,,,,,,,,,,,,,,,,,MarkRAMPMI
Craft 1367 Mem 020,Craft,1367,1367,20,,,Mem,"Bateman, J H  ",2015,PPJGD,2025,,,,,,,,,,,,,,,,,,,,,,,,,,MarkRAMPMI
Craft 1367 Mem 021,Craft,1367,1367,21,,,Mem,"Fox-Collins, S   ",2016,PPJGW,2021,,,,,,,,,,,,,,,,,,,,,,,,,,MarkRAMPMI
Craft 1367 Mem 022,Craft,1367,1367,22,,,Mem,"Haskey, J   ",2016,,,,PProvSGD (Derbys.),2012,,,,,,,,,,,,,,,,,,,,,,,MarkRAMPMI
Craft 1367 Mem 023,Craft,1367,1367,23,,,Mem,"Bateman, R W  ",2017,,,,,,LGR,2008,,,,,,,,,,,,,,,,,,,,,MarkRAMPMI
Craft 1367 Mem 024,Craft,1367,1367,24,,,Mem,"Wilson, P   ",2017,,,,,,,,,,,,,,,,,,,,,,,,,,,,MarkRAMPMI
Craft 1367 Mem 025,Craft,1367,1367,25,,,Mem,"Phillips, A S  ",2017,,,,,,,,,,,,,,,,,,,,,,,,,,,,MarkRAMPMI
Craft 1367 Mem 026,Craft,1367,1367,26,,,Mem,"Malpas, R W C ",2017,,,,,,,,,,,,,,,,,,,,,,,,,,,,MarkRAMPMI
Craft 1367 Mem 027,Craft,1367,1367,27,,,Mem,"Phillips, P V  ",2017,PPGSwdB,2011,,PProvJGW (Somerset),2016,LGR,2005,,,,,,,,,,,,,,,,,,,,,MarkRAMPMI
Craft 1367 Mem 028,Craft,1367,1367,28,,,Mem,"Shepherd, J   ",2018,PPGReg,2011,,,,,,,,,,,,,,,,,,,,,,,,,,MarkRAMPMI
Craft 1367 Mem 029,Craft,1367,1367,29,,,Mem,"Owen, J E  ",2019,,,,,,,,,,,,,,,,,,,,,,,,,,,,MarkRAMPMI
Craft 1367 Mem 030,Craft,1367,1367,30,,,Mem,"Ronan, D   ",2019,,,,,,,,,,,,,,,,,,,,,,,,,,,,MarkRAMPMI
Craft 1367 Mem 031,Craft,1367,1367,31,,,Mem,"Johnston, J H A ",2019,,,,,,,,,,,,,,,,,,,,,,,,,,,,MarkRAMPMI
Craft 1367 Mem 032,Craft,1367,1367,32,,,Mem,"Monks, C J  ",2019,,,,,,,,,,,,,,,,,,,,,,,,,,,,MarkRAMPMI
Craft 1367 Mem 033,Craft,1367,1367,33,,,Mem,"Cowper, I J  ",2019,,,,,,,,,,,,,,,,,,,,,,,,,,,,MarkRAMPMI
Craft 1367 Mem 034,Craft,1367,1367,34,,,Mem,"Craddock, D D  ",2020,,,,PProvSGW (Notts.),2018,,,,,,,,,,,,,,,,,,,,,,,MarkRAMPMI
Craft 1367 Mem 035,Craft,1367,1367,35,,,Mem,"Holland, I W  ",2020,,,,PProvJGW (Berks.),2017,LGR,1998,,,,,,,,,,,,,,,,,,,,,MarkRAMPMI
Craft 1367 Mem 036,Craft,1367,1367,36,,,Mem,"Fisher, R W  ",2021,,,,,,,,,,,,,,,,,,,,,,,,,,,,MarkRAMPMI
Craft 1367 Mem 037,Craft,1367,1367,37,,,Mem,"Hemsley, O A  ",2021,,,,,,,,,,,,,,,,,,,,,,,,,,,,MarkRAMPMI
Craft 1367 Mem 038,Craft,1367,1367,38,,,Mem,"Byett, G J  ",2021,,,,,,,,,,,,,,,,,,,,,,,,,,,,MarkRAMPMI
Craft 1367 Mem 039,Craft,1367,1367,39,,,Mem,"Frampton, G   ",2021,,,,,,,,,,,,,,,,,,,,,,,,,,,,MarkRAMPMI
Craft 1367 Mem 040,Craft,1367,1367,40,,,Mem,"Doughty, C J  ",2022,,,,,,,,,,,,,,,,,,,,,,,,,,,,MarkRAMPMI
Craft 1367 Mem 041,Craft,1367,1367,41,,,Mem,"Hardy, R T  ",2022,PPAGDC,2021,,,,,,,,,,,,,,,,,,,,,,,,,,MarkRAMPMI
Craft 1367 Mem 042,Craft,1367,1367,42,,,Mem,"Swancutt, P J  ",2022,,,,,,,,,,,,,,,,,,,,,,,,,,,,MarkRAMPMI
Craft 1367 Mem 043,Craft,1367,1367,43,,,Mem,"Lake, F C  ",2022,PPJGD,2025,,PProvJGD (Hants. & I. of W.),2025,,,,,,,,,,,,,,,,,,,,,,,MarkRAMPMI
Craft 1367 Mem 044,Craft,1367,1367,44,,,Mem,"Collins, P S  ",2022,PPAGDC,2021,,,,,,,,,,,,,,,,,,,,,,,,,,MarkRAMPMI
Craft 1367 Mem 045,Craft,1367,1367,45,,,Mem,"Webster, P J  ",2022,,,,PProvGSwdB (Berks.),2023,,,,,,,,,,,,,,,,,,,,,,,MarkRAMPMI
Craft 1367 Mem 046,Craft,1367,1367,46,,,Mem,"Owen, A J  ",2023,,,,,,,,,,,,,,,,,,,,,,,,,,,,MarkRAMPMI
Craft 1367 Mem 047,Craft,1367,1367,47,,,Mem,"Barry-Walsh, N M  ",2023,,,,PProvSGD (Hants. & I. of W.),2020,,,,,,,,,,,,,,,,,,,,,,,MarkRAMPMI
Craft 1367 Mem 048,Craft,1367,1367,48,,,Mem,"Warren, R J  ",2023,,,,,,,,,,,,,,,,,,,,,,,,,,,,MarkRAMPMI
Craft 1367 Mem 049,Craft,1367,1367,49,,,Mem,"Miller, J D  ",2023,,,,,,,,,,,,,,,,,,,,,,,,,,,,MarkRAMPMI
Craft 1367 Mem 050,Craft,1367,1367,50,,,Mem,"Fordham, D G  ",2025,,,,PProvGReg (Surrey),2023,,,,,,,,,,,,,,,,,,,,,,,MarkRAMPMI
Craft 1367 Mem 051,Craft,1367,1367,51,,,Mem,"Morris, B H A ",2025,,,,,,,,,,,,,,,,,,,,,,,,,,,,MarkRAMPMI
Craft 1367 Off 001,Craft,1367,1367,1,WM,1,Off,"Holland, I W  ",2020,,,,,,,,,,,,,,,,,,,,,,,,,,,,Officers
Craft 1367 Off 002,Craft,1367,1367,2,SW,2,Off,"Fox-Collins, S   ",2016,,,,,,,,,,,,,,,,,,,,,,,,,,,,Officers
Craft 1367 Off 003,Craft,1367,1367,3,JW,3,Off,"Barry-Walsh, N M  ",2023,,,,,,,,,,,,,,,,,,,,,,,,,,,,Officers
Craft 1367 Off 004,Craft,1367,1367,4,Chap,4,Off,"Beazer, D E R ",1986,,,,,,,,,,,,,,,,,,,,,,,,,,,,Officers
Craft 1367 Off 005,Craft,1367,1367,5,Treas,5,Off,"Palmer, B N L ",2014,,,,,,,,,,,,,,,,,,,,,,,,,,,,Officers
Craft 1367 Off 006,Craft,1367,1367,6,Sec,6,Off,"Wakely, D   ",1972,,,,,,,,,,,,,,,,,,,,,,,,,,,,Officers
Craft 1367 Off 007,Craft,1367,1367,7,DC,7,Off,"Phillips, A S  ",2012,,,,,,,,,,,,,,,,,,,,,,,,,,,,Officers
Craft 1367 Off 008,Craft,1367,1367,8,Alm,8,Off,"Cooper, J D  ",1999,,,,,,,,,,,,,,,,,,,,,,,,,,,,Officers
Craft 1367 Off 009,Craft,1367,1367,9,ChStwd,9,Off,"Bateman, J H  ",2015,,,,,,,,,,,,,,,,,,,,,,,,,,,,Officers
Craft 1367 Off 010,Craft,1367,1367,10,MO,10,Off,"Owen, J E  ",2019,,,,,,,,,,,,,,,,,,,,,,,,,,,,Officers
Craft 1367 Off 011,Craft,1367,1367,11,Mentor,11,Off,"Craddock, D D  ",2020,,,,,,,,,,,,,,,,,,,,,,,,,,,,Officers
Craft 1367 Off 012,Craft,1367,1367,12,SD,12,Off,"Doughty, C J  ",2022,,,,,,,,,,,,,,,,,,,,,,,,,,,,Officers
Craft 1367 Off 013,Craft,1367,1367,13,JD,13,Off,"Ronan, D   ",2019,,,,,,,,,,,,,,,,,,,,,,,,,,,,Officers
Craft 1367 Off 014,Craft,1367,1367,14,ADC,14,Off,"Beckett, M   ",1973,,,,,,,,,,,,,,,,,,,,,,,,,,,,Officers
Craft 1367 Off 015,Craft,1367,1367,15,Org,15,Off,Vacant,,,,,,,,,,,,,,,,,,,,,,,,,,,,,Officers
Craft 1367 Off 016,Craft,1367,1367,16,ASec,16,Off,"Craddock, D D  ",2020,,,,,,,,,,,,,,,,,,,,,,,,,,,,Officers
Craft 1367 Off 017,Craft,1367,1367,17,IG,17,Off,"Morris, B H A ",2025,,,,,,,,,,,,,,,,,,,,,,,,,,,,Officers
Craft 1367 Off 018,Craft,1367,1367,18,Stwd,18,Off,"Fox, S   ",2013,,,,,,,,,,,,,,,,,,,,,,,,,,,,Officers
Craft 1367 Off 019,Craft,1367,1367,19,Stwd,18,Off,"Cowper, I J  ",2019,,,,,,,,,,,,,,,,,,,,,,,,,,,,Officers
Craft 1367 Off 020,Craft,1367,1367,20,Stwd,18,Off,"Byett, G J  ",2021,,,,,,,,,,,,,,,,,,,,,,,,,,,,Officers
Craft 1367 Off 021,Craft,1367,1367,21,Stwd,18,Off,"Swancutt, P J  ",2022,,,,,,,,,,,,,,,,,,,,,,,,,,,,Officers
Craft 1367 Off 022,Craft,1367,1367,22,Stwd,18,Off,"Owen, A J  ",2023,,,,,,,,,,,,,,,,,,,,,,,,,,,,Officers
Craft 1367 Off 023,Craft,1367,1367,23,Stwd,18,Off,"Warren, R J  ",2023,,,,,,,,,,,,,,,,,,,,,,,,,,,,Officers
Craft 1367 Off 024,Craft,1367,1367,24,Tyler,19,Off,Vacant,,,,,,,,,,,,,,,,,,,,,,,,,,,,,Officers
Craft 1367 PMI 001,Craft,1367,1367,1,,,PMI,"Walker, I J  ",2014,,,,PProvSGW (Somerset),2012-13,,,PAGDC,2017,"1953, 3746",,,,,,,,,,,,,,,,,,PMI
Craft 1367 PMI 002,Craft,1367,1367,2,,,PMI,"Bateman, J H  ",2015,PPJGD,2025,,,,,,,,7343,,,,,,,,,,,,,,,,,,PMI
Craft 1367 PMI 003,Craft,1367,1367,3,,,PMI,"Haskey, J   ",2016,,,,PProvSGD (Derbys.),2012,,,,,6379,,,,,,,,,,,,,,,,,,PMI
Craft 1367 PMI 004,Craft,1367,1367,4,,,PMI,"Fox-Collins, S   ",2016,PPJGW,2021,,,,,,,,8726,,,,,,,,,,,,,,,,,,PMI
Craft 1367 PMI 005,Craft,1367,1367,5,,,PMI,"Phillips, P V  ",2017,PPGSwdB,2011,,PProvJGW (Somerset),2016,LGR,2005,,,"8315, 3221, 814",,,,,,,,,,,,,,,,,,PMI
Craft 1367 PMI 006,Craft,1367,1367,6,,,PMI,"Shepherd, J   ",2018,PPGReg,2011,,,,,,,,6445,,,,,,,,,,,,,,,,,,PMI
Craft 1367 PMI 007,Craft,1367,1367,7,,,PMI,"Holland, I W  ",2020,,,,PProvJGW (Berks.),2017,LGR,1998,,,"414, 2978",,,,,,,,,,,,,,,,,,PMI
Craft 1367 PMI 008,Craft,1367,1367,8,,,PMI,"Lake, F C  ",2022,PPJGD,2025,,PProvJGD (Hants. & I. of W.),2025,,,,,5734,,,,,,,,,,,,,,,,,,PMI
Craft 1367 PMI 009,Craft,1367,1367,9,,,PMI,"Collins, P S  ",2022,PPAGDC,2021,,,,,,,,8726,,,,,,,,,,,,,,,,,,PMI
Craft 1367 PMI 010,Craft,1367,1367,10,,,PMI,"Webster, P J  ",2022,,,,PProvGSwdB (Berks.),2023,,,,,"209, 8060",,,,,,,,,,,,,,,,,,PMI
Craft 1367 PMI 011,Craft,1367,1367,11,,,PMI,"Barry-Walsh, N M  ",2023,,,,PProvSGD (Hants. & I. of W.),2020,,,,,6953,,,,,,,,,,,,,,,,,,PMI
Craft 1367 PMI 012,Craft,1367,1367,12,,,PMI,"Fordham, D G  ",2025,,,,PProvGReg (Surrey),2023,,,,,5492,,,,,,,,,,,,,,,,,,PMI
Craft 1367 PMI 013,Craft,1367,1367,13,,,PMI,"Morris, B H A ",2025,,,,,,,,,,14,,,,,,,,,,,,,,,,,,PMI
Craft 1367 PMO 001,Craft,1367,1367,1,,,PMO,"Ashford, A E  ",,PPJGW,2012,,,,,,,,,1978,1978,,,,,,,,,,,,,,,,PMO
Craft 1367 PMO 002,Craft,1367,1367,2,,,PMO,"Buik, D A  ",,PPGSuptWks,2007,,PProvGSuptWks (Glos.),2018,,,,,,1983,1983,,,,,,,,,,,,,,,,PMO
Craft 1367 PMO 003,Craft,1367,1367,3,,,PMO,"Wakely, D   ",,PProvSGW,2008,,,,,,,,,"1984, 2007, 2010",1984,,,,,,,,,,,,,,,,PMO
Craft 1367 PMO 004,Craft,1367,1367,4,,,PMO,"Beckett, M   ",,PPSGW,2019,,,,,,,,,1985,1985,,,,,,,,,,,,,,,,PMO
Craft 1367 PMO 005,Craft,1367,1367,5,,,PMO,"Frampton, G   ",,,,,,,,,,,,1990,1990,,,,,,,,,,,,,,,,PMO
Craft 1367 PMO 006,Craft,1367,1367,6,,,PMO,"Phillips, A S  ",,PPGReg,2025,,,,,,,,,"1992, 2014, 2015",1992,,,,,,,,,,,,,,,,PMO
Craft 1367 PMO 007,Craft,1367,1367,7,,,PMO,"Beazer, D E R ",,PPJGW,2024,,,,,,,,,"1993, 2000",1993,,,,,,,,,,,,,,,,PMO
Craft 1367 PMO 008,Craft,1367,1367,8,,,PMO,"Bishop, D A  ",,PPSGD,2010,,,,,,,,,1996,1996,,,,,,,,,,,,,,,,PMO
Craft 1367 PMO 009,Craft,1367,1367,9,,,PMO,"Pitcher, B J  ",,PPGSwdB,2019,,,,,,,,,1998,1998,,,,,,,,,,,,,,,,PMO
Craft 1367 PMO 010,Craft,1367,1367,10,,,PMO,"Cooper, J D  ",,PPGSwdB,2019,,,,,,,,,"2001, 2005",2001,,,,,,,,,,,,,,,,PMO
Craft 1367 PMO 011,Craft,1367,1367,11,,,PMO,"Cochrane, P J  ",,PPJGD,2020,,,,,,,,,2006,2006,,,,,,,,,,,,,,,,PMO
Craft 1367 PMO 012,Craft,1367,1367,12,,,PMO,"Wakely, B J  ",,PPGSuptWks,2018,,,,SLGR,2020,,,,"2011, 2012",2011,,,,,,,,,,,,,,,,PMO
Craft 1367 PMO 013,Craft,1367,1367,13,,,PMO,"Hardy, R T  ",,PPAGDC,2021,,,,,,,,,2013,2013,,,,,,,,,,,,,,,,PMO
Craft 1367 PMO 014,Craft,1367,1367,14,,,PMO,"Palmer, B N L ",,PPGSwdB,2023,,PProvGSuptWks (Oxon.),2018,,,,,,"2016, 2017",2016,,,,,,,,,,,,,,,,PMO
Craft 1367 PMO 015,Craft,1367,1367,15,,,PMO,"Bateman, R W  ",,,,,,,LGR,2008,,,,"2020, 2022",2020,,,,,,,,,,,,,,,,PMO
Craft 1367 PMO 018,Craft,1367,1367,18,,,PMO,"Craddock, D D  ",,,,,PProvSGW (Notts.),2018,,,,,,"2023, 2024",2023,,,,,,,,,,,,,,,,PMO
Craft 1367 PMO 019,Craft,1367,1367,19,,,PMO,"Phillips, A S  ",,,,,,,,,,,,2025,2025,,,,,,,,,,,,,,,,PMO
Craft 2559 Hon 001,Craft,2559,2559,1,,,Hon,"Cubitt, P C A ",2024,PPJGW,2014,,,,,,,,,,,,,,,,,,,,,,,,,,Honorary
Craft 2559 Inst 001,Craft,2559,2559,1,,,Inst,,,,,,,,,,,,,,,October 14th 2025,,,,,,,,,,,,,,,DBLodges
Craft 2559 Mem 001,Craft,2559,2559,1,,,Mem,"Knight, B J  ",1960,PDepProvGM,1994,,,,,,,,,,,,,,,,,,,,,,,,,,MarkRAMPMI
Craft 2559 Mem 002,Craft,2559,2559,2,,,Mem,"Scott, R O  ",1966,PPSGW,2008,,,,,,,,,,,,,,,,,,,,,,,,,,MarkRAMPMI
Craft 2559 Mem 003,Craft,2559,2559,3,,,Mem,"Leonard, N J C ",1970,PDepProvGM,2014,,,,,,,,,,,,,,,,,,,,,,,,,,MarkRAMPMI
Craft 2559 Mem 004,Craft,2559,2559,4,,,Mem,"Garland, C J  ",1977,,,,,,,,,,,,,,,,,,,,,,,,,,,,MarkRAMPMI
Craft 2559 Mem 005,Craft,2559,2559,5,,,Mem,"Angel, R D  ",1977,PPSGW,2014,,,,,,,,,,,,,,,,,,,,,,,,,,MarkRAMPMI
Craft 2559 Mem 006,Craft,2559,2559,6,,,Mem,"Haskins, W G  ",1980,PPSGW,2021,,,,,,,,,,,,,,,,,,,,,,,,,,MarkRAMPMI
Craft 2559 Mem 007,Craft,2559,2559,7,,,Mem,"Tomes, T J  ",1987,PPSGW,2017,,,,,,,,,,,,,,,,,,,,,,,,,,MarkRAMPMI
Craft 2559 Mem 008,Craft,2559,2559,8,,,Mem,"Rogers, A S  ",1995,PPGSuptWks,2022,,PProvGSwdB (Hants. & I. of W.),2025,,,,,,,,,,,,,,,,,,,,,,,MarkRAMPMI
Craft 2559 Mem 009,Craft,2559,2559,9,,,Mem,"Richardson, P R  ",1996,PPJGW,2024,,,,,,,,,,,,,,,,,,,,,,,,,,MarkRAMPMI
Craft 2559 Mem 010,Craft,2559,2559,10,,,Mem,"Bond, D N  ",2000,PPDepGDC,2021,,,,,,,,,,,,,,,,,,,,,,,,,,MarkRAMPMI
Craft 2559 Mem 011,Craft,2559,2559,11,,,Mem,"Norian, A   ",2002,,,,,,,,,,,,,,,,,,,,,,,,,,,,MarkRAMPMI
Craft 2559 Mem 012,Craft,2559,2559,12,,,Mem,"Hall, M J  ",2004,PPJGD,2022,,,,,,,,,,,,,,,,,,,,,,,,,,MarkRAMPMI
Craft 2559 Mem 013,Craft,2559,2559,13,,,Mem,"Oak, J   ",2006,,,,,,,,,,,,,,,,,,,,,,,,,,,,MarkRAMPMI
Craft 2559 Mem 014,Craft,2559,2559,14,,,Mem,"Reeve, S A  ",2006,PPGStB,2023,,,,,,,,,,,,,,,,,,,,,,,,,,MarkRAMPMI
Craft 2559 Mem 015,Craft,2559,2559,15,,,Mem,"Smith, B P  ",2008,PPSGW,2014,,PProvSGD (Hants. & I. of W.),2014,,,,,,,,,,,,,,,,,,,,,,,MarkRAMPMI
Craft 2559 Mem 016,Craft,2559,2559,16,,,Mem,"Spencer, D C  ",2010,,,,PProvAGDC (Middx.),2003,,,,,,,,,,,,,,,,,,,,,,,MarkRAMPMI
Craft 2559 Mem 017,Craft,2559,2559,17,,,Mem,"Beeching, I C  ",2012,PPSGD,2020,,PProvAGSuptWks (Hants. & I. of W.),2007,,,,,,,,,,,,,,,,,,,,,,,MarkRAMPMI
Craft 2559 Mem 018,Craft,2559,2559,18,,,Mem,"Dunster, S F L ",2014,PPGStB,2025,,,,,,,,,,,,,,,,,,,,,,,,,,MarkRAMPMI
Craft 2559 Mem 019,Craft,2559,2559,19,,,Mem,"Hall, A M  ",2015,,,,,,,,,,,,,,,,,,,,,,,,,,,,MarkRAMPMI
Craft 2559 Mem 020,Craft,2559,2559,20,,,Mem,"Clifford, C A G ",2016,,,,,,,,,,,,,,,,,,,,,,,,,,,,MarkRAMPMI
Craft 2559 Mem 021,Craft,2559,2559,21,,,Mem,"Costin, C   ",2020,,,,,,,,,,,,,,,,,,,,,,,,,,,,MarkRAMPMI
Craft 2559 Mem 022,Craft,2559,2559,22,,,Mem,"Deverill, E J  ",2021,,,,,,,,,,,,,,,,,,,,,,,,,,,,MarkRAMPMI
Craft 2559 Mem 023,Craft,2559,2559,23,,,Mem,"De Oliveira Junior, A M  ",2022,,,,,,,,,,,,,,,,,,,,,,,,,,,,MarkRAMPMI
Craft 2559 Mem 024,Craft,2559,2559,24,,,Mem,"Taylor, M   ",2024,,,,,,,,,,,,,,,,,,,,,,,,,,,,MarkRAMPMI
Craft 2559 Mem 025,Craft,2559,2559,25,,,Mem,"Black, M   ",2025,,,,,,,,,,,,,,,,,,,,,,,,,,,,MarkRAMPMI
Craft 2559 Off 001,Craft,2559,2559,1,WM,1,Off,"Spencer, D C  ",2010,,,,,,,,,,,,,,,,,,,,,,,,,,,,Officers
Craft 2559 Off 002,Craft,2559,2559,2,SW,2,Off,"Hall, A M  ",2015,,,,,,,,,,,,,,,,,,,,,,,,,,,,Officers
Craft 2559 Off 003,Craft,2559,2559,3,JW,3,Off,"Haskins, W G  ",1980,,,,,,,,,,,,,,,,,,,,,,,,,,,,Officers
Craft 2559 Off 004,Craft,2559,2559,4,Chap,4,Off,"Smith, B P  ",2008,,,,,,,,,,,,,,,,,,,,,,,,,,,,Officers
Craft 2559 Off 005,Craft,2559,2559,5,Treas,5,Off,"Hall, M J  ",2004,,,,,,,,,,,,,,,,,,,,,,,,,,,,Officers
Craft 2559 Off 006,Craft,2559,2559,6,Sec,6,Off,"Dunster, S F L ",2014,,,,,,,,,,,,,,,,,,,,,,,,,,,,Officers
Craft 2559 Off 007,Craft,2559,2559,7,DC,7,Off,"Reeve, S A  ",2006,,,,,,,,,,,,,,,,,,,,,,,,,,,,Officers
Craft 2559 Off 008,Craft,2559,2559,8,Alm,8,Off,,,,,,,,,,,,,,,,,,,,,,,,,,,,,,Officers
Craft 2559 Off 009,Craft,2559,2559,9,ChStwd,9,Off,"Oak, J   ",2006,,,,,,,,,,,,,,,,,,,,,,,,,,,,Officers
Craft 2559 Off 010,Craft,2559,2559,10,MO,10,Off,"Leonard, N J C ",1970,,,,,,,,,,,,,,,,,,,,,,,,,,,,Officers
Craft 2559 Off 011,Craft,2559,2559,11,Mentor,11,Off,"Leonard, N J C ",1970,,,,,,,,,,,,,,,,,,,,,,,,,,,,Officers
Craft 2559 Off 012,Craft,2559,2559,12,SD,12,Off,"Costin, C   ",2020,,,,,,,,,,,,,,,,,,,,,,,,,,,,Officers
Craft 2559 Off 013,Craft,2559,2559,13,JD,13,Off,"De Oliveira Junior, A M  ",2022,,,,,,,,,,,,,,,,,,,,,,,,,,,,Officers
Craft 2559 Off 014,Craft,2559,2559,14,ADC,14,Off,"Leonard, N J C ",1970,,,,,,,,,,,,,,,,,,,,,,,,,,,,Officers
Craft 2559 Off 015,Craft,2559,2559,15,Org,15,Off,Vacant,,,,,,,,,,,,,,,,,,,,,,,,,,,,,Officers
Craft 2559 Off 016,Craft,2559,2559,16,ASec,16,Off,Vacant,,,,,,,,,,,,,,,,,,,,,,,,,,,,,Officers
Craft 2559 Off 017,Craft,2559,2559,17,IG,17,Off,"Norian, A   ",2002,,,,,,,,,,,,,,,,,,,,,,,,,,,,Officers
Craft 2559 Off 018,Craft,2559,2559,18,Stwd,18,Off,"Deverill, E J  ",2021,,,,,,,,,,,,,,,,,,,,,,,,,,,,Officers
Craft 2559 Off 019,Craft,2559,2559,19,Stwd,18,Off,"Black, M   ",2025,,,,,,,,,,,,,,,,,,,,,,,,,,,,Officers
Craft 2559 Off 020,Craft,2559,2559,20,Tyler,19,Off,Vacant,,,,,,,,,,,,,,,,,,,,,,,,,,,,,Officers
Craft 2559 PMI 001,Craft,2559,2559,1,,,PMI,"Tomes, T J  ",1987,PPSGW,2017,,,,,,,,4355,,,,,,,,,,,,,,,,,,PMI
Craft 2559 PMI 002,Craft,2559,2559,2,,,PMI,"Beeching, I C  ",2012,PPSGD,2020,,PProvAGSuptWks (Hants. & I. of W.),2007,,,,,195,,,,,,,,,,,,,,,,,,PMI
Craft 2559 PMO 001,Craft,2559,2559,1,,,PMO,"Knight, B J  ",,PDepProvGM,1994,,,,,,PGSwdB,1995,,1975,1975,,,,,,,,,,,,,,,,PMO
Craft 2559 PMO 012,Craft,2559,2559,12,,,PMO,"Smith, B P  ",,PPSGW,2014,,PProvSGD (Hants. & I. of W.),2014,,,,,,1980,1980,,,,,,,,,,,,,,,,PMO
Craft 2559 PMO 013,Craft,2559,2559,13,,,PMO,"Cubitt, P C A ",,PPJGW,2014,,,,,,,,,1984,1984,,,,,,,,,,,,,,,,PMO
Craft 2559 PMO 014,Craft,2559,2559,14,,,PMO,"Scott, R O  ",,PPSGW,2008,,,,,,,,,1985,1985,,,,,,,,,,,,,,,,PMO
Craft 2559 PMO 015,Craft,2559,2559,15,,,PMO,"Leonard, N J C ",,PDepProvGM,2014,,,,,,PGSwdB,2015,,"1986, 2003",1986,,,,,,,,,,,,,,,,PMO
Craft 2559 PMO 019,Craft,2559,2559,19,,,PMO,"Angel, R D  ",,PPSGW,2014,,,,,,PAGSwdB,2019,,"1991, 2013, 2021",1991,,,,,,,,,,,,,,,,PMO
Craft 2559 PMO 021,Craft,2559,2559,21,,,PMO,"Haskins, W G  ",,PPSGW,2021,,,,,,,,,1993,1993,,,,,,,,,,,,,,,,PMO
Craft 2559 PMO 023,Craft,2559,2559,23,,,PMO,"Richardson, P R  ",,PPJGW,2024,,,,,,,,,"2001, 2023",2001,,,,,,,,,,,,,,,,PMO
Craft 2559 PMO 025,Craft,2559,2559,25,,,PMO,"Bond, D N  ",,PPDepGDC,2021,,,,,,,,,2007,2007,,,,,,,,,,,,,,,,PMO
Craft 2559 PMO 027,Craft,2559,2559,27,,,PMO,"Rogers, A S  ",,PPGSuptWks,2022,,PProvGSwdB (Hants. & I. of W.),2025,,,,,,"2010, 2022, 2024",2010,,,,,,,,,,,,,,,,PMO
Craft 2559 PMO 029,Craft,2559,2559,29,,,PMO,,,,,,,,,,,,,2012,2012,,,,,,,,,,,,,,,,PMO
Craft 2559 PMO 030,Craft,2559,2559,30,,,PMO,"Hall, M J  ",,PPJGD,2022,,,,,,,,,2015,2015,,,,,,,,,,,,,,,,PMO
Craft 2559 PMO 032,Craft,2559,2559,32,,,PMO,"Reeve, S A  ",,PPGStB,2023,,,,,,,,,2016,2016,,,,,,,,,,,,,,,,PMO
Craft 2559 PMO 033,Craft,2559,2559,33,,,PMO,"Spencer, D C  ",,,,,PProvAGDC (Middx.),2003,,,,,,2017,2017,,,,,,,,,,,,,,,,PMO
Craft 2559 PMO 034,Craft,2559,2559,34,,,PMO,"Dunster, S F L ",,PPGStB,2025,,,,,,,,,"2018, 2019, 2020",2018,,,,,,,,,,,,,,,,PMO
Craft 2689 Hon 001,Craft,2689,2689,1,,,Hon,"Pike, M J  ",2023,PPSGW,2021,,,,,,,,,,,,,,,,,,,,,,,,,,Honorary
Craft 2689 Inst 001,Craft,2689,2689,1,,,Inst,,,,,,,,,,,,,,,November 18th 2025,,,,,,,,,,,,,,,DBLodges
Craft 2689 Mem 001,Craft,2689,2689,1,,,Mem,"Boyt, D I  ",1984,PPGReg,2020,,,,,,,,,,,,,,,,,,,,,,,,,,MarkRAMPMI
Craft 2689 Mem 002,Craft,2689,2689,2,,,Mem,"Dilliway, M L  ",1992,PPGSuptWks,2024,,,,,,,,,,,,,,,,,,,,,,,,,,MarkRAMPMI
Craft 2689 Mem 003,Craft,2689,2689,3,,,Mem,"Westbrook, C   ",1996,,,,,,,,,,,,,,,,,,,,,,,,,,,,MarkRAMPMI
Craft 2689 Mem 004,Craft,2689,2689,4,,,Mem,"Simpson, D J  ",1999,,,,,,,,,,,,,,,,,,,,,,,,,,,,MarkRAMPMI
Craft 2689 Mem 005,Craft,2689,2689,5,,,Mem,"Wood, B R G ",2001,PProvGPurs,2012,,,,,,,,,,,,,,,,,,,,,,,,,,MarkRAMPMI
Craft 2689 Mem 006,Craft,2689,2689,6,,,Mem,"Bunter, G T  ",2002,PPJGD,2021,,,,,,,,,,,,,,,,,,,,,,,,,,MarkRAMPMI
Craft 2689 Mem 007,Craft,2689,2689,7,,,Mem,"Gray, D C  ",2002,PPGStB,2023,,,,,,,,,,,,,,,,,,,,,,,,,,MarkRAMPMI
Craft 2689 Mem 008,Craft,2689,2689,8,,,Mem,"Baker, M W  ",2004,PPJGD,2022,,,,,,,,,,,,,,,,,,,,,,,,,,MarkRAMPMI
Craft 2689 Mem 009,Craft,2689,2689,9,,,Mem,"Case, M E  ",2005,PPGSwdB,2014,,PProvJGW (Wilts.),2023,,,,,,,,,,,,,,,,,,,,,,,MarkRAMPMI
Craft 2689 Mem 010,Craft,2689,2689,10,,,Mem,"Bond, P R G ",2007,PPAGDC,2021,,,,,,,,,,,,,,,,,,,,,,,,,,MarkRAMPMI
Craft 2689 Mem 011,Craft,2689,2689,11,,,Mem,"Weeks, R B L ",2008,PPJGD,2022,,,,,,,,,,,,,,,,,,,,,,,,,,MarkRAMPMI
Craft 2689 Mem 012,Craft,2689,2689,12,,,Mem,"Knight, R D G ",2010,PPSGD,2021,,,,,,,,,,,,,,,,,,,,,,,,,,MarkRAMPMI
Craft 2689 Mem 013,Craft,2689,2689,13,,,Mem,"Samways, C B  ",2011,PPAGDC,2025,,,,,,,,,,,,,,,,,,,,,,,,,,MarkRAMPMI
Craft 2689 Mem 014,Craft,2689,2689,14,,,Mem,"Bishop, A S  ",2011,,,,,,,,,,,,,,,,,,,,,,,,,,,,MarkRAMPMI
Craft 2689 Mem 015,Craft,2689,2689,15,,,Mem,"Cummins, P   ",2011,,,,,,,,,,,,,,,,,,,,,,,,,,,,MarkRAMPMI
Craft 2689 Mem 016,Craft,2689,2689,16,,,Mem,"Berry, D   ",2011,,,,,,,,,,,,,,,,,,,,,,,,,,,,MarkRAMPMI
Craft 2689 Mem 017,Craft,2689,2689,17,,,Mem,"Hooley, P J  ",2011,,,,PProvSGW (Beds.),1991,LGR,1992,,,,,,,,,,,,,,,,,,,,,MarkRAMPMI
Craft 2689 Mem 018,Craft,2689,2689,18,,,Mem,"Openshaw, T L  ",2012,,,,,,,,,,,,,,,,,,,,,,,,,,,,MarkRAMPMI
Craft 2689 Mem 019,Craft,2689,2689,19,,,Mem,"Giles, I A  ",2013,,,,,,,,,,,,,,,,,,,,,,,,,,,,MarkRAMPMI
Craft 2689 Mem 020,Craft,2689,2689,20,,,Mem,"Antell, J A  ",2016,,,,,,,,,,,,,,,,,,,,,,,,,,,,MarkRAMPMI
Craft 2689 Mem 021,Craft,2689,2689,21,,,Mem,"Andrews, D I  ",2017,,,,,,,,,,,,,,,,,,,,,,,,,,,,MarkRAMPMI
Craft 2689 Mem 022,Craft,2689,2689,22,,,Mem,"Hargrave, S N  ",2017,,,,,,,,,,,,,,,,,,,,,,,,,,,,MarkRAMPMI
Craft 2689 Mem 023,Craft,2689,2689,23,,,Mem,"Ongley, R F  ",2019,,,,,,,,,,,,,,,,,,,,,,,,,,,,MarkRAMPMI
Craft 2689 Mem 024,Craft,2689,2689,24,,,Mem,"Andrews, A P  ",2021,,,,,,,,,,,,,,,,,,,,,,,,,,,,MarkRAMPMI
Craft 2689 Mem 025,Craft,2689,2689,25,,,Mem,"Ayres, L M J ",2022,,,,,,,,,,,,,,,,,,,,,,,,,,,,MarkRAMPMI
Craft 2689 Mem 026,Craft,2689,2689,26,,,Mem,"Lygo, P J  ",2023,,,,,,,,,,,,,,,,,,,,,,,,,,,,MarkRAMPMI
Craft 2689 Mem 027,Craft,2689,2689,27,,,Mem,"Cocker, H G  ",2023,,,,,,,,,,,,,,,,,,,,,,,,,,,,MarkRAMPMI
Craft 2689 Mem 028,Craft,2689,2689,28,,,Mem,"Buckingham, P A  ",2023,,,,,,,,,,,,,,,,,,,,,,,,,,,,MarkRAMPMI
Craft 2689 Mem 029,Craft,2689,2689,29,,,Mem,"Williamson, D   ",2023,PPGOrg,2019,,,,,,,,,,,,,,,,,,,,,,,,,,MarkRAMPMI
Craft 2689 Mem 030,Craft,2689,2689,30,,,Mem,"Stiling, A O  ",2023,,,,,,,,,,,,,,,,,,,,,,,,,,,,MarkRAMPMI
Craft 2689 Mem 031,Craft,2689,2689,31,,,Mem,"Mitchell, R K  ",2024,PPGSuptWks,2019,,,,,,,,,,,,,,,,,,,,,,,,,,MarkRAMPMI
Craft 2689 Mem 032,Craft,2689,2689,32,,,Mem,"Martin, A W  ",2024,,,,,,,,,,,,,,,,,,,,,,,,,,,,MarkRAMPMI
Craft 2689 Mem 033,Craft,2689,2689,33,,,Mem,"Fisher, T P W ",2025,,,,PProvDepGSwdB (Hants. & I. of W.),2025,,,,,,,,,,,,,,,,,,,,,,,MarkRAMPMI
Craft 2689 Mem 034,Craft,2689,2689,34,,,Mem,"Salisbury, D   ",2025,,,,,,,,,,,,,,,,,,,,,,,,,,,,MarkRAMPMI
Craft 2689 Mem 035,Craft,2689,2689,35,,,Mem,"Broom, P H A ",2025,,,,ProvAGStB (W. Kent),2025,,,,,,,,,,,,,,,,,,,,,,,MarkRAMPMI
Craft 2689 Mem 036,Craft,2689,2689,36,,,Mem,"Broadway, J   ",2026,,,,,,,,,,,,,,,,,,,,,,,,,,,,MarkRAMPMI
Craft 2689 Off 001,Craft,2689,2689,1,WM,1,Off,"Knight, R D G ",2010,,,,,,,,,,,,,,,,,,,,,,,,,,,,Officers
Craft 2689 Off 002,Craft,2689,2689,2,SW,2,Off,"Gray, D C  ",2002,,,,,,,,,,,,,,,,,,,,,,,,,,,,Officers
Craft 2689 Off 003,Craft,2689,2689,3,JW,3,Off,"Ongley, R F  ",2019,,,,,,,,,,,,,,,,,,,,,,,,,,,,Officers
Craft 2689 Off 004,Craft,2689,2689,4,Chap,4,Off,"Boyt, D I  ",1984,,,,,,,,,,,,,,,,,,,,,,,,,,,,Officers
Craft 2689 Off 005,Craft,2689,2689,5,Treas,5,Off,"Bond, P R G ",2007,,,,,,,,,,,,,,,,,,,,,,,,,,,,Officers
Craft 2689 Off 006,Craft,2689,2689,6,Sec,6,Off,"Bunter, G T  ",2002,,,,,,,,,,,,,,,,,,,,,,,,,,,,Officers
Craft 2689 Off 007,Craft,2689,2689,7,DC,7,Off,"Samways, C B  ",2011,,,,,,,,,,,,,,,,,,,,,,,,,,,,Officers
Craft 2689 Off 008,Craft,2689,2689,8,Alm,8,Off,"Andrews, A P  ",2021,,,,,,,,,,,,,,,,,,,,,,,,,,,,Officers
Craft 2689 Off 009,Craft,2689,2689,9,ChStwd,9,Off,"Cummins, P   ",2011,,,,,,,,,,,,,,,,,,,,,,,,,,,,Officers
Craft 2689 Off 010,Craft,2689,2689,10,MO,10,Off,"Knight, R D G ",2010,,,,,,,,,,,,,,,,,,,,,,,,,,,,Officers
Craft 2689 Off 011,Craft,2689,2689,11,Mentor,11,Off,Vacant,,,,,,,,,,,,,,,,,,,,,,,,,,,,,Officers
Craft 2689 Off 012,Craft,2689,2689,12,SD,12,Off,"Ayres, L M J ",2022,,,,,,,,,,,,,,,,,,,,,,,,,,,,Officers
Craft 2689 Off 013,Craft,2689,2689,13,JD,13,Off,"Andrews, A P  ",2021,,,,,,,,,,,,,,,,,,,,,,,,,,,,Officers
Craft 2689 Off 014,Craft,2689,2689,14,ADC,14,Off,"Baker, M W  ",2004,,,,,,,,,,,,,,,,,,,,,,,,,,,,Officers
Craft 2689 Off 015,Craft,2689,2689,15,Org,15,Off,"Williamson, D   ",2023,,,,,,,,,,,,,,,,,,,,,,,,,,,,Officers
Craft 2689 Off 016,Craft,2689,2689,16,ASec,16,Off,"Case, M E  ",2005,,,,,,,,,,,,,,,,,,,,,,,,,,,,Officers
Craft 2689 Off 017,Craft,2689,2689,17,IG,17,Off,"Martin, A W  ",2024,,,,,,,,,,,,,,,,,,,,,,,,,,,,Officers
Craft 2689 Off 018,Craft,2689,2689,18,Stwd,18,Off,"Stiling, A O  ",2023,,,,,,,,,,,,,,,,,,,,,,,,,,,,Officers
Craft 2689 Off 019,Craft,2689,2689,19,Stwd,18,Off,"Salisbury, D   ",2025,,,,,,,,,,,,,,,,,,,,,,,,,,,,Officers
Craft 2689 Off 020,Craft,2689,2689,20,Tyler,19,Off,"Dilliway, M L  ",1992,,,,,,,,,,,,,,,,,,,,,,,,,,,,Officers
Craft 2689 PMI 001,Craft,2689,2689,1,,,PMI,"Case, M E  ",2005,PPGSwdB,2014,,PProvJGW (Wilts.),2023,,,,,9587,,,,,,,,,,,,,,,,,,PMI
Craft 2689 PMI 002,Craft,2689,2689,2,,,PMI,"Hooley, P J  ",2011,,,,PProvSGW (Beds.),1991,LGR,1992,PAGDC,1996,5465,,,,,,,,,,,,,,,,,,PMI
Craft 2689 PMI 003,Craft,2689,2689,3,,,PMI,"Buckingham, P A  ",2023,,,,,,,,,,5443,,,,,,,,,,,,,,,,,,PMI
Craft 2689 PMI 004,Craft,2689,2689,4,,,PMI,"Broom, P H A ",2025,,,,ProvAGStB (W. Kent),2025,,,,,7589,,,,,,,,,,,,,,,,,,PMI
Craft 2689 PMI 005,Craft,2689,2689,5,,,PMI,"Fisher, T P W ",2025,,,,PProvDepGSwdB (Hants. & I. of W.),2025,,,,,"5734, 3154",,,,,,,,,,,,,,,,,,PMI
Craft 2689 PMO 001,Craft,2689,2689,1,,,PMO,"Pike, M J  ",,PPSGW,2021,,,,,,,,,1989,1989,,,,,,,,,,,,,,,,PMO
Craft 2689 PMO 002,Craft,2689,2689,2,,,PMO,"Boyt, D I  ",,PPGReg,2020,,,,,,,,,1998,1998,,,,,,,,,,,,,,,,PMO
Craft 2689 PMO 003,Craft,2689,2689,3,,,PMO,"Mitchell, R K  ",,PPGSuptWks,2019,,,,,,,,,2005,2005,,,,,,,,,,,,,,,,PMO
Craft 2689 PMO 004,Craft,2689,2689,4,,,PMO,"Dilliway, M L  ",,PPGSuptWks,2024,,,,,,,,,2010,2010,,,,,,,,,,,,,,,,PMO
Craft 2689 PMO 005,Craft,2689,2689,5,,,PMO,"Baker, M W  ",,PPJGD,2022,,,,,,,,,2012,2012,,,,,,,,,,,,,,,,PMO
Craft 2689 PMO 006,Craft,2689,2689,6,,,PMO,"Bunter, G T  ",,PPJGD,2021,,,,,,,,,2013,2013,,,,,,,,,,,,,,,,PMO
Craft 2689 PMO 007,Craft,2689,2689,7,,,PMO,"Bond, P R G ",,PPAGDC,2021,,,,,,,,,"2014, 2017",2014,,,,,,,,,,,,,,,,PMO
Craft 2689 PMO 008,Craft,2689,2689,8,,,PMO,"Weeks, R B L ",,PPJGD,2022,,,,,,,,,2015,2015,,,,,,,,,,,,,,,,PMO
Craft 2689 PMO 009,Craft,2689,2689,9,,,PMO,"Knight, R D G ",,PPSGD,2021,,,,,,,,,"2016, 2024",2016,,,,,,,,,,,,,,,,PMO
Craft 2689 PMO 010,Craft,2689,2689,10,,,PMO,"Samways, C B  ",,PPAGDC,2025,,,,,,,,,2018,2018,,,,,,,,,,,,,,,,PMO
Craft 2689 PMO 012,Craft,2689,2689,12,,,PMO,"Cummins, P   ",,,,,,,,,,,,2019,2019,,,,,,,,,,,,,,,,PMO
Craft 2689 PMO 013,Craft,2689,2689,13,,,PMO,"Hargrave, S N  ",,,,,,,,,,,,2023,2023,,,,,,,,,,,,,,,,PMO
Craft 3366 Inst 001,Craft,3366,3366,1,,,Inst,,,,,,,,,,,,,,,June 4th 2026,,,,,,,,,,,,,,,DBLodges
Craft 3366 Mem 001,Craft,3366,3366,1,,,Mem,"Pitman, P J  ",1977,PPGSuptWks,1996,,,,,,,,,,,,,,,,,,,,,,,,,,MarkRAMPMI
Craft 3366 Mem 002,Craft,3366,3366,2,,,Mem,"Howard, D   ",1979,PProvSGW,2005,,,,,,,,,,,,,,,,,,,,,,,,,,MarkRAMPMI
Craft 3366 Mem 003,Craft,3366,3366,3,,,Mem,"Davis, A   ",1982,PPJGW,2008,,,,,,,,,,,,,,,,,,,,,,,,,,MarkRAMPMI
Craft 3366 Mem 004,Craft,3366,3366,4,,,Mem,"Shaw, F J  ",1982,PPSGW,2011,,,,,,,,,,,,,,,,,,,,,,,,,,MarkRAMPMI
Craft 3366 Mem 005,Craft,3366,3366,5,,,Mem,"Goody, M J  ",1989,PPJGW,2002,,PProvGSuptWks (Middx.),1995,,,,,,,,,,,,,,,,,,,,,,,MarkRAMPMI
Craft 3366 Mem 006,Craft,3366,3366,6,,,Mem,"Leonard, N J C ",1989,PDepProvGM,2014,,,,,,,,,,,,,,,,,,,,,,,,,,MarkRAMPMI
Craft 3366 Mem 007,Craft,3366,3366,7,,,Mem,"Barnes, K H  ",1991,PProvGM,1994,,,,,,,,,,,,,,,,,,,,,,,,,,MarkRAMPMI
Craft 3366 Mem 008,Craft,3366,3366,8,,,Mem,"Angel, R D  ",1992,PPSGW,2014,,,,,,,,,,,,,,,,,,,,,,,,,,MarkRAMPMI
Craft 3366 Mem 009,Craft,3366,3366,9,,,Mem,"Mack, D C  ",1996,PPSGW,2012,,PProvSGW (Glos.),2015,,,,,,,,,,,,,,,,,,,,,,,MarkRAMPMI
Craft 3366 Mem 010,Craft,3366,3366,10,,,Mem,"Burt, D B F ",1997,PProvSGW,2004,,,,,,,,,,,,,,,,,,,,,,,,,,MarkRAMPMI
Craft 3366 Mem 011,Craft,3366,3366,11,,,Mem,"Heath, D A D ",1997,PPSGW,2023,,,,,,,,,,,,,,,,,,,,,,,,,,MarkRAMPMI
Craft 3366 Mem 012,Craft,3366,3366,12,,,Mem,"House, N M D ",1998,PProvSGW,2012,,,,,,,,,,,,,,,,,,,,,,,,,,MarkRAMPMI
Craft 3366 Mem 013,Craft,3366,3366,13,,,Mem,"Howes, K J  ",2000,PPGSwdB,2007,,,,,,,,,,,,,,,,,,,,,,,,,,MarkRAMPMI
Craft 3366 Mem 014,Craft,3366,3366,14,,,Mem,"Case, T D  ",2001,PPJGW,2025,,,,,,,,,,,,,,,,,,,,,,,,,,MarkRAMPMI
Craft 3366 Mem 015,Craft,3366,3366,15,,,Mem,"Winslade, M D  ",2002,PPSGW,2015,,,,,,,,,,,,,,,,,,,,,,,,,,MarkRAMPMI
Craft 3366 Mem 016,Craft,3366,3366,16,,,Mem,"Gerring, A J  ",2003,PPGReg,2023,,,,,,,,,,,,,,,,,,,,,,,,,,MarkRAMPMI
Craft 3366 Mem 017,Craft,3366,3366,17,,,Mem,"Richardson, P R  ",2003,PPJGW,2024,,,,,,,,,,,,,,,,,,,,,,,,,,MarkRAMPMI
Craft 3366 Mem 018,Craft,3366,3366,18,,,Mem,"Micklefield, R F  ",2004,PPJGW,2019,,,,LGR,2005,,,,,,,,,,,,,,,,,,,,,MarkRAMPMI
Craft 3366 Mem 019,Craft,3366,3366,19,,,Mem,"Orton, K A  ",2005,PPSGW,2014,,,,,,,,,,,,,,,,,,,,,,,,,,MarkRAMPMI
Craft 3366 Mem 020,Craft,3366,3366,20,,,Mem,"Eaton, D F  ",2005,PPJGW,2019,,,,,,,,,,,,,,,,,,,,,,,,,,MarkRAMPMI
Craft 3366 Mem 021,Craft,3366,3366,21,,,Mem,"Halford, J S  ",2005,PPSGW,2022,,,,,,,,,,,,,,,,,,,,,,,,,,MarkRAMPMI
Craft 3366 Mem 022,Craft,3366,3366,22,,,Mem,"Warwick, M H  ",2005,PPAGDC,2010,,,,,,,,,,,,,,,,,,,,,,,,,,MarkRAMPMI
Craft 3366 Mem 023,Craft,3366,3366,23,,,Mem,"Burt, M R  ",2005,PPSGW,2019,,PProvSGW (Hants. & I. of W.),2021,,,,,,,,,,,,,,,,,,,,,,,MarkRAMPMI
Craft 3366 Mem 024,Craft,3366,3366,24,,,Mem,"Ware, I R  ",2005,PPGReg,2019,,,,,,,,,,,,,,,,,,,,,,,,,,MarkRAMPMI
Craft 3366 Mem 025,Craft,3366,3366,25,,,Mem,"Ferns, K V  ",2006,PPJGW,2023,,,,,,,,,,,,,,,,,,,,,,,,,,MarkRAMPMI
Craft 3366 Mem 026,Craft,3366,3366,26,,,Mem,"Deakin, C W  ",2006,PDepProvGM,2010,,,,,,,,,,,,,,,,,,,,,,,,,,MarkRAMPMI
Craft 3366 Mem 027,Craft,3366,3366,27,,,Mem,"Stone, I R  ",2006,PPSGD,2022,,,,,,,,,,,,,,,,,,,,,,,,,,MarkRAMPMI
Craft 3366 Mem 028,Craft,3366,3366,28,,,Mem,"Lill, C J  ",2006,PDepProvGM,2018,,,,,,,,,,,,,,,,,,,,,,,,,,MarkRAMPMI
Craft 3366 Mem 029,Craft,3366,3366,29,,,Mem,"Selwood, S P  ",2006,PPJGW,2025,,,,,,,,,,,,,,,,,,,,,,,,,,MarkRAMPMI
Craft 3366 Mem 030,Craft,3366,3366,30,,,Mem,"Setchfield, R S  ",2006,PPGReg,2019,,PProvGStB (Middx.),2001,,,,,,,,,,,,,,,,,,,,,,,MarkRAMPMI
Craft 3366 Mem 031,Craft,3366,3366,31,,,Mem,"Ilott, P F  ",2006,PPGReg,2021,,,,,,,,,,,,,,,,,,,,,,,,,,MarkRAMPMI
Craft 3366 Mem 032,Craft,3366,3366,32,,,Mem,"Bott, M J  ",2006,PPSGW,2011,,,,,,,,,,,,,,,,,,,,,,,,,,MarkRAMPMI
Craft 3366 Mem 033,Craft,3366,3366,33,,,Mem,"Kusminoff, E   ",2006,PProvSGW,2020,,,,,,,,,,,,,,,,,,,,,,,,,,MarkRAMPMI
Craft 3366 Mem 034,Craft,3366,3366,34,,,Mem,"Parkes, B E  ",2006,PPJGW,2025,,PProvAGDC (Essex),1992-98,,,,,,,,,,,,,,,,,,,,,,,MarkRAMPMI
Craft 3366 Mem 035,Craft,3366,3366,35,,,Mem,"Lake, D C  ",2006,PPJGW,2020,,,,,,,,,,,,,,,,,,,,,,,,,,MarkRAMPMI
Craft 3366 Mem 036,Craft,3366,3366,36,,,Mem,"Unwin, D W  ",2006,PProvSGW,2015,,,,,,,,,,,,,,,,,,,,,,,,,,MarkRAMPMI
Craft 3366 Mem 037,Craft,3366,3366,37,,,Mem,"Cutler, R J  ",2007,PPGSuptWks,2018,,PProvGSwdB (Hereford.),2023,,,,,,,,,,,,,,,,,,,,,,,MarkRAMPMI
Craft 3366 Mem 038,Craft,3366,3366,38,,,Mem,"Day, D J  ",2007,PPSGW,2022,,,,,,,,,,,,,,,,,,,,,,,,,,MarkRAMPMI
Craft 3366 Mem 039,Craft,3366,3366,39,,,Mem,"Francis, R E  ",2007,PProvSGW,2019,,,,,,,,,,,,,,,,,,,,,,,,,,MarkRAMPMI
Craft 3366 Mem 040,Craft,3366,3366,40,,,Mem,"Diment-Davies, S   ",2007,PPGStB,2013,,,,,,,,,,,,,,,,,,,,,,,,,,MarkRAMPMI
Craft 3366 Mem 041,Craft,3366,3366,41,,,Mem,"Leach, R J  ",2008,PPGReg,2023,,,,,,,,,,,,,,,,,,,,,,,,,,MarkRAMPMI
Craft 3366 Mem 042,Craft,3366,3366,42,,,Mem,"Mallcott, G F  ",2008,PPDepGDC,2022,,,,,,,,,,,,,,,,,,,,,,,,,,MarkRAMPMI
Craft 3366 Mem 043,Craft,3366,3366,43,,,Mem,"Kirby, A J  ",2008,PPGSwdB,2018,,,,,,,,,,,,,,,,,,,,,,,,,,MarkRAMPMI
Craft 3366 Mem 044,Craft,3366,3366,44,,,Mem,"Baines, R G  ",2008,,,,PProvJGW (W. Lancs.),1992-93,,,,,,,,,,,,,,,,,,,,,,,MarkRAMPMI
Craft 3366 Mem 045,Craft,3366,3366,45,,,Mem,"Matthews, R E V ",2008,PPJGW,2022,,,,,,,,,,,,,,,,,,,,,,,,,,MarkRAMPMI
Craft 3366 Mem 046,Craft,3366,3366,46,,,Mem,"Wiffen, B G  ",2008,PPGSuptWks,2020,,,,,,,,,,,,,,,,,,,,,,,,,,MarkRAMPMI
Craft 3366 Mem 047,Craft,3366,3366,47,,,Mem,"Garment, C L  ",2008,PPJGW,2025,,PProvJGW (Essex),2018,,,,,,,,,,,,,,,,,,,,,,,MarkRAMPMI
Craft 3366 Mem 048,Craft,3366,3366,48,,,Mem,"Old, K C  ",2008,PPGSuptWks,2021,,,,,,,,,,,,,,,,,,,,,,,,,,MarkRAMPMI
Craft 3366 Mem 049,Craft,3366,3366,49,,,Mem,"Preston, D S  ",2009,PPSGW,2022,,PProvJGW (Middx.),2015,,,,,,,,,,,,,,,,,,,,,,,MarkRAMPMI
Craft 3366 Mem 050,Craft,3366,3366,50,,,Mem,"Hickson, A D  ",2009,ProvAGDC,2025,Y,,,,,,,,,,,,,,,,,,,,,,,,,MarkRAMPMI
Craft 3366 Mem 051,Craft,3366,3366,51,,,Mem,"Moffatt, P A  ",2009,PPDepGDC,2021,,,,,,,,,,,,,,,,,,,,,,,,,,MarkRAMPMI
Craft 3366 Mem 052,Craft,3366,3366,52,,,Mem,"Bond, D N  ",2009,PPDepGDC,2021,,,,,,,,,,,,,,,,,,,,,,,,,,MarkRAMPMI
Craft 3366 Mem 053,Craft,3366,3366,53,,,Mem,"Bond, C W  ",2009,PAsstProvGM,2018,,,,,,,,,,,,,,,,,,,,,,,,,,MarkRAMPMI
Craft 3366 Mem 054,Craft,3366,3366,54,,,Mem,"Reed, D J  ",2009,PPGSwdB,2022,,PProvGStB (Glos.),2008,,,,,,,,,,,,,,,,,,,,,,,MarkRAMPMI
Craft 3366 Mem 055,Craft,3366,3366,55,,,Mem,"Scott-Kilner, P   ",2010,PPJGW,2024,,PProvGSwdB (Notts.),2010,,,,,,,,,,,,,,,,,,,,,,,MarkRAMPMI
Craft 3366 Mem 056,Craft,3366,3366,56,,,Mem,"Sullivan, I R  ",2010,,,,,,LGR,2011,,,,,,,,,,,,,,,,,,,,,MarkRAMPMI
Craft 3366 Mem 057,Craft,3366,3366,57,,,Mem,"Harvey, C   ",2010,PPGReg,2023,,,,,,,,,,,,,,,,,,,,,,,,,,MarkRAMPMI
Craft 3366 Mem 058,Craft,3366,3366,58,,,Mem,"Brownridge, R C  ",2010,PPGSwdB,2025,,,,,,,,,,,,,,,,,,,,,,,,,,MarkRAMPMI
Craft 3366 Mem 059,Craft,3366,3366,59,,,Mem,"Bugler, R A L ",2010,PPGSuptWks,2009,,,,,,,,,,,,,,,,,,,,,,,,,,MarkRAMPMI
Craft 3366 Mem 060,Craft,3366,3366,60,,,Mem,"Wills, C   ",2010,PProvSGW,2018,,PProvSGW (Wilts.),2024,,,,,,,,,,,,,,,,,,,,,,,MarkRAMPMI
Craft 3366 Mem 061,Craft,3366,3366,61,,,Mem,"MacLean, A C  ",2011,PPGSwdB,2021,,PProvSGD (Hants. & I. of W.),2022,SLGR,2024,,,,,,,,,,,,,,,,,,,,,MarkRAMPMI
Craft 3366 Mem 062,Craft,3366,3366,62,,,Mem,"Evans, P W  ",2011,PPSGD,2019,,,,,,,,,,,,,,,,,,,,,,,,,,MarkRAMPMI
Craft 3366 Mem 063,Craft,3366,3366,63,,,Mem,"Tritton, B D  ",2011,PPSGW,2014,,,,,,,,,,,,,,,,,,,,,,,,,,MarkRAMPMI
Craft 3366 Mem 064,Craft,3366,3366,64,,,Mem,"Hand, A R  ",2011,PPGReg,2024,,,,,,,,,,,,,,,,,,,,,,,,,,MarkRAMPMI
Craft 3366 Mem 065,Craft,3366,3366,65,,,Mem,"Chatton, G B  ",2013,PPGSwdB,2025,,,,,,,,,,,,,,,,,,,,,,,,,,MarkRAMPMI
Craft 3366 Mem 066,Craft,3366,3366,66,,,Mem,"Higgin, A R  ",2013,,,,PProvGReg (Bucks.),2020,LGR,2022,,,,,,,,,,,,,,,,,,,,,MarkRAMPMI
Craft 3366 Mem 067,Craft,3366,3366,67,,,Mem,"Knights, G S  ",2013,PPJGW,2023,,,,,,,,,,,,,,,,,,,,,,,,,,MarkRAMPMI
Craft 3366 Mem 068,Craft,3366,3366,68,,,Mem,"Ballard, C T  ",2014,PPJGW,2019,,,,,,,,,,,,,,,,,,,,,,,,,,MarkRAMPMI
Craft 3366 Mem 069,Craft,3366,3366,69,,,Mem,"Hughes, B M  ",2014,PPAGDC,2020,,,,,,,,,,,,,,,,,,,,,,,,,,MarkRAMPMI
Craft 3366 Mem 070,Craft,3366,3366,70,,,Mem,"Glazier, G R  ",2015,PProvGM,2018,,PProvDepGDC (Hants. & I. of W.),1995-14,,,,,,,,,,,,,,,,,,,,,,,MarkRAMPMI
Craft 3366 Mem 071,Craft,3366,3366,71,,,Mem,"Jennings, A S  ",2015,PPDepGDC,2019,,PProvJGD (W. Lancs.),2012,,,,,,,,,,,,,,,,,,,,,,,MarkRAMPMI
Craft 3366 Mem 072,Craft,3366,3366,72,,,Mem,"Pilkington, P R  ",2016,PPJGD,2020,,,,,,,,,,,,,,,,,,,,,,,,,,MarkRAMPMI
Craft 3366 Mem 073,Craft,3366,3366,73,,,Mem,"Davis, M D  ",2016,PPGSwdB,2024,,,,,,,,,,,,,,,,,,,,,,,,,,MarkRAMPMI
Craft 3366 Mem 074,Craft,3366,3366,74,,,Mem,"King, M D  ",2016,PPGReg,2025,,,,,,,,,,,,,,,,,,,,,,,,,,MarkRAMPMI
Craft 3366 Mem 075,Craft,3366,3366,75,,,Mem,"Ruffell, G J  ",2016,PPGSuptWks,2022,,,,,,,,,,,,,,,,,,,,,,,,,,MarkRAMPMI
Craft 3366 Mem 076,Craft,3366,3366,76,,,Mem,"Austen, L J  ",2017,,,,PProvGReg (Berks.),2024,,,,,,,,,,,,,,,,,,,,,,,MarkRAMPMI
Craft 3366 Mem 077,Craft,3366,3366,77,,,Mem,"Travers, R R  ",2017,PPGSwdB,2025,,,,,,,,,,,,,,,,,,,,,,,,,,MarkRAMPMI
Craft 3366 Mem 078,Craft,3366,3366,78,,,Mem,"Ward, P T  ",2017,PPSGW,2018,,,,,,,,,,,,,,,,,,,,,,,,,,MarkRAMPMI
Craft 3366 Mem 079,Craft,3366,3366,79,,,Mem,"Leach, S J  ",2017,PPDepGDC,2022,,,,,,,,,,,,,,,,,,,,,,,,,,MarkRAMPMI
Craft 3366 Mem 080,Craft,3366,3366,80,,,Mem,"Bateman, R W  ",2017,,,,,,LGR,2008,,,,,,,,,,,,,,,,,,,,,MarkRAMPMI
Craft 3366 Mem 081,Craft,3366,3366,81,,,Mem,"Rogers, A S  ",2017,PPGSuptWks,2022,,PProvGSwdB (Hants. & I. of W.),2025,,,,,,,,,,,,,,,,,,,,,,,MarkRAMPMI
Craft 3366 Mem 082,Craft,3366,3366,82,,,Mem,"Soutar, S P J ",2017,PProvGStB,2017,,,,,,,,,,,,,,,,,,,,,,,,,,MarkRAMPMI
Craft 3366 Mem 083,Craft,3366,3366,83,,,Mem,"Probert, P F  ",2017,PPGReg,2025,,PProvAGSwdB (Hants. & I. of W.),2009-10,,,,,,,,,,,,,,,,,,,,,,,MarkRAMPMI
Craft 3366 Mem 084,Craft,3366,3366,84,,,Mem,"Dorrington-Ward, S   ",2017,PPJGD,2022,,,,,,,,,,,,,,,,,,,,,,,,,,MarkRAMPMI
Craft 3366 Mem 085,Craft,3366,3366,85,,,Mem,"Allan, J J B ",2017,PProvJGW,2011,,,,,,,,,,,,,,,,,,,,,,,,,,MarkRAMPMI
Craft 3366 Mem 086,Craft,3366,3366,86,,,Mem,"Waters, N F  ",2019,PPGSuptWks,1996,,,,,,,,,,,,,,,,,,,,,,,,,,MarkRAMPMI
Craft 3366 Mem 087,Craft,3366,3366,87,,,Mem,"Green, T   ",2019,ProvGSec,2024,Y,,,,,,,,,,,,,,,,,,,,,,,,,MarkRAMPMI
Craft 3366 Mem 088,Craft,3366,3366,88,,,Mem,"McEwen, A P  ",2019,PPJGD,2023,,PProvGStB (Middx.),1992,,,,,,,,,,,,,,,,,,,,,,,MarkRAMPMI
Craft 3366 Mem 089,Craft,3366,3366,89,,,Mem,"Parkes, M R  ",2019,AsstProvGM,2022,Y,,,,,,,,,,,,,,,,,,,,,,,,,MarkRAMPMI
Craft 3366 Mem 090,Craft,3366,3366,90,,,Mem,"Colborne, M J  ",2019,PProvJGD,2023,,,,,,,,,,,,,,,,,,,,,,,,,,MarkRAMPMI
Craft 3366 Mem 091,Craft,3366,3366,91,,,Mem,"Bursey, R S  ",2019,PPJGD,2020,,,,,,,,,,,,,,,,,,,,,,,,,,MarkRAMPMI
Craft 3366 Mem 092,Craft,3366,3366,92,,,Mem,"Craner, D   ",2019,PProvGPurs,2022,,,,,,,,,,,,,,,,,,,,,,,,,,MarkRAMPMI
Craft 3366 Mem 093,Craft,3366,3366,93,,,Mem,"Nixey, M T  ",2019,PPSGW,2023,,,,,,,,,,,,,,,,,,,,,,,,,,MarkRAMPMI
Craft 3366 Mem 094,Craft,3366,3366,94,,,Mem,"Lambourne, M P  ",2020,PPGSwdB,2019,,,,,,,,,,,,,,,,,,,,,,,,,,MarkRAMPMI
Craft 3366 Mem 095,Craft,3366,3366,95,,,Mem,"Pile, D   ",2020,PPSGD,2020,,,,,,,,,,,,,,,,,,,,,,,,,,MarkRAMPMI
Craft 3366 Mem 096,Craft,3366,3366,96,,,Mem,"Scates, N   ",2020,,,,PProvAGDC (Hants. & I. of W.),2024,,,,,,,,,,,,,,,,,,,,,,,MarkRAMPMI
Craft 3366 Mem 097,Craft,3366,3366,97,,,Mem,"Green, R B  ",2020,ProvGMen,2024,Y,,,,,,,,,,,,,,,,,,,,,,,,,MarkRAMPMI
Craft 3366 Mem 098,Craft,3366,3366,98,,,Mem,"Fox, D P  ",2021,PProvGStwd,2022,,,,,,,,,,,,,,,,,,,,,,,,,,MarkRAMPMI
Craft 3366 Mem 099,Craft,3366,3366,99,,,Mem,"Legg, T R H ",2022,PProvSGD,2024,,,,,,,,,,,,,,,,,,,,,,,,,,MarkRAMPMI
Craft 3366 Mem 100,Craft,3366,3366,100,,,Mem,"Jackson, R   ",2022,PPJGW,2025,,PProvGSuptWks (Surrey),2015,,,,,,,,,,,,,,,,,,,,,,,MarkRAMPMI
Craft 3366 Mem 101,Craft,3366,3366,101,,,Mem,"Sandall, D L  ",2022,PPJGW,2019,,,,,,,,,,,,,,,,,,,,,,,,,,MarkRAMPMI
Craft 3366 Mem 102,Craft,3366,3366,102,,,Mem,"Baird, I E  ",2022,,,,,,,,,,,,,,,,,,,,,,,,,,,,MarkRAMPMI
Craft 3366 Mem 103,Craft,3366,3366,103,,,Mem,"Boyd, P W  ",2022,PPJGW,2019,,,,,,,,,,,,,,,,,,,,,,,,,,MarkRAMPMI
Craft 3366 Mem 104,Craft,3366,3366,104,,,Mem,"James, S A  ",2022,ProvGM,2024,Y,,,,,,,,,,,,,,,,,,,,,,,,,MarkRAMPMI
Craft 3366 Mem 105,Craft,3366,3366,105,,,Mem,"Travers, J H  ",2022,PPGSuptWks,2021,,,,,,,,,,,,,,,,,,,,,,,,,,MarkRAMPMI
Craft 3366 Mem 106,Craft,3366,3366,106,,,Mem,"Falconer, W A  ",2023,PPSGW,2023,,,,,,,,,,,,,,,,,,,,,,,,,,MarkRAMPMI
Craft 3366 Mem 107,Craft,3366,3366,107,,,Mem,"Sandall, C B  ",2023,ProvSGD,2025,Y,,,,,,,,,,,,,,,,,,,,,,,,,MarkRAMPMI
Craft 3366 Mem 108,Craft,3366,3366,108,,,Mem,"Lofthouse, M P  ",2023,,,,,,,,,,,,,,,,,,,,,,,,,,,,MarkRAMPMI
Craft 3366 Mem 109,Craft,3366,3366,109,,,Mem,"Chown, J W  ",2023,,,,,,,,,,,,,,,,,,,,,,,,,,,,MarkRAMPMI
Craft 3366 Mem 110,Craft,3366,3366,110,,,Mem,"Rimmer, D B  ",2024,PProvAGDC,2013,,,,,,,,,,,,,,,,,,,,,,,,,,MarkRAMPMI
Craft 3366 Mem 111,Craft,3366,3366,111,,,Mem,"Gale, A P T ",2024,ProvGAlm,2024,Y,,,,,,,,,,,,,,,,,,,,,,,,,MarkRAMPMI
Craft 3366 Mem 112,Craft,3366,3366,112,,,Mem,"Paul, A   ",2024,PPAGDC,2025,,,,,,,,,,,,,,,,,,,,,,,,,,MarkRAMPMI
Craft 3366 Mem 113,Craft,3366,3366,113,,,Mem,"Waddington, J A R ",2024,ProvGMO,2023,Y,PProvSGD (W. Kent),2021,,,,,,,,,,,,,,,,,,,,,,,MarkRAMPMI
Craft 3366 Mem 114,Craft,3366,3366,114,,,Mem,"Ward, A   ",2024,ProvDepGSec,2025,Y,,,,,,,,,,,,,,,,,,,,,,,,,MarkRAMPMI
Craft 3366 Mem 115,Craft,3366,3366,115,,,Mem,"Turner, K M  ",2024,PProvGStwd,2024,,,,,,,,,,,,,,,,,,,,,,,,,,MarkRAMPMI
Craft 3366 Mem 116,Craft,3366,3366,116,,,Mem,"Brewer, A   ",2024,PProvGSwdB,2024,,PProvJGD (Middx.),2024,,,,,,,,,,,,,,,,,,,,,,,MarkRAMPMI
Craft 3366 Mem 117,Craft,3366,3366,117,,,Mem,"Washbourne, A R  ",2024,ProvGChStwd,2025,Y,,,,,,,,,,,,,,,,,,,,,,,,,MarkRAMPMI
Craft 3366 Mem 118,Craft,3366,3366,118,,,Mem,"Martin, P M  ",2025,,,,PProvDepGSwdB (E. Kent),2019,,,,,,,,,,,,,,,,,,,,,,,MarkRAMPMI
Craft 3366 Mem 119,Craft,3366,3366,119,,,Mem,"Burstow, M D  ",2025,DepProvGM,2024,Y,,,,,,,,,,,,,,,,,,,,,,,,,MarkRAMPMI
Craft 3366 Mem 120,Craft,3366,3366,120,,,Mem,"Kerr, A D  ",2025,,,,,,,,,,,,,,,,,,,,,,,,,,,,MarkRAMPMI
Craft 3366 Mem 121,Craft,3366,3366,121,,,Mem,"Good, P W  ",2025,,,,PProvAGDC (E. Kent),2018,,,,,,,,,,,,,,,,,,,,,,,MarkRAMPMI
Craft 3366 Mem 122,Craft,3366,3366,122,,,Mem,"Ward, M   ",2025,PPGStB,2021,,,,,,,,,,,,,,,,,,,,,,,,,,MarkRAMPMI
Craft 3366 Mem 123,Craft,3366,3366,123,,,Mem,"Johnston, A W  ",2025,PPSGD,2019,,,,,,,,,,,,,,,,,,,,,,,,,,MarkRAMPMI
Craft 3366 Mem 124,Craft,3366,3366,124,,,Mem,"Barrett, B O  ",2025,PPDepGDC,2021,,,,,,,,,,,,,,,,,,,,,,,,,,MarkRAMPMI
Craft 3366 Mem 125,Craft,3366,3366,125,,,Mem,"Richards, M F  ",2025,,,,,,LGR,2022,,,,,,,,,,,,,,,,,,,,,MarkRAMPMI
Craft 3366 Mem 126,Craft,3366,3366,126,,,Mem,"Suckling, N J  ",2025,,,,PProvSGD (Suffolk),2022,,,,,,,,,,,,,,,,,,,,,,,MarkRAMPMI
Craft 3366 Mem 127,Craft,3366,3366,127,,,Mem,"Evans, S J  ",2026,PProvAGDC,2022,,,,,,,,,,,,,,,,,,,,,,,,,,MarkRAMPMI
Craft 3366 Mem 128,Craft,3366,3366,128,,,Mem,"Payne, D V  ",2026,,,,,,,,,,,,,,,,,,,,,,,,,,,,MarkRAMPMI
Craft 3366 Mem 129,Craft,3366,3366,129,,,Mem,"Lacey-Clarke, N B L ",2026,ProvGStwd,2025,Y,,,,,,,,,,,,,,,,,,,,,,,,,MarkRAMPMI
Craft 3366 Off 001,Craft,3366,3366,1,WM,1,Off,Vacant,,,,,,,,,,,,,,,,,,,,,,,,,,,,,Officers
Craft 3366 Off 002,Craft,3366,3366,2,SW,2,Off,"Ward, P T  ",2017,,,,,,,,,,,,,,,,,,,,,,,,,,,,Officers
Craft 3366 Off 003,Craft,3366,3366,3,JW,3,Off,"Bond, C W  ",2009,,,,,,,,,,,,,,,,,,,,,,,,,,,,Officers
Craft 3366 Off 004,Craft,3366,3366,4,Chap,4,Off,"Lill, C J  ",2006,,,,,,,,,,,,,,,,,,,,,,,,,,,,Officers
Craft 3366 Off 005,Craft,3366,3366,5,Treas,5,Off,"Ballard, C T  ",2014,,,,,,,,,,,,,,,,,,,,,,,,,,,,Officers
Craft 3366 Off 006,Craft,3366,3366,6,Sec,6,Off,"Lofthouse, M P  ",2023,,,,,,,,,,,,,,,,,,,,,,,,,,,,Officers
Craft 3366 Off 007,Craft,3366,3366,7,DC,7,Off,"Knights, G S  ",2013,,,,,,,,,,,,,,,,,,,,,,,,,,,,Officers
Craft 3366 Off 008,Craft,3366,3366,8,Alm,8,Off,"Wills, C   ",2010,,,,,,,,,,,,,,,,,,,,,,,,,,,,Officers
Craft 3366 Off 009,Craft,3366,3366,9,ChStwd,9,Off,Vacant,,,,,,,,,,,,,,,,,,,,,,,,,,,,,Officers
Craft 3366 Off 010,Craft,3366,3366,10,MO,10,Off,"Waddington, J A R ",2024,,,,,,,,,,,,,,,,,,,,,,,,,,,,Officers
Craft 3366 Off 011,Craft,3366,3366,11,Mentor,11,Off,"Day, D J  ",2007,,,,,,,,,,,,,,,,,,,,,,,,,,,,Officers
Craft 3366 Off 012,Craft,3366,3366,12,SD,12,Off,"Boyd, P W  ",2022,,,,,,,,,,,,,,,,,,,,,,,,,,,,Officers
Craft 3366 Off 013,Craft,3366,3366,13,JD,13,Off,"Ilott, P F  ",2006,,,,,,,,,,,,,,,,,,,,,,,,,,,,Officers
Craft 3366 Off 014,Craft,3366,3366,14,ADC,14,Off,"Lambourne, M P  ",2020,,,,,,,,,,,,,,,,,,,,,,,,,,,,Officers
Craft 3366 Off 015,Craft,3366,3366,15,Org,15,Off,Vacant,,,,,,,,,,,,,,,,,,,,,,,,,,,,,Officers
Craft 3366 Off 016,Craft,3366,3366,16,ASec,16,Off,Vacant,,,,,,,,,,,,,,,,,,,,,,,,,,,,,Officers
Craft 3366 Off 017,Craft,3366,3366,17,IG,17,Off,"Travers, R R  ",2017,,,,,,,,,,,,,,,,,,,,,,,,,,,,Officers
Craft 3366 Off 018,Craft,3366,3366,18,Stwd,18,Off,"Paul, A   ",2024,,,,,,,,,,,,,,,,,,,,,,,,,,,,Officers
Craft 3366 Off 019,Craft,3366,3366,19,Stwd,18,Off,"Brewer, A   ",2024,,,,,,,,,,,,,,,,,,,,,,,,,,,,Officers
Craft 3366 Off 020,Craft,3366,3366,20,Stwd,18,Off,"Rimmer, D B  ",2024,,,,,,,,,,,,,,,,,,,,,,,,,,,,Officers
Craft 3366 Off 021,Craft,3366,3366,21,Stwd,18,Off,"Suckling, N J  ",2025,,,,,,,,,,,,,,,,,,,,,,,,,,,,Officers
Craft 3366 Off 022,Craft,3366,3366,22,Stwd,18,Off,"Martin, P M  ",2025,,,,,,,,,,,,,,,,,,,,,,,,,,,,Officers
Craft 3366 Off 023,Craft,3366,3366,23,Stwd,18,Off,"Good, P W  ",2025,,,,,,,,,,,,,,,,,,,,,,,,,,,,Officers
Craft 3366 Off 024,Craft,3366,3366,24,Stwd,18,Off,"Barrett, B O  ",2025,,,,,,,,,,,,,,,,,,,,,,,,,,,,Officers
Craft 3366 Off 025,Craft,3366,3366,25,Tyler,19,Off,"Travers, J H  ",2022,,,,,,,,,,,,,,,,,,,,,,,,,,,,Officers
Craft 3366 PMI 001,Craft,3366,3366,1,,,PMI,"Pitman, P J  ",1977,PPGSuptWks,1996,,,,,,,,8149,,,,,,,,,,,,,,,,,,PMI
Craft 3366 PMI 002,Craft,3366,3366,2,,,PMI,"Howard, D   ",1979,PProvSGW,2005,,,,,,,,"137, 9508",,,,,,,,,,,,,,,,,,PMI
Craft 3366 PMI 003,Craft,3366,3366,3,,,PMI,"Davis, A   ",1982,PPJGW,2008,,,,,,,,8641,,,,,,,,,,,,,,,,,,PMI
Craft 3366 PMI 004,Craft,3366,3366,4,,,PMI,"Goody, M J  ",1989,PPJGW,2002,,PProvGSuptWks (Middx.),1995,,,PAGDC,2013,"7571, 9177",,,,,,,,,,,,,,,,,,PMI
Craft 3366 PMI 005,Craft,3366,3366,5,,,PMI,"Leonard, N J C ",1989,PDepProvGM,2014,,,,,,PGSwdB,2015,"2559, 9508",,,,,,,,,,,,,,,,,,PMI
Craft 3366 PMI 006,Craft,3366,3366,6,,,PMI,"Mack, D C  ",1996,PPSGW,2012,,PProvSGW (Glos.),2015,,,,,"4329, 9566, 1146",,,,,,,,,,,,,,,,,,PMI
Craft 3366 PMI 007,Craft,3366,3366,7,,,PMI,"Burt, D B F ",1997,PProvSGW,2004,,,,,,,,"137, 9689, 9177",,,,,,,,,,,,,,,,,,PMI
Craft 3366 PMI 008,Craft,3366,3366,8,,,PMI,"Heath, D A D ",1997,PPSGW,2023,,,,,,,,8645,,,,,,,,,,,,,,,,,,PMI
Craft 3366 PMI 009,Craft,3366,3366,9,,,PMI,"Howes, K J  ",2000,PPGSwdB,2007,,,,,,PAGDC,2012,622,,,,,,,,,,,,,,,,,,PMI
Craft 3366 PMI 010,Craft,3366,3366,10,,,PMI,"Case, T D  ",2001,PPJGW,2025,,,,,,,,7907,,,,,,,,,,,,,,,,,,PMI
Craft 3366 PMI 011,Craft,3366,3366,11,,,PMI,"Gerring, A J  ",2003,PPGReg,2023,,,,,,,,8641,,,,,,,,,,,,,,,,,,PMI
Craft 3366 PMI 012,Craft,3366,3366,12,,,PMI,"Richardson, P R  ",2003,PPJGW,2024,,,,,,,,2559,,,,,,,,,,,,,,,,,,PMI
Craft 3366 PMI 013,Craft,3366,3366,13,,,PMI,"Micklefield, R F  ",2004,PPJGW,2019,,,,LGR,2005,,,"9689, 622, 8448",,,,,,,,,,,,,,,,,,PMI
Craft 3366 PMI 014,Craft,3366,3366,14,,,PMI,"Burt, M R  ",2005,PPSGW,2019,,PProvSGW (Hants. & I. of W.),2021,,,PDepGOrg,2024,"137, 7022",,,,,,,,,,,,,,,,,,PMI
Craft 3366 PMI 015,Craft,3366,3366,15,,,PMI,"Orton, K A  ",2005,PPSGW,2014,,,,,,PAGDC,2016,6582,,,,,,,,,,,,,,,,,,PMI
Craft 3366 PMI 016,Craft,3366,3366,16,,,PMI,"Halford, J S  ",2005,PPSGW,2022,,,,,,,,6445,,,,,,,,,,,,,,,,,,PMI
Craft 3366 PMI 017,Craft,3366,3366,17,,,PMI,"Ware, I R  ",2005,PPGReg,2019,,,,,,,,7300,,,,,,,,,,,,,,,,,,PMI
Craft 3366 PMI 018,Craft,3366,3366,18,,,PMI,"Warwick, M H  ",2005,PPAGDC,2010,,,,,,,,1266,,,,,,,,,,,,,,,,,,PMI
Craft 3366 PMI 019,Craft,3366,3366,19,,,PMI,"Eaton, D F  ",2005,PPJGW,2019,,,,,,,,7907,,,,,,,,,,,,,,,,,,PMI
Craft 3366 PMI 020,Craft,3366,3366,20,,,PMI,"Ferns, K V  ",2006,PPJGW,2023,,,,,,,,8099,,,,,,,,,,,,,,,,,,PMI
Craft 3366 PMI 021,Craft,3366,3366,21,,,PMI,"Unwin, D W  ",2006,PProvSGW,2015,,,,,,,,"8479, 9508",,,,,,,,,,,,,,,,,,PMI
Craft 3366 PMI 022,Craft,3366,3366,22,,,PMI,"Bott, M J  ",2006,PPSGW,2011,,,,,,,,"8641, 9163",,,,,,,,,,,,,,,,,,PMI
Craft 3366 PMI 023,Craft,3366,3366,23,,,PMI,"Ilott, P F  ",2006,PPGReg,2021,,,,,,,,"7096, 8641, 9508",,,,,,,,,,,,,,,,,,PMI
Craft 3366 PMI 024,Craft,3366,3366,24,,,PMI,"Stone, I R  ",2006,PPSGD,2022,,,,,,,,1037,,,,,,,,,,,,,,,,,,PMI
Craft 3366 PMI 025,Craft,3366,3366,25,,,PMI,"Parkes, B E  ",2006,PPJGW,2025,,PProvAGDC (Essex),1992-98,,,,,9005,,,,,,,,,,,,,,,,,,PMI
Craft 3366 PMI 026,Craft,3366,3366,26,,,PMI,"Kusminoff, E   ",2006,PProvSGW,2020,,,,,,,,7907,,,,,,,,,,,,,,,,,,PMI
Craft 3366 PMI 027,Craft,3366,3366,27,,,PMI,"Lake, D C  ",2006,PPJGW,2020,,,,,,,,622,,,,,,,,,,,,,,,,,,PMI
Craft 3366 PMI 028,Craft,3366,3366,28,,,PMI,"Selwood, S P  ",2006,PPJGW,2025,,,,,,,,3625,,,,,,,,,,,,,,,,,,PMI
Craft 3366 PMI 029,Craft,3366,3366,29,,,PMI,"Setchfield, R S  ",2006,PPGReg,2019,,PProvGStB (Middx.),2001,,,,,"3423, 6827, 9649",,,,,,,,,,,,,,,,,,PMI
Craft 3366 PMI 030,Craft,3366,3366,30,,,PMI,"Day, D J  ",2007,PPSGW,2022,,,,,,,,622,,,,,,,,,,,,,,,,,,PMI
Craft 3366 PMI 031,Craft,3366,3366,31,,,PMI,"Cutler, R J  ",2007,PPGSuptWks,2018,,PProvGSwdB (Hereford.),2023,,,,,"9177, 7769",,,,,,,,,,,,,,,,,,PMI
Craft 3366 PMI 032,Craft,3366,3366,32,,,PMI,"Diment-Davies, S   ",2007,PPGStB,2013,,,,,,,,1146,,,,,,,,,,,,,,,,,,PMI
Craft 3366 PMI 033,Craft,3366,3366,33,,,PMI,"Wiffen, B G  ",2008,PPGSuptWks,2020,,,,,,,,"7907, 9649",,,,,,,,,,,,,,,,,,PMI
Craft 3366 PMI 034,Craft,3366,3366,34,,,PMI,"Baines, R G  ",2008,,,,PProvJGW (W. Lancs.),1992-93,,,PJGD,2017,"8258, 155",,,,,,,,,,,,,,,,,,PMI
Craft 3366 PMI 035,Craft,3366,3366,35,,,PMI,"Kirby, A J  ",2008,PPGSwdB,2018,,,,,,,,8641,,,,,,,,,,,,,,,,,,PMI
Craft 3366 PMI 036,Craft,3366,3366,36,,,PMI,"Garment, C L  ",2008,PPJGW,2025,,PProvJGW (Essex),2018,,,,,"2255, 3521",,,,,,,,,,,,,,,,,,PMI
Craft 3366 PMI 037,Craft,3366,3366,37,,,PMI,"Old, K C  ",2008,PPGSuptWks,2021,,,,,,,,9689,,,,,,,,,,,,,,,,,,PMI
Craft 3366 PMI 038,Craft,3366,3366,38,,,PMI,"Leach, R J  ",2008,PPGReg,2023,,,,,,,,"8479, 9689, 9163",,,,,,,,,,,,,,,,,,PMI
Craft 3366 PMI 039,Craft,3366,3366,39,,,PMI,"Mallcott, G F  ",2008,PPDepGDC,2022,,,,,,,,7860,,,,,,,,,,,,,,,,,,PMI
Craft 3366 PMI 040,Craft,3366,3366,40,,,PMI,"Matthews, R E V ",2008,PPJGW,2022,,,,,,,,6525,,,,,,,,,,,,,,,,,,PMI
Craft 3366 PMI 041,Craft,3366,3366,41,,,PMI,"Reed, D J  ",2009,PPGSwdB,2022,,PProvGStB (Glos.),2008,,,,,8909,,,,,,,,,,,,,,,,,,PMI
Craft 3366 PMI 042,Craft,3366,3366,42,,,PMI,"Hickson, A D  ",2009,ProvAGDC,2025,Y,,,,,,,6525,,,,,,,,,,,,,,,,,,PMI
Craft 3366 PMI 043,Craft,3366,3366,43,,,PMI,"Moffatt, P A  ",2009,PPDepGDC,2021,,,,,,,,7907,,,,,,,,,,,,,,,,,,PMI
Craft 3366 PMI 044,Craft,3366,3366,44,,,PMI,"Bond, C W  ",2009,PAsstProvGM,2018,,,,,,PSGD,2020,5331,,,,,,,,,,,,,,,,,,PMI
Craft 3366 PMI 045,Craft,3366,3366,45,,,PMI,"Bond, D N  ",2009,PPDepGDC,2021,,,,,,,,2559,,,,,,,,,,,,,,,,,,PMI
Craft 3366 PMI 046,Craft,3366,3366,46,,,PMI,"Preston, D S  ",2009,PPSGW,2022,,PProvJGW (Middx.),2015,,,,,"708, 665",,,,,,,,,,,,,,,,,,PMI
Craft 3366 PMI 047,Craft,3366,3366,47,,,PMI,"Scott-Kilner, P   ",2010,PPJGW,2024,,PProvGSwdB (Notts.),2010,,,,,3916,,,,,,,,,,,,,,,,,,PMI
Craft 3366 PMI 048,Craft,3366,3366,48,,,PMI,"Wills, C   ",2010,PProvSGW,2018,,PProvSGW (Wilts.),2024,,,,,"7300, 9587, 9942",,,,,,,,,,,,,,,,,,PMI
Craft 3366 PMI 049,Craft,3366,3366,49,,,PMI,"Sullivan, I R  ",2010,,,,,,LGR,2011,,,8823,,,,,,,,,,,,,,,,,,PMI
Craft 3366 PMI 050,Craft,3366,3366,50,,,PMI,"Bugler, R A L ",2010,PPGSuptWks,2009,,,,,,,,"1266, 9290, 7682",,,,,,,,,,,,,,,,,,PMI
Craft 3366 PMI 051,Craft,3366,3366,51,,,PMI,"Harvey, C   ",2010,PPGReg,2023,,,,,,,,8149,,,,,,,,,,,,,,,,,,PMI
Craft 3366 PMI 052,Craft,3366,3366,52,,,PMI,"Brownridge, R C  ",2010,PPGSwdB,2025,,,,,,,,"2559, 1146",,,,,,,,,,,,,,,,,,PMI
Craft 3366 PMI 053,Craft,3366,3366,53,,,PMI,"MacLean, A C  ",2011,PPGSwdB,2021,,PProvSGD (Hants. & I. of W.),2022,SLGR,2024,,,"7707, 3221",,,,,,,,,,,,,,,,,,PMI
Craft 3366 PMI 054,Craft,3366,3366,54,,,PMI,"Hand, A R  ",2011,PPGReg,2024,,,,,,,,7907,,,,,,,,,,,,,,,,,,PMI
Craft 3366 PMI 055,Craft,3366,3366,55,,,PMI,"Evans, P W  ",2011,PPSGD,2019,,,,,,,,6445,,,,,,,,,,,,,,,,,,PMI
Craft 3366 PMI 056,Craft,3366,3366,56,,,PMI,"Chatton, G B  ",2013,PPGSwdB,2025,,,,,,,,3625,,,,,,,,,,,,,,,,,,PMI
Craft 3366 PMI 057,Craft,3366,3366,57,,,PMI,"Higgin, A R  ",2013,,,,PProvGReg (Bucks.),2020,LGR,2022,,,"6483, 1805",,,,,,,,,,,,,,,,,,PMI
Craft 3366 PMI 058,Craft,3366,3366,58,,,PMI,"Knights, G S  ",2013,PPJGW,2023,,,,,,,,622,,,,,,,,,,,,,,,,,,PMI
Craft 3366 PMI 059,Craft,3366,3366,59,,,PMI,"Hughes, B M  ",2014,PPAGDC,2020,,,,,,,,386,,,,,,,,,,,,,,,,,,PMI
Craft 3366 PMI 060,Craft,3366,3366,60,,,PMI,"Glazier, G R  ",2015,PProvGM,2018,,PProvDepGDC (Hants. & I. of W.),1995-14,,,PProvGM (Dorset),2018,"6664, 1168",,,,,,,,,,,,,,,,,,PMI
Craft 3366 PMI 061,Craft,3366,3366,61,,,PMI,"Jennings, A S  ",2015,PPDepGDC,2019,,PProvJGD (W. Lancs.),2012,,,,,"4679, 2559",,,,,,,,,,,,,,,,,,PMI
Craft 3366 PMI 062,Craft,3366,3366,62,,,PMI,"King, M D  ",2016,PPGReg,2025,,,,,,,,7300,,,,,,,,,,,,,,,,,,PMI
Craft 3366 PMI 063,Craft,3366,3366,63,,,PMI,"Davis, M D  ",2016,PPGSwdB,2024,,,,,,,,6582,,,,,,,,,,,,,,,,,,PMI
Craft 3366 PMI 064,Craft,3366,3366,64,,,PMI,"Pilkington, P R  ",2016,PPJGD,2020,,,,,,,,8290,,,,,,,,,,,,,,,,,,PMI
Craft 3366 PMI 065,Craft,3366,3366,65,,,PMI,"Ruffell, G J  ",2016,PPGSuptWks,2022,,,,,,,,"6582, 9163",,,,,,,,,,,,,,,,,,PMI
Craft 3366 PMI 066,Craft,3366,3366,66,,,PMI,"Austen, L J  ",2017,,,,PProvGReg (Berks.),2024,,,,,"8802, 6581",,,,,,,,,,,,,,,,,,PMI
Craft 3366 PMI 067,Craft,3366,3366,67,,,PMI,"Soutar, S P J ",2017,PProvGStB,2017,,,,,,,,9727,,,,,,,,,,,,,,,,,,PMI
Craft 3366 PMI 068,Craft,3366,3366,68,,,PMI,"Bateman, R W  ",2017,,,,,,LGR,2008,,,"5434, 707, 1367",,,,,,,,,,,,,,,,,,PMI
Craft 3366 PMI 069,Craft,3366,3366,69,,,PMI,"Rogers, A S  ",2017,PPGSuptWks,2022,,PProvGSwdB (Hants. & I. of W.),2025,,,,,"2559, 9878",,,,,,,,,,,,,,,,,,PMI
Craft 3366 PMI 070,Craft,3366,3366,70,,,PMI,"Ward, P T  ",2017,PPSGW,2018,,,,,,,,"1037, 8025",,,,,,,,,,,,,,,,,,PMI
Craft 3366 PMI 071,Craft,3366,3366,71,,,PMI,"Dorrington-Ward, S   ",2017,PPJGD,2022,,,,,,,,707,,,,,,,,,,,,,,,,,,PMI
Craft 3366 PMI 072,Craft,3366,3366,72,,,PMI,"Allan, J J B ",2017,PProvJGW,2011,,,,,,PAGDC,2014,1168,,,,,,,,,,,,,,,,,,PMI
Craft 3366 PMI 073,Craft,3366,3366,73,,,PMI,"Probert, P F  ",2017,PPGReg,2025,,PProvAGSwdB (Hants. & I. of W.),2009-10,,,,,"257, 9649",,,,,,,,,,,,,,,,,,PMI
Craft 3366 PMI 074,Craft,3366,3366,74,,,PMI,"Leach, S J  ",2017,PPDepGDC,2022,,,,,,,,8479,,,,,,,,,,,,,,,,,,PMI
Craft 3366 PMI 075,Craft,3366,3366,75,,,PMI,"Travers, R R  ",2017,PPGSwdB,2025,,,,,,,,707,,,,,,,,,,,,,,,,,,PMI
Craft 3366 PMI 076,Craft,3366,3366,76,,,PMI,"Bursey, R S  ",2019,PPJGD,2020,,,,,,,,137,,,,,,,,,,,,,,,,,,PMI
Craft 3366 PMI 077,Craft,3366,3366,77,,,PMI,"Colborne, M J  ",2019,PProvJGD,2023,,,,,,,,137,,,,,,,,,,,,,,,,,,PMI
Craft 3366 PMI 078,Craft,3366,3366,78,,,PMI,"Craner, D   ",2019,PProvGPurs,2022,,,,,,,,1367,,,,,,,,,,,,,,,,,,PMI
Craft 3366 PMI 079,Craft,3366,3366,79,,,PMI,"Waters, N F  ",2019,PPGSuptWks,1996,,,,,,,,1266,,,,,,,,,,,,,,,,,,PMI
Craft 3366 PMI 080,Craft,3366,3366,80,,,PMI,"Nixey, M T  ",2019,PPSGW,2023,,,,,,,,3473,,,,,,,,,,,,,,,,,,PMI
Craft 3366 PMI 081,Craft,3366,3366,81,,,PMI,"Parkes, M R  ",2019,AsstProvGM,2022,Y,,,,,PSGD,2025,9689,,,,,,,,,,,,,,,,,,PMI
Craft 3366 PMI 082,Craft,3366,3366,82,,,PMI,"McEwen, A P  ",2019,PPJGD,2023,,PProvGStB (Middx.),1992,,,,,1238,,,,,,,,,,,,,,,,,,PMI
Craft 3366 PMI 083,Craft,3366,3366,83,,,PMI,"Green, T   ",2019,ProvGSec,2024,Y,,,,,PAGDC,2026,7873,,,,,,,,,,,,,,,,,,PMI
Craft 3366 PMI 084,Craft,3366,3366,84,,,PMI,"Green, R B  ",2020,ProvGMen,2024,Y,,,,,,,7873,,,,,,,,,,,,,,,,,,PMI
Craft 3366 PMI 085,Craft,3366,3366,85,,,PMI,"Scates, N   ",2020,,,,PProvAGDC (Hants. & I. of W.),2024,,,,,9727,,,,,,,,,,,,,,,,,,PMI
Craft 3366 PMI 086,Craft,3366,3366,86,,,PMI,"Pile, D   ",2020,PPSGD,2020,,,,,,,,6445,,,,,,,,,,,,,,,,,,PMI
Craft 3366 PMI 087,Craft,3366,3366,87,,,PMI,"Lambourne, M P  ",2020,PPGSwdB,2019,,,,,,,,6445,,,,,,,,,,,,,,,,,,PMI
Craft 3366 PMI 088,Craft,3366,3366,88,,,PMI,"Fox, D P  ",2021,PProvGStwd,2022,,,,,,,,8645,,,,,,,,,,,,,,,,,,PMI
Craft 3366 PMI 089,Craft,3366,3366,89,,,PMI,"Travers, J H  ",2022,PPGSuptWks,2021,,,,,,,,8149,,,,,,,,,,,,,,,,,,PMI
Craft 3366 PMI 090,Craft,3366,3366,90,,,PMI,"James, S A  ",2022,ProvGM,2024,Y,,,,,ProvGM (Dorset),2024,"1266, 9508",,,,,,,,,,,,,,,,,,PMI
Craft 3366 PMI 091,Craft,3366,3366,91,,,PMI,"Boyd, P W  ",2022,PPJGW,2019,,,,,,PAGDC,2021,6525,,,,,,,,,,,,,,,,,,PMI
Craft 3366 PMI 092,Craft,3366,3366,92,,,PMI,"Jackson, R   ",2022,PPJGW,2025,,PProvGSuptWks (Surrey),2015,,,,,"6136, 3625",,,,,,,,,,,,,,,,,,PMI
Craft 3366 PMI 093,Craft,3366,3366,93,,,PMI,"Baird, I E  ",2022,,,,,,,,PJGD,1996,3304,,,,,,,,,,,,,,,,,,PMI
Craft 3366 PMI 094,Craft,3366,3366,94,,,PMI,"Legg, T R H ",2022,PProvSGD,2024,,,,,,,,3625,,,,,,,,,,,,,,,,,,PMI
Craft 3366 PMI 095,Craft,3366,3366,95,,,PMI,"Sandall, D L  ",2022,PPJGW,2019,,,,,,,,"3625, 9546",,,,,,,,,,,,,,,,,,PMI
Craft 3366 PMI 096,Craft,3366,3366,96,,,PMI,"Falconer, W A  ",2023,PPSGW,2023,,,,,,,,472,,,,,,,,,,,,,,,,,,PMI
Craft 3366 PMI 097,Craft,3366,3366,97,,,PMI,"Lofthouse, M P  ",2023,,,,,,,,,,1266,,,,,,,,,,,,,,,,,,PMI
Craft 3366 PMI 098,Craft,3366,3366,98,,,PMI,"Chown, J W  ",2023,,,,,,,,,,472,,,,,,,,,,,,,,,,,,PMI
Craft 3366 PMI 099,Craft,3366,3366,99,,,PMI,"Sandall, C B  ",2023,ProvSGD,2025,Y,,,,,,,3625,,,,,,,,,,,,,,,,,,PMI
Craft 3366 PMI 100,Craft,3366,3366,100,,,PMI,"Washbourne, A R  ",2024,ProvGChStwd,2025,Y,,,,,,,386,,,,,,,,,,,,,,,,,,PMI
Craft 3366 PMI 101,Craft,3366,3366,101,,,PMI,"Gale, A P T ",2024,ProvGAlm,2024,Y,,,,,,,622,,,,,,,,,,,,,,,,,,PMI
Craft 3366 PMI 102,Craft,3366,3366,102,,,PMI,"Turner, K M  ",2024,PProvGStwd,2024,,,,,,,,170,,,,,,,,,,,,,,,,,,PMI
Craft 3366 PMI 103,Craft,3366,3366,103,,,PMI,"Waddington, J A R ",2024,ProvGMO,2023,Y,PProvSGD (W. Kent),2021,,,,,"8409, 9942",,,,,,,,,,,,,,,,,,PMI
Craft 3366 PMI 104,Craft,3366,3366,104,,,PMI,"Ward, A   ",2024,ProvDepGSec,2025,Y,,,,,,,1266,,,,,,,,,,,,,,,,,,PMI
Craft 3366 PMI 105,Craft,3366,3366,105,,,PMI,"Brewer, A   ",2024,PProvGSwdB,2024,,PProvJGD (Middx.),2024,,,,,"8937, 3878",,,,,,,,,,,,,,,,,,PMI
Craft 3366 PMI 106,Craft,3366,3366,106,,,PMI,"Rimmer, D B  ",2024,PProvAGDC,2013,,,,,,,,9177,,,,,,,,,,,,,,,,,,PMI
Craft 3366 PMI 107,Craft,3366,3366,107,,,PMI,"Paul, A   ",2024,PPAGDC,2025,,,,,,,,8645,,,,,,,,,,,,,,,,,,PMI
Craft 3366 PMI 108,Craft,3366,3366,108,,,PMI,"Ward, M   ",2025,PPGStB,2021,,,,,,,,1266,,,,,,,,,,,,,,,,,,PMI
Craft 3366 PMI 109,Craft,3366,3366,109,,,PMI,"Suckling, N J  ",2025,,,,PProvSGD (Suffolk),2022,,,,,936,,,,,,,,,,,,,,,,,,PMI
Craft 3366 PMI 110,Craft,3366,3366,110,,,PMI,"Good, P W  ",2025,,,,PProvAGDC (E. Kent),2018,,,,,1273,,,,,,,,,,,,,,,,,,PMI
Craft 3366 PMI 111,Craft,3366,3366,111,,,PMI,"Martin, P M  ",2025,,,,PProvDepGSwdB (E. Kent),2019,,,,,"972, 7907",,,,,,,,,,,,,,,,,,PMI
Craft 3366 PMI 112,Craft,3366,3366,112,,,PMI,"Johnston, A W  ",2025,PPSGD,2019,,,,,,,,707,,,,,,,,,,,,,,,,,,PMI
Craft 3366 PMI 113,Craft,3366,3366,113,,,PMI,"Burstow, M D  ",2025,DepProvGM,2024,Y,,,,,PGSwdB,2025,"3878, 7326, 3221, 1805",,,,,,,,,,,,,,,,,,PMI
Craft 3366 PMI 114,Craft,3366,3366,114,,,PMI,"Kerr, A D  ",2025,,,,,,,,,,472,,,,,,,,,,,,,,,,,,PMI
Craft 3366 PMI 115,Craft,3366,3366,115,,,PMI,"Richards, M F  ",2025,,,,,,LGR,2022,PAGStB,2023,"4845, 3743, 1168",,,,,,,,,,,,,,,,,,PMI
Craft 3366 PMI 116,Craft,3366,3366,116,,,PMI,"Evans, S J  ",2026,PProvAGDC,2022,,,,,,,,8290,,,,,,,,,,,,,,,,,,PMI
Craft 3366 PMI 117,Craft,3366,3366,117,,,PMI,"Lacey-Clarke, N B L ",2026,ProvGStwd,2025,Y,,,,,,,1266,,,,,,,,,,,,,,,,,,PMI
Craft 3366 PMO 001,Craft,3366,3366,1,,,PMO,"Barnes, K H  ",,PProvGM,1994,,,,,,PProvGM (Dorset),1994,,1999,1999,,,,,,,,,,,,,,,,PMO
Craft 3366 PMO 016,Craft,3366,3366,16,,,PMO,"Shaw, F J  ",,PPSGW,2011,,,,,,PAGDC,2013,,2012,2012,,,,,,,,,,,,,,,,PMO
Craft 3366 PMO 019,Craft,3366,3366,19,,,PMO,"Deakin, C W  ",,PDepProvGM,2010,,,,,,PGSwdB,2011,,2015,2015,,,,,,,,,,,,,,,,PMO
Craft 3366 PMO 023,Craft,3366,3366,23,,,PMO,"Winslade, M D  ",,PPSGW,2015,,,,,,,,,2016,2016,,,,,,,,,,,,,,,,PMO
Craft 3366 PMO 024,Craft,3366,3366,24,,,PMO,"Lill, C J  ",,PDepProvGM,2018,,,,,,PGSwdB,2019,,2017,2017,,,,,,,,,,,,,,,,PMO
Craft 3366 PMO 027,Craft,3366,3366,27,,,PMO,"Angel, R D  ",,PPSGW,2014,,,,,,PAGSwdB,2019,,2019,2019,,,,,,,,,,,,,,,,PMO
Craft 3366 PMO 029,Craft,3366,3366,29,,,PMO,"Francis, R E  ",,PProvSGW,2019,,,,,,,,,2021,2021,,,,,,,,,,,,,,,,PMO
Craft 3366 PMO 032,Craft,3366,3366,32,,,PMO,"House, N M D ",,PProvSGW,2012,,,,,,PAGDC,2015,,2022,2022,,,,,,,,,,,,,,,,PMO
Craft 3366 PMO 036,Craft,3366,3366,36,,,PMO,"Tritton, B D  ",,PPSGW,2014,,,,,,PAGDC,2019,,2023,2023,,,,,,,,,,,,,,,,PMO
Craft 3366 PMO 038,Craft,3366,3366,38,,,PMO,"Ballard, C T  ",,PPJGW,2019,,,,,,,,,2024,2024,,,,,,,,,,,,,,,,PMO
Craft 3473 Hon 001,Craft,3473,3473,1,,,Hon,"Barnes, K H  ",2008,PProvGM,1994,,,,,,PProvGM (Dorset),1994,,,,,,,,,,,,,,,,,,,Honorary
Craft 3473 Hon 002,Craft,3473,3473,2,,,Hon,"Laming, P M  ",2024,PPGReg,2016,,,,,,,,,,,,,,,,,,,,,,,,,,Honorary
Craft 3473 Hon 003,Craft,3473,3473,3,,,Hon,"Hollings, W C A ",2024,PPGSwdB,2016,,,,,,,,,,,,,,,,,,,,,,,,,,Honorary
Craft 3473 Inst 001,Craft,3473,3473,1,,,Inst,,,,,,,,,,,,,,,November 17th 2025,,,,,,,,,,,,,,,DBLodges
Craft 3473 Mem 001,Craft,3473,3473,1,,,Mem,"Stone, T A  ",1970,,,,,,,,,,,,,,,,,,,,,,,,,,,,MarkRAMPMI
Craft 3473 Mem 002,Craft,3473,3473,2,,,Mem,"Schofield, V T  ",1973,PPJGW,2021,,PProvAGSuptWks (Middx.),2001,,,,,,,,,,,,,,,,,,,,,,,MarkRAMPMI
Craft 3473 Mem 003,Craft,3473,3473,3,,,Mem,"Nixey, M T  ",1977,PPSGW,2023,,,,,,,,,,,,,,,,,,,,,,,,,,MarkRAMPMI
Craft 3473 Mem 004,Craft,3473,3473,4,,,Mem,"Bartlett, H J  ",1980,,,,,,,,,,,,,,,,,,,,,,,,,,,,MarkRAMPMI
Craft 3473 Mem 005,Craft,3473,3473,5,,,Mem,"Martin, R W  ",1985,PPGSuptWks,2010,,,,,,,,,,,,,,,,,,,,,,,,,,MarkRAMPMI
Craft 3473 Mem 006,Craft,3473,3473,6,,,Mem,"Parkes, R W  ",1988,PPJGW,2019,,,,,,,,,,,,,,,,,,,,,,,,,,MarkRAMPMI
Craft 3473 Mem 007,Craft,3473,3473,7,,,Mem,"Stone, R   ",1990,PPSGW,2020,,,,,,,,,,,,,,,,,,,,,,,,,,MarkRAMPMI
Craft 3473 Mem 008,Craft,3473,3473,8,,,Mem,"Watson, D R  ",1992,PPJGW,2025,,,,,,,,,,,,,,,,,,,,,,,,,,MarkRAMPMI
Craft 3473 Mem 009,Craft,3473,3473,9,,,Mem,"Fletcher, L   ",1993,PPJGW,2021,,,,,,,,,,,,,,,,,,,,,,,,,,MarkRAMPMI
Craft 3473 Mem 010,Craft,3473,3473,10,,,Mem,"Pepperell, A L  ",1994,,,,PProvGReg (Surrey),2021,,,,,,,,,,,,,,,,,,,,,,,MarkRAMPMI
Craft 3473 Mem 011,Craft,3473,3473,11,,,Mem,"Sanford, S M  ",1997,PPGReg,2022,,,,,,,,,,,,,,,,,,,,,,,,,,MarkRAMPMI
Craft 3473 Mem 012,Craft,3473,3473,12,,,Mem,"Conner, G V  ",1998,,,,,,,,,,,,,,,,,,,,,,,,,,,,MarkRAMPMI
Craft 3473 Mem 013,Craft,3473,3473,13,,,Mem,"MacGregor, J S  ",2000,PPSGD,2023,,PProvGStB (Berks.),2022,,,,,,,,,,,,,,,,,,,,,,,MarkRAMPMI
Craft 3473 Mem 014,Craft,3473,3473,14,,,Mem,"Hicks, D J  ",2001,PPGSuptWks,2022,,,,,,,,,,,,,,,,,,,,,,,,,,MarkRAMPMI
Craft 3473 Mem 015,Craft,3473,3473,15,,,Mem,"Cartwright, A J  ",2002,PPAGDC,2018,,,,,,,,,,,,,,,,,,,,,,,,,,MarkRAMPMI
Craft 3473 Mem 016,Craft,3473,3473,16,,,Mem,"Arthur, R J  ",2004,PPGSuptWks,2022,,,,,,,,,,,,,,,,,,,,,,,,,,MarkRAMPMI
Craft 3473 Mem 017,Craft,3473,3473,17,,,Mem,"Meades, G T  ",2004,PPGStB,2020,,,,,,,,,,,,,,,,,,,,,,,,,,MarkRAMPMI
Craft 3473 Mem 018,Craft,3473,3473,18,,,Mem,"Barrett, T M  ",2005,PProvSGD,2019,,,,,,,,,,,,,,,,,,,,,,,,,,MarkRAMPMI
Craft 3473 Mem 019,Craft,3473,3473,19,,,Mem,"Barnes, R J  ",2006,PPAGDC,2025,,,,,,,,,,,,,,,,,,,,,,,,,,MarkRAMPMI
Craft 3473 Mem 020,Craft,3473,3473,20,,,Mem,"Davies, S P  ",2007,PProvJGD,2024,,,,,,,,,,,,,,,,,,,,,,,,,,MarkRAMPMI
Craft 3473 Mem 021,Craft,3473,3473,21,,,Mem,"Tuck, K J  ",2008,PPAGDC,2024,,,,,,,,,,,,,,,,,,,,,,,,,,MarkRAMPMI
Craft 3473 Mem 022,Craft,3473,3473,22,,,Mem,"Baker, G M  ",2009,PPJGD,2022,,,,,,,,,,,,,,,,,,,,,,,,,,MarkRAMPMI
Craft 3473 Mem 023,Craft,3473,3473,23,,,Mem,"Hansford, A M  ",2009,,,,PProvSGD (Cornwall),1998-01,,,,,,,,,,,,,,,,,,,,,,,MarkRAMPMI
Craft 3473 Mem 024,Craft,3473,3473,24,,,Mem,"Brown, A J  ",2011,,,,,,,,,,,,,,,,,,,,,,,,,,,,MarkRAMPMI
Craft 3473 Mem 025,Craft,3473,3473,25,,,Mem,"Hollings, J D  ",2012,,,,,,,,,,,,,,,,,,,,,,,,,,,,MarkRAMPMI
Craft 3473 Mem 026,Craft,3473,3473,26,,,Mem,"Lucas, G F R ",2014,,,,,,,,,,,,,,,,,,,,,,,,,,,,MarkRAMPMI
Craft 3473 Mem 027,Craft,3473,3473,27,,,Mem,"Burgess, W J  ",2014,,,,,,,,,,,,,,,,,,,,,,,,,,,,MarkRAMPMI
Craft 3473 Mem 028,Craft,3473,3473,28,,,Mem,"Bunworth, P   ",2015,,,,,,,,,,,,,,,,,,,,,,,,,,,,MarkRAMPMI
Craft 3473 Mem 029,Craft,3473,3473,29,,,Mem,"Hancock, J C  ",2016,,,,,,,,,,,,,,,,,,,,,,,,,,,,MarkRAMPMI
Craft 3473 Mem 030,Craft,3473,3473,30,,,Mem,"Tate, S A  ",2017,,,,,,,,,,,,,,,,,,,,,,,,,,,,MarkRAMPMI
Craft 3473 Mem 031,Craft,3473,3473,31,,,Mem,"Gover, C   ",2018,,,,,,,,,,,,,,,,,,,,,,,,,,,,MarkRAMPMI
Craft 3473 Mem 032,Craft,3473,3473,32,,,Mem,"Fagan, R   ",2018,,,,,,,,,,,,,,,,,,,,,,,,,,,,MarkRAMPMI
Craft 3473 Mem 033,Craft,3473,3473,33,,,Mem,"Fagan, A B  ",2019,,,,,,,,,,,,,,,,,,,,,,,,,,,,MarkRAMPMI
Craft 3473 Mem 034,Craft,3473,3473,34,,,Mem,"O'Dowd, K P  ",2022,PPGStB,2014,,,,,,,,,,,,,,,,,,,,,,,,,,MarkRAMPMI
Craft 3473 Mem 035,Craft,3473,3473,35,,,Mem,"Grant, C R  ",2022,,,,,,,,,,,,,,,,,,,,,,,,,,,,MarkRAMPMI
Craft 3473 Mem 036,Craft,3473,3473,36,,,Mem,"Barrett, L A  ",2022,,,,,,,,,,,,,,,,,,,,,,,,,,,,MarkRAMPMI
Craft 3473 Mem 037,Craft,3473,3473,37,,,Mem,"Hughes, C G  ",2023,,,,,,,,,,,,,,,,,,,,,,,,,,,,MarkRAMPMI
Craft 3473 Mem 038,Craft,3473,3473,38,,,Mem,"Haskins, K P  ",2023,,,,,,,,,,,,,,,,,,,,,,,,,,,,MarkRAMPMI
Craft 3473 Mem 039,Craft,3473,3473,39,,,Mem,"Barrett, A M  ",2023,,,,,,,,,,,,,,,,,,,,,,,,,,,,MarkRAMPMI
Craft 3473 Mem 040,Craft,3473,3473,40,,,Mem,"McGrady, D D H ",2024,,,,,,,,,,,,,,,,,,,,,,,,,,,,MarkRAMPMI
Craft 3473 Mem 041,Craft,3473,3473,41,,,Mem,"McGrady, D W  ",2024,,,,PProvGStB (Surrey),2002,,,,,,,,,,,,,,,,,,,,,,,MarkRAMPMI
Craft 3473 Mem 042,Craft,3473,3473,42,,,Mem,"Samways, J P  ",2024,,,,,,,,,,,,,,,,,,,,,,,,,,,,MarkRAMPMI
Craft 3473 Mem 043,Craft,3473,3473,43,,,Mem,"Kirton, D I  ",2026,,,,,,,,,,,,,,,,,,,,,,,,,,,,MarkRAMPMI
Craft 3473 Mem 044,Craft,3473,3473,44,,,Mem,"Baldwin, K D R ",2026,,,,,,,,,,,,,,,,,,,,,,,,,,,,MarkRAMPMI
Craft 3473 Off 001,Craft,3473,3473,1,WM,1,Off,"Gover, C   ",2018,,,,,,,,,,,,,,,,,,,,,,,,,,,,Officers
Craft 3473 Off 002,Craft,3473,3473,2,SW,2,Off,"Fagan, A B  ",2019,,,,,,,,,,,,,,,,,,,,,,,,,,,,Officers
Craft 3473 Off 003,Craft,3473,3473,3,JW,3,Off,"Barrett, A M  ",2023,,,,,,,,,,,,,,,,,,,,,,,,,,,,Officers
Craft 3473 Off 004,Craft,3473,3473,4,Chap,4,Off,"Sanford, S M  ",1997,,,,,,,,,,,,,,,,,,,,,,,,,,,,Officers
Craft 3473 Off 005,Craft,3473,3473,5,Treas,5,Off,"Tate, S A  ",2017,,,,,,,,,,,,,,,,,,,,,,,,,,,,Officers
Craft 3473 Off 006,Craft,3473,3473,6,Sec,6,Off,"Tuck, K J  ",2008,,,,,,,,,,,,,,,,,,,,,,,,,,,,Officers
Craft 3473 Off 007,Craft,3473,3473,7,DC,7,Off,"Davies, S P  ",2007,,,,,,,,,,,,,,,,,,,,,,,,,,,,Officers
Craft 3473 Off 008,Craft,3473,3473,8,Alm,8,Off,"Hancock, J C  ",2016,,,,,,,,,,,,,,,,,,,,,,,,,,,,Officers
Craft 3473 Off 009,Craft,3473,3473,9,ChStwd,9,Off,"Barrett, T M  ",2005,,,,,,,,,,,,,,,,,,,,,,,,,,,,Officers
Craft 3473 Off 010,Craft,3473,3473,10,MO,10,Off,"Barnes, R J  ",2006,,,,,,,,,,,,,,,,,,,,,,,,,,,,Officers
Craft 3473 Off 011,Craft,3473,3473,11,Mentor,11,Off,"Lucas, G F R ",2014,,,,,,,,,,,,,,,,,,,,,,,,,,,,Officers
Craft 3473 Off 012,Craft,3473,3473,12,SD,12,Off,"Barrett, L A  ",2022,,,,,,,,,,,,,,,,,,,,,,,,,,,,Officers
Craft 3473 Off 013,Craft,3473,3473,13,JD,13,Off,"Hughes, C G  ",2023,,,,,,,,,,,,,,,,,,,,,,,,,,,,Officers
Craft 3473 Off 014,Craft,3473,3473,14,ADC,14,Off,"Lucas, G F R ",2014,,,,,,,,,,,,,,,,,,,,,,,,,,,,Officers
Craft 3473 Off 015,Craft,3473,3473,15,Org,15,Off,Vacant,,,,,,,,,,,,,,,,,,,,,,,,,,,,,Officers
Craft 3473 Off 016,Craft,3473,3473,16,ASec,16,Off,"Fagan, R   ",2018,,,,,,,,,,,,,,,,,,,,,,,,,,,,Officers
Craft 3473 Off 017,Craft,3473,3473,17,IG,17,Off,"Haskins, K P  ",2023,,,,,,,,,,,,,,,,,,,,,,,,,,,,Officers
Craft 3473 Off 018,Craft,3473,3473,18,Stwd,18,Off,"Brown, A J  ",2011,,,,,,,,,,,,,,,,,,,,,,,,,,,,Officers
Craft 3473 Off 019,Craft,3473,3473,19,Stwd,18,Off,"Bunworth, P   ",2015,,,,,,,,,,,,,,,,,,,,,,,,,,,,Officers
Craft 3473 Off 020,Craft,3473,3473,20,Stwd,18,Off,"Grant, C R  ",2022,,,,,,,,,,,,,,,,,,,,,,,,,,,,Officers
Craft 3473 Off 021,Craft,3473,3473,21,Stwd,18,Off,"McGrady, D D H ",2024,,,,,,,,,,,,,,,,,,,,,,,,,,,,Officers
Craft 3473 Off 022,Craft,3473,3473,22,Stwd,18,Off,"Samways, J P  ",2024,,,,,,,,,,,,,,,,,,,,,,,,,,,,Officers
Craft 3473 Off 023,Craft,3473,3473,23,Tyler,19,Off,"Hancock, J C  ",2016,,,,,,,,,,,,,,,,,,,,,,,,,,,,Officers
Craft 3473 PMI 001,Craft,3473,3473,1,,,PMI,"Schofield, V T  ",1973,PPJGW,2021,,PProvAGSuptWks (Middx.),2001,,,,,8724,,,,,,,,,,,,,,,,,,PMI
Craft 3473 PMI 002,Craft,3473,3473,2,,,PMI,"Parkes, R W  ",1988,PPJGW,2019,,,,,,,,9546,,,,,,,,,,,,,,,,,,PMI
Craft 3473 PMI 003,Craft,3473,3473,3,,,PMI,"Pepperell, A L  ",1994,,,,PProvGReg (Surrey),2021,,,,,4771,,,,,,,,,,,,,,,,,,PMI
Craft 3473 PMI 004,Craft,3473,3473,4,,,PMI,"Hansford, A M  ",2009,,,,PProvSGD (Cornwall),1998-01,,,,,"9147, 472",,,,,,,,,,,,,,,,,,PMI
Craft 3473 PMI 005,Craft,3473,3473,5,,,PMI,"McGrady, D W  ",2024,,,,PProvGStB (Surrey),2002,,,,,7721,,,,,,,,,,,,,,,,,,PMI
Craft 3473 PMO 001,Craft,3473,3473,1,,,PMO,"Nixey, M T  ",,PPSGW,2023,,,,,,,,,1988,1988,,,,,,,,,,,,,,,,PMO
Craft 3473 PMO 003,Craft,3473,3473,3,,,PMO,"Hollings, W C A ",,PPGSwdB,2016,,,,,,,,,1993,1993,,,,,,,,,,,,,,,,PMO
Craft 3473 PMO 004,Craft,3473,3473,4,,,PMO,"Laming, P M  ",,PPGReg,2016,,,,,,,,,1994,1994,,,,,,,,,,,,,,,,PMO
Craft 3473 PMO 005,Craft,3473,3473,5,,,PMO,"Martin, R W  ",,PPGSuptWks,2010,,,,,,,,,"1995, 1998",1995,,,,,,,,,,,,,,,,PMO
Craft 3473 PMO 006,Craft,3473,3473,6,,,PMO,"Stone, R   ",,PPSGW,2020,,,,,,,,,1999,1999,,,,,,,,,,,,,,,,PMO
Craft 3473 PMO 007,Craft,3473,3473,7,,,PMO,"Fletcher, L   ",,PPJGW,2021,,,,,,,,,2001,2001,,,,,,,,,,,,,,,,PMO
Craft 3473 PMO 009,Craft,3473,3473,9,,,PMO,"Watson, D R  ",,PPJGW,2025,,,,,,,,,2004,2004,,,,,,,,,,,,,,,,PMO
Craft 3473 PMO 010,Craft,3473,3473,10,,,PMO,"Sanford, S M  ",,PPGReg,2022,,,,,,,,,2005,2005,,,,,,,,,,,,,,,,PMO
Craft 3473 PMO 011,Craft,3473,3473,11,,,PMO,"O'Dowd, K P  ",,PPGStB,2014,,,,,,,,,2007,2007,,,,,,,,,,,,,,,,PMO
Craft 3473 PMO 012,Craft,3473,3473,12,,,PMO,"Hicks, D J  ",,PPGSuptWks,2022,,,,,,,,,2008,2008,,,,,,,,,,,,,,,,PMO
Craft 3473 PMO 013,Craft,3473,3473,13,,,PMO,"MacGregor, J S  ",,PPSGD,2023,,PProvGStB (Berks.),2022,,,,,,2009,2009,,,,,,,,,,,,,,,,PMO
Craft 3473 PMO 014,Craft,3473,3473,14,,,PMO,"Cartwright, A J  ",,PPAGDC,2018,,,,,,,,,2011,2011,,,,,,,,,,,,,,,,PMO
Craft 3473 PMO 015,Craft,3473,3473,15,,,PMO,"Meades, G T  ",,PPGStB,2020,,,,,,,,,2013,2013,,,,,,,,,,,,,,,,PMO
Craft 3473 PMO 016,Craft,3473,3473,16,,,PMO,"Barrett, T M  ",,PProvSGD,2019,,,,,,,,,2014,2014,,,,,,,,,,,,,,,,PMO
Craft 3473 PMO 018,Craft,3473,3473,18,,,PMO,"Baker, G M  ",,PPJGD,2022,,,,,,,,,2016,2016,,,,,,,,,,,,,,,,PMO
Craft 3473 PMO 020,Craft,3473,3473,20,,,PMO,"Tuck, K J  ",,PPAGDC,2024,,,,,,,,,2017,2017,,,,,,,,,,,,,,,,PMO
Craft 3473 PMO 021,Craft,3473,3473,21,,,PMO,"Barnes, R J  ",,PPAGDC,2025,,,,,,,,,2018,2018,,,,,,,,,,,,,,,,PMO
Craft 3473 PMO 022,Craft,3473,3473,22,,,PMO,"Davies, S P  ",,PProvJGD,2024,,,,,,,,,2019,2019,,,,,,,,,,,,,,,,PMO
Craft 3473 PMO 023,Craft,3473,3473,23,,,PMO,"Lucas, G F R ",,,,,,,,,,,,2022,2022,,,,,,,,,,,,,,,,PMO
Craft 3473 PMO 024,Craft,3473,3473,24,,,PMO,"Hancock, J C  ",,,,,,,,,,,,2023,2023,,,,,,,,,,,,,,,,PMO
Craft 3473 PMO 025,Craft,3473,3473,25,,,PMO,"Fagan, R   ",,,,,,,,,,,,2024,2024,,,,,,,,,,,,,,,,PMO
Craft 3625 Inst 001,Craft,3625,3625,1,,,Inst,,,,,,,,,,,,,,,October 31st 2025,,,,,,,,,,,,,,,DBLodges
Craft 3625 Mem 001,Craft,3625,3625,1,,,Mem,"Vining, M   ",1967,,,,,,,,,,,,,,,,,,,,,,,,,,,,MarkRAMPMI
Craft 3625 Mem 002,Craft,3625,3625,2,,,Mem,"Russell, G   ",1972,,,,,,,,,,,,,,,,,,,,,,,,,,,,MarkRAMPMI
Craft 3625 Mem 003,Craft,3625,3625,3,,,Mem,"Cornford, T J  ",1974,PProvSGW,2006,,,,,,,,,,,,,,,,,,,,,,,,,,MarkRAMPMI
Craft 3625 Mem 004,Craft,3625,3625,4,,,Mem,"Vining, C N  ",1976,,,,,,,,,,,,,,,,,,,,,,,,,,,,MarkRAMPMI
Craft 3625 Mem 005,Craft,3625,3625,5,,,Mem,"Coombe, M L  ",1977,PPSGW,2012,,,,,,,,,,,,,,,,,,,,,,,,,,MarkRAMPMI
Craft 3625 Mem 006,Craft,3625,3625,6,,,Mem,"Gristwood, R C F ",1977,PPSGW,2009,,,,,,,,,,,,,,,,,,,,,,,,,,MarkRAMPMI
Craft 3625 Mem 007,Craft,3625,3625,7,,,Mem,"Booth, R H  ",1978,PPSGW,2019,,,,,,,,,,,,,,,,,,,,,,,,,,MarkRAMPMI
Craft 3625 Mem 008,Craft,3625,3625,8,,,Mem,"Sandall, D L  ",1985,PPJGW,2019,,,,,,,,,,,,,,,,,,,,,,,,,,MarkRAMPMI
Craft 3625 Mem 009,Craft,3625,3625,9,,,Mem,"Brewer, W J  ",1990,PPSGW,2019,,,,,,,,,,,,,,,,,,,,,,,,,,MarkRAMPMI
Craft 3625 Mem 010,Craft,3625,3625,10,,,Mem,"Vining, S R  ",1996,PPDepGDC,2024,,,,,,,,,,,,,,,,,,,,,,,,,,MarkRAMPMI
Craft 3625 Mem 011,Craft,3625,3625,11,,,Mem,"Selwood, S P  ",1997,PPJGW,2025,,,,,,,,,,,,,,,,,,,,,,,,,,MarkRAMPMI
Craft 3625 Mem 012,Craft,3625,3625,12,,,Mem,"Gould, L G  ",1999,,,,PProvJGD (Hants. & I. of W.),2013,,,,,,,,,,,,,,,,,,,,,,,MarkRAMPMI
Craft 3625 Mem 013,Craft,3625,3625,13,,,Mem,"Neville, M R  ",2000,PPGReg,2020,,,,,,,,,,,,,,,,,,,,,,,,,,MarkRAMPMI
Craft 3625 Mem 014,Craft,3625,3625,14,,,Mem,"Jones, L R  ",2000,PPGSwdB,2023,,,,,,,,,,,,,,,,,,,,,,,,,,MarkRAMPMI
Craft 3625 Mem 015,Craft,3625,3625,15,,,Mem,"Isaacs, J B  ",2000,PPGPurs,2020,,,,,,,,,,,,,,,,,,,,,,,,,,MarkRAMPMI
Craft 3625 Mem 016,Craft,3625,3625,16,,,Mem,"Jackson, R   ",2001,PPJGW,2025,,PProvGSuptWks (Surrey),2015,,,,,,,,,,,,,,,,,,,,,,,MarkRAMPMI
Craft 3625 Mem 017,Craft,3625,3625,17,,,Mem,"Fish, J W  ",2001,PPJGD,2019,,,,,,,,,,,,,,,,,,,,,,,,,,MarkRAMPMI
Craft 3625 Mem 018,Craft,3625,3625,18,,,Mem,"Chatton, G B  ",2002,PPGSwdB,2025,,,,,,,,,,,,,,,,,,,,,,,,,,MarkRAMPMI
Craft 3625 Mem 019,Craft,3625,3625,19,,,Mem,"Watson, S A  ",2006,,,,,,,,,,,,,,,,,,,,,,,,,,,,MarkRAMPMI
Craft 3625 Mem 020,Craft,3625,3625,20,,,Mem,"Linklater, L O  ",2006,,,,PProvGSwdB (Herts.),2013,,,,,,,,,,,,,,,,,,,,,,,MarkRAMPMI
Craft 3625 Mem 021,Craft,3625,3625,21,,,Mem,"Chick, C J  ",2007,PProvJGD,2022,,,,,,,,,,,,,,,,,,,,,,,,,,MarkRAMPMI
Craft 3625 Mem 022,Craft,3625,3625,22,,,Mem,"Amphlett, J P  ",2007,,,,,,,,,,,,,,,,,,,,,,,,,,,,MarkRAMPMI
Craft 3625 Mem 023,Craft,3625,3625,23,,,Mem,"James, S M  ",2008,ProvGTreas,2025,Y,,,,,,,,,,,,,,,,,,,,,,,,,MarkRAMPMI
Craft 3625 Mem 024,Craft,3625,3625,24,,,Mem,"Love, C N S ",2008,,,,,,,,,,,,,,,,,,,,,,,,,,,,MarkRAMPMI
Craft 3625 Mem 025,Craft,3625,3625,25,,,Mem,"Legg, T R H ",2010,PProvSGD,2024,,,,,,,,,,,,,,,,,,,,,,,,,,MarkRAMPMI
Craft 3625 Mem 026,Craft,3625,3625,26,,,Mem,"Rowe, J M C O",2011,,,,,,,,,,,,,,,,,,,,,,,,,,,,MarkRAMPMI
Craft 3625 Mem 027,Craft,3625,3625,27,,,Mem,"Howbrook, N   ",2012,,,,,,,,,,,,,,,,,,,,,,,,,,,,MarkRAMPMI
Craft 3625 Mem 028,Craft,3625,3625,28,,,Mem,"White, S G  ",2013,,,,,,,,,,,,,,,,,,,,,,,,,,,,MarkRAMPMI
Craft 3625 Mem 029,Craft,3625,3625,29,,,Mem,"Conduit, A B  ",2014,,,,,,,,,,,,,,,,,,,,,,,,,,,,MarkRAMPMI
Craft 3625 Mem 030,Craft,3625,3625,30,,,Mem,"Sandall, C B  ",2015,ProvSGD,2025,Y,,,,,,,,,,,,,,,,,,,,,,,,,MarkRAMPMI
Craft 3625 Mem 031,Craft,3625,3625,31,,,Mem,"Clark, A W  ",2015,,,,,,,,,,,,,,,,,,,,,,,,,,,,MarkRAMPMI
Craft 3625 Mem 032,Craft,3625,3625,32,,,Mem,"Allingham, R F  ",2017,,,,,,,,,,,,,,,,,,,,,,,,,,,,MarkRAMPMI
Craft 3625 Mem 033,Craft,3625,3625,33,,,Mem,"Hughes, K R  ",2018,,,,,,,,,,,,,,,,,,,,,,,,,,,,MarkRAMPMI
Craft 3625 Mem 034,Craft,3625,3625,34,,,Mem,"Moody, D S  ",2018,,,,,,,,,,,,,,,,,,,,,,,,,,,,MarkRAMPMI
Craft 3625 Mem 035,Craft,3625,3625,35,,,Mem,"Robson, D R  ",2018,,,,,,,,,,,,,,,,,,,,,,,,,,,,MarkRAMPMI
Craft 3625 Mem 036,Craft,3625,3625,36,,,Mem,"Ongley, A D  ",2018,,,,,,,,,,,,,,,,,,,,,,,,,,,,MarkRAMPMI
Craft 3625 Mem 037,Craft,3625,3625,37,,,Mem,"Vaughan, T B  ",2019,,,,PProvGReg (Surrey),2022,,,,,,,,,,,,,,,,,,,,,,,MarkRAMPMI
Craft 3625 Mem 038,Craft,3625,3625,38,,,Mem,"Stone, D J  ",2020,,,,PProvAGDC (Middx.),2014,,,,,,,,,,,,,,,,,,,,,,,MarkRAMPMI
Craft 3625 Mem 039,Craft,3625,3625,39,,,Mem,"Wood, S J  ",2021,,,,,,,,,,,,,,,,,,,,,,,,,,,,MarkRAMPMI
Craft 3625 Mem 040,Craft,3625,3625,40,,,Mem,"Barker, S F  ",2022,,,,,,,,,,,,,,,,,,,,,,,,,,,,MarkRAMPMI
Craft 3625 Mem 041,Craft,3625,3625,41,,,Mem,"Murray, P J  ",2022,,,,,,,,,,,,,,,,,,,,,,,,,,,,MarkRAMPMI
Craft 3625 Mem 042,Craft,3625,3625,42,,,Mem,"Lloyd-Bevis, J P  ",2022,,,,,,,,,,,,,,,,,,,,,,,,,,,,MarkRAMPMI
Craft 3625 Mem 043,Craft,3625,3625,43,,,Mem,"Walsh, A J  ",2023,,,,,,,,,,,,,,,,,,,,,,,,,,,,MarkRAMPMI
Craft 3625 Mem 044,Craft,3625,3625,44,,,Mem,"Mantock, K J  ",2023,,,,,,,,,,,,,,,,,,,,,,,,,,,,MarkRAMPMI
Craft 3625 Mem 045,Craft,3625,3625,45,,,Mem,"Sisson, B R  ",2023,,,,,,,,,,,,,,,,,,,,,,,,,,,,MarkRAMPMI
Craft 3625 Mem 046,Craft,3625,3625,46,,,Mem,"Kelly, S   ",2024,,,,,,,,,,,,,,,,,,,,,,,,,,,,MarkRAMPMI
Craft 3625 Mem 047,Craft,3625,3625,47,,,Mem,"Palmer, D S  ",2024,,,,,,,,,,,,,,,,,,,,,,,,,,,,MarkRAMPMI
Craft 3625 Mem 048,Craft,3625,3625,48,,,Mem,"Trim, J A  ",2024,,,,,,,,,,,,,,,,,,,,,,,,,,,,MarkRAMPMI
Craft 3625 Mem 049,Craft,3625,3625,49,,,Mem,"Davis, K J  ",2025,,,,,,,,,,,,,,,,,,,,,,,,,,,,MarkRAMPMI
Craft 3625 Mem 050,Craft,3625,3625,50,,,Mem,"Hockham, M   ",2025,,,,,,,,,,,,,,,,,,,,,,,,,,,,MarkRAMPMI
Craft 3625 Mem 051,Craft,3625,3625,51,,,Mem,"Townhill, D   ",2026,,,,,,,,,,,,,,,,,,,,,,,,,,,,MarkRAMPMI
Craft 3625 Mem 052,Craft,3625,3625,52,,,Mem,"Bayliss, C J  ",2026,,,,,,,,,,,,,,,,,,,,,,,,,,,,MarkRAMPMI
Craft 3625 Mem 053,Craft,3625,3625,53,,,Mem,"Whittingham, D   ",2026,,,,PProvSGD (E. Lancs.),2006,,,,,,,,,,,,,,,,,,,,,,,MarkRAMPMI
Craft 3625 Mem 054,Craft,3625,3625,54,,,Mem,"Townhill, J   ",2026,,,,,,,,,,,,,,,,,,,,,,,,,,,,MarkRAMPMI
Craft 3625 Off 001,Craft,3625,3625,1,WM,1,Off,"Ongley, A D  ",2018,,,,,,,,,,,,,,,,,,,,,,,,,,,,Officers
Craft 3625 Off 002,Craft,3625,3625,2,SW,2,Off,"Clark, A W  ",2015,,,,,,,,,,,,,,,,,,,,,,,,,,,,Officers
Craft 3625 Off 003,Craft,3625,3625,3,JW,3,Off,"Mantock, K J  ",2023,,,,,,,,,,,,,,,,,,,,,,,,,,,,Officers
Craft 3625 Off 004,Craft,3625,3625,4,Chap,4,Off,"Fish, J W  ",2001,,,,,,,,,,,,,,,,,,,,,,,,,,,,Officers
Craft 3625 Off 005,Craft,3625,3625,5,Treas,5,Off,"Jackson, R   ",2001,,,,,,,,,,,,,,,,,,,,,,,,,,,,Officers
Craft 3625 Off 006,Craft,3625,3625,6,Sec,6,Off,"Chatton, G B  ",2002,,,,,,,,,,,,,,,,,,,,,,,,,,,,Officers
Craft 3625 Off 007,Craft,3625,3625,7,DC,7,Off,"Legg, T R H ",2010,,,,,,,,,,,,,,,,,,,,,,,,,,,,Officers
Craft 3625 Off 008,Craft,3625,3625,8,Alm,8,Off,"Neville, M R  ",2000,,,,,,,,,,,,,,,,,,,,,,,,,,,,Officers
Craft 3625 Off 009,Craft,3625,3625,9,ChStwd,9,Off,"Jones, L R  ",2000,,,,,,,,,,,,,,,,,,,,,,,,,,,,Officers
Craft 3625 Off 010,Craft,3625,3625,10,MO,10,Off,"Murray, P J  ",2022,,,,,,,,,,,,,,,,,,,,,,,,,,,,Officers
Craft 3625 Off 011,Craft,3625,3625,11,Mentor,11,Off,"Barker, S F  ",2022,,,,,,,,,,,,,,,,,,,,,,,,,,,,Officers
Craft 3625 Off 012,Craft,3625,3625,12,SD,12,Off,"Barker, S F  ",2022,,,,,,,,,,,,,,,,,,,,,,,,,,,,Officers
Craft 3625 Off 013,Craft,3625,3625,13,JD,13,Off,"Sisson, B R  ",2023,,,,,,,,,,,,,,,,,,,,,,,,,,,,Officers
Craft 3625 Off 014,Craft,3625,3625,14,ADC,14,Off,"Brewer, W J  ",1990,,,,,,,,,,,,,,,,,,,,,,,,,,,,Officers
Craft 3625 Off 015,Craft,3625,3625,15,Org,15,Off,Vacant,,,,,,,,,,,,,,,,,,,,,,,,,,,,,Officers
Craft 3625 Off 016,Craft,3625,3625,16,ASec,16,Off,"Sandall, C B  ",2015,,,,,,,,,,,,,,,,,,,,,,,,,,,,Officers
Craft 3625 Off 017,Craft,3625,3625,17,IG,17,Off,"Walsh, A J  ",2023,,,,,,,,,,,,,,,,,,,,,,,,,,,,Officers
Craft 3625 Off 018,Craft,3625,3625,18,Stwd,18,Off,"Wood, S J  ",2021,,,,,,,,,,,,,,,,,,,,,,,,,,,,Officers
Craft 3625 Off 019,Craft,3625,3625,19,Tyler,19,Off,"Stone, D J  ",2020,,,,,,,,,,,,,,,,,,,,,,,,,,,,Officers
Craft 3625 PMI 001,Craft,3625,3625,1,,,PMI,"Gould, L G  ",1999,,,,PProvJGD (Hants. & I. of W.),2013,,,,,8074,,,,,,,,,,,,,,,,,,PMI
Craft 3625 PMI 002,Craft,3625,3625,2,,,PMI,"Linklater, L O  ",2006,,,,PProvGSwdB (Herts.),2013,,,,,6983,,,,,,,,,,,,,,,,,,PMI
Craft 3625 PMI 003,Craft,3625,3625,3,,,PMI,"Vaughan, T B  ",2019,,,,PProvGReg (Surrey),2022,,,,,7524,,,,,,,,,,,,,,,,,,PMI
Craft 3625 PMI 004,Craft,3625,3625,4,,,PMI,"Stone, D J  ",2020,,,,PProvAGDC (Middx.),2014,,,,,6836,,,,,,,,,,,,,,,,,,PMI
Craft 3625 PMI 005,Craft,3625,3625,5,,,PMI,"Davis, K J  ",2025,,,,,,,,,,6393,,,,,,,,,,,,,,,,,,PMI
Craft 3625 PMI 006,Craft,3625,3625,6,,,PMI,"Whittingham, D   ",2026,,,,PProvSGD (E. Lancs.),2006,,,,,8763,,,,,,,,,,,,,,,,,,PMI
Craft 3625 PMI 007,Craft,3625,3625,7,,,PMI,"Townhill, J   ",2026,,,,,,,,,,660,,,,,,,,,,,,,,,,,,PMI
Craft 3625 PMI 008,Craft,3625,3625,8,,,PMI,"Bayliss, C J  ",2026,,,,,,,,,,9340,,,,,,,,,,,,,,,,,,PMI
Craft 3625 PMO 001,Craft,3625,3625,1,,,PMO,"Cornford, T J  ",,PProvSGW,2006,,,,,,,,,1984,1984,,,,,,,,,,,,,,,,PMO
Craft 3625 PMO 003,Craft,3625,3625,3,,,PMO,"Gristwood, R C F ",,PPSGW,2009,,,,,,,,,1986,1986,,,,,,,,,,,,,,,,PMO
Craft 3625 PMO 004,Craft,3625,3625,4,,,PMO,"Booth, R H  ",,PPSGW,2019,,,,,,,,,"1987, 1994",1987,,,,,,,,,,,,,,,,PMO
Craft 3625 PMO 005,Craft,3625,3625,5,,,PMO,"Coombe, M L  ",,PPSGW,2012,,,,,,,,,1989,1989,,,,,,,,,,,,,,,,PMO
Craft 3625 PMO 006,Craft,3625,3625,6,,,PMO,"Sandall, D L  ",,PPJGW,2019,,,,,,,,,"1993, 2023",1993,,,,,,,,,,,,,,,,PMO
Craft 3625 PMO 009,Craft,3625,3625,9,,,PMO,"Brewer, W J  ",,PPSGW,2019,,,,,,,,,1997,1997,,,,,,,,,,,,,,,,PMO
Craft 3625 PMO 010,Craft,3625,3625,10,,,PMO,"Vining, S R  ",,PPDepGDC,2024,,,,,,,,,2003,2003,,,,,,,,,,,,,,,,PMO
Craft 3625 PMO 011,Craft,3625,3625,11,,,PMO,"Selwood, S P  ",,PPJGW,2025,,,,,,,,,2004,2004,,,,,,,,,,,,,,,,PMO
Craft 3625 PMO 014,Craft,3625,3625,14,,,PMO,"Neville, M R  ",,PPGReg,2020,,,,,,,,,2008,2008,,,,,,,,,,,,,,,,PMO
Craft 3625 PMO 015,Craft,3625,3625,15,,,PMO,"Jones, L R  ",,PPGSwdB,2023,,,,,,,,,"2009, 2018",2009,,,,,,,,,,,,,,,,PMO
Craft 3625 PMO 016,Craft,3625,3625,16,,,PMO,"Chatton, G B  ",,PPGSwdB,2025,,,,,,,,,2011,2011,,,,,,,,,,,,,,,,PMO
Craft 3625 PMO 018,Craft,3625,3625,18,,,PMO,"Fish, J W  ",,PPJGD,2019,,,,,,,,,2012,2012,,,,,,,,,,,,,,,,PMO
Craft 3625 PMO 019,Craft,3625,3625,19,,,PMO,"Isaacs, J B  ",,PPGPurs,2020,,,,,,,,,2013,2013,,,,,,,,,,,,,,,,PMO
Craft 3625 PMO 020,Craft,3625,3625,20,,,PMO,"James, S M  ",,ProvGTreas,2025,,,,,,,,,2014,2014,,,,,,,,,,,,,,,,PMO
Craft 3625 PMO 022,Craft,3625,3625,22,,,PMO,"Chick, C J  ",,PProvJGD,2022,,,,,,,,,2015,2015,,,,,,,,,,,,,,,,PMO
Craft 3625 PMO 024,Craft,3625,3625,24,,,PMO,"Legg, T R H ",,PProvSGD,2024,,,,,,,,,2017,2017,,,,,,,,,,,,,,,,PMO
Craft 3625 PMO 026,Craft,3625,3625,26,,,PMO,"Jackson, R   ",,PPJGW,2025,,PProvGSuptWks (Surrey),2015,,,,,,"2019, 2020",2019,,,,,,,,,,,,,,,,PMO
Craft 3625 PMO 028,Craft,3625,3625,28,,,PMO,"Sandall, C B  ",,ProvSGD,2025,,,,,,,,,"2021, 2024",2021,,,,,,,,,,,,,,,,PMO
Craft 3625 PMO 031,Craft,3625,3625,31,,,PMO,"Conduit, A B  ",,,,,,,,,,,,2022,2022,,,,,,,,,,,,,,,,PMO
Craft 3878 Inst 001,Craft,3878,3878,1,,,Inst,,,,,,,,,,,,,,,September 15th 2025,,,,,,,,,,,,,,,DBLodges
Craft 3878 Mem 001,Craft,3878,3878,1,,,Mem,"Shaw, F J  ",1966,PPSGW,2011,,,,,,,,,,,,,,,,,,,,,,,,,,MarkRAMPMI
Craft 3878 Mem 002,Craft,3878,3878,2,,,Mem,"Izzard, O K  ",1977,PPJGW,2024,,,,,,,,,,,,,,,,,,,,,,,,,,MarkRAMPMI
Craft 3878 Mem 003,Craft,3878,3878,3,,,Mem,"Miles, R J  ",1983,ProvGOrg,2023,Y,,,,,,,,,,,,,,,,,,,,,,,,,MarkRAMPMI
Craft 3878 Mem 004,Craft,3878,3878,4,,,Mem,"Burgess, J R  ",1993,PPGStB,2010,,,,,,,,,,,,,,,,,,,,,,,,,,MarkRAMPMI
Craft 3878 Mem 005,Craft,3878,3878,5,,,Mem,"Beasley, K L  ",1993,,,,,,,,,,,,,,,,,,,,,,,,,,,,MarkRAMPMI
Craft 3878 Mem 006,Craft,3878,3878,6,,,Mem,"Poole, J S  ",1996,PPGReg,2021,,PProvJGD (Surrey),2010,,,,,,,,,,,,,,,,,,,,,,,MarkRAMPMI
Craft 3878 Mem 007,Craft,3878,3878,7,,,Mem,"Budden, H G E ",1996,PPAGDC,2018,,,,,,,,,,,,,,,,,,,,,,,,,,MarkRAMPMI
Craft 3878 Mem 008,Craft,3878,3878,8,,,Mem,"Dudley, S J  ",1997,ProvJGW,2025,Y,,,,,,,,,,,,,,,,,,,,,,,,,MarkRAMPMI
Craft 3878 Mem 009,Craft,3878,3878,9,,,Mem,"Hinwood, J C  ",1999,,,,,,,,,,,,,,,,,,,,,,,,,,,,MarkRAMPMI
Craft 3878 Mem 010,Craft,3878,3878,10,,,Mem,"Pitt, B R  ",2002,PPJGD,2024,,,,,,,,,,,,,,,,,,,,,,,,,,MarkRAMPMI
Craft 3878 Mem 011,Craft,3878,3878,11,,,Mem,"Dineen, S M  ",2002,PPSGD,2022,,,,,,,,,,,,,,,,,,,,,,,,,,MarkRAMPMI
Craft 3878 Mem 012,Craft,3878,3878,12,,,Mem,"Adams, F E  ",2013,PPJGW,2020,,PProvGReg (Glos.),2010,,,,,,,,,,,,,,,,,,,,,,,MarkRAMPMI
Craft 3878 Mem 013,Craft,3878,3878,13,,,Mem,"Burstow, M D  ",2016,DepProvGM,2024,Y,,,,,,,,,,,,,,,,,,,,,,,,,MarkRAMPMI
Craft 3878 Mem 014,Craft,3878,3878,14,,,Mem,"Fernandes, N D R ",2016,,,,,,,,,,,,,,,,,,,,,,,,,,,,MarkRAMPMI
Craft 3878 Mem 015,Craft,3878,3878,15,,,Mem,"Brewer, A   ",2017,PProvGSwdB,2024,,PProvJGD (Middx.),2024,,,,,,,,,,,,,,,,,,,,,,,MarkRAMPMI
Craft 3878 Mem 016,Craft,3878,3878,16,,,Mem,"Bartlett, E   ",2017,PProvSGD,2007,,,,,,,,,,,,,,,,,,,,,,,,,,MarkRAMPMI
Craft 3878 Mem 017,Craft,3878,3878,17,,,Mem,"Conway, P J  ",2018,PPGSwdB,2022,,PProvGSuptWks (Surrey),2020,,,,,,,,,,,,,,,,,,,,,,,MarkRAMPMI
Craft 3878 Mem 018,Craft,3878,3878,18,,,Mem,"Burstow, D   ",2018,,,,,,,,,,,,,,,,,,,,,,,,,,,,MarkRAMPMI
Craft 3878 Mem 019,Craft,3878,3878,19,,,Mem,"Scoble, J A  ",2019,,,,,,,,,,,,,,,,,,,,,,,,,,,,MarkRAMPMI
Craft 3878 Mem 020,Craft,3878,3878,20,,,Mem,"Ghio, G   ",2019,,,,,,,,,,,,,,,,,,,,,,,,,,,,MarkRAMPMI
Craft 3878 Mem 021,Craft,3878,3878,21,,,Mem,"Brennand, M J  ",2022,,,,,,,,,,,,,,,,,,,,,,,,,,,,MarkRAMPMI
Craft 3878 Mem 022,Craft,3878,3878,22,,,Mem,"Kent, O J  ",2022,,,,,,,,,,,,,,,,,,,,,,,,,,,,MarkRAMPMI
Craft 3878 Mem 023,Craft,3878,3878,23,,,Mem,"Clark, D A  ",2022,PPGSwdB,2025,,,,,,,,,,,,,,,,,,,,,,,,,,MarkRAMPMI
Craft 3878 Mem 024,Craft,3878,3878,24,,,Mem,"Baggett, P B  ",2023,PPAGDC,2025,,,,,,,,,,,,,,,,,,,,,,,,,,MarkRAMPMI
Craft 3878 Mem 025,Craft,3878,3878,25,,,Mem,"Burstow, W   ",2024,,,,,,,,,,,,,,,,,,,,,,,,,,,,MarkRAMPMI
Craft 3878 Mem 026,Craft,3878,3878,26,,,Mem,"Dodwell, E R  ",2024,,,,,,,,,,,,,,,,,,,,,,,,,,,,MarkRAMPMI
Craft 3878 Mem 027,Craft,3878,3878,27,,,Mem,"Hutchings, G K  ",2025,,,,,,,,,,,,,,,,,,,,,,,,,,,,MarkRAMPMI
Craft 3878 Mem 028,Craft,3878,3878,28,,,Mem,"Dodwell, M D  ",2025,,,,,,,,,,,,,,,,,,,,,,,,,,,,MarkRAMPMI
Craft 3878 Mem 029,Craft,3878,3878,29,,,Mem,"MacLean, A C  ",2025,PPGSwdB,2021,,PProvSGD (Hants. & I. of W.),2022,SLGR,2024,,,,,,,,,,,,,,,,,,,,,MarkRAMPMI
Craft 3878 Mem 030,Craft,3878,3878,30,,,Mem,"Dodwell, D A  ",2025,,,,,,,,,,,,,,,,,,,,,,,,,,,,MarkRAMPMI
Craft 3878 Mem 031,Craft,3878,3878,31,,,Mem,"Danks, G   ",2025,,,,,,,,,,,,,,,,,,,,,,,,,,,,MarkRAMPMI
Craft 3878 Mem 032,Craft,3878,3878,32,,,Mem,"Burstow, M   ",2026,,,,,,,,,,,,,,,,,,,,,,,,,,,,MarkRAMPMI
Craft 3878 Mem 033,Craft,3878,3878,33,,,Mem,"Kerley, R D  ",2026,,,,,,,,,,,,,,,,,,,,,,,,,,,,MarkRAMPMI
Craft 3878 Off 001,Craft,3878,3878,1,WM,1,Off,"Burstow, D   ",2018,,,,,,,,,,,,,,,,,,,,,,,,,,,,Officers
Craft 3878 Off 002,Craft,3878,3878,2,SW,2,Off,"Burstow, W   ",2024,,,,,,,,,,,,,,,,,,,,,,,,,,,,Officers
Craft 3878 Off 003,Craft,3878,3878,3,JW,3,Off,"MacLean, A C  ",2025,,,,,,,,,,,,,,,,,,,,,,,,,,,,Officers
Craft 3878 Off 004,Craft,3878,3878,4,Chap,4,Off,"Shaw, F J  ",1966,,,,,,,,,,,,,,,,,,,,,,,,,,,,Officers
Craft 3878 Off 005,Craft,3878,3878,5,Treas,5,Off,"Pitt, B R  ",2002,,,,,,,,,,,,,,,,,,,,,,,,,,,,Officers
Craft 3878 Off 006,Craft,3878,3878,6,Sec,6,Off,"Brewer, A   ",2017,,,,,,,,,,,,,,,,,,,,,,,,,,,,Officers
Craft 3878 Off 007,Craft,3878,3878,7,DC,7,Off,"Dudley, S J  ",1997,,,,,,,,,,,,,,,,,,,,,,,,,,,,Officers
Craft 3878 Off 008,Craft,3878,3878,8,Alm,8,Off,"Pitt, B R  ",2002,,,,,,,,,,,,,,,,,,,,,,,,,,,,Officers
Craft 3878 Off 009,Craft,3878,3878,9,ChStwd,9,Off,"Conway, P J  ",2018,,,,,,,,,,,,,,,,,,,,,,,,,,,,Officers
Craft 3878 Off 010,Craft,3878,3878,10,MO,10,Off,"Brewer, A   ",2017,,,,,,,,,,,,,,,,,,,,,,,,,,,,Officers
Craft 3878 Off 011,Craft,3878,3878,11,Mentor,11,Off,"Conway, P J  ",2018,,,,,,,,,,,,,,,,,,,,,,,,,,,,Officers
Craft 3878 Off 012,Craft,3878,3878,12,SD,12,Off,"Brennand, M J  ",2022,,,,,,,,,,,,,,,,,,,,,,,,,,,,Officers
Craft 3878 Off 013,Craft,3878,3878,13,JD,13,Off,"Scoble, J A  ",2019,,,,,,,,,,,,,,,,,,,,,,,,,,,,Officers
Craft 3878 Off 014,Craft,3878,3878,14,ADC,14,Off,"Conway, P J  ",2018,,,,,,,,,,,,,,,,,,,,,,,,,,,,Officers
Craft 3878 Off 015,Craft,3878,3878,15,Org,15,Off,"Miles, R J  ",1983,,,,,,,,,,,,,,,,,,,,,,,,,,,,Officers
Craft 3878 Off 016,Craft,3878,3878,16,ASec,16,Off,Vacant,,,,,,,,,,,,,,,,,,,,,,,,,,,,,Officers
Craft 3878 Off 017,Craft,3878,3878,17,IG,17,Off,"Dodwell, E R  ",2024,,,,,,,,,,,,,,,,,,,,,,,,,,,,Officers
Craft 3878 Off 018,Craft,3878,3878,18,Stwd,18,Off,"Ghio, G   ",2019,,,,,,,,,,,,,,,,,,,,,,,,,,,,Officers
Craft 3878 Off 019,Craft,3878,3878,19,Stwd,18,Off,"Dodwell, D A  ",2025,,,,,,,,,,,,,,,,,,,,,,,,,,,,Officers
Craft 3878 Off 020,Craft,3878,3878,20,Tyler,19,Off,Vacant,,,,,,,,,,,,,,,,,,,,,,,,,,,,,Officers
Craft 3878 PMI 001,Craft,3878,3878,1,,,PMI,"Adams, F E  ",2013,PPJGW,2020,,PProvGReg (Glos.),2010,,,,,4666,,,,,,,,,,,,,,,,,,PMI
Craft 3878 PMI 002,Craft,3878,3878,2,,,PMI,"MacLean, A C  ",2025,PPGSwdB,2021,,PProvSGD (Hants. & I. of W.),2022,SLGR,2024,,,"7707, 3221",,,,,,,,,,,,,,,,,,PMI
Craft 3878 PMO 001,Craft,3878,3878,1,,,PMO,"Shaw, F J  ",,PPSGW,2011,,,,,,PAGDC,2013,,"1980, 2017",1980,,,,,,,,,,,,,,,,PMO
Craft 3878 PMO 004,Craft,3878,3878,4,,,PMO,"Miles, R J  ",,ProvGOrg,2023,,,,,,,,,1993,1993,,,,,,,,,,,,,,,,PMO
Craft 3878 PMO 006,Craft,3878,3878,6,,,PMO,"Izzard, O K  ",,PPJGW,2024,,,,,,,,,1995,1995,,,,,,,,,,,,,,,,PMO
Craft 3878 PMO 007,Craft,3878,3878,7,,,PMO,"Bartlett, E   ",,PProvSGD,2007,,,,,,,,,1998,1998,,,,,,,,,,,,,,,,PMO
Craft 3878 PMO 008,Craft,3878,3878,8,,,PMO,"Burgess, J R  ",,PPGStB,2010,,,,,,,,,2001,2001,,,,,,,,,,,,,,,,PMO
Craft 3878 PMO 009,Craft,3878,3878,9,,,PMO,"Clark, D A  ",,PPGSwdB,2025,,,,,,,,,2003,2003,,,,,,,,,,,,,,,,PMO
Craft 3878 PMO 010,Craft,3878,3878,10,,,PMO,"Dudley, S J  ",,ProvJGW,2025,,,,,,,,,2005,2005,,,,,,,,,,,,,,,,PMO
Craft 3878 PMO 011,Craft,3878,3878,11,,,PMO,"Poole, J S  ",,PPGReg,2021,,PProvJGD (Surrey),2010,,,,,,2007,2007,,,,,,,,,,,,,,,,PMO
Craft 3878 PMO 012,Craft,3878,3878,12,,,PMO,"Budden, H G E ",,PPAGDC,2018,,,,,,,,,2011,2011,,,,,,,,,,,,,,,,PMO
Craft 3878 PMO 013,Craft,3878,3878,13,,,PMO,"Dineen, S M  ",,PPSGD,2022,,,,,,,,,2015,2015,,,,,,,,,,,,,,,,PMO
Craft 3878 PMO 014,Craft,3878,3878,14,,,PMO,"Baggett, P B  ",,PPAGDC,2025,,,,,,,,,"2016, 2019",2016,,,,,,,,,,,,,,,,PMO
Craft 3878 PMO 016,Craft,3878,3878,16,,,PMO,"Burstow, M D  ",,DepProvGM,2024,,,,,,PGSwdB,2025,,2018,2018,,,,,,,,,,,,,,,,PMO
Craft 3878 PMO 019,Craft,3878,3878,19,,,PMO,"Conway, P J  ",,PPGSwdB,2022,,PProvGSuptWks (Surrey),2020,,,,,,"2020, 2021",2020,,,,,,,,,,,,,,,,PMO
Craft 3878 PMO 020,Craft,3878,3878,20,,,PMO,"Brewer, A   ",,PProvGSwdB,2024,,PProvJGD (Middx.),2024,,,,,,2023,2023,,,,,,,,,,,,,,,,PMO
Craft 3878 PMO 022,Craft,3878,3878,22,,,PMO,"Fernandes, N D R ",,,,,,,,,,,,2024,2024,,,,,,,,,,,,,,,,PMO
Craft 4355 Hon 001,Craft,4355,4355,1,,,Hon,"Martin, A E  ",2022,PPSGW,2010,,,,,,,,,,,,,,,,,,,,,,,,,,Honorary
Craft 4355 Hon 002,Craft,4355,4355,2,,,Hon,"Boylin, D   ",2022,,,,PProvSGW (Hants. & I. of W.),2025,,,,,,,,,,,,,,,,,,,,,,,Honorary
Craft 4355 Hon 003,Craft,4355,4355,3,,,Hon,"Hilton-King, J A  ",2023,PPGSwdB,1999,,,,,,,,,,,,,,,,,,,,,,,,,,Honorary
Craft 4355 Hon 004,Craft,4355,4355,4,,,Hon,"Pengilly, D R  ",2025,PPAGDC,2009,,,,,,,,,,,,,,,,,,,,,,,,,,Honorary
Craft 4355 Hon 005,Craft,4355,4355,5,,,Hon,"Poate, F W J ",2025,PPSGW,2008,,,,,,,,,,,,,,,,,,,,,,,,,,Honorary
Craft 4355 Hon 006,Craft,4355,4355,6,,,Hon,"Tomes, T J  ",2022,PPSGW,2017,,,,,,,,,,,,,,,,,,,,,,,,,,Honorary
Craft 4355 Inst 001,Craft,4355,4355,1,,,Inst,,,,,,,,,,,,,,,October 1st 2025,,,,,,,,,,,,,,,DBLodges
Craft 4355 Mem 001,Craft,4355,4355,1,,,Mem,"Worne, M E  ",1976,PPSGW,2019,,,,,,,,,,,,,,,,,,,,,,,,,,MarkRAMPMI
Craft 4355 Mem 002,Craft,4355,4355,2,,,Mem,"Blakely, A D  ",1977,PPJGW,2021,,,,,,,,,,,,,,,,,,,,,,,,,,MarkRAMPMI
Craft 4355 Mem 003,Craft,4355,4355,3,,,Mem,"Collins, P C  ",1979,PPAGDC,2004,,,,,,,,,,,,,,,,,,,,,,,,,,MarkRAMPMI
Craft 4355 Mem 004,Craft,4355,4355,4,,,Mem,"Martin, K L  ",1983,PPGReg,2013,,PProvGReg (Wilts.),2018,,,,,,,,,,,,,,,,,,,,,,,MarkRAMPMI
Craft 4355 Mem 005,Craft,4355,4355,5,,,Mem,"Cann, B M  ",1984,PPGReg,2025,,,,,,,,,,,,,,,,,,,,,,,,,,MarkRAMPMI
Craft 4355 Mem 006,Craft,4355,4355,6,,,Mem,"Marks, J R  ",1984,PPJGW,2025,,,,,,,,,,,,,,,,,,,,,,,,,,MarkRAMPMI
Craft 4355 Mem 007,Craft,4355,4355,7,,,Mem,"Arkell, S G  ",1988,PPJGW,2019,,,,,,,,,,,,,,,,,,,,,,,,,,MarkRAMPMI
Craft 4355 Mem 008,Craft,4355,4355,8,,,Mem,"Austin, M J  ",1989,PPJGD,2021,,,,,,,,,,,,,,,,,,,,,,,,,,MarkRAMPMI
Craft 4355 Mem 009,Craft,4355,4355,9,,,Mem,"Watton, W G  ",1992,PPGSwdB,2022,,,,,,,,,,,,,,,,,,,,,,,,,,MarkRAMPMI
Craft 4355 Mem 010,Craft,4355,4355,10,,,Mem,"Brookman, K G  ",1992,PPJGW,2019,,,,,,,,,,,,,,,,,,,,,,,,,,MarkRAMPMI
Craft 4355 Mem 011,Craft,4355,4355,11,,,Mem,"Pharoah, D D  ",1993,PPGSwdB,2024,,,,,,,,,,,,,,,,,,,,,,,,,,MarkRAMPMI
Craft 4355 Mem 012,Craft,4355,4355,12,,,Mem,"Maidment, D A  ",1994,PPGReg,2022,,,,,,,,,,,,,,,,,,,,,,,,,,MarkRAMPMI
Craft 4355 Mem 013,Craft,4355,4355,13,,,Mem,"Butler, B A  ",1995,,,,,,,,,,,,,,,,,,,,,,,,,,,,MarkRAMPMI
Craft 4355 Mem 014,Craft,4355,4355,14,,,Mem,"Witt, T H  ",1995,PPDepGDC,2019,,,,,,,,,,,,,,,,,,,,,,,,,,MarkRAMPMI
Craft 4355 Mem 015,Craft,4355,4355,15,,,Mem,"Brookman, A G  ",1998,PPGSuptWks,2020,,,,,,,,,,,,,,,,,,,,,,,,,,MarkRAMPMI
Craft 4355 Mem 016,Craft,4355,4355,16,,,Mem,"Smith, T R  ",1999,,,,,,,,,,,,,,,,,,,,,,,,,,,,MarkRAMPMI
Craft 4355 Mem 017,Craft,4355,4355,17,,,Mem,"Protopsaltis, N P  ",2000,ProvAGDC,2023,Y,,,,,,,,,,,,,,,,,,,,,,,,,MarkRAMPMI
Craft 4355 Mem 018,Craft,4355,4355,18,,,Mem,"Goodall, C H  ",2002,PPGSuptWks,2025,,,,,,,,,,,,,,,,,,,,,,,,,,MarkRAMPMI
Craft 4355 Mem 019,Craft,4355,4355,19,,,Mem,"Twinn, H J G ",2004,,,,,,LGR,1993,,,,,,,,,,,,,,,,,,,,,MarkRAMPMI
Craft 4355 Mem 020,Craft,4355,4355,20,,,Mem,"Yeadon, D A  ",2004,PProvGStwd,2014,,,,,,,,,,,,,,,,,,,,,,,,,,MarkRAMPMI
Craft 4355 Mem 021,Craft,4355,4355,21,,,Mem,"Hendricks, D   ",2009,PPJGD,2024,,,,,,,,,,,,,,,,,,,,,,,,,,MarkRAMPMI
Craft 4355 Mem 022,Craft,4355,4355,22,,,Mem,"Hollington, A   ",2012,ProvJGD,2025,Y,,,,,,,,,,,,,,,,,,,,,,,,,MarkRAMPMI
Craft 4355 Mem 023,Craft,4355,4355,23,,,Mem,"Sumners, K P  ",2013,,,,,,,,,,,,,,,,,,,,,,,,,,,,MarkRAMPMI
Craft 4355 Mem 024,Craft,4355,4355,24,,,Mem,"Riley, J C  ",2014,,,,,,,,,,,,,,,,,,,,,,,,,,,,MarkRAMPMI
Craft 4355 Mem 025,Craft,4355,4355,25,,,Mem,"Gilbertson, P W  ",2015,,,,,,,,,,,,,,,,,,,,,,,,,,,,MarkRAMPMI
Craft 4355 Mem 026,Craft,4355,4355,26,,,Mem,"Whiffen, F P  ",2015,,,,,,,,,,,,,,,,,,,,,,,,,,,,MarkRAMPMI
Craft 4355 Mem 027,Craft,4355,4355,27,,,Mem,"Williams, R G  ",2017,,,,PProvSGD (Northants. & Hunts.),2016,,,,,,,,,,,,,,,,,,,,,,,MarkRAMPMI
Craft 4355 Mem 028,Craft,4355,4355,28,,,Mem,"Francis, M P  ",2017,,,,,,,,,,,,,,,,,,,,,,,,,,,,MarkRAMPMI
Craft 4355 Mem 029,Craft,4355,4355,29,,,Mem,"Barber, G L  ",2017,,,,,,SLGR,2010,,,,,,,,,,,,,,,,,,,,,MarkRAMPMI
Craft 4355 Mem 030,Craft,4355,4355,30,,,Mem,"Giles, C   ",2017,,,,,,,,,,,,,,,,,,,,,,,,,,,,MarkRAMPMI
Craft 4355 Mem 031,Craft,4355,4355,31,,,Mem,"Martin, S J  ",2019,,,,,,,,,,,,,,,,,,,,,,,,,,,,MarkRAMPMI
Craft 4355 Mem 032,Craft,4355,4355,32,,,Mem,"Underhill, J I  ",2019,,,,,,,,,,,,,,,,,,,,,,,,,,,,MarkRAMPMI
Craft 4355 Mem 033,Craft,4355,4355,33,,,Mem,"Hollington, T   ",2022,,,,,,,,,,,,,,,,,,,,,,,,,,,,MarkRAMPMI
Craft 4355 Mem 034,Craft,4355,4355,34,,,Mem,"Johnson, L A  ",2022,,,,,,,,,,,,,,,,,,,,,,,,,,,,MarkRAMPMI
Craft 4355 Mem 035,Craft,4355,4355,35,,,Mem,"Poate, C J  ",2022,,,,,,,,,,,,,,,,,,,,,,,,,,,,MarkRAMPMI
Craft 4355 Mem 036,Craft,4355,4355,36,,,Mem,"Eaton, N M  ",2023,,,,,,,,,,,,,,,,,,,,,,,,,,,,MarkRAMPMI
Craft 4355 Mem 037,Craft,4355,4355,37,,,Mem,"Jones, M K  ",2024,,,,,,,,,,,,,,,,,,,,,,,,,,,,MarkRAMPMI
Craft 4355 Mem 038,Craft,4355,4355,38,,,Mem,"Martin, D J  ",2024,,,,,,,,,,,,,,,,,,,,,,,,,,,,MarkRAMPMI
Craft 4355 Mem 039,Craft,4355,4355,39,,,Mem,"Turner, M J  ",2025,,,,PProvAGDC (Hants. & I. of W.),2022,,,,,,,,,,,,,,,,,,,,,,,MarkRAMPMI
Craft 4355 Mem 040,Craft,4355,4355,40,,,Mem,"Dick, J A  ",2026,,,,,,,,,,,,,,,,,,,,,,,,,,,,MarkRAMPMI
Craft 4355 Off 001,Craft,4355,4355,1,WM,1,Off,"Whiffen, F P  ",2015,,,,,,,,,,,,,,,,,,,,,,,,,,,,Officers
Craft 4355 Off 002,Craft,4355,4355,2,SW,2,Off,"Martin, S J  ",2019,,,,,,,,,,,,,,,,,,,,,,,,,,,,Officers
Craft 4355 Off 003,Craft,4355,4355,3,JW,3,Off,"Martin, K L  ",1983,,,,,,,,,,,,,,,,,,,,,,,,,,,,Officers
Craft 4355 Off 004,Craft,4355,4355,4,Chap,4,Off,"Arkell, S G  ",1988,,,,,,,,,,,,,,,,,,,,,,,,,,,,Officers
Craft 4355 Off 005,Craft,4355,4355,5,Treas,5,Off,"Jones, M K  ",2024,,,,,,,,,,,,,,,,,,,,,,,,,,,,Officers
Craft 4355 Off 006,Craft,4355,4355,6,Sec,6,Off,"Austin, M J  ",1989,,,,,,,,,,,,,,,,,,,,,,,,,,,,Officers
Craft 4355 Off 007,Craft,4355,4355,7,DC,7,Off,"Protopsaltis, N P  ",2000,,,,,,,,,,,,,,,,,,,,,,,,,,,,Officers
Craft 4355 Off 008,Craft,4355,4355,8,Alm,8,Off,"Hollington, A   ",2012,,,,,,,,,,,,,,,,,,,,,,,,,,,,Officers
Craft 4355 Off 009,Craft,4355,4355,9,ChStwd,9,Off,"Jones, M K  ",2024,,,,,,,,,,,,,,,,,,,,,,,,,,,,Officers
Craft 4355 Off 010,Craft,4355,4355,10,MO,10,Off,"Maidment, D A  ",1994,,,,,,,,,,,,,,,,,,,,,,,,,,,,Officers
Craft 4355 Off 011,Craft,4355,4355,11,Mentor,11,Off,"Brookman, K G  ",1992,,,,,,,,,,,,,,,,,,,,,,,,,,,,Officers
Craft 4355 Off 012,Craft,4355,4355,12,SD,12,Off,"Hollington, T   ",2022,,,,,,,,,,,,,,,,,,,,,,,,,,,,Officers
Craft 4355 Off 013,Craft,4355,4355,13,JD,13,Off,"Martin, D J  ",2024,,,,,,,,,,,,,,,,,,,,,,,,,,,,Officers
Craft 4355 Off 014,Craft,4355,4355,14,ADC,14,Off,"Brookman, A G  ",1998,,,,,,,,,,,,,,,,,,,,,,,,,,,,Officers
Craft 4355 Off 015,Craft,4355,4355,15,Gst Org,15,Off,"Boylin, D   ",,,,,,,,,,,,,,,,,,,,,,,,,,,,,Officers
Craft 4355 Off 016,Craft,4355,4355,16,Org,15,Off,Vacant,,,,,,,,,,,,,,,,,,,,,,,,,,,,,Officers
Craft 4355 Off 017,Craft,4355,4355,17,ASec,16,Off,"Marks, J R  ",1984,,,,,,,,,,,,,,,,,,,,,,,,,,,,Officers
Craft 4355 Off 018,Craft,4355,4355,18,IG,17,Off,"Eaton, N M  ",2023,,,,,,,,,,,,,,,,,,,,,,,,,,,,Officers
Craft 4355 Off 019,Craft,4355,4355,19,Stwd,18,Off,"Johnson, L A  ",2022,,,,,,,,,,,,,,,,,,,,,,,,,,,,Officers
Craft 4355 Off 020,Craft,4355,4355,20,Stwd,18,Off,"Eaton, N M  ",2023,,,,,,,,,,,,,,,,,,,,,,,,,,,,Officers
Craft 4355 Off 021,Craft,4355,4355,21,Stwd,18,Off,"Jones, M K  ",2024,,,,,,,,,,,,,,,,,,,,,,,,,,,,Officers
Craft 4355 Off 022,Craft,4355,4355,22,Tyler,19,Off,"Gilbertson, P W  ",2015,,,,,,,,,,,,,,,,,,,,,,,,,,,,Officers
Craft 4355 PMI 001,Craft,4355,4355,1,,,PMI,"Williams, R G  ",2017,,,,PProvSGD (Northants. & Hunts.),2016,,,,,2283,,,,,,,,,,,,,,,,,,PMI
Craft 4355 PMI 002,Craft,4355,4355,2,,,PMI,"Turner, M J  ",2025,,,,PProvAGDC (Hants. & I. of W.),2022,,,,,2158,,,,,,,,,,,,,,,,,,PMI
Craft 4355 PMO 001,Craft,4355,4355,1,,,PMO,"Tomes, T J  ",,PPSGW,2017,,,,,,,,,1980,1980,,,,,,,,,,,,,,,,PMO
Craft 4355 PMO 003,Craft,4355,4355,3,,,PMO,"Martin, A E  ",,PPSGW,2010,,,,,,,,,1982,1982,,,,,,,,,,,,,,,,PMO
Craft 4355 PMO 005,Craft,4355,4355,5,,,PMO,"Hilton-King, J A  ",,PPGSwdB,1999,,,,,,,,,1983,1983,,,,,,,,,,,,,,,,PMO
Craft 4355 PMO 006,Craft,4355,4355,6,,,PMO,"Poate, F W J ",,PPSGW,2008,,,,,,,,,1985,1985,,,,,,,,,,,,,,,,PMO
Craft 4355 PMO 007,Craft,4355,4355,7,,,PMO,"Worne, M E  ",,PPSGW,2019,,,,,,PAGDC,2022,,1987,1987,,,,,,,,,,,,,,,,PMO
Craft 4355 PMO 008,Craft,4355,4355,8,,,PMO,"Martin, K L  ",,PPGReg,2013,,PProvGReg (Wilts.),2018,,,PAGSuptWks,2018,,1991,1991,,,,,,,,,,,,,,,,PMO
Craft 4355 PMO 010,Craft,4355,4355,10,,,PMO,"Marks, J R  ",,PPJGW,2025,,,,,,,,,1993,1993,,,,,,,,,,,,,,,,PMO
Craft 4355 PMO 011,Craft,4355,4355,11,,,PMO,"Cann, B M  ",,PPGReg,2025,,,,,,,,,1994,1994,,,,,,,,,,,,,,,,PMO
Craft 4355 PMO 012,Craft,4355,4355,12,,,PMO,"Collins, P C  ",,PPAGDC,2004,,,,,,,,,1996,1996,,,,,,,,,,,,,,,,PMO
Craft 4355 PMO 013,Craft,4355,4355,13,,,PMO,"Arkell, S G  ",,PPJGW,2019,,,,,,,,,1997,1997,,,,,,,,,,,,,,,,PMO
Craft 4355 PMO 014,Craft,4355,4355,14,,,PMO,"Brookman, K G  ",,PPJGW,2019,,,,,,,,,1998,1998,,,,,,,,,,,,,,,,PMO
Craft 4355 PMO 015,Craft,4355,4355,15,,,PMO,"Blakely, A D  ",,PPJGW,2021,,,,,,,,,1999,1999,,,,,,,,,,,,,,,,PMO
Craft 4355 PMO 016,Craft,4355,4355,16,,,PMO,"Watton, W G  ",,PPGSwdB,2022,,,,,,,,,2000,2000,,,,,,,,,,,,,,,,PMO
Craft 4355 PMO 017,Craft,4355,4355,17,,,PMO,"Pengilly, D R  ",,PPAGDC,2009,,,,,,,,,2001,2001,,,,,,,,,,,,,,,,PMO
Craft 4355 PMO 018,Craft,4355,4355,18,,,PMO,"Pharoah, D D  ",,PPGSwdB,2024,,,,,,,,,"2002, 2009",2002,,,,,,,,,,,,,,,,PMO
Craft 4355 PMO 019,Craft,4355,4355,19,,,PMO,"Maidment, D A  ",,PPGReg,2022,,,,,,,,,2003,2003,,,,,,,,,,,,,,,,PMO
Craft 4355 PMO 020,Craft,4355,4355,20,,,PMO,"Witt, T H  ",,PPDepGDC,2019,,,,,,,,,2004,2004,,,,,,,,,,,,,,,,PMO
Craft 4355 PMO 021,Craft,4355,4355,21,,,PMO,"Brookman, A G  ",,PPGSuptWks,2020,,,,,,,,,2007,2007,,,,,,,,,,,,,,,,PMO
Craft 4355 PMO 023,Craft,4355,4355,23,,,PMO,"Goodall, C H  ",,PPGSuptWks,2025,,,,,,,,,2008,2008,,,,,,,,,,,,,,,,PMO
Craft 4355 PMO 024,Craft,4355,4355,24,,,PMO,"Yeadon, D A  ",,PProvGStwd,2014,,,,,,,,,2012,2012,,,,,,,,,,,,,,,,PMO
Craft 4355 PMO 025,Craft,4355,4355,25,,,PMO,"Austin, M J  ",,PPJGD,2021,,,,,,,,,2014,2014,,,,,,,,,,,,,,,,PMO
Craft 4355 PMO 026,Craft,4355,4355,26,,,PMO,"Protopsaltis, N P  ",,ProvAGDC,2023,,,,,,,,,2016,2016,,,,,,,,,,,,,,,,PMO
Craft 4355 PMO 027,Craft,4355,4355,27,,,PMO,"Hendricks, D   ",,PPJGD,2024,,,,,,,,,2017,2017,,,,,,,,,,,,,,,,PMO
Craft 4355 PMO 028,Craft,4355,4355,28,,,PMO,"Hollington, A   ",,ProvJGD,2025,,,,,,,,,"2019, 2021",2019,,,,,,,,,,,,,,,,PMO
Craft 4355 PMO 029,Craft,4355,4355,29,,,PMO,"Barber, G L  ",,,,,,,SLGR,2010,PAGDC,2013,,"2023, 2024",2023,,,,,,,,,,,,,,,,PMO
Craft 5331 Hon 001,Craft,5331,5331,1,,,Hon,"Goody, M J  ",2025,PPJGW,2002,,PProvGSuptWks (Middx.),1995,,,PAGDC,2013,,,,,,,,,,,,,,,,,,,Honorary
Craft 5331 Hon 002,Craft,5331,5331,2,,,Hon,"Garment, C L  ",2013,PPJGW,2025,,PProvJGW (Essex),2018,,,,,,,,,,,,,,,,,,,,,,,Honorary
Craft 5331 Hon 003,Craft,5331,5331,3,,,Hon,"Watton, R K  ",2022,PPGSuptWks,2016,,,,,,,,,,,,,,,,,,,,,,,,,,Honorary
Craft 5331 Inst 001,Craft,5331,5331,1,,,Inst,,,,,,,,,,,,,,,April 21st 2026,,,,,,,,,,,,,,,DBLodges
Craft 5331 Mem 001,Craft,5331,5331,1,,,Mem,"Atyeo, C W K ",1959,PPSGW,2014,,,,,,,,,,,,,,,,,,,,,,,,,,MarkRAMPMI
Craft 5331 Mem 002,Craft,5331,5331,2,,,Mem,"Elliott, J M  ",1974,,,,,,,,,,,,,,,,,,,,,,,,,,,,MarkRAMPMI
Craft 5331 Mem 003,Craft,5331,5331,3,,,Mem,"Reddy, J R  ",1979,,,,,,,,,,,,,,,,,,,,,,,,,,,,MarkRAMPMI
Craft 5331 Mem 004,Craft,5331,5331,4,,,Mem,"Hughes, M J  ",1981,PPSGD,2019,,,,,,,,,,,,,,,,,,,,,,,,,,MarkRAMPMI
Craft 5331 Mem 005,Craft,5331,5331,5,,,Mem,"Crowe, G B  ",1982,PPGSuptWks,2020,,,,,,,,,,,,,,,,,,,,,,,,,,MarkRAMPMI
Craft 5331 Mem 006,Craft,5331,5331,6,,,Mem,"Jenks, R D  ",1985,,,,,,,,,,,,,,,,,,,,,,,,,,,,MarkRAMPMI
Craft 5331 Mem 007,Craft,5331,5331,7,,,Mem,"Booth, D   ",1985,PPJGW,2020,,,,,,,,,,,,,,,,,,,,,,,,,,MarkRAMPMI
Craft 5331 Mem 008,Craft,5331,5331,8,,,Mem,"Manton, P F  ",1994,PPJGD,2015,,,,,,,,,,,,,,,,,,,,,,,,,,MarkRAMPMI
Craft 5331 Mem 009,Craft,5331,5331,9,,,Mem,"Lawrence, D J  ",1995,PPGSwdB,2018,,,,,,,,,,,,,,,,,,,,,,,,,,MarkRAMPMI
Craft 5331 Mem 010,Craft,5331,5331,10,,,Mem,"Watton, G   ",1996,PPSGD,2011,,,,,,,,,,,,,,,,,,,,,,,,,,MarkRAMPMI
Craft 5331 Mem 011,Craft,5331,5331,11,,,Mem,"Ladha, M S  ",2002,,,,,,,,,,,,,,,,,,,,,,,,,,,,MarkRAMPMI
Craft 5331 Mem 012,Craft,5331,5331,12,,,Mem,"Morum, G J  ",2006,PProvSGD,2019,,,,,,,,,,,,,,,,,,,,,,,,,,MarkRAMPMI
Craft 5331 Mem 013,Craft,5331,5331,13,,,Mem,"Payne, D J  ",2006,PPGSwdB,2022,,,,,,,,,,,,,,,,,,,,,,,,,,MarkRAMPMI
Craft 5331 Mem 014,Craft,5331,5331,14,,,Mem,"Evans, P W  ",2010,,,,,,,,,,,,,,,,,,,,,,,,,,,,MarkRAMPMI
Craft 5331 Mem 015,Craft,5331,5331,15,,,Mem,"Moss, R   ",2010,,,,,,,,,,,,,,,,,,,,,,,,,,,,MarkRAMPMI
Craft 5331 Mem 016,Craft,5331,5331,16,,,Mem,"Vivian, P D  ",2013,,,,,,,,,,,,,,,,,,,,,,,,,,,,MarkRAMPMI
Craft 5331 Mem 017,Craft,5331,5331,17,,,Mem,"Hampson, B S  ",2013,,,,,,,,,,,,,,,,,,,,,,,,,,,,MarkRAMPMI
Craft 5331 Mem 018,Craft,5331,5331,18,,,Mem,"Crabb, P M  ",2014,,,,,,,,,,,,,,,,,,,,,,,,,,,,MarkRAMPMI
Craft 5331 Mem 019,Craft,5331,5331,19,,,Mem,"Pearce, D J  ",2014,,,,,,,,,,,,,,,,,,,,,,,,,,,,MarkRAMPMI
Craft 5331 Mem 020,Craft,5331,5331,20,,,Mem,"Morum, S L  ",2015,,,,,,,,,,,,,,,,,,,,,,,,,,,,MarkRAMPMI
Craft 5331 Mem 021,Craft,5331,5331,21,,,Mem,"Rattew, D M  ",2016,,,,,,,,,,,,,,,,,,,,,,,,,,,,MarkRAMPMI
Craft 5331 Mem 022,Craft,5331,5331,22,,,Mem,"Cowan, N P  ",2016,,,,,,,,,,,,,,,,,,,,,,,,,,,,MarkRAMPMI
Craft 5331 Mem 023,Craft,5331,5331,23,,,Mem,"Downey, G M  ",2017,,,,,,,,,,,,,,,,,,,,,,,,,,,,MarkRAMPMI
Craft 5331 Mem 024,Craft,5331,5331,24,,,Mem,"East, R G  ",2017,PProvGSuptWks,2021,,PProvGSuptWks (Hants. & I. of W.),2018,,,,,,,,,,,,,,,,,,,,,,,MarkRAMPMI
Craft 5331 Mem 025,Craft,5331,5331,25,,,Mem,"Walters, S P  ",2017,PPGSuptWks,2024,,PProvJGD (Bucks.),2013,,,,,,,,,,,,,,,,,,,,,,,MarkRAMPMI
Craft 5331 Mem 026,Craft,5331,5331,26,,,Mem,"Johnson, S A  ",2019,,,,,,,,,,,,,,,,,,,,,,,,,,,,MarkRAMPMI
Craft 5331 Mem 027,Craft,5331,5331,27,,,Mem,"Blake, D J  ",2019,,,,,,,,,,,,,,,,,,,,,,,,,,,,MarkRAMPMI
Craft 5331 Mem 028,Craft,5331,5331,28,,,Mem,"Strange, D J  ",2022,PPAGDC,2024,,,,,,,,,,,,,,,,,,,,,,,,,,MarkRAMPMI
Craft 5331 Mem 029,Craft,5331,5331,29,,,Mem,"Payne, D S  ",2022,,,,,,,,,,,,,,,,,,,,,,,,,,,,MarkRAMPMI
Craft 5331 Mem 030,Craft,5331,5331,30,,,Mem,"Mugambwa, H M  ",2022,,,,,,,,,,,,,,,,,,,,,,,,,,,,MarkRAMPMI
Craft 5331 Mem 031,Craft,5331,5331,31,,,Mem,"Gingell, J W  ",2023,,,,PProvJGD (Devon),2026,,,,,,,,,,,,,,,,,,,,,,,MarkRAMPMI
Craft 5331 Mem 032,Craft,5331,5331,32,,,Mem,"Hemy, A   ",2023,,,,,,,,,,,,,,,,,,,,,,,,,,,,MarkRAMPMI
Craft 5331 Mem 033,Craft,5331,5331,33,,,Mem,"Mearns, P   ",2024,,,,PProvGSuptWks (Surrey),2022,SLGR,2006,,,,,,,,,,,,,,,,,,,,,MarkRAMPMI
Craft 5331 Mem 034,Craft,5331,5331,34,,,Mem,"Helliker, A C O ",2024,,,,,,,,,,,,,,,,,,,,,,,,,,,,MarkRAMPMI
Craft 5331 Mem 035,Craft,5331,5331,35,,,Mem,"Helliker, F C O ",2024,,,,,,,,,,,,,,,,,,,,,,,,,,,,MarkRAMPMI
Craft 5331 Mem 036,Craft,5331,5331,36,,,Mem,"Montgomery, P J  ",2024,PPGReg,2019,,PProvGReg (Bucks.),2025,SLGR,2011,,,,,,,,,,,,,,,,,,,,,MarkRAMPMI
Craft 5331 Mem 037,Craft,5331,5331,37,,,Mem,"Green, C J  ",2024,,,,,,,,,,,,,,,,,,,,,,,,,,,,MarkRAMPMI
Craft 5331 Mem 038,Craft,5331,5331,38,,,Mem,"Palmer, I B  ",2025,,,,,,,,,,,,,,,,,,,,,,,,,,,,MarkRAMPMI
Craft 5331 Mem 039,Craft,5331,5331,39,,,Mem,"Barnes, J   ",2025,,,,,,,,,,,,,,,,,,,,,,,,,,,,MarkRAMPMI
Craft 5331 Mem 040,Craft,5331,5331,40,,,Mem,"Cooper, P A  ",2025,,,,,,,,,,,,,,,,,,,,,,,,,,,,MarkRAMPMI
Craft 5331 Mem 041,Craft,5331,5331,41,,,Mem,"Zito, G   ",2025,,,,,,,,,,,,,,,,,,,,,,,,,,,,MarkRAMPMI
Craft 5331 Mem 042,Craft,5331,5331,42,,,Mem,"Read, J W  ",2026,,,,PProvJGW (Hants. & I. of W.),2019,,,,,,,,,,,,,,,,,,,,,,,MarkRAMPMI
Craft 5331 Off 001,Craft,5331,5331,1,WM,1,Off,"Pearce, D J  ",2014,,,,,,,,,,,,,,,,,,,,,,,,,,,,Officers
Craft 5331 Off 002,Craft,5331,5331,2,SW,2,Off,"Vivian, P D  ",2013,,,,,,,,,,,,,,,,,,,,,,,,,,,,Officers
Craft 5331 Off 003,Craft,5331,5331,3,JW,3,Off,"Payne, D J  ",2006,,,,,,,,,,,,,,,,,,,,,,,,,,,,Officers
Craft 5331 Off 004,Craft,5331,5331,4,Chap,4,Off,"East, R G  ",2017,,,,,,,,,,,,,,,,,,,,,,,,,,,,Officers
Craft 5331 Off 005,Craft,5331,5331,5,Treas,5,Off,"Watton, G   ",1996,,,,,,,,,,,,,,,,,,,,,,,,,,,,Officers
Craft 5331 Off 006,Craft,5331,5331,6,Sec,6,Off,"Lawrence, D J  ",1995,,,,,,,,,,,,,,,,,,,,,,,,,,,,Officers
Craft 5331 Off 007,Craft,5331,5331,7,DC,7,Off,"Morum, G J  ",2006,,,,,,,,,,,,,,,,,,,,,,,,,,,,Officers
Craft 5331 Off 008,Craft,5331,5331,8,Alm,8,Off,"Rattew, D M  ",2016,,,,,,,,,,,,,,,,,,,,,,,,,,,,Officers
Craft 5331 Off 009,Craft,5331,5331,9,ChStwd,9,Off,"Moss, R   ",2010,,,,,,,,,,,,,,,,,,,,,,,,,,,,Officers
Craft 5331 Off 010,Craft,5331,5331,10,MO,10,Off,"Payne, D J  ",2006,,,,,,,,,,,,,,,,,,,,,,,,,,,,Officers
Craft 5331 Off 011,Craft,5331,5331,11,Mentor,11,Off,"Evans, P W  ",2010,,,,,,,,,,,,,,,,,,,,,,,,,,,,Officers
Craft 5331 Off 012,Craft,5331,5331,12,SD,12,Off,"Payne, D S  ",2022,,,,,,,,,,,,,,,,,,,,,,,,,,,,Officers
Craft 5331 Off 013,Craft,5331,5331,13,JD,13,Off,"Crabb, P M  ",2014,,,,,,,,,,,,,,,,,,,,,,,,,,,,Officers
Craft 5331 Off 014,Craft,5331,5331,14,ADC,14,Off,"Watton, G   ",1996,,,,,,,,,,,,,,,,,,,,,,,,,,,,Officers
Craft 5331 Off 015,Craft,5331,5331,15,Org,15,Off,Vacant,,,,,,,,,,,,,,,,,,,,,,,,,,,,,Officers
Craft 5331 Off 016,Craft,5331,5331,16,ASec,16,Off,"Evans, P W  ",2010,,,,,,,,,,,,,,,,,,,,,,,,,,,,Officers
Craft 5331 Off 017,Craft,5331,5331,17,IG,17,Off,"Helliker, F C O ",2024,,,,,,,,,,,,,,,,,,,,,,,,,,,,Officers
Craft 5331 Off 018,Craft,5331,5331,18,Stwd,18,Off,"Cowan, N P  ",2016,,,,,,,,,,,,,,,,,,,,,,,,,,,,Officers
Craft 5331 Off 019,Craft,5331,5331,19,Stwd,18,Off,"Mugambwa, H M  ",2022,,,,,,,,,,,,,,,,,,,,,,,,,,,,Officers
Craft 5331 Off 020,Craft,5331,5331,20,Stwd,18,Off,"Helliker, A C O ",2024,,,,,,,,,,,,,,,,,,,,,,,,,,,,Officers
Craft 5331 Off 021,Craft,5331,5331,21,Stwd,18,Off,"Zito, G   ",2025,,,,,,,,,,,,,,,,,,,,,,,,,,,,Officers
Craft 5331 Off 022,Craft,5331,5331,22,Stwd,18,Off,"Cooper, P A  ",2025,,,,,,,,,,,,,,,,,,,,,,,,,,,,Officers
Craft 5331 Off 023,Craft,5331,5331,23,Stwd,18,Off,"Palmer, I B  ",2025,,,,,,,,,,,,,,,,,,,,,,,,,,,,Officers
Craft 5331 Off 024,Craft,5331,5331,24,Stwd,18,Off,"Barnes, J   ",2025,,,,,,,,,,,,,,,,,,,,,,,,,,,,Officers
Craft 5331 Off 025,Craft,5331,5331,25,Tyler,19,Off,"Hampson, B S  ",2013,,,,,,,,,,,,,,,,,,,,,,,,,,,,Officers
Craft 5331 PMI 001,Craft,5331,5331,1,,,PMI,"Payne, D J  ",2006,PPGSwdB,2022,,,,,,,,8479,,,,,,,,,,,,,,,,,,PMI
Craft 5331 PMI 002,Craft,5331,5331,2,,,PMI,"East, R G  ",2017,PProvGSuptWks,2021,,PProvGSuptWks (Hants. & I. of W.),2018,,,,,"8755, 9727",,,,,,,,,,,,,,,,,,PMI
Craft 5331 PMI 003,Craft,5331,5331,3,,,PMI,"Strange, D J  ",2022,PPAGDC,2024,,,,,,,,7986,,,,,,,,,,,,,,,,,,PMI
Craft 5331 PMI 004,Craft,5331,5331,4,,,PMI,"Gingell, J W  ",2023,,,,PProvJGD (Devon),2026,,,,,6927,,,,,,,,,,,,,,,,,,PMI
Craft 5331 PMI 005,Craft,5331,5331,5,,,PMI,"Mearns, P   ",2024,,,,PProvGSuptWks (Surrey),2022,SLGR,2006,,,"5689, 1635",,,,,,,,,,,,,,,,,,PMI
Craft 5331 PMI 006,Craft,5331,5331,6,,,PMI,"Montgomery, P J  ",2024,PPGReg,2019,,PProvGReg (Bucks.),2025,SLGR,2011,,,"7284, 9050, 5214",,,,,,,,,,,,,,,,,,PMI
Craft 5331 PMI 007,Craft,5331,5331,7,,,PMI,"Read, J W  ",2026,,,,PProvJGW (Hants. & I. of W.),2019,,,,,2208,,,,,,,,,,,,,,,,,,PMI
Craft 5331 PMO 001,Craft,5331,5331,1,,,PMO,"Atyeo, C W K ",,PPSGW,2014,,,,,,,,,"1971, 2022",1971,,,,,,,,,,,,,,,,PMO
Craft 5331 PMO 002,Craft,5331,5331,2,,,PMO,"Watton, R K  ",,PPGSuptWks,2016,,,,,,,,,1991,1991,,,,,,,,,,,,,,,,PMO
Craft 5331 PMO 003,Craft,5331,5331,3,,,PMO,"Hughes, M J  ",,PPSGD,2019,,,,,,,,,1994,1994,,,,,,,,,,,,,,,,PMO
Craft 5331 PMO 004,Craft,5331,5331,4,,,PMO,"Booth, D   ",,PPJGW,2020,,,,,,,,,"1996, 1998",1996,,,,,,,,,,,,,,,,PMO
Craft 5331 PMO 005,Craft,5331,5331,5,,,PMO,"Manton, P F  ",,PPJGD,2015,,,,,,,,,2001,2001,,,,,,,,,,,,,,,,PMO
Craft 5331 PMO 006,Craft,5331,5331,6,,,PMO,"Lawrence, D J  ",,PPGSwdB,2018,,,,,,,,,2003,2003,,,,,,,,,,,,,,,,PMO
Craft 5331 PMO 007,Craft,5331,5331,7,,,PMO,"Watton, G   ",,PPSGD,2011,,,,,,,,,"2004, 2013",2004,,,,,,,,,,,,,,,,PMO
Craft 5331 PMO 008,Craft,5331,5331,8,,,PMO,"Crowe, G B  ",,PPGSuptWks,2020,,,,,,,,,2006,2006,,,,,,,,,,,,,,,,PMO
Craft 5331 PMO 009,Craft,5331,5331,9,,,PMO,"Morum, G J  ",,PProvSGD,2019,,,,,,,,,"2014, 2017",2014,,,,,,,,,,,,,,,,PMO
Craft 5331 PMO 010,Craft,5331,5331,10,,,PMO,"Evans, P W  ",,,,,,,,,,,,2018,2018,,,,,,,,,,,,,,,,PMO
Craft 5331 PMO 011,Craft,5331,5331,11,,,PMO,"Walters, S P  ",,PPGSuptWks,2024,,PProvJGD (Bucks.),2013,,,,,,2019,2019,,,,,,,,,,,,,,,,PMO
Craft 5331 PMO 012,Craft,5331,5331,12,,,PMO,"Crabb, P M  ",,,,,,,,,,,,2023,2023,,,,,,,,,,,,,,,,PMO
Craft 5331 PMO 013,Craft,5331,5331,13,,,PMO,"Rattew, D M  ",,,,,,,,,,,,2024,2024,,,,,,,,,,,,,,,,PMO
Craft 5331 PMO 014,Craft,5331,5331,14,,,PMO,"Morum, S L  ",,,,,,,,,,,,2025,2025,,,,,,,,,,,,,,,,PMO
Craft 6445 Hon 001,Craft,6445,6445,1,,,Hon,"Barnes, K H  ",2008,PProvGM,1994,,,,,,PProvGM (Dorset),1994,,,,,,,,,,,,,,,,,,,Honorary
Craft 6445 Inst 001,Craft,6445,6445,1,,,Inst,,,,,,,,,,,,,,,March 14th 2026,,,,,,,,,,,,,,,DBLodges
Craft 6445 Mem 001,Craft,6445,6445,1,,,Mem,"Daw, A S  ",1977,,,,,,,,,,,,,,,,,,,,,,,,,,,,MarkRAMPMI
Craft 6445 Mem 002,Craft,6445,6445,2,,,Mem,"Why, T R  ",1977,,,,,,,,,,,,,,,,,,,,,,,,,,,,MarkRAMPMI
Craft 6445 Mem 003,Craft,6445,6445,3,,,Mem,"Biss, M E S P",1979,PPJGD,2025,,,,,,,,,,,,,,,,,,,,,,,,,,MarkRAMPMI
Craft 6445 Mem 004,Craft,6445,6445,4,,,Mem,"Wolsey, A J  ",1980,PPJGW,2019,,,,,,,,,,,,,,,,,,,,,,,,,,MarkRAMPMI
Craft 6445 Mem 005,Craft,6445,6445,5,,,Mem,"Cook, G D P ",1980,PPSGW,2024,,,,,,,,,,,,,,,,,,,,,,,,,,MarkRAMPMI
Craft 6445 Mem 006,Craft,6445,6445,6,,,Mem,"Sawtell, D W  ",1981,PPJGD,2022,,,,,,,,,,,,,,,,,,,,,,,,,,MarkRAMPMI
Craft 6445 Mem 007,Craft,6445,6445,7,,,Mem,"Seall, D B  ",1982,PPJGW,2021,,,,,,,,,,,,,,,,,,,,,,,,,,MarkRAMPMI
Craft 6445 Mem 008,Craft,6445,6445,8,,,Mem,"Ray, J W  ",1984,,,,,,,,,,,,,,,,,,,,,,,,,,,,MarkRAMPMI
Craft 6445 Mem 009,Craft,6445,6445,9,,,Mem,"Packer, G J  ",1987,,,,,,,,,,,,,,,,,,,,,,,,,,,,MarkRAMPMI
Craft 6445 Mem 010,Craft,6445,6445,10,,,Mem,"Smallman, A E  ",1990,PProvSGW,2013,,,,,,,,,,,,,,,,,,,,,,,,,,MarkRAMPMI
Craft 6445 Mem 011,Craft,6445,6445,11,,,Mem,"James, L W J ",1995,,,,,,,,,,,,,,,,,,,,,,,,,,,,MarkRAMPMI
Craft 6445 Mem 012,Craft,6445,6445,12,,,Mem,"Halford, J S  ",1996,PPSGW,2022,,,,,,,,,,,,,,,,,,,,,,,,,,MarkRAMPMI
Craft 6445 Mem 013,Craft,6445,6445,13,,,Mem,"Barton, B E  ",1996,PProvJGD,2011,,,,,,,,,,,,,,,,,,,,,,,,,,MarkRAMPMI
Craft 6445 Mem 014,Craft,6445,6445,14,,,Mem,"Temple, R H  ",1996,PPGSuptWks,2025,,,,,,,,,,,,,,,,,,,,,,,,,,MarkRAMPMI
Craft 6445 Mem 015,Craft,6445,6445,15,,,Mem,"Parsons, J W  ",1998,PPDepGDC,2022,,,,,,,,,,,,,,,,,,,,,,,,,,MarkRAMPMI
Craft 6445 Mem 016,Craft,6445,6445,16,,,Mem,"Croad, B A  ",1998,PPGStB,2020,,,,,,,,,,,,,,,,,,,,,,,,,,MarkRAMPMI
Craft 6445 Mem 017,Craft,6445,6445,17,,,Mem,"Pile, D   ",2001,PPSGD,2020,,,,,,,,,,,,,,,,,,,,,,,,,,MarkRAMPMI
Craft 6445 Mem 018,Craft,6445,6445,18,,,Mem,"Lambourne, M P  ",2001,PPGSwdB,2019,,,,,,,,,,,,,,,,,,,,,,,,,,MarkRAMPMI
Craft 6445 Mem 019,Craft,6445,6445,19,,,Mem,"Chitty, J K  ",2002,,,,,,,,,,,,,,,,,,,,,,,,,,,,MarkRAMPMI
Craft 6445 Mem 020,Craft,6445,6445,20,,,Mem,"Spracklen, A D  ",2002,PPAGDC,2016,,,,,,,,,,,,,,,,,,,,,,,,,,MarkRAMPMI
Craft 6445 Mem 021,Craft,6445,6445,21,,,Mem,"Cormack, P   ",2007,PPSGD,2023,,,,,,,,,,,,,,,,,,,,,,,,,,MarkRAMPMI
Craft 6445 Mem 022,Craft,6445,6445,22,,,Mem,"Spencer, L K M ",2007,PPGSwdB,2025,,,,,,,,,,,,,,,,,,,,,,,,,,MarkRAMPMI
Craft 6445 Mem 023,Craft,6445,6445,23,,,Mem,"Matthews, A M  ",2008,,,,,,,,,,,,,,,,,,,,,,,,,,,,MarkRAMPMI
Craft 6445 Mem 024,Craft,6445,6445,24,,,Mem,"Gillen, A D  ",2008,,,,,,,,,,,,,,,,,,,,,,,,,,,,MarkRAMPMI
Craft 6445 Mem 025,Craft,6445,6445,25,,,Mem,"Barrett, C   ",2010,PPSGD,2021,,,,,,,,,,,,,,,,,,,,,,,,,,MarkRAMPMI
Craft 6445 Mem 026,Craft,6445,6445,26,,,Mem,"Challiss, R M  ",2010,,,,,,,,,,,,,,,,,,,,,,,,,,,,MarkRAMPMI
Craft 6445 Mem 027,Craft,6445,6445,27,,,Mem,"Williams, S E J ",2011,PPJGD,2025,,,,,,,,,,,,,,,,,,,,,,,,,,MarkRAMPMI
Craft 6445 Mem 028,Craft,6445,6445,28,,,Mem,"Jones, P   ",2013,,,,,,,,,,,,,,,,,,,,,,,,,,,,MarkRAMPMI
Craft 6445 Mem 029,Craft,6445,6445,29,,,Mem,"Anderson-Terry, G J  ",2014,,,,,,,,,,,,,,,,,,,,,,,,,,,,MarkRAMPMI
Craft 6445 Mem 030,Craft,6445,6445,30,,,Mem,"Whitehead, P E G ",2014,,,,,,,,,,,,,,,,,,,,,,,,,,,,MarkRAMPMI
Craft 6445 Mem 031,Craft,6445,6445,31,,,Mem,"Hallam, M G  ",2015,,,,,,,,,,,,,,,,,,,,,,,,,,,,MarkRAMPMI
Craft 6445 Mem 032,Craft,6445,6445,32,,,Mem,"Gray, D C  ",2015,,,,,,,,,,,,,,,,,,,,,,,,,,,,MarkRAMPMI
Craft 6445 Mem 033,Craft,6445,6445,33,,,Mem,"Watkin, S V  ",2017,,,,,,,,,,,,,,,,,,,,,,,,,,,,MarkRAMPMI
Craft 6445 Mem 034,Craft,6445,6445,34,,,Mem,"Coward, S   ",2019,,,,,,,,,,,,,,,,,,,,,,,,,,,,MarkRAMPMI
Craft 6445 Mem 035,Craft,6445,6445,35,,,Mem,"Wheeler, W F  ",2019,,,,,,,,,,,,,,,,,,,,,,,,,,,,MarkRAMPMI
Craft 6445 Mem 036,Craft,6445,6445,36,,,Mem,"Wynne, S M  ",2022,,,,,,,,,,,,,,,,,,,,,,,,,,,,MarkRAMPMI
Craft 6445 Mem 037,Craft,6445,6445,37,,,Mem,"Dacey, G   ",2022,,,,,,,,,,,,,,,,,,,,,,,,,,,,MarkRAMPMI
Craft 6445 Mem 038,Craft,6445,6445,38,,,Mem,"Ellis, C L  ",2022,,,,,,,,,,,,,,,,,,,,,,,,,,,,MarkRAMPMI
Craft 6445 Mem 039,Craft,6445,6445,39,,,Mem,"Johnson, S A  ",2022,,,,,,,,,,,,,,,,,,,,,,,,,,,,MarkRAMPMI
Craft 6445 Mem 040,Craft,6445,6445,40,,,Mem,"Hine, P R  ",2023,,,,,,,,,,,,,,,,,,,,,,,,,,,,MarkRAMPMI
Craft 6445 Mem 041,Craft,6445,6445,41,,,Mem,"Hart, R J  ",2023,,,,PProvAGDC (Beds.),2018,,,,,,,,,,,,,,,,,,,,,,,MarkRAMPMI
Craft 6445 Mem 042,Craft,6445,6445,42,,,Mem,"Todd, B M  ",2024,,,,PProvDepGSwdB (Essex),2024,,,,,,,,,,,,,,,,,,,,,,,MarkRAMPMI
Craft 6445 Mem 043,Craft,6445,6445,43,,,Mem,"Le Sueur, M   ",2024,,,,,,,,,,,,,,,,,,,,,,,,,,,,MarkRAMPMI
Craft 6445 Mem 044,Craft,6445,6445,44,,,Mem,"Pollock, A C  ",2025,,,,,,,,,,,,,,,,,,,,,,,,,,,,MarkRAMPMI
Craft 6445 Mem 045,Craft,6445,6445,45,,,Mem,"Gribbon, B   ",2025,,,,,,,,,,,,,,,,,,,,,,,,,,,,MarkRAMPMI
Craft 6445 Mem 046,Craft,6445,6445,46,,,Mem,"Alderson, K P  ",2025,,,,,,,,,,,,,,,,,,,,,,,,,,,,MarkRAMPMI
Craft 6445 Mem 047,Craft,6445,6445,47,,,Mem,"Manners, T J  ",2025,,,,,,,,,,,,,,,,,,,,,,,,,,,,MarkRAMPMI
Craft 6445 Mem 048,Craft,6445,6445,48,,,Mem,"Parker, M R  ",2025,,,,,,,,,,,,,,,,,,,,,,,,,,,,MarkRAMPMI
Craft 6445 Mem 049,Craft,6445,6445,49,,,Mem,"Almond, J C  ",2026,,,,,,,,,,,,,,,,,,,,,,,,,,,,MarkRAMPMI
Craft 6445 Mem 050,Craft,6445,6445,50,,,Mem,"Bowyer, C H  ",2026,,,,,,,,,,,,,,,,,,,,,,,,,,,,MarkRAMPMI
Craft 6445 Off 001,Craft,6445,6445,1,WM,1,Off,"Watkin, S V  ",2017,,,,,,,,,,,,,,,,,,,,,,,,,,,,Officers
Craft 6445 Off 002,Craft,6445,6445,2,SW,2,Off,"Barrett, C   ",2010,,,,,,,,,,,,,,,,,,,,,,,,,,,,Officers
Craft 6445 Off 003,Craft,6445,6445,3,JW,3,Off,"Cormack, P   ",2007,,,,,,,,,,,,,,,,,,,,,,,,,,,,Officers
Craft 6445 Off 004,Craft,6445,6445,4,Chap,4,Off,"Cook, G D P ",1980,,,,,,,,,,,,,,,,,,,,,,,,,,,,Officers
Craft 6445 Off 005,Craft,6445,6445,5,Treas,5,Off,"Anderson-Terry, G J  ",2014,,,,,,,,,,,,,,,,,,,,,,,,,,,,Officers
Craft 6445 Off 006,Craft,6445,6445,6,Sec,6,Off,"Lambourne, M P  ",2001,,,,,,,,,,,,,,,,,,,,,,,,,,,,Officers
Craft 6445 Off 007,Craft,6445,6445,7,DC,7,Off,"Spencer, L K M ",2007,,,,,,,,,,,,,,,,,,,,,,,,,,,,Officers
Craft 6445 Off 008,Craft,6445,6445,8,Alm,8,Off,"Sawtell, D W  ",1981,,,,,,,,,,,,,,,,,,,,,,,,,,,,Officers
Craft 6445 Off 009,Craft,6445,6445,9,ChStwd,9,Off,"Barrett, C   ",2010,,,,,,,,,,,,,,,,,,,,,,,,,,,,Officers
Craft 6445 Off 010,Craft,6445,6445,10,MO,10,Off,"Pile, D   ",2001,,,,,,,,,,,,,,,,,,,,,,,,,,,,Officers
Craft 6445 Off 011,Craft,6445,6445,11,Mentor,11,Off,"Cormack, P   ",2007,,,,,,,,,,,,,,,,,,,,,,,,,,,,Officers
Craft 6445 Off 012,Craft,6445,6445,12,SD,12,Off,"Wynne, S M  ",2022,,,,,,,,,,,,,,,,,,,,,,,,,,,,Officers
Craft 6445 Off 013,Craft,6445,6445,13,JD,13,Off,"Alderson, K P  ",2025,,,,,,,,,,,,,,,,,,,,,,,,,,,,Officers
Craft 6445 Off 014,Craft,6445,6445,14,ADC,14,Off,"Lambourne, M P  ",2001,,,,,,,,,,,,,,,,,,,,,,,,,,,,Officers
Craft 6445 Off 015,Craft,6445,6445,15,Org,15,Off,Vacant,,,,,,,,,,,,,,,,,,,,,,,,,,,,,Officers
Craft 6445 Off 016,Craft,6445,6445,16,ASec,16,Off,"Barton, B E  ",1996,,,,,,,,,,,,,,,,,,,,,,,,,,,,Officers
Craft 6445 Off 017,Craft,6445,6445,17,IG,17,Off,"Le Sueur, M   ",2024,,,,,,,,,,,,,,,,,,,,,,,,,,,,Officers
Craft 6445 Off 018,Craft,6445,6445,18,Stwd,18,Off,"Johnson, S A  ",2022,,,,,,,,,,,,,,,,,,,,,,,,,,,,Officers
Craft 6445 Off 019,Craft,6445,6445,19,Stwd,18,Off,"Dacey, G   ",2022,,,,,,,,,,,,,,,,,,,,,,,,,,,,Officers
Craft 6445 Off 020,Craft,6445,6445,20,Stwd,18,Off,"Ellis, C L  ",2022,,,,,,,,,,,,,,,,,,,,,,,,,,,,Officers
Craft 6445 Off 021,Craft,6445,6445,21,Stwd,18,Off,"Parker, M R  ",2025,,,,,,,,,,,,,,,,,,,,,,,,,,,,Officers
Craft 6445 Off 022,Craft,6445,6445,22,Tyler,19,Off,"Wolsey, A J  ",1980,,,,,,,,,,,,,,,,,,,,,,,,,,,,Officers
Craft 6445 PMI 001,Craft,6445,6445,1,,,PMI,"Wheeler, W F  ",2019,,,,,,,,,,5764,,,,,,,,,,,,,,,,,,PMI
Craft 6445 PMI 002,Craft,6445,6445,2,,,PMI,"Todd, B M  ",2024,,,,PProvDepGSwdB (Essex),2024,,,,,3804,,,,,,,,,,,,,,,,,,PMI
Craft 6445 PMO 001,Craft,6445,6445,1,,,PMO,"Wolsey, A J  ",,PPJGW,2019,,,,,,,,,1990,1990,,,,,,,,,,,,,,,,PMO
Craft 6445 PMO 002,Craft,6445,6445,2,,,PMO,"Cook, G D P ",,PPSGW,2024,,,,,,,,,1992,1992,,,,,,,,,,,,,,,,PMO
Craft 6445 PMO 003,Craft,6445,6445,3,,,PMO,"Smallman, A E  ",,PProvSGW,2013,,,,,,,,,1997,1997,,,,,,,,,,,,,,,,PMO
Craft 6445 PMO 004,Craft,6445,6445,4,,,PMO,"Seall, D B  ",,PPJGW,2021,,,,,,,,,2000,2000,,,,,,,,,,,,,,,,PMO
Craft 6445 PMO 005,Craft,6445,6445,5,,,PMO,"Temple, R H  ",,PPGSuptWks,2025,,,,,,,,,2002,2002,,,,,,,,,,,,,,,,PMO
Craft 6445 PMO 007,Craft,6445,6445,7,,,PMO,"Halford, J S  ",,PPSGW,2022,,,,,,,,,2003,2003,,,,,,,,,,,,,,,,PMO
Craft 6445 PMO 009,Craft,6445,6445,9,,,PMO,"Barton, B E  ",,PProvJGD,2011,,,,,,PGStB,2018,,2004,2004,,,,,,,,,,,,,,,,PMO
Craft 6445 PMO 010,Craft,6445,6445,10,,,PMO,"Pile, D   ",,PPSGD,2020,,,,,,,,,2006,2006,,,,,,,,,,,,,,,,PMO
Craft 6445 PMO 013,Craft,6445,6445,13,,,PMO,"Lambourne, M P  ",,PPGSwdB,2019,,,,,,,,,2007,2007,,,,,,,,,,,,,,,,PMO
Craft 6445 PMO 016,Craft,6445,6445,16,,,PMO,"Parsons, J W  ",,PPDepGDC,2022,,,,,,,,,2008,2008,,,,,,,,,,,,,,,,PMO
Craft 6445 PMO 017,Craft,6445,6445,17,,,PMO,"Spracklen, A D  ",,PPAGDC,2016,,,,,,,,,"2009, 2010",2009,,,,,,,,,,,,,,,,PMO
Craft 6445 PMO 018,Craft,6445,6445,18,,,PMO,"Spencer, L K M ",,PPGSwdB,2025,,,,,,,,,2013,2013,,,,,,,,,,,,,,,,PMO
Craft 6445 PMO 019,Craft,6445,6445,19,,,PMO,"Cormack, P   ",,PPSGD,2023,,,,,,,,,2014,2014,,,,,,,,,,,,,,,,PMO
Craft 6445 PMO 020,Craft,6445,6445,20,,,PMO,"Sawtell, D W  ",,PPJGD,2022,,,,,,,,,"2015, 2022",2015,,,,,,,,,,,,,,,,PMO
Craft 6445 PMO 021,Craft,6445,6445,21,,,PMO,"Barrett, C   ",,PPSGD,2021,,,,,,,,,2016,2016,,,,,,,,,,,,,,,,PMO
Craft 6445 PMO 022,Craft,6445,6445,22,,,PMO,"Challiss, R M  ",,,,,,,,,,,,2017,2017,,,,,,,,,,,,,,,,PMO
Craft 6445 PMO 023,Craft,6445,6445,23,,,PMO,"Chitty, J K  ",,,,,,,,,,,,2018,2018,,,,,,,,,,,,,,,,PMO
Craft 6445 PMO 024,Craft,6445,6445,24,,,PMO,"Williams, S E J ",,PPJGD,2025,,,,,,,,,"2019, 2020",2019,,,,,,,,,,,,,,,,PMO
Craft 6445 PMO 025,Craft,6445,6445,25,,,PMO,"Anderson-Terry, G J  ",,,,,,,,,,,,2023,2023,,,,,,,,,,,,,,,,PMO
Craft 6445 PMO 026,Craft,6445,6445,26,,,PMO,"Hart, R J  ",,,,,PProvAGDC (Beds.),2018,,,,,,2024,2024,,,,,,,,,,,,,,,,PMO
Craft 6525 Hon 001,Craft,6525,6525,1,,,Hon,"Barnes, K H  ",1995,PProvGM,1994,,,,,,PProvGM (Dorset),1994,,,,,,,,,,,,,,,,,,,Honorary
Craft 6525 Hon 002,Craft,6525,6525,2,,,Hon,"Turnbull, S F  ",2019,,,,,,,,,,,,,,,,,,,,,,,,,,,,Honorary
Craft 6525 Inst 001,Craft,6525,6525,1,,,Inst,,,,,,,,,,,,,,,October 24th 2025,,,,,,,,,,,,,,,DBLodges
Craft 6525 Mem 001,Craft,6525,6525,1,,,Mem,"Shorto, R J  ",1959,PPJGW,2019,,PProvJGW (Surrey),2016,,,,,,,,,,,,,,,,,,,,,,,MarkRAMPMI
Craft 6525 Mem 002,Craft,6525,6525,2,,,Mem,"Vivian, N   ",1967,PPAGDC,2013,,,,,,,,,,,,,,,,,,,,,,,,,,MarkRAMPMI
Craft 6525 Mem 003,Craft,6525,6525,3,,,Mem,"Tennant, C   ",1970,PPGStB,1997,,PProvJGD (Bristol),2002,,,,,,,,,,,,,,,,,,,,,,,MarkRAMPMI
Craft 6525 Mem 004,Craft,6525,6525,4,,,Mem,"Kiver, R B  ",1974,PProvGReg,1993,,,,,,,,,,,,,,,,,,,,,,,,,,MarkRAMPMI
Craft 6525 Mem 005,Craft,6525,6525,5,,,Mem,"Vivian, N   ",1975,,,,,,,,,,,,,,,,,,,,,,,,,,,,MarkRAMPMI
Craft 6525 Mem 006,Craft,6525,6525,6,,,Mem,"Triggs, K A W ",1981,PPGSwdB,2018,,,,,,,,,,,,,,,,,,,,,,,,,,MarkRAMPMI
Craft 6525 Mem 007,Craft,6525,6525,7,,,Mem,"Francis, R E  ",1987,PProvSGW,2019,,,,,,,,,,,,,,,,,,,,,,,,,,MarkRAMPMI
Craft 6525 Mem 008,Craft,6525,6525,8,,,Mem,"Adair, T J  ",1990,PPJGW,2024,,,,,,,,,,,,,,,,,,,,,,,,,,MarkRAMPMI
Craft 6525 Mem 009,Craft,6525,6525,9,,,Mem,"Mason, J H  ",1990,PPGSwdB,2016,,,,,,,,,,,,,,,,,,,,,,,,,,MarkRAMPMI
Craft 6525 Mem 010,Craft,6525,6525,10,,,Mem,"Miller, T   ",1992,,,,,,,,,,,,,,,,,,,,,,,,,,,,MarkRAMPMI
Craft 6525 Mem 011,Craft,6525,6525,11,,,Mem,"Holloway, K B  ",1992,,,,,,,,,,,,,,,,,,,,,,,,,,,,MarkRAMPMI
Craft 6525 Mem 012,Craft,6525,6525,12,,,Mem,"Devereux, M R  ",1995,PProvGChStwd,2014,,,,,,,,,,,,,,,,,,,,,,,,,,MarkRAMPMI
Craft 6525 Mem 013,Craft,6525,6525,13,,,Mem,"Hickson, A D  ",1999,ProvAGDC,2025,Y,,,,,,,,,,,,,,,,,,,,,,,,,MarkRAMPMI
Craft 6525 Mem 014,Craft,6525,6525,14,,,Mem,"Hartless, G M  ",2000,PPGSwdB,2020,,,,,,,,,,,,,,,,,,,,,,,,,,MarkRAMPMI
Craft 6525 Mem 015,Craft,6525,6525,15,,,Mem,"Randall, E   ",2001,,,,,,,,,,,,,,,,,,,,,,,,,,,,MarkRAMPMI
Craft 6525 Mem 016,Craft,6525,6525,16,,,Mem,"Matthews, L A  ",2002,AsstProvGM,2024,Y,,,,,,,,,,,,,,,,,,,,,,,,,MarkRAMPMI
Craft 6525 Mem 017,Craft,6525,6525,17,,,Mem,"Boyd, P W  ",2003,PPJGW,2019,,,,,,,,,,,,,,,,,,,,,,,,,,MarkRAMPMI
Craft 6525 Mem 018,Craft,6525,6525,18,,,Mem,"Double, V J  ",2003,PPSGW,2018,,PProvGSuptWks (Surrey),2010,,,,,,,,,,,,,,,,,,,,,,,MarkRAMPMI
Craft 6525 Mem 019,Craft,6525,6525,19,,,Mem,"Paba, M J P ",2005,,,,,,,,,,,,,,,,,,,,,,,,,,,,MarkRAMPMI
Craft 6525 Mem 020,Craft,6525,6525,20,,,Mem,"Harris, R J  ",2005,PPGReg,2021,,,,,,,,,,,,,,,,,,,,,,,,,,MarkRAMPMI
Craft 6525 Mem 021,Craft,6525,6525,21,,,Mem,"Sanford, D J  ",2009,PPAGDC,2023,,,,,,,,,,,,,,,,,,,,,,,,,,MarkRAMPMI
Craft 6525 Mem 022,Craft,6525,6525,22,,,Mem,"Jerams, H A  ",2011,,,,,,,,,,,,,,,,,,,,,,,,,,,,MarkRAMPMI
Craft 6525 Mem 023,Craft,6525,6525,23,,,Mem,"Smith, I   ",2013,,,,,,,,,,,,,,,,,,,,,,,,,,,,MarkRAMPMI
Craft 6525 Mem 024,Craft,6525,6525,24,,,Mem,"Elsworth, J M  ",2014,,,,,,,,,,,,,,,,,,,,,,,,,,,,MarkRAMPMI
Craft 6525 Mem 025,Craft,6525,6525,25,,,Mem,"Ferns, M P  ",2015,,,,,,,,,,,,,,,,,,,,,,,,,,,,MarkRAMPMI
Craft 6525 Mem 026,Craft,6525,6525,26,,,Mem,"Halfhide, R C  ",2016,,,,,,,,,,,,,,,,,,,,,,,,,,,,MarkRAMPMI
Craft 6525 Mem 027,Craft,6525,6525,27,,,Mem,"Rochester, B   ",2016,,,,PProvGReg (E. Kent),2010,LGR,2017,,,,,,,,,,,,,,,,,,,,,MarkRAMPMI
Craft 6525 Mem 028,Craft,6525,6525,28,,,Mem,"Winter, G J  ",2017,,,,,,,,,,,,,,,,,,,,,,,,,,,,MarkRAMPMI
Craft 6525 Mem 029,Craft,6525,6525,29,,,Mem,"Dunn, J   ",2018,,,,,,,,,,,,,,,,,,,,,,,,,,,,MarkRAMPMI
Craft 6525 Mem 030,Craft,6525,6525,30,,,Mem,"McCoid, F J  ",2018,,,,,,,,,,,,,,,,,,,,,,,,,,,,MarkRAMPMI
Craft 6525 Mem 031,Craft,6525,6525,31,,,Mem,"McCombie, A N  ",2019,PProvJGD,2022,,,,,,,,,,,,,,,,,,,,,,,,,,MarkRAMPMI
Craft 6525 Mem 032,Craft,6525,6525,32,,,Mem,"Thompson, M J  ",2019,,,,,,,,,,,,,,,,,,,,,,,,,,,,MarkRAMPMI
Craft 6525 Mem 033,Craft,6525,6525,33,,,Mem,"Spiller, D J  ",2022,,,,,,,,,,,,,,,,,,,,,,,,,,,,MarkRAMPMI
Craft 6525 Mem 034,Craft,6525,6525,34,,,Mem,"Elliott, M W  ",2022,,,,,,,,,,,,,,,,,,,,,,,,,,,,MarkRAMPMI
Craft 6525 Mem 035,Craft,6525,6525,35,,,Mem,"Denmark, P D  ",2023,,,,,,,,,,,,,,,,,,,,,,,,,,,,MarkRAMPMI
Craft 6525 Mem 036,Craft,6525,6525,36,,,Mem,"Byrne, R J  ",2024,,,,,,,,,,,,,,,,,,,,,,,,,,,,MarkRAMPMI
Craft 6525 Mem 037,Craft,6525,6525,37,,,Mem,"Astley, P D  ",2024,,,,,,,,,,,,,,,,,,,,,,,,,,,,MarkRAMPMI
Craft 6525 Mem 038,Craft,6525,6525,38,,,Mem,"Connolley, G   ",2024,,,,,,,,,,,,,,,,,,,,,,,,,,,,MarkRAMPMI
Craft 6525 Mem 039,Craft,6525,6525,39,,,Mem,"Harding, D A N ",2025,,,,,,,,,,,,,,,,,,,,,,,,,,,,MarkRAMPMI
Craft 6525 Mem 040,Craft,6525,6525,40,,,Mem,"Ricketts, T J  ",2025,,,,,,,,,,,,,,,,,,,,,,,,,,,,MarkRAMPMI
Craft 6525 Mem 041,Craft,6525,6525,41,,,Mem,"Halfhide, M   ",2026,,,,,,,,,,,,,,,,,,,,,,,,,,,,MarkRAMPMI
Craft 6525 Mem 042,Craft,6525,6525,42,,,Mem,"Adams, P F  ",2026,PPSGD,2020,,,,,,,,,,,,,,,,,,,,,,,,,,MarkRAMPMI
Craft 6525 Off 001,Craft,6525,6525,1,WM,1,Off,"Halfhide, R C  ",2016,,,,,,,,,,,,,,,,,,,,,,,,,,,,Officers
Craft 6525 Off 002,Craft,6525,6525,2,SW,2,Off,"Francis, R E  ",1987,,,,,,,,,,,,,,,,,,,,,,,,,,,,Officers
Craft 6525 Off 003,Craft,6525,6525,3,JW,3,Off,"Thompson, M J  ",2019,,,,,,,,,,,,,,,,,,,,,,,,,,,,Officers
Craft 6525 Off 004,Craft,6525,6525,4,Chap,4,Off,"Adair, T J  ",1990,,,,,,,,,,,,,,,,,,,,,,,,,,,,Officers
Craft 6525 Off 005,Craft,6525,6525,5,Treas,5,Off,"Devereux, M R  ",1995,,,,,,,,,,,,,,,,,,,,,,,,,,,,Officers
Craft 6525 Off 006,Craft,6525,6525,6,Sec,6,Off,"Boyd, P W  ",2003,,,,,,,,,,,,,,,,,,,,,,,,,,,,Officers
Craft 6525 Off 007,Craft,6525,6525,7,DC,7,Off,"Hickson, A D  ",1999,,,,,,,,,,,,,,,,,,,,,,,,,,,,Officers
Craft 6525 Off 008,Craft,6525,6525,8,Alm,8,Off,"Halfhide, R C  ",2016,,,,,,,,,,,,,,,,,,,,,,,,,,,,Officers
Craft 6525 Off 009,Craft,6525,6525,9,ChStwd,9,Off,"Harding, D A N ",2025,,,,,,,,,,,,,,,,,,,,,,,,,,,,Officers
Craft 6525 Off 010,Craft,6525,6525,10,MO,10,Off,"Boyd, P W  ",2003,,,,,,,,,,,,,,,,,,,,,,,,,,,,Officers
Craft 6525 Off 011,Craft,6525,6525,11,Mentor,11,Off,"Boyd, P W  ",2003,,,,,,,,,,,,,,,,,,,,,,,,,,,,Officers
Craft 6525 Off 012,Craft,6525,6525,12,SD,12,Off,"Spiller, D J  ",2022,,,,,,,,,,,,,,,,,,,,,,,,,,,,Officers
Craft 6525 Off 013,Craft,6525,6525,13,JD,13,Off,"Denmark, P D  ",2023,,,,,,,,,,,,,,,,,,,,,,,,,,,,Officers
Craft 6525 Off 014,Craft,6525,6525,14,ADC,14,Off,"Matthews, L A  ",2002,,,,,,,,,,,,,,,,,,,,,,,,,,,,Officers
Craft 6525 Off 015,Craft,6525,6525,15,Org,15,Off,Vacant,,,,,,,,,,,,,,,,,,,,,,,,,,,,,Officers
Craft 6525 Off 016,Craft,6525,6525,16,ASec,16,Off,"Smith, I   ",2013,,,,,,,,,,,,,,,,,,,,,,,,,,,,Officers
Craft 6525 Off 017,Craft,6525,6525,17,IG,17,Off,"Elliott, M W  ",2022,,,,,,,,,,,,,,,,,,,,,,,,,,,,Officers
Craft 6525 Off 018,Craft,6525,6525,18,Stwd,18,Off,"Connolley, G   ",2024,,,,,,,,,,,,,,,,,,,,,,,,,,,,Officers
Craft 6525 Off 019,Craft,6525,6525,19,Stwd,18,Off,"Byrne, R J  ",2024,,,,,,,,,,,,,,,,,,,,,,,,,,,,Officers
Craft 6525 Off 020,Craft,6525,6525,20,Stwd,18,Off,"Astley, P D  ",2024,,,,,,,,,,,,,,,,,,,,,,,,,,,,Officers
Craft 6525 Off 021,Craft,6525,6525,21,Stwd,18,Off,"Ricketts, T J  ",2025,,,,,,,,,,,,,,,,,,,,,,,,,,,,Officers
Craft 6525 Off 022,Craft,6525,6525,22,Tyler,19,Off,"Paba, M J P ",2005,,,,,,,,,,,,,,,,,,,,,,,,,,,,Officers
Craft 6525 PMI 001,Craft,6525,6525,1,,,PMI,"Double, V J  ",2003,PPSGW,2018,,PProvGSuptWks (Surrey),2010,,,,,5054,,,,,,,,,,,,,,,,,,PMI
Craft 6525 PMI 002,Craft,6525,6525,2,,,PMI,"Rochester, B   ",2016,,,,PProvGReg (E. Kent),2010,LGR,2017,,,"8185, 3752",,,,,,,,,,,,,,,,,,PMI
Craft 6525 PMI 003,Craft,6525,6525,3,,,PMI,"Harding, D A N ",2025,,,,,,,,,,9727,,,,,,,,,,,,,,,,,,PMI
Craft 6525 PMI 004,Craft,6525,6525,4,,,PMI,"Adams, P F  ",2026,PPSGD,2020,,,,,,,,3878,,,,,,,,,,,,,,,,,,PMI
Craft 6525 PMO 001,Craft,6525,6525,1,,,PMO,"Vivian, N   ",,PPAGDC,2013,,,,,,,,,1979,1979,,,,,,,,,,,,,,,,PMO
Craft 6525 PMO 002,Craft,6525,6525,2,,,PMO,"Tennant, C   ",,PPGStB,1997,,PProvJGD (Bristol),2002,,,,,,1981,1981,,,,,,,,,,,,,,,,PMO
Craft 6525 PMO 003,Craft,6525,6525,3,,,PMO,"Kiver, R B  ",,PProvGReg,1993,,,,,,PJGD,2010,,1985,1985,,,,,,,,,,,,,,,,PMO
Craft 6525 PMO 006,Craft,6525,6525,6,,,PMO,"Harris, R J  ",,PPGReg,2021,,,,,,,,,1991,1991,,,,,,,,,,,,,,,,PMO
Craft 6525 PMO 007,Craft,6525,6525,7,,,PMO,"Shorto, R J  ",,PPJGW,2019,,PProvJGW (Surrey),2016,,,,,,1993,1993,,,,,,,,,,,,,,,,PMO
Craft 6525 PMO 009,Craft,6525,6525,9,,,PMO,"Francis, R E  ",,PProvSGW,2019,,,,,,,,,"1995, 2005",1995,,,,,,,,,,,,,,,,PMO
Craft 6525 PMO 012,Craft,6525,6525,12,,,PMO,"Triggs, K A W ",,PPGSwdB,2018,,,,,,,,,"1997, 2002",1997,,,,,,,,,,,,,,,,PMO
Craft 6525 PMO 013,Craft,6525,6525,13,,,PMO,"Mason, J H  ",,PPGSwdB,2016,,,,,,,,,2000,2000,,,,,,,,,,,,,,,,PMO
Craft 6525 PMO 015,Craft,6525,6525,15,,,PMO,"Adair, T J  ",,PPJGW,2024,,,,,,,,,"2003, 2004, 2014",2003,,,,,,,,,,,,,,,,PMO
Craft 6525 PMO 016,Craft,6525,6525,16,,,PMO,"Devereux, M R  ",,PProvGChStwd,2014,,,,,,PAGDC,2017,,2006,2006,,,,,,,,,,,,,,,,PMO
Craft 6525 PMO 018,Craft,6525,6525,18,,,PMO,"Hickson, A D  ",,ProvAGDC,2025,,,,,,,,,"2007, 2015",2007,,,,,,,,,,,,,,,,PMO
Craft 6525 PMO 020,Craft,6525,6525,20,,,PMO,"Hartless, G M  ",,PPGSwdB,2020,,,,,,,,,2008,2008,,,,,,,,,,,,,,,,PMO
Craft 6525 PMO 021,Craft,6525,6525,21,,,PMO,"Matthews, L A  ",,AsstProvGM,2024,,,,,,PJGD,2025,,2009,2009,,,,,,,,,,,,,,,,PMO
Craft 6525 PMO 023,Craft,6525,6525,23,,,PMO,"Boyd, P W  ",,PPJGW,2019,,,,,,PAGDC,2021,,"2010, 2017",2010,,,,,,,,,,,,,,,,PMO
Craft 6525 PMO 026,Craft,6525,6525,26,,,PMO,"Sanford, D J  ",,PPAGDC,2023,,,,,,,,,2016,2016,,,,,,,,,,,,,,,,PMO
Craft 6525 PMO 027,Craft,6525,6525,27,,,PMO,"Paba, M J P ",,,,,,,,,,,,2021,2021,,,,,,,,,,,,,,,,PMO
Craft 6525 PMO 028,Craft,6525,6525,28,,,PMO,"McCombie, A N  ",,PProvJGD,2022,,,,,,,,,"2023, 2024",2023,,,,,,,,,,,,,,,,PMO
Craft 6582 Hon 001,Craft,6582,6582,1,,,Hon,"Knight, B J  ",1998,PDepProvGM,1994,,,,,,PGSwdB,1995,,,,,,,,,,,,,,,,,,,Honorary
Craft 6582 Hon 002,Craft,6582,6582,2,,,Hon,"Cole, R E V ",2022,,,,,,,,,,,,,,,,,,,,,,,,,,,,Honorary
Craft 6582 Hon 003,Craft,6582,6582,3,,,Hon,"Langford, R J  ",2024,PPGReg,2020,,,,,,,,,,,,,,,,,,,,,,,,,,Honorary
Craft 6582 Inst 001,Craft,6582,6582,1,,,Inst,,,,,,,,,,,,,,,April 10th 2026,,,,,,,,,,,,,,,DBLodges
Craft 6582 Mem 001,Craft,6582,6582,1,,,Mem,"Fanner, K W J ",2018,,,,,,,,,,,,,,,,,,,,,,,,,,,,MarkRAMPMI
Craft 6582 Off 001,Craft,6582,6582,1,WM,1,Off,Vacant,,,,,,,,,,,,,,,,,,,,,,,,,,,,,Officers
Craft 6582 Off 002,Craft,6582,6582,2,SW,2,Off,Vacant,,,,,,,,,,,,,,,,,,,,,,,,,,,,,Officers
Craft 6582 Off 003,Craft,6582,6582,3,JW,3,Off,"Fanner, K W J ",2018,,,,,,,,,,,,,,,,,,,,,,,,,,,,Officers
Craft 6582 Off 004,Craft,6582,6582,4,Chap,4,Off,Vacant,,,,,,,,,,,,,,,,,,,,,,,,,,,,,Officers
Craft 6582 Off 005,Craft,6582,6582,5,Treas,5,Off,,,,,,,,,,,,,,,,,,,,,,,,,,,,,,Officers
Craft 6582 Off 006,Craft,6582,6582,6,Sec,6,Off,,,,,,,,,,,,,,,,,,,,,,,,,,,,,,Officers
Craft 6582 Off 007,Craft,6582,6582,7,DC,7,Off,Vacant,,,,,,,,,,,,,,,,,,,,,,,,,,,,,Officers
Craft 6582 Off 008,Craft,6582,6582,8,Alm,8,Off,Vacant,,,,,,,,,,,,,,,,,,,,,,,,,,,,,Officers
Craft 6582 Off 009,Craft,6582,6582,9,ChStwd,9,Off,Vacant,,,,,,,,,,,,,,,,,,,,,,,,,,,,,Officers
Craft 6582 Off 010,Craft,6582,6582,10,MO,10,Off,Vacant,,,,,,,,,,,,,,,,,,,,,,,,,,,,,Officers
Craft 6582 Off 011,Craft,6582,6582,11,Mentor,11,Off,Vacant,,,,,,,,,,,,,,,,,,,,,,,,,,,,,Officers
Craft 6582 Off 012,Craft,6582,6582,12,SD,12,Off,Vacant,,,,,,,,,,,,,,,,,,,,,,,,,,,,,Officers
Craft 6582 Off 013,Craft,6582,6582,13,JD,13,Off,Vacant,,,,,,,,,,,,,,,,,,,,,,,,,,,,,Officers
Craft 6582 Off 014,Craft,6582,6582,14,ADC,14,Off,Vacant,,,,,,,,,,,,,,,,,,,,,,,,,,,,,Officers
Craft 6582 Off 015,Craft,6582,6582,15,Org,15,Off,Vacant,,,,,,,,,,,,,,,,,,,,,,,,,,,,,Officers
Craft 6582 Off 016,Craft,6582,6582,16,ASec,16,Off,Vacant,,,,,,,,,,,,,,,,,,,,,,,,,,,,,Officers
Craft 6582 Off 017,Craft,6582,6582,17,IG,17,Off,Vacant,,,,,,,,,,,,,,,,,,,,,,,,,,,,,Officers
Craft 6582 Off 018,Craft,6582,6582,18,Stwd,18,Off,Vacant,,,,,,,,,,,,,,,,,,,,,,,,,,,,,Officers
Craft 6582 Off 019,Craft,6582,6582,19,Tyler,19,Off,Vacant,,,,,,,,,,,,,,,,,,,,,,,,,,,,,Officers
Craft 6582 PMO 001,Craft,6582,6582,1,,,PMO,"Langford, R J  ",,PPGReg,2020,,,,,,,,,2006,2006,,,,,,,,,,,,,,,,PMO
Craft 6827 Hon 001,Craft,6827,6827,1,,,Hon,"Bosley, C G  ",2024,,,,,,,,,,,,,,,,,,,,,,,,,,,,Honorary
Craft 6827 Hon 002,Craft,6827,6827,2,,,Hon,"Boylin, D   ",2019,,,,PProvSGW (Hants. & I. of W.),2025,,,,,,,,,,,,,,,,,,,,,,,Honorary
Craft 6827 Hon 003,Craft,6827,6827,3,,,Hon,"Foster, K W  ",2024,PPGSwdB,2016,,,,,,,,,,,,,,,,,,,,,,,,,,Honorary
Craft 6827 Hon 004,Craft,6827,6827,4,,,Hon,"Horswill, J H  ",2024,,,,,,,,,,,,,,,,,,,,,,,,,,,,Honorary
Craft 6827 Hon 005,Craft,6827,6827,5,,,Hon,"Jarman, R W  ",2010,,,,,,,,,,,,,,,,,,,,,,,,,,,,Honorary
Craft 6827 Hon 006,Craft,6827,6827,6,,,Hon,"Phillipson-Masters, I A  ",2024,,,,PProvJGW (Glos.),2021,,,,,,,,,,,,,,,,,,,,,,,Honorary
Craft 6827 Hon 007,Craft,6827,6827,7,,,Hon,"Thomas, G R E ",2013,PProvSGW,2009,,,,,,PAGDC,2013,,,,,,,,,,,,,,,,,,,Honorary
Craft 6827 Inst 001,Craft,6827,6827,1,,,Inst,,,,,,,,,,,,,,,February 6th 2026,,,,,,,,,,,,,,,DBLodges
Craft 6827 Mem 001,Craft,6827,6827,1,,,Mem,"Jowett, R B  ",1975,PPSGW,2015,,,,,,,,,,,,,,,,,,,,,,,,,,MarkRAMPMI
Craft 6827 Mem 002,Craft,6827,6827,2,,,Mem,"Doland, M F  ",1981,PPGSwdB,2012,,,,,,,,,,,,,,,,,,,,,,,,,,MarkRAMPMI
Craft 6827 Mem 003,Craft,6827,6827,3,,,Mem,"Holder, M P  ",1983,,,,,,,,,,,,,,,,,,,,,,,,,,,,MarkRAMPMI
Craft 6827 Mem 004,Craft,6827,6827,4,,,Mem,"Campbell, I R  ",1986,PPJGW,2017,,,,,,,,,,,,,,,,,,,,,,,,,,MarkRAMPMI
Craft 6827 Mem 005,Craft,6827,6827,5,,,Mem,"Swadel, A   ",1987,PPJGW,2019,,,,,,,,,,,,,,,,,,,,,,,,,,MarkRAMPMI
Craft 6827 Mem 006,Craft,6827,6827,6,,,Mem,"Watson, W D  ",1999,PPGSuptWks,2025,,,,,,,,,,,,,,,,,,,,,,,,,,MarkRAMPMI
Craft 6827 Mem 007,Craft,6827,6827,7,,,Mem,"Setchfield, R S  ",1999,PPGReg,2019,,PProvGStB (Middx.),2001,,,,,,,,,,,,,,,,,,,,,,,MarkRAMPMI
Craft 6827 Mem 008,Craft,6827,6827,8,,,Mem,"Phillips, R D  ",2001,,,,,,,,,,,,,,,,,,,,,,,,,,,,MarkRAMPMI
Craft 6827 Mem 009,Craft,6827,6827,9,,,Mem,"Green, P J  ",2003,PPGSuptWks,2025,,,,,,,,,,,,,,,,,,,,,,,,,,MarkRAMPMI
Craft 6827 Mem 010,Craft,6827,6827,10,,,Mem,"Delaney, J   ",2005,PPJGD,2019,,,,,,,,,,,,,,,,,,,,,,,,,,MarkRAMPMI
Craft 6827 Mem 011,Craft,6827,6827,11,,,Mem,"Smart, D R  ",2005,PPGSwdB,2025,,,,LGR,2005,,,,,,,,,,,,,,,,,,,,,MarkRAMPMI
Craft 6827 Mem 012,Craft,6827,6827,12,,,Mem,"Lockyer, P N  ",2006,PProvJGD,2019,,,,,,,,,,,,,,,,,,,,,,,,,,MarkRAMPMI
Craft 6827 Mem 013,Craft,6827,6827,13,,,Mem,"Samson, R A  ",2006,,,,,,,,,,,,,,,,,,,,,,,,,,,,MarkRAMPMI
Craft 6827 Mem 014,Craft,6827,6827,14,,,Mem,"Rose, S L  ",2007,PPGStB,2021,,,,,,,,,,,,,,,,,,,,,,,,,,MarkRAMPMI
Craft 6827 Mem 015,Craft,6827,6827,15,,,Mem,"Campbell, S G  ",2007,PPDepGDC,2024,,,,,,,,,,,,,,,,,,,,,,,,,,MarkRAMPMI
Craft 6827 Mem 016,Craft,6827,6827,16,,,Mem,"Dancer, P M  ",2008,PPJGD,2023,,,,,,,,,,,,,,,,,,,,,,,,,,MarkRAMPMI
Craft 6827 Mem 017,Craft,6827,6827,17,,,Mem,"Black, C J  ",2011,PPJGD,2025,,,,,,,,,,,,,,,,,,,,,,,,,,MarkRAMPMI
Craft 6827 Mem 018,Craft,6827,6827,18,,,Mem,"Bunter, M J  ",2012,PPGStB,2020,,,,,,,,,,,,,,,,,,,,,,,,,,MarkRAMPMI
Craft 6827 Mem 019,Craft,6827,6827,19,,,Mem,"Bailey, J K  ",2012,,,,,,,,,,,,,,,,,,,,,,,,,,,,MarkRAMPMI
Craft 6827 Mem 020,Craft,6827,6827,20,,,Mem,"Martin, P   ",2012,,,,,,,,,,,,,,,,,,,,,,,,,,,,MarkRAMPMI
Craft 6827 Mem 021,Craft,6827,6827,21,,,Mem,"Larkin, A J  ",2014,ProvDepGDC,2024,Y,,,,,,,,,,,,,,,,,,,,,,,,,MarkRAMPMI
Craft 6827 Mem 022,Craft,6827,6827,22,,,Mem,"Loft, M R A ",2014,PPGReg,2019,,PProvGReg (Hants. & I. of W.),2025,,,,,,,,,,,,,,,,,,,,,,,MarkRAMPMI
Craft 6827 Mem 023,Craft,6827,6827,23,,,Mem,"Holloway, A J  ",2015,,,,,,,,,,,,,,,,,,,,,,,,,,,,MarkRAMPMI
Craft 6827 Mem 024,Craft,6827,6827,24,,,Mem,"Jones, B D  ",2016,,,,,,,,,,,,,,,,,,,,,,,,,,,,MarkRAMPMI
Craft 6827 Mem 025,Craft,6827,6827,25,,,Mem,"Turner, L H  ",2017,PPJGW,2012,,,,,,,,,,,,,,,,,,,,,,,,,,MarkRAMPMI
Craft 6827 Mem 026,Craft,6827,6827,26,,,Mem,"Heckford, D W  ",2017,,,,,,,,,,,,,,,,,,,,,,,,,,,,MarkRAMPMI
Craft 6827 Mem 027,Craft,6827,6827,27,,,Mem,"Tegg, S P  ",2017,,,,,,,,,,,,,,,,,,,,,,,,,,,,MarkRAMPMI
Craft 6827 Mem 028,Craft,6827,6827,28,,,Mem,"Yorke, T C  ",2019,,,,,,,,,,,,,,,,,,,,,,,,,,,,MarkRAMPMI
Craft 6827 Mem 029,Craft,6827,6827,29,,,Mem,"Scott, J R  ",2021,,,,,,,,,,,,,,,,,,,,,,,,,,,,MarkRAMPMI
Craft 6827 Mem 030,Craft,6827,6827,30,,,Mem,"Kellard, D E  ",2022,,,,,,,,,,,,,,,,,,,,,,,,,,,,MarkRAMPMI
Craft 6827 Mem 031,Craft,6827,6827,31,,,Mem,"Hendry, I D  ",2022,,,,,,,,,,,,,,,,,,,,,,,,,,,,MarkRAMPMI
Craft 6827 Mem 032,Craft,6827,6827,32,,,Mem,"Denby, S C  ",2022,,,,,,,,,,,,,,,,,,,,,,,,,,,,MarkRAMPMI
Craft 6827 Mem 033,Craft,6827,6827,33,,,Mem,"Jeffery, S J  ",2022,,,,,,,,,,,,,,,,,,,,,,,,,,,,MarkRAMPMI
Craft 6827 Mem 034,Craft,6827,6827,34,,,Mem,"Metcalfe, O J  ",2023,,,,,,,,,,,,,,,,,,,,,,,,,,,,MarkRAMPMI
Craft 6827 Mem 035,Craft,6827,6827,35,,,Mem,"Boylan, A J  ",2023,,,,,,,,,,,,,,,,,,,,,,,,,,,,MarkRAMPMI
Craft 6827 Mem 036,Craft,6827,6827,36,,,Mem,"Hardy, G   ",2023,,,,,,,,,,,,,,,,,,,,,,,,,,,,MarkRAMPMI
Craft 6827 Mem 037,Craft,6827,6827,37,,,Mem,"Davis, J A  ",2024,PPAGDC,2021,,,,,,,,,,,,,,,,,,,,,,,,,,MarkRAMPMI
Craft 6827 Mem 038,Craft,6827,6827,38,,,Mem,"Oliver, S J  ",2024,,,,,,,,,,,,,,,,,,,,,,,,,,,,MarkRAMPMI
Craft 6827 Mem 039,Craft,6827,6827,39,,,Mem,"Blackwell, D N  ",2024,,,,,,,,,,,,,,,,,,,,,,,,,,,,MarkRAMPMI
Craft 6827 Mem 040,Craft,6827,6827,40,,,Mem,"Orchard, C   ",2025,,,,,,,,,,,,,,,,,,,,,,,,,,,,MarkRAMPMI
Craft 6827 Mem 041,Craft,6827,6827,41,,,Mem,"Diack, B J  ",2025,,,,,,,,,,,,,,,,,,,,,,,,,,,,MarkRAMPMI
Craft 6827 Mem 042,Craft,6827,6827,42,,,Mem,"Brown, S   ",2026,,,,,,,,,,,,,,,,,,,,,,,,,,,,MarkRAMPMI
Craft 6827 Off 001,Craft,6827,6827,1,WM,1,Off,"Heckford, D W  ",2017,,,,,,,,,,,,,,,,,,,,,,,,,,,,Officers
Craft 6827 Off 002,Craft,6827,6827,2,SW,2,Off,"Kellard, D E  ",2022,,,,,,,,,,,,,,,,,,,,,,,,,,,,Officers
Craft 6827 Off 003,Craft,6827,6827,3,JW,3,Off,"Holloway, A J  ",2015,,,,,,,,,,,,,,,,,,,,,,,,,,,,Officers
Craft 6827 Off 004,Craft,6827,6827,4,Chap,4,Off,"Rose, S L  ",2007,,,,,,,,,,,,,,,,,,,,,,,,,,,,Officers
Craft 6827 Off 005,Craft,6827,6827,5,Treas,5,Off,"Bailey, J K  ",2012,,,,,,,,,,,,,,,,,,,,,,,,,,,,Officers
Craft 6827 Off 006,Craft,6827,6827,6,Sec,6,Off,"Black, C J  ",2011,,,,,,,,,,,,,,,,,,,,,,,,,,,,Officers
Craft 6827 Off 007,Craft,6827,6827,7,DC,7,Off,"Lockyer, P N  ",2006,,,,,,,,,,,,,,,,,,,,,,,,,,,,Officers
Craft 6827 Off 008,Craft,6827,6827,8,Alm,8,Off,"Larkin, A J  ",2014,,,,,,,,,,,,,,,,,,,,,,,,,,,,Officers
Craft 6827 Off 009,Craft,6827,6827,9,ChStwd,9,Off,Vacant,,,,,,,,,,,,,,,,,,,,,,,,,,,,,Officers
Craft 6827 Off 010,Craft,6827,6827,10,MO,10,Off,"Metcalfe, O J  ",2023,,,,,,,,,,,,,,,,,,,,,,,,,,,,Officers
Craft 6827 Off 011,Craft,6827,6827,11,Mentor,11,Off,"Loft, M R A ",2014,,,,,,,,,,,,,,,,,,,,,,,,,,,,Officers
Craft 6827 Off 012,Craft,6827,6827,12,SD,12,Off,"Boylan, A J  ",2023,,,,,,,,,,,,,,,,,,,,,,,,,,,,Officers
Craft 6827 Off 013,Craft,6827,6827,13,JD,13,Off,"Tegg, S P  ",2017,,,,,,,,,,,,,,,,,,,,,,,,,,,,Officers
Craft 6827 Off 014,Craft,6827,6827,14,ADC,14,Off,"Delaney, J   ",2005,,,,,,,,,,,,,,,,,,,,,,,,,,,,Officers
Craft 6827 Off 015,Craft,6827,6827,15,Gst Org,15,Off,"Boylin, D   ",,,,,,,,,,,,,,,,,,,,,,,,,,,,,Officers
Craft 6827 Off 016,Craft,6827,6827,16,Org,15,Off,Vacant,,,,,,,,,,,,,,,,,,,,,,,,,,,,,Officers
Craft 6827 Off 017,Craft,6827,6827,17,ASec,16,Off,"Rose, S L  ",2007,,,,,,,,,,,,,,,,,,,,,,,,,,,,Officers
Craft 6827 Off 018,Craft,6827,6827,18,IG,17,Off,"Oliver, S J  ",2024,,,,,,,,,,,,,,,,,,,,,,,,,,,,Officers
Craft 6827 Off 019,Craft,6827,6827,19,Stwd,18,Off,"Scott, J R  ",2021,,,,,,,,,,,,,,,,,,,,,,,,,,,,Officers
Craft 6827 Off 020,Craft,6827,6827,20,Stwd,18,Off,"Hendry, I D  ",2022,,,,,,,,,,,,,,,,,,,,,,,,,,,,Officers
Craft 6827 Off 021,Craft,6827,6827,21,Tyler,19,Off,"Watson, W D  ",1999,,,,,,,,,,,,,,,,,,,,,,,,,,,,Officers
Craft 6827 PMI 001,Craft,6827,6827,1,,,PMI,"Smart, D R  ",2005,PPGSwdB,2025,,,,LGR,2005,,,"7272, 9163",,,,,,,,,,,,,,,,,,PMI
Craft 6827 PMI 002,Craft,6827,6827,2,,,PMI,"Turner, L H  ",2017,PPJGW,2012,,,,,,,,"8479, 9727",,,,,,,,,,,,,,,,,,PMI
Craft 6827 PMI 003,Craft,6827,6827,3,,,PMI,"Davis, J A  ",2024,PPAGDC,2021,,,,,,,,3878,,,,,,,,,,,,,,,,,,PMI
Craft 6827 PMO 001,Craft,6827,6827,1,,,PMO,"Jowett, R B  ",,PPSGW,2015,,,,,,,,,1985,1985,,,,,,,,,,,,,,,,PMO
Craft 6827 PMO 002,Craft,6827,6827,2,,,PMO,"Doland, M F  ",,PPGSwdB,2012,,,,,,,,,1991,1991,,,,,,,,,,,,,,,,PMO
Craft 6827 PMO 003,Craft,6827,6827,3,,,PMO,"Campbell, I R  ",,PPJGW,2017,,,,,,,,,1996,1996,,,,,,,,,,,,,,,,PMO
Craft 6827 PMO 004,Craft,6827,6827,4,,,PMO,"Swadel, A   ",,PPJGW,2019,,,,,,,,,1997,1997,,,,,,,,,,,,,,,,PMO
Craft 6827 PMO 005,Craft,6827,6827,5,,,PMO,"Foster, K W  ",,PPGSwdB,2016,,,,,,,,,2001,2001,,,,,,,,,,,,,,,,PMO
Craft 6827 PMO 006,Craft,6827,6827,6,,,PMO,"Setchfield, R S  ",,PPGReg,2019,,PProvGStB (Middx.),2001,,,,,,2005,2005,,,,,,,,,,,,,,,,PMO
Craft 6827 PMO 009,Craft,6827,6827,9,,,PMO,"Watson, W D  ",,PPGSuptWks,2025,,,,,,,,,2008,2008,,,,,,,,,,,,,,,,PMO
Craft 6827 PMO 010,Craft,6827,6827,10,,,PMO,"Green, P J  ",,PPGSuptWks,2025,,,,,,,,,"2011, 2025",2011,,,,,,,,,,,,,,,,PMO
Craft 6827 PMO 012,Craft,6827,6827,12,,,PMO,"Delaney, J   ",,PPJGD,2019,,,,,,,,,2012,2012,,,,,,,,,,,,,,,,PMO
Craft 6827 PMO 013,Craft,6827,6827,13,,,PMO,"Campbell, S G  ",,PPDepGDC,2024,,,,,,,,,2013,2013,,,,,,,,,,,,,,,,PMO
Craft 6827 PMO 014,Craft,6827,6827,14,,,PMO,"Rose, S L  ",,PPGStB,2021,,,,,,,,,2014,2014,,,,,,,,,,,,,,,,PMO
Craft 6827 PMO 015,Craft,6827,6827,15,,,PMO,"Lockyer, P N  ",,PProvJGD,2019,,,,,,,,,2015,2015,,,,,,,,,,,,,,,,PMO
Craft 6827 PMO 017,Craft,6827,6827,17,,,PMO,"Dancer, P M  ",,PPJGD,2023,,,,,,,,,2016,2016,,,,,,,,,,,,,,,,PMO
Craft 6827 PMO 018,Craft,6827,6827,18,,,PMO,"Larkin, A J  ",,ProvDepGDC,2024,,,,,,,,,2017,2017,,,,,,,,,,,,,,,,PMO
Craft 6827 PMO 020,Craft,6827,6827,20,,,PMO,"Black, C J  ",,PPJGD,2025,,,,,,,,,2019,2019,,,,,,,,,,,,,,,,PMO
Craft 6827 PMO 021,Craft,6827,6827,21,,,PMO,"Bailey, J K  ",,,,,,,,,,,,2020,2020,,,,,,,,,,,,,,,,PMO
Craft 6827 PMO 022,Craft,6827,6827,22,,,PMO,"Loft, M R A ",,PPGReg,2019,,PProvGReg (Hants. & I. of W.),2025,,,,,,2022,2022,,,,,,,,,,,,,,,,PMO
Craft 6827 PMO 023,Craft,6827,6827,23,,,PMO,"Holloway, A J  ",,,,,,,,,,,,2023,2023,,,,,,,,,,,,,,,,PMO
Craft 6827 PMO 024,Craft,6827,6827,24,,,PMO,"Tegg, S P  ",,,,,,,,,,,,2024,2024,,,,,,,,,,,,,,,,PMO
Craft 7300 Hon 001,Craft,7300,7300,1,,,Hon,"Jordan, J C  ",2022,,,,,,,,,,,,,,,,,,,,,,,,,,,,Honorary
Craft 7300 Inst 001,Craft,7300,7300,1,,,Inst,,,,,,,,,,,,,,,March 21st 2026,,,,,,,,,,,,,,,DBLodges
Craft 7300 Mem 001,Craft,7300,7300,1,,,Mem,"Bishop, E C  ",1965,PPSGW,2009,,,,,,,,,,,,,,,,,,,,,,,,,,MarkRAMPMI
Craft 7300 Mem 002,Craft,7300,7300,2,,,Mem,"Ayton, A M  ",1970,PPSGW,2016,,,,,,,,,,,,,,,,,,,,,,,,,,MarkRAMPMI
Craft 7300 Mem 003,Craft,7300,7300,3,,,Mem,"Ward, K J  ",1975,PPJGW,2025,,,,,,,,,,,,,,,,,,,,,,,,,,MarkRAMPMI
Craft 7300 Mem 004,Craft,7300,7300,4,,,Mem,"Still, S D  ",1978,PPSGW,2021,,,,,,,,,,,,,,,,,,,,,,,,,,MarkRAMPMI
Craft 7300 Mem 005,Craft,7300,7300,5,,,Mem,"King, M D  ",1984,PPGReg,2025,,,,,,,,,,,,,,,,,,,,,,,,,,MarkRAMPMI
Craft 7300 Mem 006,Craft,7300,7300,6,,,Mem,"Deakin, C W  ",1985,PDepProvGM,2010,,,,,,,,,,,,,,,,,,,,,,,,,,MarkRAMPMI
Craft 7300 Mem 007,Craft,7300,7300,7,,,Mem,"Knight, L C F ",1990,PPGReg,2019,,,,,,,,,,,,,,,,,,,,,,,,,,MarkRAMPMI
Craft 7300 Mem 008,Craft,7300,7300,8,,,Mem,"Stanton, J B  ",1991,,,,,,,,,,,,,,,,,,,,,,,,,,,,MarkRAMPMI
Craft 7300 Mem 009,Craft,7300,7300,9,,,Mem,"Armstrong, D P  ",1992,PPGSwdB,2022,,,,,,,,,,,,,,,,,,,,,,,,,,MarkRAMPMI
Craft 7300 Mem 010,Craft,7300,7300,10,,,Mem,"Ware, I R  ",1994,PPGReg,2019,,,,,,,,,,,,,,,,,,,,,,,,,,MarkRAMPMI
Craft 7300 Mem 011,Craft,7300,7300,11,,,Mem,"Wills, C   ",1997,PProvSGW,2018,,PProvSGW (Wilts.),2024,,,,,,,,,,,,,,,,,,,,,,,MarkRAMPMI
Craft 7300 Mem 012,Craft,7300,7300,12,,,Mem,"Logan, A   ",1997,PPGSwdB,2018,,,,,,,,,,,,,,,,,,,,,,,,,,MarkRAMPMI
Craft 7300 Mem 013,Craft,7300,7300,13,,,Mem,"Downs, B S  ",1997,PPGReg,2019,,,,,,,,,,,,,,,,,,,,,,,,,,MarkRAMPMI
Craft 7300 Mem 014,Craft,7300,7300,14,,,Mem,"Burden, B A  ",2000,PPDepGDC,2025,,PProvAGStB (Middx.),2000,,,,,,,,,,,,,,,,,,,,,,,MarkRAMPMI
Craft 7300 Mem 015,Craft,7300,7300,15,,,Mem,"Read, G D  ",2002,PPGSuptWks,2016,,,,,,,,,,,,,,,,,,,,,,,,,,MarkRAMPMI
Craft 7300 Mem 016,Craft,7300,7300,16,,,Mem,"Lockyer, C   ",2003,PProvGSwdB,2023,,,,,,,,,,,,,,,,,,,,,,,,,,MarkRAMPMI
Craft 7300 Mem 017,Craft,7300,7300,17,,,Mem,"Newman, P G  ",2003,PPGSuptWks,2021,,,,,,,,,,,,,,,,,,,,,,,,,,MarkRAMPMI
Craft 7300 Mem 018,Craft,7300,7300,18,,,Mem,"Wood, R A  ",2005,PPGSwdB,2021,,,,LGR,2011,,,,,,,,,,,,,,,,,,,,,MarkRAMPMI
Craft 7300 Mem 019,Craft,7300,7300,19,,,Mem,"Coombes, M   ",2005,,,,,,,,,,,,,,,,,,,,,,,,,,,,MarkRAMPMI
Craft 7300 Mem 020,Craft,7300,7300,20,,,Mem,"Brown, W H  ",2006,PPGStB,2025,,,,,,,,,,,,,,,,,,,,,,,,,,MarkRAMPMI
Craft 7300 Mem 021,Craft,7300,7300,21,,,Mem,"Lomax, G R  ",2009,PProvSGD,2022,,,,,,,,,,,,,,,,,,,,,,,,,,MarkRAMPMI
Craft 7300 Mem 022,Craft,7300,7300,22,,,Mem,"Hagger, M J  ",2014,,,,,,,,,,,,,,,,,,,,,,,,,,,,MarkRAMPMI
Craft 7300 Mem 023,Craft,7300,7300,23,,,Mem,"Barrett, B O  ",2015,PPDepGDC,2021,,,,,,,,,,,,,,,,,,,,,,,,,,MarkRAMPMI
Craft 7300 Mem 024,Craft,7300,7300,24,,,Mem,"Rouse, D J  ",2016,,,,,,,,,,,,,,,,,,,,,,,,,,,,MarkRAMPMI
Craft 7300 Mem 025,Craft,7300,7300,25,,,Mem,"Webb, A P  ",2017,,,,,,,,,,,,,,,,,,,,,,,,,,,,MarkRAMPMI
Craft 7300 Mem 026,Craft,7300,7300,26,,,Mem,"Godfrey, A   ",2018,,,,,,,,,,,,,,,,,,,,,,,,,,,,MarkRAMPMI
Craft 7300 Mem 027,Craft,7300,7300,27,,,Mem,"Berry, D A  ",2019,,,,,,,,,,,,,,,,,,,,,,,,,,,,MarkRAMPMI
Craft 7300 Mem 028,Craft,7300,7300,28,,,Mem,"Webb, J A W ",2021,,,,,,,,,,,,,,,,,,,,,,,,,,,,MarkRAMPMI
Craft 7300 Mem 029,Craft,7300,7300,29,,,Mem,"King, R W  ",2022,,,,PProvGSuptWks (Hants. & I. of W.),2017,,,,,,,,,,,,,,,,,,,,,,,MarkRAMPMI
Craft 7300 Mem 030,Craft,7300,7300,30,,,Mem,"Stewart, K A  ",2023,,,,,,,,,,,,,,,,,,,,,,,,,,,,MarkRAMPMI
Craft 7300 Mem 031,Craft,7300,7300,31,,,Mem,"Potgieter, J V  ",2023,,,,,,,,,,,,,,,,,,,,,,,,,,,,MarkRAMPMI
Craft 7300 Mem 032,Craft,7300,7300,32,,,Mem,"Barratt, S C  ",2023,,,,,,,,,,,,,,,,,,,,,,,,,,,,MarkRAMPMI
Craft 7300 Mem 033,Craft,7300,7300,33,,,Mem,"Wilmoth, C J  ",2024,,,,,,,,,,,,,,,,,,,,,,,,,,,,MarkRAMPMI
Craft 7300 Mem 034,Craft,7300,7300,34,,,Mem,"Gerrard, O M N ",2024,,,,,,,,,,,,,,,,,,,,,,,,,,,,MarkRAMPMI
Craft 7300 Mem 035,Craft,7300,7300,35,,,Mem,"Kelley, D I  ",2025,PPSGW,2014,,,,,,,,,,,,,,,,,,,,,,,,,,MarkRAMPMI
Craft 7300 Mem 036,Craft,7300,7300,36,,,Mem,"Vines, G   ",2025,,,,,,,,,,,,,,,,,,,,,,,,,,,,MarkRAMPMI
Craft 7300 Mem 037,Craft,7300,7300,37,,,Mem,"Rouse, R J  ",2026,,,,,,,,,,,,,,,,,,,,,,,,,,,,MarkRAMPMI
Craft 7300 Off 001,Craft,7300,7300,1,WM,1,Off,"Knight, L C F ",1990,,,,,,,,,,,,,,,,,,,,,,,,,,,,Officers
Craft 7300 Off 002,Craft,7300,7300,2,SW,2,Off,"Rouse, D J  ",2016,,,,,,,,,,,,,,,,,,,,,,,,,,,,Officers
Craft 7300 Off 003,Craft,7300,7300,3,JW,3,Off,"Armstrong, D P  ",1992,,,,,,,,,,,,,,,,,,,,,,,,,,,,Officers
Craft 7300 Off 004,Craft,7300,7300,4,Chap,4,Off,Vacant,,,,,,,,,,,,,,,,,,,,,,,,,,,,,Officers
Craft 7300 Off 005,Craft,7300,7300,5,Treas,5,Off,"Webb, A P  ",2017,,,,,,,,,,,,,,,,,,,,,,,,,,,,Officers
Craft 7300 Off 006,Craft,7300,7300,6,Sec,6,Off,"Wood, R A  ",2005,,,,,,,,,,,,,,,,,,,,,,,,,,,,Officers
Craft 7300 Off 007,Craft,7300,7300,7,DC,7,Off,"Ward, K J  ",1975,,,,,,,,,,,,,,,,,,,,,,,,,,,,Officers
Craft 7300 Off 008,Craft,7300,7300,8,Alm,8,Off,"Wills, C   ",1997,,,,,,,,,,,,,,,,,,,,,,,,,,,,Officers
Craft 7300 Off 009,Craft,7300,7300,9,ChStwd,9,Off,"Lockyer, C   ",2003,,,,,,,,,,,,,,,,,,,,,,,,,,,,Officers
Craft 7300 Off 010,Craft,7300,7300,10,MO,10,Off,"Barrett, B O  ",2015,,,,,,,,,,,,,,,,,,,,,,,,,,,,Officers
Craft 7300 Off 011,Craft,7300,7300,11,Mentor,11,Off,"Wills, C   ",1997,,,,,,,,,,,,,,,,,,,,,,,,,,,,Officers
Craft 7300 Off 012,Craft,7300,7300,12,SD,12,Off,"Lockyer, C   ",2003,,,,,,,,,,,,,,,,,,,,,,,,,,,,Officers
Craft 7300 Off 013,Craft,7300,7300,13,JD,13,Off,"Webb, J A W ",2021,,,,,,,,,,,,,,,,,,,,,,,,,,,,Officers
Craft 7300 Off 014,Craft,7300,7300,14,ADC,14,Off,"Newman, P G  ",2003,,,,,,,,,,,,,,,,,,,,,,,,,,,,Officers
Craft 7300 Off 015,Craft,7300,7300,15,Org,15,Off,"Brown, W H  ",2006,,,,,,,,,,,,,,,,,,,,,,,,,,,,Officers
Craft 7300 Off 016,Craft,7300,7300,16,ASec,16,Off,"Webb, A P  ",2017,,,,,,,,,,,,,,,,,,,,,,,,,,,,Officers
Craft 7300 Off 017,Craft,7300,7300,17,IG,17,Off,"Barratt, S C  ",2023,,,,,,,,,,,,,,,,,,,,,,,,,,,,Officers
Craft 7300 Off 018,Craft,7300,7300,18,Stwd,18,Off,"Potgieter, J V  ",2023,,,,,,,,,,,,,,,,,,,,,,,,,,,,Officers
Craft 7300 Off 019,Craft,7300,7300,19,Stwd,18,Off,"Stewart, K A  ",2023,,,,,,,,,,,,,,,,,,,,,,,,,,,,Officers
Craft 7300 Off 020,Craft,7300,7300,20,Tyler,19,Off,"King, R W  ",2022,,,,,,,,,,,,,,,,,,,,,,,,,,,,Officers
Craft 7300 PMI 001,Craft,7300,7300,1,,,PMI,"Burden, B A  ",2000,PPDepGDC,2025,,PProvAGStB (Middx.),2000,,,,,"3665, 7911",,,,,,,,,,,,,,,,,,PMI
Craft 7300 PMI 002,Craft,7300,7300,2,,,PMI,"Read, G D  ",2002,PPGSuptWks,2016,,,,,,,,1266,,,,,,,,,,,,,,,,,,PMI
Craft 7300 PMI 003,Craft,7300,7300,3,,,PMI,"King, R W  ",2022,,,,PProvGSuptWks (Hants. & I. of W.),2017,,,,,3099,,,,,,,,,,,,,,,,,,PMI
Craft 7300 PMI 004,Craft,7300,7300,4,,,PMI,"Rouse, R J  ",2026,,,,,,,,,,6582,,,,,,,,,,,,,,,,,,PMI
Craft 7300 PMO 001,Craft,7300,7300,1,,,PMO,"Bishop, E C  ",,PPSGW,2009,,,,,,,,,1979,1979,,,,,,,,,,,,,,,,PMO
Craft 7300 PMO 002,Craft,7300,7300,2,,,PMO,"Ayton, A M  ",,PPSGW,2016,,,,,,,,,1983,1983,,,,,,,,,,,,,,,,PMO
Craft 7300 PMO 003,Craft,7300,7300,3,,,PMO,"Ward, K J  ",,PPJGW,2025,,,,,,,,,1990,1990,,,,,,,,,,,,,,,,PMO
Craft 7300 PMO 004,Craft,7300,7300,4,,,PMO,"Still, S D  ",,PPSGW,2021,,,,,,,,,1993,1993,,,,,,,,,,,,,,,,PMO
Craft 7300 PMO 006,Craft,7300,7300,6,,,PMO,"King, M D  ",,PPGReg,2025,,,,,,,,,1995,1995,,,,,,,,,,,,,,,,PMO
Craft 7300 PMO 008,Craft,7300,7300,8,,,PMO,"Deakin, C W  ",,PDepProvGM,2010,,,,,,PGSwdB,2011,,1996,1996,,,,,,,,,,,,,,,,PMO
Craft 7300 PMO 012,Craft,7300,7300,12,,,PMO,"Knight, L C F ",,PPGReg,2019,,,,,,,,,"1998, 2022",1998,,,,,,,,,,,,,,,,PMO
Craft 7300 PMO 013,Craft,7300,7300,13,,,PMO,"Kelley, D I  ",,PPSGW,2014,,,,,,,,,2000,2000,,,,,,,,,,,,,,,,PMO
Craft 7300 PMO 014,Craft,7300,7300,14,,,PMO,"Armstrong, D P  ",,PPGSwdB,2022,,,,,,,,,"2001, 2011",2001,,,,,,,,,,,,,,,,PMO
Craft 7300 PMO 016,Craft,7300,7300,16,,,PMO,"Ware, I R  ",,PPGReg,2019,,,,,,,,,2002,2002,,,,,,,,,,,,,,,,PMO
Craft 7300 PMO 019,Craft,7300,7300,19,,,PMO,"Wills, C   ",,PProvSGW,2018,,PProvSGW (Wilts.),2024,,,,,,"2004, 2009, 2024",2004,,,,,,,,,,,,,,,,PMO
Craft 7300 PMO 022,Craft,7300,7300,22,,,PMO,"Downs, B S  ",,PPGReg,2019,,,,,,,,,2005,2005,,,,,,,,,,,,,,,,PMO
Craft 7300 PMO 023,Craft,7300,7300,23,,,PMO,"Logan, A   ",,PPGSwdB,2018,,,,,,,,,2006,2006,,,,,,,,,,,,,,,,PMO
Craft 7300 PMO 024,Craft,7300,7300,24,,,PMO,"Newman, P G  ",,PPGSuptWks,2021,,,,,,,,,2010,2010,,,,,,,,,,,,,,,,PMO
Craft 7300 PMO 025,Craft,7300,7300,25,,,PMO,"Lockyer, C   ",,PProvGSwdB,2023,,,,,,,,,2012,2012,,,,,,,,,,,,,,,,PMO
Craft 7300 PMO 027,Craft,7300,7300,27,,,PMO,"Wood, R A  ",,PPGSwdB,2021,,,,LGR,2011,,,,2015,2015,,,,,,,,,,,,,,,,PMO
Craft 7300 PMO 028,Craft,7300,7300,28,,,PMO,"Lomax, G R  ",,PProvSGD,2022,,,,,,,,,"2017, 2025",2017,,,,,,,,,,,,,,,,PMO
Craft 7300 PMO 030,Craft,7300,7300,30,,,PMO,"Godfrey, A   ",,,,,,,,,,,,2023,2023,,,,,,,,,,,,,,,,PMO
Craft 7860 Hon 001,Craft,7860,7860,1,,,Hon,"Hoare, K G  ",2015,PPSGW,2000,,,,,,,,,,,,,,,,,,,,,,,,,,Honorary
Craft 7860 Hon 002,Craft,7860,7860,2,,,Hon,"Knight, B J  ",2008,PDepProvGM,1994,,,,,,PGSwdB,1995,,,,,,,,,,,,,,,,,,,Honorary
Craft 7860 Inst 001,Craft,7860,7860,1,,,Inst,,,,,,,,,,,,,,,February 25th 2026,,,,,,,,,,,,,,,DBLodges
Craft 7860 Mem 001,Craft,7860,7860,1,,,Mem,"Morris, N J C ",1969,,,,,,,,,,,,,,,,,,,,,,,,,,,,MarkRAMPMI
Craft 7860 Mem 002,Craft,7860,7860,2,,,Mem,"Hawker, S N  ",1976,,,,,,,,,,,,,,,,,,,,,,,,,,,,MarkRAMPMI
Craft 7860 Mem 003,Craft,7860,7860,3,,,Mem,"Thomas, G R E ",1976,PProvSGW,2009,,,,,,,,,,,,,,,,,,,,,,,,,,MarkRAMPMI
Craft 7860 Mem 004,Craft,7860,7860,4,,,Mem,"Gillett, D W  ",1977,PProvSGW,2010,,,,,,,,,,,,,,,,,,,,,,,,,,MarkRAMPMI
Craft 7860 Mem 005,Craft,7860,7860,5,,,Mem,"James, J   ",1982,,,,,,,,,,,,,,,,,,,,,,,,,,,,MarkRAMPMI
Craft 7860 Mem 006,Craft,7860,7860,6,,,Mem,"Speirs, I C  ",1983,PPSGW,2024,,,,,,,,,,,,,,,,,,,,,,,,,,MarkRAMPMI
Craft 7860 Mem 007,Craft,7860,7860,7,,,Mem,"Hutchings, M W  ",1988,PPDepGDC,2012,,,,,,,,,,,,,,,,,,,,,,,,,,MarkRAMPMI
Craft 7860 Mem 008,Craft,7860,7860,8,,,Mem,"Ball, S P  ",1990,PPGSwdB,2021,,,,,,,,,,,,,,,,,,,,,,,,,,MarkRAMPMI
Craft 7860 Mem 009,Craft,7860,7860,9,,,Mem,"Turner, A A  ",1992,,,,,,,,,,,,,,,,,,,,,,,,,,,,MarkRAMPMI
Craft 7860 Mem 010,Craft,7860,7860,10,,,Mem,"Allen, R H  ",1993,PPGReg,2024,,,,,,,,,,,,,,,,,,,,,,,,,,MarkRAMPMI
Craft 7860 Mem 011,Craft,7860,7860,11,,,Mem,"Fisher, M   ",1993,,,,,,,,,,,,,,,,,,,,,,,,,,,,MarkRAMPMI
Craft 7860 Mem 012,Craft,7860,7860,12,,,Mem,"Fletcher, J N  ",1993,PPGSuptWks,2020,,,,LGR,2012,,,,,,,,,,,,,,,,,,,,,MarkRAMPMI
Craft 7860 Mem 013,Craft,7860,7860,13,,,Mem,"Voysey, F W  ",1995,PPJGW,2015,,,,,,,,,,,,,,,,,,,,,,,,,,MarkRAMPMI
Craft 7860 Mem 014,Craft,7860,7860,14,,,Mem,"Slocock, C J  ",2002,PPGStB,2023,,,,,,,,,,,,,,,,,,,,,,,,,,MarkRAMPMI
Craft 7860 Mem 015,Craft,7860,7860,15,,,Mem,"Plowman, V K  ",2002,PPAGDC,2022,,,,,,,,,,,,,,,,,,,,,,,,,,MarkRAMPMI
Craft 7860 Mem 016,Craft,7860,7860,16,,,Mem,"Plowman, J E A ",2003,PProvJGD,2019,,,,,,,,,,,,,,,,,,,,,,,,,,MarkRAMPMI
Craft 7860 Mem 017,Craft,7860,7860,17,,,Mem,"Courtney, A R P ",2004,PPGStB,2021,,,,,,,,,,,,,,,,,,,,,,,,,,MarkRAMPMI
Craft 7860 Mem 018,Craft,7860,7860,18,,,Mem,"Connell, A R  ",2006,PProvGPurs,2023,,,,,,,,,,,,,,,,,,,,,,,,,,MarkRAMPMI
Craft 7860 Mem 019,Craft,7860,7860,19,,,Mem,"Grant, A C  ",2007,,,,PProvDepGSuptWks (Hants. & I. of W.),2019,,,,,,,,,,,,,,,,,,,,,,,MarkRAMPMI
Craft 7860 Mem 020,Craft,7860,7860,20,,,Mem,"Gibson, M J  ",2008,PPJGW,2025,,,,,,,,,,,,,,,,,,,,,,,,,,MarkRAMPMI
Craft 7860 Mem 021,Craft,7860,7860,21,,,Mem,"Andrews, D J  ",2008,PPJGD,2019,,,,,,,,,,,,,,,,,,,,,,,,,,MarkRAMPMI
Craft 7860 Mem 022,Craft,7860,7860,22,,,Mem,"Connell, A J  ",2008,PPGStB,2025,,,,,,,,,,,,,,,,,,,,,,,,,,MarkRAMPMI
Craft 7860 Mem 023,Craft,7860,7860,23,,,Mem,"Mould, N H  ",2009,,,,,,,,,,,,,,,,,,,,,,,,,,,,MarkRAMPMI
Craft 7860 Mem 024,Craft,7860,7860,24,,,Mem,"Roff, L E  ",2012,,,,,,,,,,,,,,,,,,,,,,,,,,,,MarkRAMPMI
Craft 7860 Mem 025,Craft,7860,7860,25,,,Mem,"Mills, S J  ",2014,,,,,,,,,,,,,,,,,,,,,,,,,,,,MarkRAMPMI
Craft 7860 Mem 026,Craft,7860,7860,26,,,Mem,"Hughes, M L  ",2014,,,,,,,,,,,,,,,,,,,,,,,,,,,,MarkRAMPMI
Craft 7860 Mem 027,Craft,7860,7860,27,,,Mem,"Bigham, W J  ",2016,,,,,,,,,,,,,,,,,,,,,,,,,,,,MarkRAMPMI
Craft 7860 Mem 028,Craft,7860,7860,28,,,Mem,"Ball, S G  ",2016,,,,,,,,,,,,,,,,,,,,,,,,,,,,MarkRAMPMI
Craft 7860 Mem 029,Craft,7860,7860,29,,,Mem,"Neary, M C  ",2017,,,,,,,,,,,,,,,,,,,,,,,,,,,,MarkRAMPMI
Craft 7860 Mem 030,Craft,7860,7860,30,,,Mem,"Johnson, S A  ",2017,,,,,,,,,,,,,,,,,,,,,,,,,,,,MarkRAMPMI
Craft 7860 Mem 031,Craft,7860,7860,31,,,Mem,"Flower, S G  ",2022,,,,,,,,,,,,,,,,,,,,,,,,,,,,MarkRAMPMI
Craft 7860 Mem 032,Craft,7860,7860,32,,,Mem,"Browning, R T  ",2022,,,,,,,,,,,,,,,,,,,,,,,,,,,,MarkRAMPMI
Craft 7860 Mem 033,Craft,7860,7860,33,,,Mem,"Doe, P D  ",2022,,,,,,,,,,,,,,,,,,,,,,,,,,,,MarkRAMPMI
Craft 7860 Mem 034,Craft,7860,7860,34,,,Mem,"Chandler-Neary, M J  ",2023,,,,,,,,,,,,,,,,,,,,,,,,,,,,MarkRAMPMI
Craft 7860 Mem 035,Craft,7860,7860,35,,,Mem,"Roff, P D  ",2023,,,,,,,,,,,,,,,,,,,,,,,,,,,,MarkRAMPMI
Craft 7860 Mem 036,Craft,7860,7860,36,,,Mem,"Cornish, C H  ",2024,,,,,,,,,,,,,,,,,,,,,,,,,,,,MarkRAMPMI
Craft 7860 Mem 037,Craft,7860,7860,37,,,Mem,"Browning, G J  ",2024,,,,,,,,,,,,,,,,,,,,,,,,,,,,MarkRAMPMI
Craft 7860 Mem 038,Craft,7860,7860,38,,,Mem,"Hartin, T W  ",2025,,,,,,,,,,,,,,,,,,,,,,,,,,,,MarkRAMPMI
Craft 7860 Mem 039,Craft,7860,7860,39,,,Mem,"Legg, A   ",2025,,,,,,,,,,,,,,,,,,,,,,,,,,,,MarkRAMPMI
Craft 7860 Mem 040,Craft,7860,7860,40,,,Mem,"Haigh, D   ",2025,,,,,,,,,,,,,,,,,,,,,,,,,,,,MarkRAMPMI
Craft 7860 Mem 041,Craft,7860,7860,41,,,Mem,"Mowles, G J  ",2025,PPJGW,2025,,PProvGSwdB (Devon),2015,,,,,,,,,,,,,,,,,,,,,,,MarkRAMPMI
Craft 7860 Mem 042,Craft,7860,7860,42,,,Mem,"Belcher, J   ",2025,,,,,,,,,,,,,,,,,,,,,,,,,,,,MarkRAMPMI
Craft 7860 Mem 043,Craft,7860,7860,43,,,Mem,"Miller, D J  ",2026,,,,,,,,,,,,,,,,,,,,,,,,,,,,MarkRAMPMI
Craft 7860 Off 001,Craft,7860,7860,1,WM,1,Off,"Bigham, W J  ",2016,,,,,,,,,,,,,,,,,,,,,,,,,,,,Officers
Craft 7860 Off 002,Craft,7860,7860,2,SW,2,Off,"Hughes, M L  ",2014,,,,,,,,,,,,,,,,,,,,,,,,,,,,Officers
Craft 7860 Off 003,Craft,7860,7860,3,JW,3,Off,"Browning, R T  ",2022,,,,,,,,,,,,,,,,,,,,,,,,,,,,Officers
Craft 7860 Off 004,Craft,7860,7860,4,Chap,4,Off,"Andrews, D J  ",2008,,,,,,,,,,,,,,,,,,,,,,,,,,,,Officers
Craft 7860 Off 005,Craft,7860,7860,5,Treas,5,Off,"Gibson, M J  ",2008,,,,,,,,,,,,,,,,,,,,,,,,,,,,Officers
Craft 7860 Off 006,Craft,7860,7860,6,Sec,6,Off,"Allen, R H  ",1993,,,,,,,,,,,,,,,,,,,,,,,,,,,,Officers
Craft 7860 Off 007,Craft,7860,7860,7,DC,7,Off,"Gillett, D W  ",1977,,,,,,,,,,,,,,,,,,,,,,,,,,,,Officers
Craft 7860 Off 008,Craft,7860,7860,8,Alm,8,Off,"Connell, A R  ",2006,,,,,,,,,,,,,,,,,,,,,,,,,,,,Officers
Craft 7860 Off 009,Craft,7860,7860,9,ChStwd,9,Off,"Speirs, I C  ",1983,,,,,,,,,,,,,,,,,,,,,,,,,,,,Officers
Craft 7860 Off 010,Craft,7860,7860,10,MO,10,Off,"Slocock, C J  ",2002,,,,,,,,,,,,,,,,,,,,,,,,,,,,Officers
Craft 7860 Off 011,Craft,7860,7860,11,Mentor,11,Off,"Roff, L E  ",2012,,,,,,,,,,,,,,,,,,,,,,,,,,,,Officers
Craft 7860 Off 012,Craft,7860,7860,12,SD,12,Off,"Neary, M C  ",2017,,,,,,,,,,,,,,,,,,,,,,,,,,,,Officers
Craft 7860 Off 013,Craft,7860,7860,13,JD,13,Off,"Roff, P D  ",2023,,,,,,,,,,,,,,,,,,,,,,,,,,,,Officers
Craft 7860 Off 014,Craft,7860,7860,14,ADC,14,Off,"Connell, A J  ",2008,,,,,,,,,,,,,,,,,,,,,,,,,,,,Officers
Craft 7860 Off 015,Craft,7860,7860,15,Org,15,Off,"Connell, A R  ",2006,,,,,,,,,,,,,,,,,,,,,,,,,,,,Officers
Craft 7860 Off 016,Craft,7860,7860,16,ASec,16,Off,Vacant,,,,,,,,,,,,,,,,,,,,,,,,,,,,,Officers
Craft 7860 Off 017,Craft,7860,7860,17,IG,17,Off,"Ball, S G  ",2016,,,,,,,,,,,,,,,,,,,,,,,,,,,,Officers
Craft 7860 Off 018,Craft,7860,7860,18,Stwd,18,Off,"Mills, S J  ",2014,,,,,,,,,,,,,,,,,,,,,,,,,,,,Officers
Craft 7860 Off 019,Craft,7860,7860,19,Stwd,18,Off,"Johnson, S A  ",2017,,,,,,,,,,,,,,,,,,,,,,,,,,,,Officers
Craft 7860 Off 020,Craft,7860,7860,20,Stwd,18,Off,"Chandler-Neary, M J  ",2023,,,,,,,,,,,,,,,,,,,,,,,,,,,,Officers
Craft 7860 Off 021,Craft,7860,7860,21,Stwd,18,Off,"Cornish, C H  ",2024,,,,,,,,,,,,,,,,,,,,,,,,,,,,Officers
Craft 7860 Off 022,Craft,7860,7860,22,Stwd,18,Off,"Belcher, J   ",2025,,,,,,,,,,,,,,,,,,,,,,,,,,,,Officers
Craft 7860 Off 023,Craft,7860,7860,23,Tyler,19,Off,"Mould, N H  ",2009,,,,,,,,,,,,,,,,,,,,,,,,,,,,Officers
Craft 7860 PMI 001,Craft,7860,7860,1,,,PMI,"Grant, A C  ",2007,,,,PProvDepGSuptWks (Hants. & I. of W.),2019,,,,,9290,,,,,,,,,,,,,,,,,,PMI
Craft 7860 PMI 002,Craft,7860,7860,2,,,PMI,"Mowles, G J  ",2025,PPJGW,2025,,PProvGSwdB (Devon),2015,,,,,"472, 1091",,,,,,,,,,,,,,,,,,PMI
Craft 7860 PMO 001,Craft,7860,7860,1,,,PMO,"Hoare, K G  ",,PPSGW,2000,,,,,,,,,1974,1974,,,,,,,,,,,,,,,,PMO
Craft 7860 PMO 003,Craft,7860,7860,3,,,PMO,"Thomas, G R E ",,PProvSGW,2009,,,,,,PAGDC,2013,,1988,1988,,,,,,,,,,,,,,,,PMO
Craft 7860 PMO 009,Craft,7860,7860,9,,,PMO,"Hawker, S N  ",,,,,,,,,,,,1989,1989,,,,,,,,,,,,,,,,PMO
Craft 7860 PMO 010,Craft,7860,7860,10,,,PMO,"Gillett, D W  ",,PProvSGW,2010,,,,,,,,,1991,1991,,,,,,,,,,,,,,,,PMO
Craft 7860 PMO 011,Craft,7860,7860,11,,,PMO,"Speirs, I C  ",,PPSGW,2024,,,,,,,,,1996,1996,,,,,,,,,,,,,,,,PMO
Craft 7860 PMO 012,Craft,7860,7860,12,,,PMO,"Hutchings, M W  ",,PPDepGDC,2012,,,,,,,,,1998,1998,,,,,,,,,,,,,,,,PMO
Craft 7860 PMO 013,Craft,7860,7860,13,,,PMO,"Ball, S P  ",,PPGSwdB,2021,,,,,,,,,"2000, 2004",2000,,,,,,,,,,,,,,,,PMO
Craft 7860 PMO 014,Craft,7860,7860,14,,,PMO,"Allen, R H  ",,PPGReg,2024,,,,,,,,,"2003, 2009",2003,,,,,,,,,,,,,,,,PMO
Craft 7860 PMO 015,Craft,7860,7860,15,,,PMO,"Fletcher, J N  ",,PPGSuptWks,2020,,,,LGR,2012,,,,2006,2006,,,,,,,,,,,,,,,,PMO
Craft 7860 PMO 016,Craft,7860,7860,16,,,PMO,"Slocock, C J  ",,PPGStB,2023,,,,,,,,,"2010, 2025",2010,,,,,,,,,,,,,,,,PMO
Craft 7860 PMO 017,Craft,7860,7860,17,,,PMO,"Plowman, J E A ",,PProvJGD,2019,,,,,,,,,2012,2012,,,,,,,,,,,,,,,,PMO
Craft 7860 PMO 018,Craft,7860,7860,18,,,PMO,"Gibson, M J  ",,PPJGW,2025,,,,,,,,,"2013, 2022",2013,,,,,,,,,,,,,,,,PMO
Craft 7860 PMO 019,Craft,7860,7860,19,,,PMO,"Courtney, A R P ",,PPGStB,2021,,,,,,,,,2014,2014,,,,,,,,,,,,,,,,PMO
Craft 7860 PMO 020,Craft,7860,7860,20,,,PMO,"Plowman, V K  ",,PPAGDC,2022,,,,,,,,,"2015, 2019",2015,,,,,,,,,,,,,,,,PMO
Craft 7860 PMO 021,Craft,7860,7860,21,,,PMO,"Andrews, D J  ",,PPJGD,2019,,,,,,,,,2016,2016,,,,,,,,,,,,,,,,PMO
Craft 7860 PMO 023,Craft,7860,7860,23,,,PMO,"Connell, A J  ",,PPGStB,2025,,,,,,,,,2018,2018,,,,,,,,,,,,,,,,PMO
Craft 7860 PMO 024,Craft,7860,7860,24,,,PMO,"Hughes, M L  ",,,,,,,,,,,,2023,2023,,,,,,,,,,,,,,,,PMO
Craft 7860 PMO 025,Craft,7860,7860,25,,,PMO,"Roff, L E  ",,,,,,,,,,,,2024,2024,,,,,,,,,,,,,,,,PMO
Craft 7873 Hon 001,Craft,7873,7873,1,,,Hon,"Cole, M R  ",2023,PPGSuptWks,2015,,,,,,,,,,,,,,,,,,,,,,,,,,Honorary
Craft 7873 Hon 002,Craft,7873,7873,2,,,Hon,"Copus, A W  ",2024,PPGSwdB,2024,,,,,,,,,,,,,,,,,,,,,,,,,,Honorary
Craft 7873 Hon 003,Craft,7873,7873,3,,,Hon,"Williams, A   ",2025,PPGOrg,2019,,,,,,,,,,,,,,,,,,,,,,,,,,Honorary
Craft 7873 Hon 004,Craft,7873,7873,4,,,Hon,"Willis, J   ",2022,,,,,,,,,,,,,,,,,,,,,,,,,,,,Honorary
Craft 7873 Inst 001,Craft,7873,7873,1,,,Inst,,,,,,,,,,,,,,,May 14th 2026,,,,,,,,,,,,,,,DBLodges
Craft 7873 Mem 001,Craft,7873,7873,1,,,Mem,"Glover, R   ",1968,PPJGW,2025,,,,,,,,,,,,,,,,,,,,,,,,,,MarkRAMPMI
Craft 7873 Mem 002,Craft,7873,7873,2,,,Mem,"Barnes, K H  ",1970,PProvGM,1994,,,,,,,,,,,,,,,,,,,,,,,,,,MarkRAMPMI
Craft 7873 Mem 003,Craft,7873,7873,3,,,Mem,"Frampton, G C  ",1979,,,,,,,,,,,,,,,,,,,,,,,,,,,,MarkRAMPMI
Craft 7873 Mem 004,Craft,7873,7873,4,,,Mem,"Norris, M D  ",1982,PPJGW,2021,,,,,,,,,,,,,,,,,,,,,,,,,,MarkRAMPMI
Craft 7873 Mem 005,Craft,7873,7873,5,,,Mem,"Ramsey, I E  ",1982,PPSGW,2024,,,,,,,,,,,,,,,,,,,,,,,,,,MarkRAMPMI
Craft 7873 Mem 006,Craft,7873,7873,6,,,Mem,"Fox, D J  ",1985,,,,,,,,,,,,,,,,,,,,,,,,,,,,MarkRAMPMI
Craft 7873 Mem 007,Craft,7873,7873,7,,,Mem,"Johns, S E  ",1988,,,,,,,,,,,,,,,,,,,,,,,,,,,,MarkRAMPMI
Craft 7873 Mem 008,Craft,7873,7873,8,,,Mem,"Moore, F G  ",1989,,,,,,,,,,,,,,,,,,,,,,,,,,,,MarkRAMPMI
Craft 7873 Mem 009,Craft,7873,7873,9,,,Mem,"Rookes, P   ",1990,,,,,,,,,,,,,,,,,,,,,,,,,,,,MarkRAMPMI
Craft 7873 Mem 010,Craft,7873,7873,10,,,Mem,"Knowles, H G  ",1997,,,,,,,,,,,,,,,,,,,,,,,,,,,,MarkRAMPMI
Craft 7873 Mem 011,Craft,7873,7873,11,,,Mem,"Stanley, M D  ",1997,,,,,,,,,,,,,,,,,,,,,,,,,,,,MarkRAMPMI
Craft 7873 Mem 012,Craft,7873,7873,12,,,Mem,"Gardner, L   ",2000,,,,,,,,,,,,,,,,,,,,,,,,,,,,MarkRAMPMI
Craft 7873 Mem 013,Craft,7873,7873,13,,,Mem,"Ward, S H  ",2002,PProvGStwd,2002,,,,,,,,,,,,,,,,,,,,,,,,,,MarkRAMPMI
Craft 7873 Mem 014,Craft,7873,7873,14,,,Mem,"Porter, A J  ",2003,PPJGW,2019,,,,,,,,,,,,,,,,,,,,,,,,,,MarkRAMPMI
Craft 7873 Mem 015,Craft,7873,7873,15,,,Mem,"Hogben, M L  ",2003,PPAGDC,2022,,,,,,,,,,,,,,,,,,,,,,,,,,MarkRAMPMI
Craft 7873 Mem 016,Craft,7873,7873,16,,,Mem,"Green, T   ",2005,ProvGSec,2024,Y,,,,,,,,,,,,,,,,,,,,,,,,,MarkRAMPMI
Craft 7873 Mem 017,Craft,7873,7873,17,,,Mem,"Prudames, I B  ",2005,PPGSwdB,2024,,,,,,,,,,,,,,,,,,,,,,,,,,MarkRAMPMI
Craft 7873 Mem 018,Craft,7873,7873,18,,,Mem,"Booker, T   ",2007,,,,,,,,,,,,,,,,,,,,,,,,,,,,MarkRAMPMI
Craft 7873 Mem 019,Craft,7873,7873,19,,,Mem,"Mitchell, R   ",2007,,,,,,,,,,,,,,,,,,,,,,,,,,,,MarkRAMPMI
Craft 7873 Mem 020,Craft,7873,7873,20,,,Mem,"Ellison, M A  ",2009,,,,,,,,,,,,,,,,,,,,,,,,,,,,MarkRAMPMI
Craft 7873 Mem 021,Craft,7873,7873,21,,,Mem,"Stevens, P S  ",2009,PPAGDC,2024,,,,,,,,,,,,,,,,,,,,,,,,,,MarkRAMPMI
Craft 7873 Mem 022,Craft,7873,7873,22,,,Mem,"McGrath, A A  ",2010,PPGStB,2024,,,,,,,,,,,,,,,,,,,,,,,,,,MarkRAMPMI
Craft 7873 Mem 023,Craft,7873,7873,23,,,Mem,"Green, R B  ",2011,ProvGMen,2024,Y,,,,,,,,,,,,,,,,,,,,,,,,,MarkRAMPMI
Craft 7873 Mem 024,Craft,7873,7873,24,,,Mem,"Haddon, M J  ",2012,,,,,,,,,,,,,,,,,,,,,,,,,,,,MarkRAMPMI
Craft 7873 Mem 025,Craft,7873,7873,25,,,Mem,"Roberts, K W K ",2013,,,,,,,,,,,,,,,,,,,,,,,,,,,,MarkRAMPMI
Craft 7873 Mem 026,Craft,7873,7873,26,,,Mem,"Beckett, R   ",2013,,,,,,,,,,,,,,,,,,,,,,,,,,,,MarkRAMPMI
Craft 7873 Mem 027,Craft,7873,7873,27,,,Mem,"O'Keefe, L J  ",2014,ProvAGSec,2024,Y,,,,,,,,,,,,,,,,,,,,,,,,,MarkRAMPMI
Craft 7873 Mem 028,Craft,7873,7873,28,,,Mem,"Payne, D V  ",2014,,,,,,,,,,,,,,,,,,,,,,,,,,,,MarkRAMPMI
Craft 7873 Mem 029,Craft,7873,7873,29,,,Mem,"Dominey, M J  ",2014,,,,,,,,,,,,,,,,,,,,,,,,,,,,MarkRAMPMI
Craft 7873 Mem 030,Craft,7873,7873,30,,,Mem,"Bacon, K   ",2015,,,,,,,,,,,,,,,,,,,,,,,,,,,,MarkRAMPMI
Craft 7873 Mem 031,Craft,7873,7873,31,,,Mem,"Williamson, T   ",2017,,,,,,,,,,,,,,,,,,,,,,,,,,,,MarkRAMPMI
Craft 7873 Mem 032,Craft,7873,7873,32,,,Mem,"Symes, D R  ",2017,,,,,,,,,,,,,,,,,,,,,,,,,,,,MarkRAMPMI
Craft 7873 Mem 033,Craft,7873,7873,33,,,Mem,"Britten, G R  ",2019,,,,,,,,,,,,,,,,,,,,,,,,,,,,MarkRAMPMI
Craft 7873 Mem 034,Craft,7873,7873,34,,,Mem,"Pask, R J  ",2019,,,,,,,,,,,,,,,,,,,,,,,,,,,,MarkRAMPMI
Craft 7873 Mem 035,Craft,7873,7873,35,,,Mem,"Dominey, N J  ",2019,,,,,,,,,,,,,,,,,,,,,,,,,,,,MarkRAMPMI
Craft 7873 Mem 036,Craft,7873,7873,36,,,Mem,"Newman, J S  ",2019,,,,,,,,,,,,,,,,,,,,,,,,,,,,MarkRAMPMI
Craft 7873 Mem 037,Craft,7873,7873,37,,,Mem,"Hughes, P   ",2019,,,,,,,,,,,,,,,,,,,,,,,,,,,,MarkRAMPMI
Craft 7873 Mem 038,Craft,7873,7873,38,,,Mem,"Grundonner, M P  ",2020,,,,,,,,,,,,,,,,,,,,,,,,,,,,MarkRAMPMI
Craft 7873 Mem 039,Craft,7873,7873,39,,,Mem,"Newman, O S  ",2022,,,,,,,,,,,,,,,,,,,,,,,,,,,,MarkRAMPMI
Craft 7873 Mem 040,Craft,7873,7873,40,,,Mem,"Reed, I A  ",2022,,,,,,,,,,,,,,,,,,,,,,,,,,,,MarkRAMPMI
Craft 7873 Mem 041,Craft,7873,7873,41,,,Mem,"Ling, D O  ",2022,,,,,,,,,,,,,,,,,,,,,,,,,,,,MarkRAMPMI
Craft 7873 Mem 042,Craft,7873,7873,42,,,Mem,"Poole, J C  ",2022,,,,,,,,,,,,,,,,,,,,,,,,,,,,MarkRAMPMI
Craft 7873 Mem 043,Craft,7873,7873,43,,,Mem,"Foskett, K J  ",2023,,,,,,,,,,,,,,,,,,,,,,,,,,,,MarkRAMPMI
Craft 7873 Mem 044,Craft,7873,7873,44,,,Mem,"Briggs, N D  ",2023,,,,,,,,,,,,,,,,,,,,,,,,,,,,MarkRAMPMI
Craft 7873 Mem 045,Craft,7873,7873,45,,,Mem,"Reed, J I  ",2023,,,,,,,,,,,,,,,,,,,,,,,,,,,,MarkRAMPMI
Craft 7873 Mem 046,Craft,7873,7873,46,,,Mem,"Coles, A P  ",2024,,,,,,,,,,,,,,,,,,,,,,,,,,,,MarkRAMPMI
Craft 7873 Mem 047,Craft,7873,7873,47,,,Mem,"Macfarlane, D P  ",2024,,,,,,,,,,,,,,,,,,,,,,,,,,,,MarkRAMPMI
Craft 7873 Mem 048,Craft,7873,7873,48,,,Mem,"May, D   ",2025,PPGSwdB,2011,,PProvJGD (Hants. & I. of W.),2009-10,,,,,,,,,,,,,,,,,,,,,,,MarkRAMPMI
Craft 7873 Mem 049,Craft,7873,7873,49,,,Mem,"Ellis-Jones, T A  ",2025,,,,,,,,,,,,,,,,,,,,,,,,,,,,MarkRAMPMI
Craft 7873 Mem 050,Craft,7873,7873,50,,,Mem,"Wheaton, K   ",2026,,,,,,,,,,,,,,,,,,,,,,,,,,,,MarkRAMPMI
Craft 7873 Mem 051,Craft,7873,7873,51,,,Mem,"Challinor, D H  ",2026,,,,,,,,,,,,,,,,,,,,,,,,,,,,MarkRAMPMI
Craft 7873 Off 001,Craft,7873,7873,1,WM,1,Off,"Payne, D V  ",2014,,,,,,,,,,,,,,,,,,,,,,,,,,,,Officers
Craft 7873 Off 002,Craft,7873,7873,2,SW,2,Off,"Newman, J S  ",2019,,,,,,,,,,,,,,,,,,,,,,,,,,,,Officers
Craft 7873 Off 003,Craft,7873,7873,3,JW,3,Off,"Grundonner, M P  ",2020,,,,,,,,,,,,,,,,,,,,,,,,,,,,Officers
Craft 7873 Off 004,Craft,7873,7873,4,Chap,4,Off,"Prudames, I B  ",2005,,,,,,,,,,,,,,,,,,,,,,,,,,,,Officers
Craft 7873 Off 005,Craft,7873,7873,5,Treas,5,Off,"Haddon, M J  ",2012,,,,,,,,,,,,,,,,,,,,,,,,,,,,Officers
Craft 7873 Off 006,Craft,7873,7873,6,Sec,6,Off,"Green, T   ",2005,,,,,,,,,,,,,,,,,,,,,,,,,,,,Officers
Craft 7873 Off 007,Craft,7873,7873,7,DC,7,Off,"Green, R B  ",2011,,,,,,,,,,,,,,,,,,,,,,,,,,,,Officers
Craft 7873 Off 008,Craft,7873,7873,8,Alm,8,Off,"Prudames, I B  ",2005,,,,,,,,,,,,,,,,,,,,,,,,,,,,Officers
Craft 7873 Off 009,Craft,7873,7873,9,ChStwd,9,Off,"O'Keefe, L J  ",2014,,,,,,,,,,,,,,,,,,,,,,,,,,,,Officers
Craft 7873 Off 010,Craft,7873,7873,10,MO,10,Off,"Newman, J S  ",2019,,,,,,,,,,,,,,,,,,,,,,,,,,,,Officers
Craft 7873 Off 011,Craft,7873,7873,11,Mentor,11,Off,"Roberts, K W K ",2013,,,,,,,,,,,,,,,,,,,,,,,,,,,,Officers
Craft 7873 Off 012,Craft,7873,7873,12,SD,12,Off,"Britten, G R  ",2019,,,,,,,,,,,,,,,,,,,,,,,,,,,,Officers
Craft 7873 Off 013,Craft,7873,7873,13,JD,13,Off,"Newman, O S  ",2022,,,,,,,,,,,,,,,,,,,,,,,,,,,,Officers
Craft 7873 Off 014,Craft,7873,7873,14,ADC,14,Off,"Hogben, M L  ",2003,,,,,,,,,,,,,,,,,,,,,,,,,,,,Officers
Craft 7873 Off 015,Craft,7873,7873,15,Org,15,Off,Vacant,,,,,,,,,,,,,,,,,,,,,,,,,,,,,Officers
Craft 7873 Off 016,Craft,7873,7873,16,Gst Org,15,Off,"Williams, A   ",,,,,,,,,,,,,,,,,,,,,,,,,,,,,Officers
Craft 7873 Off 017,Craft,7873,7873,17,ASec,16,Off,"Reed, I A  ",2022,,,,,,,,,,,,,,,,,,,,,,,,,,,,Officers
Craft 7873 Off 018,Craft,7873,7873,18,IG,17,Off,"Poole, J C  ",2022,,,,,,,,,,,,,,,,,,,,,,,,,,,,Officers
Craft 7873 Off 019,Craft,7873,7873,19,Stwd,18,Off,"Gardner, L   ",2000,,,,,,,,,,,,,,,,,,,,,,,,,,,,Officers
Craft 7873 Off 020,Craft,7873,7873,20,Stwd,18,Off,"Booker, T   ",2007,,,,,,,,,,,,,,,,,,,,,,,,,,,,Officers
Craft 7873 Off 021,Craft,7873,7873,21,Stwd,18,Off,"Dominey, N J  ",2019,,,,,,,,,,,,,,,,,,,,,,,,,,,,Officers
Craft 7873 Off 022,Craft,7873,7873,22,Stwd,18,Off,"Pask, R J  ",2019,,,,,,,,,,,,,,,,,,,,,,,,,,,,Officers
Craft 7873 Off 023,Craft,7873,7873,23,Stwd,18,Off,"Briggs, N D  ",2023,,,,,,,,,,,,,,,,,,,,,,,,,,,,Officers
Craft 7873 Off 024,Craft,7873,7873,24,Stwd,18,Off,"Foskett, K J  ",2023,,,,,,,,,,,,,,,,,,,,,,,,,,,,Officers
Craft 7873 Off 025,Craft,7873,7873,25,Tyler,19,Off,"Dominey, M J  ",2014,,,,,,,,,,,,,,,,,,,,,,,,,,,,Officers
Craft 7873 PMI 001,Craft,7873,7873,1,,,PMI,"Ward, S H  ",2002,PProvGStwd,2002,,,,,,,,1037,,,,,,,,,,,,,,,,,,PMI
Craft 7873 PMO 001,Craft,7873,7873,1,,,PMO,"Glover, R   ",,PPJGW,2025,,,,,,,,,1977,1977,,,,,,,,,,,,,,,,PMO
Craft 7873 PMO 002,Craft,7873,7873,2,,,PMO,"Barnes, K H  ",,PProvGM,1994,,,,,,PProvGM (Dorset),1994,,1980,1980,,,,,,,,,,,,,,,,PMO
Craft 7873 PMO 017,Craft,7873,7873,17,,,PMO,"Norris, M D  ",,PPJGW,2021,,,,,,,,,1992,1992,,,,,,,,,,,,,,,,PMO
Craft 7873 PMO 018,Craft,7873,7873,18,,,PMO,"Ramsey, I E  ",,PPSGW,2024,,,,,,,,,"1995, 2002",1995,,,,,,,,,,,,,,,,PMO
Craft 7873 PMO 019,Craft,7873,7873,19,,,PMO,"May, D   ",,PPGSwdB,2011,,PProvJGD (Hants. & I. of W.),2009-10,,,,,,1996,1996,,,,,,,,,,,,,,,,PMO
Craft 7873 PMO 020,Craft,7873,7873,20,,,PMO,"Cole, M R  ",,PPGSuptWks,2015,,,,,,,,,"1997, 2005",1997,,,,,,,,,,,,,,,,PMO
Craft 7873 PMO 021,Craft,7873,7873,21,,,PMO,"Copus, A W  ",,PPGSwdB,2024,,,,,,,,,2010,2010,,,,,,,,,,,,,,,,PMO
Craft 7873 PMO 022,Craft,7873,7873,22,,,PMO,"Porter, A J  ",,PPJGW,2019,,,,,,,,,2011,2011,,,,,,,,,,,,,,,,PMO
Craft 7873 PMO 023,Craft,7873,7873,23,,,PMO,"Prudames, I B  ",,PPGSwdB,2024,,,,,,,,,2012,2012,,,,,,,,,,,,,,,,PMO
Craft 7873 PMO 025,Craft,7873,7873,25,,,PMO,"Hogben, M L  ",,PPAGDC,2022,,,,,,,,,"2015, 2015",2015,,,,,,,,,,,,,,,,PMO
Craft 7873 PMO 026,Craft,7873,7873,26,,,PMO,"Stevens, P S  ",,PPAGDC,2024,,,,,,,,,2016,2016,,,,,,,,,,,,,,,,PMO
Craft 7873 PMO 027,Craft,7873,7873,27,,,PMO,"McGrath, A A  ",,PPGStB,2024,,,,,,,,,2017,2017,,,,,,,,,,,,,,,,PMO
Craft 7873 PMO 028,Craft,7873,7873,28,,,PMO,"Green, R B  ",,ProvGMen,2024,,,,,,,,,2018,2018,,,,,,,,,,,,,,,,PMO
Craft 7873 PMO 030,Craft,7873,7873,30,,,PMO,"Green, T   ",,ProvGSec,2024,,,,,,PAGDC,2026,,"2019, 2020, 2021",2019,,,,,,,,,,,,,,,,PMO
Craft 7873 PMO 033,Craft,7873,7873,33,,,PMO,"Roberts, K W K ",,,,,,,,,,,,2022,2022,,,,,,,,,,,,,,,,PMO
Craft 7873 PMO 034,Craft,7873,7873,34,,,PMO,"O'Keefe, L J  ",,ProvAGSec,2024,,,,,,,,,2023,2023,,,,,,,,,,,,,,,,PMO
Craft 7873 PMO 035,Craft,7873,7873,35,,,PMO,"Williamson, T   ",,,,,,,,,,,,2024,2024,,,,,,,,,,,,,,,,PMO
Craft 7907 Hon 001,Craft,7907,7907,1,,,Hon,"Knight, B J  ",2014,PDepProvGM,1994,,,,,,PGSwdB,1995,,,,,,,,,,,,,,,,,,,Honorary
Craft 7907 Inst 001,Craft,7907,7907,1,,,Inst,,,,,,,,,,,,,,,September 22nd 2025,,,,,,,,,,,,,,,DBLodges
Craft 7907 Mem 001,Craft,7907,7907,1,,,Mem,"Prax, G I  ",1967,PPSGW,2008,,,,,,,,,,,,,,,,,,,,,,,,,,MarkRAMPMI
Craft 7907 Mem 002,Craft,7907,7907,2,,,Mem,"Bridge, G N  ",1970,PPGSwdB,2021,,,,,,,,,,,,,,,,,,,,,,,,,,MarkRAMPMI
Craft 7907 Mem 003,Craft,7907,7907,3,,,Mem,"Gordon, R G  ",1978,PPGReg,2023,,,,,,,,,,,,,,,,,,,,,,,,,,MarkRAMPMI
Craft 7907 Mem 004,Craft,7907,7907,4,,,Mem,"Hand, A R  ",1984,PPGReg,2024,,,,,,,,,,,,,,,,,,,,,,,,,,MarkRAMPMI
Craft 7907 Mem 005,Craft,7907,7907,5,,,Mem,"Witt, G I C ",1985,,,,,,,,,,,,,,,,,,,,,,,,,,,,MarkRAMPMI
Craft 7907 Mem 006,Craft,7907,7907,6,,,Mem,"Case, T D  ",1987,PPJGW,2025,,,,,,,,,,,,,,,,,,,,,,,,,,MarkRAMPMI
Craft 7907 Mem 007,Craft,7907,7907,7,,,Mem,"Eaton, D F  ",1989,PPJGW,2019,,,,,,,,,,,,,,,,,,,,,,,,,,MarkRAMPMI
Craft 7907 Mem 008,Craft,7907,7907,8,,,Mem,"Wiffen, B G  ",1997,PPGSuptWks,2020,,,,,,,,,,,,,,,,,,,,,,,,,,MarkRAMPMI
Craft 7907 Mem 009,Craft,7907,7907,9,,,Mem,"Fairlie, R   ",1998,PPDepGDC,2019,,,,,,,,,,,,,,,,,,,,,,,,,,MarkRAMPMI
Craft 7907 Mem 010,Craft,7907,7907,10,,,Mem,"Jones, R M  ",1999,PPSGD,2022,,,,,,,,,,,,,,,,,,,,,,,,,,MarkRAMPMI
Craft 7907 Mem 011,Craft,7907,7907,11,,,Mem,"Dix, W A  ",2000,,,,,,,,,,,,,,,,,,,,,,,,,,,,MarkRAMPMI
Craft 7907 Mem 012,Craft,7907,7907,12,,,Mem,"Hayward, M C  ",2000,,,,,,,,,,,,,,,,,,,,,,,,,,,,MarkRAMPMI
Craft 7907 Mem 013,Craft,7907,7907,13,,,Mem,"Moffatt, P A  ",2000,PPDepGDC,2021,,,,,,,,,,,,,,,,,,,,,,,,,,MarkRAMPMI
Craft 7907 Mem 014,Craft,7907,7907,14,,,Mem,"Diffey, D R  ",2004,,,,,,,,,,,,,,,,,,,,,,,,,,,,MarkRAMPMI
Craft 7907 Mem 015,Craft,7907,7907,15,,,Mem,"Ballard, C T  ",2004,PPJGW,2019,,,,,,,,,,,,,,,,,,,,,,,,,,MarkRAMPMI
Craft 7907 Mem 016,Craft,7907,7907,16,,,Mem,"Painter, N B  ",2006,PPJGD,2020,,,,,,,,,,,,,,,,,,,,,,,,,,MarkRAMPMI
Craft 7907 Mem 017,Craft,7907,7907,17,,,Mem,"Diffey, P R F ",2006,,,,,,,,,,,,,,,,,,,,,,,,,,,,MarkRAMPMI
Craft 7907 Mem 018,Craft,7907,7907,18,,,Mem,"Croom, T J  ",2010,,,,,,,,,,,,,,,,,,,,,,,,,,,,MarkRAMPMI
Craft 7907 Mem 019,Craft,7907,7907,19,,,Mem,"Turner, B D  ",2011,PProvGStwd,2024,,,,,,,,,,,,,,,,,,,,,,,,,,MarkRAMPMI
Craft 7907 Mem 020,Craft,7907,7907,20,,,Mem,"Purvis, P N  ",2012,PPJGD,2025,,,,,,,,,,,,,,,,,,,,,,,,,,MarkRAMPMI
Craft 7907 Mem 021,Craft,7907,7907,21,,,Mem,"Moorley, C J  ",2014,ProvSGD,2025,Y,,,,,,,,,,,,,,,,,,,,,,,,,MarkRAMPMI
Craft 7907 Mem 022,Craft,7907,7907,22,,,Mem,"Squires, R R  ",2015,,,,,,,,,,,,,,,,,,,,,,,,,,,,MarkRAMPMI
Craft 7907 Mem 023,Craft,7907,7907,23,,,Mem,"Randall, D R  ",2016,,,,,,,,,,,,,,,,,,,,,,,,,,,,MarkRAMPMI
Craft 7907 Mem 024,Craft,7907,7907,24,,,Mem,"Johnston, A W  ",2017,PPSGD,2019,,,,,,,,,,,,,,,,,,,,,,,,,,MarkRAMPMI
Craft 7907 Mem 025,Craft,7907,7907,25,,,Mem,"Good, P W  ",2017,,,,PProvAGDC (E. Kent),2018,,,,,,,,,,,,,,,,,,,,,,,MarkRAMPMI
Craft 7907 Mem 026,Craft,7907,7907,26,,,Mem,"Martin, P M  ",2018,,,,PProvDepGSwdB (E. Kent),2019,,,,,,,,,,,,,,,,,,,,,,,MarkRAMPMI
Craft 7907 Mem 027,Craft,7907,7907,27,,,Mem,"Taylor, J C  ",2019,,,,,,,,,,,,,,,,,,,,,,,,,,,,MarkRAMPMI
Craft 7907 Mem 028,Craft,7907,7907,28,,,Mem,"Collins, A R  ",2021,PProvGStB,2023,,,,,,,,,,,,,,,,,,,,,,,,,,MarkRAMPMI
Craft 7907 Mem 029,Craft,7907,7907,29,,,Mem,"Arnesen, A J  ",2021,,,,PProvJGW (Middx.),2023,,,,,,,,,,,,,,,,,,,,,,,MarkRAMPMI
Craft 7907 Mem 030,Craft,7907,7907,30,,,Mem,"Mackie, A B  ",2022,PPGReg,2019,,,,,,,,,,,,,,,,,,,,,,,,,,MarkRAMPMI
Craft 7907 Mem 031,Craft,7907,7907,31,,,Mem,"Harris, D P  ",2023,,,,,,,,,,,,,,,,,,,,,,,,,,,,MarkRAMPMI
Craft 7907 Mem 032,Craft,7907,7907,32,,,Mem,"Roxburgh-Reid, P J  ",2026,,,,,,,,,,,,,,,,,,,,,,,,,,,,MarkRAMPMI
Craft 7907 Mem 033,Craft,7907,7907,33,,,Mem,"Tasker, J F  ",2026,,,,,,,,,,,,,,,,,,,,,,,,,,,,MarkRAMPMI
Craft 7907 Mem 034,Craft,7907,7907,34,,,Mem,"Wasniewski, B   ",2026,,,,,,,,,,,,,,,,,,,,,,,,,,,,MarkRAMPMI
Craft 7907 Off 001,Craft,7907,7907,1,WM,1,Off,"Hand, A R  ",1984,,,,,,,,,,,,,,,,,,,,,,,,,,,,Officers
Craft 7907 Off 002,Craft,7907,7907,2,SW,2,Off,"Prax, G I  ",1967,,,,,,,,,,,,,,,,,,,,,,,,,,,,Officers
Craft 7907 Off 003,Craft,7907,7907,3,JW,3,Off,"Fairlie, R   ",1998,,,,,,,,,,,,,,,,,,,,,,,,,,,,Officers
Craft 7907 Off 004,Craft,7907,7907,4,Chap,4,Off,"Good, P W  ",2017,,,,,,,,,,,,,,,,,,,,,,,,,,,,Officers
Craft 7907 Off 005,Craft,7907,7907,5,Treas,5,Off,"Taylor, J C  ",2019,,,,,,,,,,,,,,,,,,,,,,,,,,,,Officers
Craft 7907 Off 006,Craft,7907,7907,6,Sec,6,Off,"Purvis, P N  ",2012,,,,,,,,,,,,,,,,,,,,,,,,,,,,Officers
Craft 7907 Off 007,Craft,7907,7907,7,DC,7,Off,"Gordon, R G  ",1978,,,,,,,,,,,,,,,,,,,,,,,,,,,,Officers
Craft 7907 Off 008,Craft,7907,7907,8,Alm,8,Off,"Wiffen, B G  ",1997,,,,,,,,,,,,,,,,,,,,,,,,,,,,Officers
Craft 7907 Off 009,Craft,7907,7907,9,ChStwd,9,Off,"Moorley, C J  ",2014,,,,,,,,,,,,,,,,,,,,,,,,,,,,Officers
Craft 7907 Off 010,Craft,7907,7907,10,MO,10,Off,"Purvis, P N  ",2012,,,,,,,,,,,,,,,,,,,,,,,,,,,,Officers
Craft 7907 Off 011,Craft,7907,7907,11,Mentor,11,Off,Vacant,,,,,,,,,,,,,,,,,,,,,,,,,,,,,Officers
Craft 7907 Off 012,Craft,7907,7907,12,SD,12,Off,"Mackie, A B  ",2022,,,,,,,,,,,,,,,,,,,,,,,,,,,,Officers
Craft 7907 Off 013,Craft,7907,7907,13,JD,13,Off,"Moorley, C J  ",2014,,,,,,,,,,,,,,,,,,,,,,,,,,,,Officers
Craft 7907 Off 014,Craft,7907,7907,14,ADC,14,Off,"Case, T D  ",1987,,,,,,,,,,,,,,,,,,,,,,,,,,,,Officers
Craft 7907 Off 015,Craft,7907,7907,15,Org,15,Off,Vacant,,,,,,,,,,,,,,,,,,,,,,,,,,,,,Officers
Craft 7907 Off 016,Craft,7907,7907,16,ASec,16,Off,"Ballard, C T  ",2004,,,,,,,,,,,,,,,,,,,,,,,,,,,,Officers
Craft 7907 Off 017,Craft,7907,7907,17,IG,17,Off,"Arnesen, A J  ",2021,,,,,,,,,,,,,,,,,,,,,,,,,,,,Officers
Craft 7907 Off 018,Craft,7907,7907,18,Stwd,18,Off,Vacant,,,,,,,,,,,,,,,,,,,,,,,,,,,,,Officers
Craft 7907 Off 019,Craft,7907,7907,19,Tyler,19,Off,"Painter, N B  ",2006,,,,,,,,,,,,,,,,,,,,,,,,,,,,Officers
Craft 7907 PMI 001,Craft,7907,7907,1,,,PMI,"Jones, R M  ",1999,PPSGD,2022,,,,,,,,9163,,,,,,,,,,,,,,,,,,PMI
Craft 7907 PMI 002,Craft,7907,7907,2,,,PMI,"Good, P W  ",2017,,,,PProvAGDC (E. Kent),2018,,,,,1273,,,,,,,,,,,,,,,,,,PMI
Craft 7907 PMI 003,Craft,7907,7907,3,,,PMI,"Johnston, A W  ",2017,PPSGD,2019,,,,,,,,707,,,,,,,,,,,,,,,,,,PMI
Craft 7907 PMI 004,Craft,7907,7907,4,,,PMI,"Arnesen, A J  ",2021,,,,PProvJGW (Middx.),2023,,,,,8183,,,,,,,,,,,,,,,,,,PMI
Craft 7907 PMO 001,Craft,7907,7907,1,,,PMO,"Prax, G I  ",,PPSGW,2008,,,,,,,,,1980,1980,,,,,,,,,,,,,,,,PMO
Craft 7907 PMO 002,Craft,7907,7907,2,,,PMO,"Gordon, R G  ",,PPGReg,2023,,,,,,,,,1995,1995,,,,,,,,,,,,,,,,PMO
Craft 7907 PMO 003,Craft,7907,7907,3,,,PMO,"Mackie, A B  ",,PPGReg,2019,,,,,,,,,1998,1998,,,,,,,,,,,,,,,,PMO
Craft 7907 PMO 004,Craft,7907,7907,4,,,PMO,"Case, T D  ",,PPJGW,2025,,,,,,,,,1999,1999,,,,,,,,,,,,,,,,PMO
Craft 7907 PMO 006,Craft,7907,7907,6,,,PMO,"Bridge, G N  ",,PPGSwdB,2021,,,,,,,,,2000,2000,,,,,,,,,,,,,,,,PMO
Craft 7907 PMO 007,Craft,7907,7907,7,,,PMO,"Eaton, D F  ",,PPJGW,2019,,,,,,,,,2002,2002,,,,,,,,,,,,,,,,PMO
Craft 7907 PMO 010,Craft,7907,7907,10,,,PMO,"Fairlie, R   ",,PPDepGDC,2019,,,,,,,,,2005,2005,,,,,,,,,,,,,,,,PMO
Craft 7907 PMO 011,Craft,7907,7907,11,,,PMO,"Wiffen, B G  ",,PPGSuptWks,2020,,,,,,,,,2006,2006,,,,,,,,,,,,,,,,PMO
Craft 7907 PMO 014,Craft,7907,7907,14,,,PMO,"Moffatt, P A  ",,PPDepGDC,2021,,,,,,,,,2007,2007,,,,,,,,,,,,,,,,PMO
Craft 7907 PMO 016,Craft,7907,7907,16,,,PMO,"Hand, A R  ",,PPGReg,2024,,,,,,,,,2010,2010,,,,,,,,,,,,,,,,PMO
Craft 7907 PMO 018,Craft,7907,7907,18,,,PMO,"Ballard, C T  ",,PPJGW,2019,,,,,,,,,2012,2012,,,,,,,,,,,,,,,,PMO
Craft 7907 PMO 021,Craft,7907,7907,21,,,PMO,"Painter, N B  ",,PPJGD,2020,,,,,,,,,"2013, 2018, 2021",2013,,,,,,,,,,,,,,,,PMO
Craft 7907 PMO 022,Craft,7907,7907,22,,,PMO,"Purvis, P N  ",,PPJGD,2025,,,,,,,,,2019,2019,,,,,,,,,,,,,,,,PMO
Craft 7907 PMO 023,Craft,7907,7907,23,,,PMO,"Moorley, C J  ",,ProvSGD,2025,,,,,,,,,2020,2020,,,,,,,,,,,,,,,,PMO
Craft 7907 PMO 024,Craft,7907,7907,24,,,PMO,"Martin, P M  ",,,,,PProvDepGSwdB (E. Kent),2019,,,,,,2022,2022,,,,,,,,,,,,,,,,PMO
Craft 7907 PMO 026,Craft,7907,7907,26,,,PMO,"Turner, B D  ",,PProvGStwd,2024,,,,,,,,,2023,2023,,,,,,,,,,,,,,,,PMO
Craft 7907 PMO 028,Craft,7907,7907,28,,,PMO,"Collins, A R  ",,PProvGStB,2023,,,,,,,,,2024,2024,,,,,,,,,,,,,,,,PMO
Craft 7986 Hon 001,Craft,7986,7986,1,,,Hon,"Barnes, K H  ",2021,PProvGM,1994,,,,,,PProvGM (Dorset),1994,,,,,,,,,,,,,,,,,,,Honorary
Craft 7986 Hon 002,Craft,7986,7986,2,,,Hon,"Challis, A T  ",2025,,,,,,,,,,,,,,,,,,,,,,,,,,,,Honorary
Craft 7986 Hon 003,Craft,7986,7986,3,,,Hon,"Neil, G T  ",2025,PPGSuptWks,2016,,,,,,,,,,,,,,,,,,,,,,,,,,Honorary
Craft 7986 Inst 001,Craft,7986,7986,1,,,Inst,,,,,,,,,,,,,,,April 16th 2026,,,,,,,,,,,,,,,DBLodges
Craft 7986 Mem 001,Craft,7986,7986,1,,,Mem,"Tranter, F C  ",1973,,,,,,,,,,,,,,,,,,,,,,,,,,,,MarkRAMPMI
Craft 7986 Mem 002,Craft,7986,7986,2,,,Mem,"Marshall, B J  ",1980,,,,,,,,,,,,,,,,,,,,,,,,,,,,MarkRAMPMI
Craft 7986 Mem 003,Craft,7986,7986,3,,,Mem,"Dear, R A  ",1992,,,,,,,,,,,,,,,,,,,,,,,,,,,,MarkRAMPMI
Craft 7986 Mem 004,Craft,7986,7986,4,,,Mem,"Morris, R A  ",1994,PPGSuptWks,2025,,,,,,,,,,,,,,,,,,,,,,,,,,MarkRAMPMI
Craft 7986 Mem 005,Craft,7986,7986,5,,,Mem,"Hatch, G T  ",1997,PPDepGDC,2020,,,,,,,,,,,,,,,,,,,,,,,,,,MarkRAMPMI
Craft 7986 Mem 006,Craft,7986,7986,6,,,Mem,"Jaeger, B M  ",1999,PPJGD,2021,,,,,,,,,,,,,,,,,,,,,,,,,,MarkRAMPMI
Craft 7986 Mem 007,Craft,7986,7986,7,,,Mem,"Lill, C J  ",2000,PDepProvGM,2018,,,,,,,,,,,,,,,,,,,,,,,,,,MarkRAMPMI
Craft 7986 Mem 008,Craft,7986,7986,8,,,Mem,"Johns, D C  ",2000,,,,,,LGR,2017,,,,,,,,,,,,,,,,,,,,,MarkRAMPMI
Craft 7986 Mem 009,Craft,7986,7986,9,,,Mem,"Giddings, M W  ",2000,PPSGW,2022,,,,,,,,,,,,,,,,,,,,,,,,,,MarkRAMPMI
Craft 7986 Mem 010,Craft,7986,7986,10,,,Mem,"Auburn, R I  ",2001,PPSGW,2023,,,,,,,,,,,,,,,,,,,,,,,,,,MarkRAMPMI
Craft 7986 Mem 011,Craft,7986,7986,11,,,Mem,"Thomas, G R E ",2004,PProvSGW,2009,,,,,,,,,,,,,,,,,,,,,,,,,,MarkRAMPMI
Craft 7986 Mem 012,Craft,7986,7986,12,,,Mem,"Walker, R J  ",2013,,,,,,,,,,,,,,,,,,,,,,,,,,,,MarkRAMPMI
Craft 7986 Mem 013,Craft,7986,7986,13,,,Mem,"Stone, P D  ",2015,,,,,,,,,,,,,,,,,,,,,,,,,,,,MarkRAMPMI
Craft 7986 Mem 014,Craft,7986,7986,14,,,Mem,"Jaeger, S J H ",2021,ProvGStwd,2025,Y,,,,,,,,,,,,,,,,,,,,,,,,,MarkRAMPMI
Craft 7986 Mem 015,Craft,7986,7986,15,,,Mem,"Parkes, M R  ",2021,AsstProvGM,2022,Y,,,,,,,,,,,,,,,,,,,,,,,,,MarkRAMPMI
Craft 7986 Mem 016,Craft,7986,7986,16,,,Mem,"Mantle, E   ",2021,,,,,,,,,,,,,,,,,,,,,,,,,,,,MarkRAMPMI
Craft 7986 Mem 017,Craft,7986,7986,17,,,Mem,"McAllister, J W  ",2022,,,,,,,,,,,,,,,,,,,,,,,,,,,,MarkRAMPMI
Craft 7986 Mem 018,Craft,7986,7986,18,,,Mem,"Copestake, J R  ",2023,PPAGDC,2023,,,,,,,,,,,,,,,,,,,,,,,,,,MarkRAMPMI
Craft 7986 Mem 019,Craft,7986,7986,19,,,Mem,"Latham-Boal, N P  ",2023,PPAGDC,2016,,,,,,,,,,,,,,,,,,,,,,,,,,MarkRAMPMI
Craft 7986 Mem 020,Craft,7986,7986,20,,,Mem,"Strange, D J  ",2024,PPAGDC,2024,,,,,,,,,,,,,,,,,,,,,,,,,,MarkRAMPMI
Craft 7986 Mem 021,Craft,7986,7986,21,,,Mem,"Spellen, D J  ",2024,PPGSuptWks,2025,,,,LGR,2024,,,,,,,,,,,,,,,,,,,,,MarkRAMPMI
Craft 7986 Mem 022,Craft,7986,7986,22,,,Mem,"O'Brien, J D  ",2024,,,,,,,,,,,,,,,,,,,,,,,,,,,,MarkRAMPMI
Craft 7986 Mem 023,Craft,7986,7986,23,,,Mem,"King, T C  ",2025,,,,,,,,,,,,,,,,,,,,,,,,,,,,MarkRAMPMI
Craft 7986 Mem 024,Craft,7986,7986,24,,,Mem,"Brown, P G  ",2025,,,,,,,,,,,,,,,,,,,,,,,,,,,,MarkRAMPMI
Craft 7986 Mem 025,Craft,7986,7986,25,,,Mem,"White, M A J ",2025,PPGStB,2025,,,,,,,,,,,,,,,,,,,,,,,,,,MarkRAMPMI
Craft 7986 Off 001,Craft,7986,7986,1,WM,1,Off,"Mantle, E   ",2021,,,,,,,,,,,,,,,,,,,,,,,,,,,,Officers
Craft 7986 Off 002,Craft,7986,7986,2,SW,2,Off,"Latham-Boal, N P  ",2023,,,,,,,,,,,,,,,,,,,,,,,,,,,,Officers
Craft 7986 Off 003,Craft,7986,7986,3,JW,3,Off,"Spellen, D J  ",2024,,,,,,,,,,,,,,,,,,,,,,,,,,,,Officers
Craft 7986 Off 004,Craft,7986,7986,4,Chap,4,Off,"Thomas, G R E ",2004,,,,,,,,,,,,,,,,,,,,,,,,,,,,Officers
Craft 7986 Off 005,Craft,7986,7986,5,Treas,5,Off,"Parkes, M R  ",2021,,,,,,,,,,,,,,,,,,,,,,,,,,,,Officers
Craft 7986 Off 006,Craft,7986,7986,6,Sec,6,Off,"Strange, D J  ",2024,,,,,,,,,,,,,,,,,,,,,,,,,,,,Officers
Craft 7986 Off 007,Craft,7986,7986,7,DC,7,Off,"Auburn, R I  ",2001,,,,,,,,,,,,,,,,,,,,,,,,,,,,Officers
Craft 7986 Off 008,Craft,7986,7986,8,Alm,8,Off,Vacant,,,,,,,,,,,,,,,,,,,,,,,,,,,,,Officers
Craft 7986 Off 009,Craft,7986,7986,9,ChStwd,9,Off,"White, M A J ",2025,,,,,,,,,,,,,,,,,,,,,,,,,,,,Officers
Craft 7986 Off 010,Craft,7986,7986,10,MO,10,Off,"Auburn, R I  ",2001,,,,,,,,,,,,,,,,,,,,,,,,,,,,Officers
Craft 7986 Off 011,Craft,7986,7986,11,Mentor,11,Off,"Spellen, D J  ",2024,,,,,,,,,,,,,,,,,,,,,,,,,,,,Officers
Craft 7986 Off 012,Craft,7986,7986,12,SD,12,Off,Vacant,,,,,,,,,,,,,,,,,,,,,,,,,,,,,Officers
Craft 7986 Off 013,Craft,7986,7986,13,JD,13,Off,Vacant,,,,,,,,,,,,,,,,,,,,,,,,,,,,,Officers
Craft 7986 Off 014,Craft,7986,7986,14,ADC,14,Off,"Jaeger, B M  ",1999,,,,,,,,,,,,,,,,,,,,,,,,,,,,Officers
Craft 7986 Off 015,Craft,7986,7986,15,Org,15,Off,"Copestake, J R  ",2023,,,,,,,,,,,,,,,,,,,,,,,,,,,,Officers
Craft 7986 Off 016,Craft,7986,7986,16,ASec,16,Off,Vacant,,,,,,,,,,,,,,,,,,,,,,,,,,,,,Officers
Craft 7986 Off 017,Craft,7986,7986,17,IG,17,Off,"King, T C  ",2025,,,,,,,,,,,,,,,,,,,,,,,,,,,,Officers
Craft 7986 Off 018,Craft,7986,7986,18,Stwd,18,Off,"Stone, P D  ",2015,,,,,,,,,,,,,,,,,,,,,,,,,,,,Officers
Craft 7986 Off 019,Craft,7986,7986,19,Tyler,19,Off,"Brown, P G  ",2025,,,,,,,,,,,,,,,,,,,,,,,,,,,,Officers
Craft 7986 PMI 001,Craft,7986,7986,1,,,PMI,"Johns, D C  ",2000,,,,,,LGR,2017,,,5067,,,,,,,,,,,,,,,,,,PMI
Craft 7986 PMI 002,Craft,7986,7986,2,,,PMI,"Lill, C J  ",2000,PDepProvGM,2018,,,,,,PGSwdB,2019,"707, 3366",,,,,,,,,,,,,,,,,,PMI
Craft 7986 PMI 003,Craft,7986,7986,3,,,PMI,"Thomas, G R E ",2004,PProvSGW,2009,,,,,,PAGDC,2013,"7860, 9508",,,,,,,,,,,,,,,,,,PMI
Craft 7986 PMI 004,Craft,7986,7986,4,,,PMI,"Parkes, M R  ",2021,AsstProvGM,2022,Y,,,,,PSGD,2025,9689,,,,,,,,,,,,,,,,,,PMI
Craft 7986 PMI 005,Craft,7986,7986,5,,,PMI,"Latham-Boal, N P  ",2023,PPAGDC,2016,,,,,,,,"1364, 2094, 170",,,,,,,,,,,,,,,,,,PMI
Craft 7986 PMI 006,Craft,7986,7986,6,,,PMI,"Copestake, J R  ",2023,PPAGDC,2023,,,,,,,,"1932, 1146",,,,,,,,,,,,,,,,,,PMI
Craft 7986 PMI 007,Craft,7986,7986,7,,,PMI,"Spellen, D J  ",2024,PPGSuptWks,2025,,,,LGR,2024,,,6766,,,,,,,,,,,,,,,,,,PMI
Craft 7986 PMI 008,Craft,7986,7986,8,,,PMI,"White, M A J ",2025,PPGStB,2025,,,,,,,,4355,,,,,,,,,,,,,,,,,,PMI
Craft 7986 PMO 001,Craft,7986,7986,1,,,PMO,"Neil, G T  ",,PPGSuptWks,2016,,,,,,,,,2001,2001,,,,,,,,,,,,,,,,PMO
Craft 7986 PMO 002,Craft,7986,7986,2,,,PMO,"Morris, R A  ",,PPGSuptWks,2025,,,,,,,,,2003,2003,,,,,,,,,,,,,,,,PMO
Craft 7986 PMO 003,Craft,7986,7986,3,,,PMO,"Hatch, G T  ",,PPDepGDC,2020,,,,,,,,,2006,2006,,,,,,,,,,,,,,,,PMO
Craft 7986 PMO 004,Craft,7986,7986,4,,,PMO,"Jaeger, B M  ",,PPJGD,2021,,,,,,,,,"2007, 2014, 2022, 2023",2007,,,,,,,,,,,,,,,,PMO
Craft 7986 PMO 005,Craft,7986,7986,5,,,PMO,"Auburn, R I  ",,PPSGW,2023,,,,,,,,,2009,2009,,,,,,,,,,,,,,,,PMO
Craft 7986 PMO 008,Craft,7986,7986,8,,,PMO,"Giddings, M W  ",,PPSGW,2022,,,,,,,,,"2012, 2019, 2021",2012,,,,,,,,,,,,,,,,PMO
Craft 7986 PMO 010,Craft,7986,7986,10,,,PMO,"Strange, D J  ",,PPAGDC,2024,,,,,,,,,2017,2017,,,,,,,,,,,,,,,,PMO
Craft 7986 PMO 012,Craft,7986,7986,12,,,PMO,"Jaeger, S J H ",,ProvGStwd,2025,,,,,,,,,"2024, 2025",2024,,,,,,,,,,,,,,,,PMO
Craft 8025 Hon 001,Craft,8025,8025,1,,,Hon,"Barnes, K H  ",2019,PProvGM,1994,,,,,,PProvGM (Dorset),1994,,,,,,,,,,,,,,,,,,,Honorary
Craft 8025 Hon 002,Craft,8025,8025,2,,,Hon,"Knight, B J  ",1993,PDepProvGM,1994,,,,,,PGSwdB,1995,,,,,,,,,,,,,,,,,,,Honorary
Craft 8025 Hon 003,Craft,8025,8025,3,,,Hon,"Roberts, J A  ",2023,PPSGW,2017,,,,,,,,,,,,,,,,,,,,,,,,,,Honorary
Craft 8025 Inst 001,Craft,8025,8025,1,,,Inst,,,,,,,,,,,,,,,May 11th 2026,,,,,,,,,,,,,,,DBLodges
Craft 8025 Mem 001,Craft,8025,8025,1,,,Mem,"Culley, A E J ",1990,PPDepGDC,2019,,,,,,,,,,,,,,,,,,,,,,,,,,MarkRAMPMI
Craft 8025 Mem 002,Craft,8025,8025,2,,,Mem,"Starr, K   ",1992,ProvSGW,2025,Y,,,,,,,,,,,,,,,,,,,,,,,,,MarkRAMPMI
Craft 8025 Mem 003,Craft,8025,8025,3,,,Mem,"Jolliffe, M J  ",1992,PPGReg,2022,,,,,,,,,,,,,,,,,,,,,,,,,,MarkRAMPMI
Craft 8025 Mem 004,Craft,8025,8025,4,,,Mem,"Ward, G H  ",1996,PPGSuptWks,2018,,,,,,,,,,,,,,,,,,,,,,,,,,MarkRAMPMI
Craft 8025 Mem 005,Craft,8025,8025,5,,,Mem,"Stone, C   ",1996,PPDepGDC,2020,,,,,,,,,,,,,,,,,,,,,,,,,,MarkRAMPMI
Craft 8025 Mem 006,Craft,8025,8025,6,,,Mem,"Ward, P T  ",2000,PPSGW,2018,,,,,,,,,,,,,,,,,,,,,,,,,,MarkRAMPMI
Craft 8025 Mem 007,Craft,8025,8025,7,,,Mem,"Wise, A J  ",2003,PPGSuptWks,2025,,,,,,,,,,,,,,,,,,,,,,,,,,MarkRAMPMI
Craft 8025 Mem 008,Craft,8025,8025,8,,,Mem,"Connolly, M D  ",2004,PPGStB,2019,,,,,,,,,,,,,,,,,,,,,,,,,,MarkRAMPMI
Craft 8025 Mem 009,Craft,8025,8025,9,,,Mem,"Culley, P J A ",2006,,,,,,,,,,,,,,,,,,,,,,,,,,,,MarkRAMPMI
Craft 8025 Mem 010,Craft,8025,8025,10,,,Mem,"Dodd, M P  ",2010,PPAGDC,2023,,,,,,,,,,,,,,,,,,,,,,,,,,MarkRAMPMI
Craft 8025 Mem 011,Craft,8025,8025,11,,,Mem,"Edney, J L  ",2012,,,,,,,,,,,,,,,,,,,,,,,,,,,,MarkRAMPMI
Craft 8025 Mem 012,Craft,8025,8025,12,,,Mem,"Heald, G J  ",2013,,,,,,,,,,,,,,,,,,,,,,,,,,,,MarkRAMPMI
Craft 8025 Mem 013,Craft,8025,8025,13,,,Mem,"Tegg, N J  ",2013,,,,,,,,,,,,,,,,,,,,,,,,,,,,MarkRAMPMI
Craft 8025 Mem 014,Craft,8025,8025,14,,,Mem,"Middlemast, P H  ",2016,,,,,,,,,,,,,,,,,,,,,,,,,,,,MarkRAMPMI
Craft 8025 Mem 015,Craft,8025,8025,15,,,Mem,"Squibb, R E  ",2017,,,,,,,,,,,,,,,,,,,,,,,,,,,,MarkRAMPMI
Craft 8025 Mem 016,Craft,8025,8025,16,,,Mem,"Wood, N B  ",2018,,,,PProvGSwdB (Bucks.),1996,,,,,,,,,,,,,,,,,,,,,,,MarkRAMPMI
Craft 8025 Mem 017,Craft,8025,8025,17,,,Mem,"Coles, L J  ",2018,,,,,,,,,,,,,,,,,,,,,,,,,,,,MarkRAMPMI
Craft 8025 Mem 018,Craft,8025,8025,18,,,Mem,"Sharrock, B J  ",2018,,,,,,,,,,,,,,,,,,,,,,,,,,,,MarkRAMPMI
Craft 8025 Mem 019,Craft,8025,8025,19,,,Mem,"Lawrence, R W R ",2020,,,,,,,,,,,,,,,,,,,,,,,,,,,,MarkRAMPMI
Craft 8025 Mem 020,Craft,8025,8025,20,,,Mem,"Mitchell, A H  ",2021,,,,,,,,,,,,,,,,,,,,,,,,,,,,MarkRAMPMI
Craft 8025 Mem 021,Craft,8025,8025,21,,,Mem,"Lewis, I N P ",2021,,,,,,,,,,,,,,,,,,,,,,,,,,,,MarkRAMPMI
Craft 8025 Mem 022,Craft,8025,8025,22,,,Mem,"Terrey, D C  ",2021,,,,,,,,,,,,,,,,,,,,,,,,,,,,MarkRAMPMI
Craft 8025 Mem 023,Craft,8025,8025,23,,,Mem,"Mitchell, C A  ",2022,,,,,,,,,,,,,,,,,,,,,,,,,,,,MarkRAMPMI
Craft 8025 Mem 024,Craft,8025,8025,24,,,Mem,"Savage, M A  ",2022,,,,,,,,,,,,,,,,,,,,,,,,,,,,MarkRAMPMI
Craft 8025 Mem 025,Craft,8025,8025,25,,,Mem,"Caiger, D A  ",2022,,,,,,,,,,,,,,,,,,,,,,,,,,,,MarkRAMPMI
Craft 8025 Mem 026,Craft,8025,8025,26,,,Mem,"Mortazavi, M   ",2023,,,,,,,,,,,,,,,,,,,,,,,,,,,,MarkRAMPMI
Craft 8025 Mem 027,Craft,8025,8025,27,,,Mem,"Travers, J H  ",2024,PPGSuptWks,2021,,,,,,,,,,,,,,,,,,,,,,,,,,MarkRAMPMI
Craft 8025 Mem 028,Craft,8025,8025,28,,,Mem,"Brookes, K   ",2024,,,,,,,,,,,,,,,,,,,,,,,,,,,,MarkRAMPMI
Craft 8025 Mem 029,Craft,8025,8025,29,,,Mem,"Linley-Munro, G R S ",2024,,,,,,,,,,,,,,,,,,,,,,,,,,,,MarkRAMPMI
Craft 8025 Mem 030,Craft,8025,8025,30,,,Mem,"Wilson, B G  ",2024,,,,,,,,,,,,,,,,,,,,,,,,,,,,MarkRAMPMI
Craft 8025 Mem 031,Craft,8025,8025,31,,,Mem,"Kosior, R L K ",2024,,,,,,,,,,,,,,,,,,,,,,,,,,,,MarkRAMPMI
Craft 8025 Mem 032,Craft,8025,8025,32,,,Mem,"Chittick, B E  ",2026,,,,,,,,,,,,,,,,,,,,,,,,,,,,MarkRAMPMI
Craft 8025 Off 001,Craft,8025,8025,1,WM,1,Off,"Heald, G J  ",2013,,,,,,,,,,,,,,,,,,,,,,,,,,,,Officers
Craft 8025 Off 002,Craft,8025,8025,2,SW,2,Off,"Sharrock, B J  ",2018,,,,,,,,,,,,,,,,,,,,,,,,,,,,Officers
Craft 8025 Off 003,Craft,8025,8025,3,JW,3,Off,"Coles, L J  ",2018,,,,,,,,,,,,,,,,,,,,,,,,,,,,Officers
Craft 8025 Off 004,Craft,8025,8025,4,Chap,4,Off,"Stone, C   ",1996,,,,,,,,,,,,,,,,,,,,,,,,,,,,Officers
Craft 8025 Off 005,Craft,8025,8025,5,Treas,5,Off,"Dodd, M P  ",2010,,,,,,,,,,,,,,,,,,,,,,,,,,,,Officers
Craft 8025 Off 006,Craft,8025,8025,6,Sec,6,Off,"Starr, K   ",1992,,,,,,,,,,,,,,,,,,,,,,,,,,,,Officers
Craft 8025 Off 007,Craft,8025,8025,7,DC,7,Off,"Starr, K   ",1992,,,,,,,,,,,,,,,,,,,,,,,,,,,,Officers
Craft 8025 Off 008,Craft,8025,8025,8,Alm,8,Off,"Middlemast, P H  ",2016,,,,,,,,,,,,,,,,,,,,,,,,,,,,Officers
Craft 8025 Off 009,Craft,8025,8025,9,ChStwd,9,Off,"Mitchell, A H  ",2021,,,,,,,,,,,,,,,,,,,,,,,,,,,,Officers
Craft 8025 Off 010,Craft,8025,8025,10,MO,10,Off,"Connolly, M D  ",2004,,,,,,,,,,,,,,,,,,,,,,,,,,,,Officers
Craft 8025 Off 011,Craft,8025,8025,11,Mentor,11,Off,"Culley, A E J ",1990,,,,,,,,,,,,,,,,,,,,,,,,,,,,Officers
Craft 8025 Off 012,Craft,8025,8025,12,SD,12,Off,"Lawrence, R W R ",2020,,,,,,,,,,,,,,,,,,,,,,,,,,,,Officers
Craft 8025 Off 013,Craft,8025,8025,13,JD,13,Off,"Mitchell, A H  ",2021,,,,,,,,,,,,,,,,,,,,,,,,,,,,Officers
Craft 8025 Off 014,Craft,8025,8025,14,ADC,14,Off,"Jolliffe, M J  ",1992,,,,,,,,,,,,,,,,,,,,,,,,,,,,Officers
Craft 8025 Off 015,Craft,8025,8025,15,Org,15,Off,Vacant,,,,,,,,,,,,,,,,,,,,,,,,,,,,,Officers
Craft 8025 Off 016,Craft,8025,8025,16,ASec,16,Off,"Coles, L J  ",2018,,,,,,,,,,,,,,,,,,,,,,,,,,,,Officers
Craft 8025 Off 017,Craft,8025,8025,17,IG,17,Off,"Caiger, D A  ",2022,,,,,,,,,,,,,,,,,,,,,,,,,,,,Officers
Craft 8025 Off 018,Craft,8025,8025,18,Stwd,18,Off,"Edney, J L  ",2012,,,,,,,,,,,,,,,,,,,,,,,,,,,,Officers
Craft 8025 Off 019,Craft,8025,8025,19,Stwd,18,Off,"Terrey, D C  ",2021,,,,,,,,,,,,,,,,,,,,,,,,,,,,Officers
Craft 8025 Off 020,Craft,8025,8025,20,Stwd,18,Off,"Lewis, I N P ",2021,,,,,,,,,,,,,,,,,,,,,,,,,,,,Officers
Craft 8025 Off 021,Craft,8025,8025,21,Stwd,18,Off,"Savage, M A  ",2022,,,,,,,,,,,,,,,,,,,,,,,,,,,,Officers
Craft 8025 Off 022,Craft,8025,8025,22,Stwd,18,Off,"Mitchell, C A  ",2022,,,,,,,,,,,,,,,,,,,,,,,,,,,,Officers
Craft 8025 Off 023,Craft,8025,8025,23,Stwd,18,Off,"Wilson, B G  ",2024,,,,,,,,,,,,,,,,,,,,,,,,,,,,Officers
Craft 8025 Off 024,Craft,8025,8025,24,Tyler,19,Off,"Tegg, N J  ",2013,,,,,,,,,,,,,,,,,,,,,,,,,,,,Officers
Craft 8025 PMI 001,Craft,8025,8025,1,,,PMI,"Wood, N B  ",2018,,,,PProvGSwdB (Bucks.),1996,,,,,8689,,,,,,,,,,,,,,,,,,PMI
Craft 8025 PMI 002,Craft,8025,8025,2,,,PMI,"Travers, J H  ",2024,PPGSuptWks,2021,,,,,,,,8149,,,,,,,,,,,,,,,,,,PMI
Craft 8025 PMO 001,Craft,8025,8025,1,,,PMO,"Roberts, J A  ",,PPSGW,2017,,,,,,,,,1987,1987,,,,,,,,,,,,,,,,PMO
Craft 8025 PMO 002,Craft,8025,8025,2,,,PMO,"Starr, K   ",,ProvSGW,2025,,,,,,,,,1999,1999,,,,,,,,,,,,,,,,PMO
Craft 8025 PMO 003,Craft,8025,8025,3,,,PMO,"Jolliffe, M J  ",,PPGReg,2022,,,,,,,,,"2000, 2010",2000,,,,,,,,,,,,,,,,PMO
Craft 8025 PMO 004,Craft,8025,8025,4,,,PMO,"Ward, P T  ",,PPSGW,2018,,,,,,,,,"2003, 2008, 2023",2003,,,,,,,,,,,,,,,,PMO
Craft 8025 PMO 007,Craft,8025,8025,7,,,PMO,"Ward, G H  ",,PPGSuptWks,2018,,,,,,,,,2004,2004,,,,,,,,,,,,,,,,PMO
Craft 8025 PMO 008,Craft,8025,8025,8,,,PMO,"Culley, A E J ",,PPDepGDC,2019,,,,,,,,,2005,2005,,,,,,,,,,,,,,,,PMO
Craft 8025 PMO 009,Craft,8025,8025,9,,,PMO,"Stone, C   ",,PPDepGDC,2020,,,,,,,,,2006,2006,,,,,,,,,,,,,,,,PMO
Craft 8025 PMO 010,Craft,8025,8025,10,,,PMO,"Wise, A J  ",,PPGSuptWks,2025,,,,,,,,,"2011, 2022",2011,,,,,,,,,,,,,,,,PMO
Craft 8025 PMO 011,Craft,8025,8025,11,,,PMO,"Connolly, M D  ",,PPGStB,2019,,,,,,,,,2012,2012,,,,,,,,,,,,,,,,PMO
Craft 8025 PMO 012,Craft,8025,8025,12,,,PMO,"Dodd, M P  ",,PPAGDC,2023,,,,,,,,,2017,2017,,,,,,,,,,,,,,,,PMO
Craft 8025 PMO 013,Craft,8025,8025,13,,,PMO,"Squibb, R E  ",,,,,,,,,,,,2024,2024,,,,,,,,,,,,,,,,PMO
Craft 8099 Hon 001,Craft,8099,8099,1,,,Hon,"Barnes, K H  ",1995,PProvGM,1994,,,,,,PProvGM (Dorset),1994,,,,,,,,,,,,,,,,,,,Honorary
Craft 8099 Inst 001,Craft,8099,8099,1,,,Inst,,,,,,,,,,,,,,,June 16th 2026,,,,,,,,,,,,,,,DBLodges
Craft 8099 Mem 001,Craft,8099,8099,1,,,Mem,"Fowler, D K  ",1988,PPJGW,2024,,,,,,,,,,,,,,,,,,,,,,,,,,MarkRAMPMI
Craft 8099 Mem 002,Craft,8099,8099,2,,,Mem,"Guppy, D E  ",1990,PPGStB,2025,,,,,,,,,,,,,,,,,,,,,,,,,,MarkRAMPMI
Craft 8099 Mem 003,Craft,8099,8099,3,,,Mem,"Ferns, K V  ",2004,PPJGW,2023,,,,,,,,,,,,,,,,,,,,,,,,,,MarkRAMPMI
Craft 8099 Mem 004,Craft,8099,8099,4,,,Mem,"Andrews, D J  ",2005,PPJGD,2019,,,,,,,,,,,,,,,,,,,,,,,,,,MarkRAMPMI
Craft 8099 Mem 005,Craft,8099,8099,5,,,Mem,"Strong, R W J ",2006,,,,,,,,,,,,,,,,,,,,,,,,,,,,MarkRAMPMI
Craft 8099 Mem 006,Craft,8099,8099,6,,,Mem,"Popperwell, L J  ",2008,PPGStB,2022,,,,,,,,,,,,,,,,,,,,,,,,,,MarkRAMPMI
Craft 8099 Mem 007,Craft,8099,8099,7,,,Mem,"Rideout, R   ",2011,,,,,,,,,,,,,,,,,,,,,,,,,,,,MarkRAMPMI
Craft 8099 Mem 008,Craft,8099,8099,8,,,Mem,"Spender, S J  ",2014,PPJGD,2025,,,,,,,,,,,,,,,,,,,,,,,,,,MarkRAMPMI
Craft 8099 Mem 009,Craft,8099,8099,9,,,Mem,"Barents, T   ",2019,,,,,,,,,,,,,,,,,,,,,,,,,,,,MarkRAMPMI
Craft 8099 Mem 010,Craft,8099,8099,10,,,Mem,"Hillman, N E  ",2020,,,,,,,,,,,,,,,,,,,,,,,,,,,,MarkRAMPMI
Craft 8099 Mem 011,Craft,8099,8099,11,,,Mem,"Marchant, G P  ",2021,,,,,,,,,,,,,,,,,,,,,,,,,,,,MarkRAMPMI
Craft 8099 Mem 012,Craft,8099,8099,12,,,Mem,"Ramswell, J L J ",2022,,,,,,,,,,,,,,,,,,,,,,,,,,,,MarkRAMPMI
Craft 8099 Mem 013,Craft,8099,8099,13,,,Mem,"Harpham, N O W ",2024,,,,,,,,,,,,,,,,,,,,,,,,,,,,MarkRAMPMI
Craft 8099 Mem 014,Craft,8099,8099,14,,,Mem,"Harpham, L J  ",2024,,,,,,,,,,,,,,,,,,,,,,,,,,,,MarkRAMPMI
Craft 8099 Mem 015,Craft,8099,8099,15,,,Mem,"Hillman, M   ",2025,,,,,,,,,,,,,,,,,,,,,,,,,,,,MarkRAMPMI
Craft 8099 Mem 016,Craft,8099,8099,16,,,Mem,"Mattocks, T P  ",2025,,,,,,,,,,,,,,,,,,,,,,,,,,,,MarkRAMPMI
Craft 8099 Off 001,Craft,8099,8099,1,WM,1,Off,"Spender, S J  ",2014,,,,,,,,,,,,,,,,,,,,,,,,,,,,Officers
Craft 8099 Off 002,Craft,8099,8099,2,SW,2,Off,"Barents, T   ",2019,,,,,,,,,,,,,,,,,,,,,,,,,,,,Officers
Craft 8099 Off 003,Craft,8099,8099,3,JW,3,Off,"Hillman, N E  ",2020,,,,,,,,,,,,,,,,,,,,,,,,,,,,Officers
Craft 8099 Off 004,Craft,8099,8099,4,Chap,4,Off,"Andrews, D J  ",2005,,,,,,,,,,,,,,,,,,,,,,,,,,,,Officers
Craft 8099 Off 005,Craft,8099,8099,5,Treas,5,Off,"Marchant, G P  ",2021,,,,,,,,,,,,,,,,,,,,,,,,,,,,Officers
Craft 8099 Off 006,Craft,8099,8099,6,Sec,6,Off,"Fowler, D K  ",1988,,,,,,,,,,,,,,,,,,,,,,,,,,,,Officers
Craft 8099 Off 007,Craft,8099,8099,7,DC,7,Off,"Ferns, K V  ",2004,,,,,,,,,,,,,,,,,,,,,,,,,,,,Officers
Craft 8099 Off 008,Craft,8099,8099,8,Alm,8,Off,"Rideout, R   ",2011,,,,,,,,,,,,,,,,,,,,,,,,,,,,Officers
Craft 8099 Off 009,Craft,8099,8099,9,ChStwd,9,Off,"Hillman, M   ",2025,,,,,,,,,,,,,,,,,,,,,,,,,,,,Officers
Craft 8099 Off 010,Craft,8099,8099,10,MO,10,Off,"Hillman, N E  ",2020,,,,,,,,,,,,,,,,,,,,,,,,,,,,Officers
Craft 8099 Off 011,Craft,8099,8099,11,Mentor,11,Off,"Marchant, G P  ",2021,,,,,,,,,,,,,,,,,,,,,,,,,,,,Officers
Craft 8099 Off 012,Craft,8099,8099,12,SD,12,Off,"Guppy, D E  ",1990,,,,,,,,,,,,,,,,,,,,,,,,,,,,Officers
Craft 8099 Off 013,Craft,8099,8099,13,JD,13,Off,"Harpham, N O W ",2024,,,,,,,,,,,,,,,,,,,,,,,,,,,,Officers
Craft 8099 Off 014,Craft,8099,8099,14,ADC,14,Off,"Fowler, D K  ",1988,,,,,,,,,,,,,,,,,,,,,,,,,,,,Officers
Craft 8099 Off 015,Craft,8099,8099,15,Org,15,Off,Vacant,,,,,,,,,,,,,,,,,,,,,,,,,,,,,Officers
Craft 8099 Off 016,Craft,8099,8099,16,ASec,16,Off,Vacant,,,,,,,,,,,,,,,,,,,,,,,,,,,,,Officers
Craft 8099 Off 017,Craft,8099,8099,17,IG,17,Off,Vacant,,,,,,,,,,,,,,,,,,,,,,,,,,,,,Officers
Craft 8099 Off 018,Craft,8099,8099,18,Stwd,18,Off,"Ramswell, J L J ",2022,,,,,,,,,,,,,,,,,,,,,,,,,,,,Officers
Craft 8099 Off 019,Craft,8099,8099,19,Stwd,18,Off,"Harpham, L J  ",2024,,,,,,,,,,,,,,,,,,,,,,,,,,,,Officers
Craft 8099 Off 020,Craft,8099,8099,20,Stwd,18,Off,"Mattocks, T P  ",2025,,,,,,,,,,,,,,,,,,,,,,,,,,,,Officers
Craft 8099 Off 021,Craft,8099,8099,21,Tyler,19,Off,Vacant,,,,,,,,,,,,,,,,,,,,,,,,,,,,,Officers
Craft 8099 PMO 001,Craft,8099,8099,1,,,PMO,"Ferns, K V  ",,PPJGW,2023,,,,,,,,,"1993, 2005, 2009",1993,,,,,,,,,,,,,,,,PMO
Craft 8099 PMO 003,Craft,8099,8099,3,,,PMO,"Fowler, D K  ",,PPJGW,2024,,,,,,,,,"1996, 2002",1996,,,,,,,,,,,,,,,,PMO
Craft 8099 PMO 004,Craft,8099,8099,4,,,PMO,"Guppy, D E  ",,PPGStB,2025,,,,,,,,,2011,2011,,,,,,,,,,,,,,,,PMO
Craft 8099 PMO 005,Craft,8099,8099,5,,,PMO,"Andrews, D J  ",,PPJGD,2019,,,,,,,,,"2012, 2013",2012,,,,,,,,,,,,,,,,PMO
Craft 8099 PMO 007,Craft,8099,8099,7,,,PMO,"Popperwell, L J  ",,PPGStB,2022,,,,,,,,,2015,2015,,,,,,,,,,,,,,,,PMO
Craft 8099 PMO 008,Craft,8099,8099,8,,,PMO,"Spender, S J  ",,PPJGD,2025,,,,,,,,,2018,2018,,,,,,,,,,,,,,,,PMO
Craft 8099 PMO 009,Craft,8099,8099,9,,,PMO,"Marchant, G P  ",,,,,,,,,,,,2023,2023,,,,,,,,,,,,,,,,PMO
Craft 8099 PMO 010,Craft,8099,8099,10,,,PMO,"Rideout, R   ",,,,,,,,,,,,2024,2024,,,,,,,,,,,,,,,,PMO
Craft 8118 Hon 001,Craft,8118,8118,1,,,Hon,"Brennan, E R  ",2016,,,,,,,,,,,,,,,,,,,,,,,,,,,,Honorary
Craft 8118 Hon 002,Craft,8118,8118,2,,,Hon,"Pile, D   ",2024,PPSGD,2020,,,,,,,,,,,,,,,,,,,,,,,,,,Honorary
Craft 8118 Hon 003,Craft,8118,8118,3,,,Hon,"McHugh, R G  ",2023,,,,,,,,,,,,,,,,,,,,,,,,,,,,Honorary
Craft 8118 Inst 001,Craft,8118,8118,1,,,Inst,,,,,,,,,,,,,,,October 28th 2025,,,,,,,,,,,,,,,DBLodges
Craft 8118 Mem 001,Craft,8118,8118,1,,,Mem,"Andrews, D   ",1967,PPGStB,1984,,,,,,,,,,,,,,,,,,,,,,,,,,MarkRAMPMI
Craft 8118 Mem 002,Craft,8118,8118,2,,,Mem,"Osment, C S  ",1977,PPJGW,2019,,,,,,,,,,,,,,,,,,,,,,,,,,MarkRAMPMI
Craft 8118 Mem 003,Craft,8118,8118,3,,,Mem,"Beeson, A J  ",1980,PPSGW,2023,,,,,,,,,,,,,,,,,,,,,,,,,,MarkRAMPMI
Craft 8118 Mem 004,Craft,8118,8118,4,,,Mem,"Hubbard, C J  ",1983,PProvGChStwd,2004,,,,,,,,,,,,,,,,,,,,,,,,,,MarkRAMPMI
Craft 8118 Mem 005,Craft,8118,8118,5,,,Mem,"Hawkins, V V  ",1984,PPSGD,2016,,,,,,,,,,,,,,,,,,,,,,,,,,MarkRAMPMI
Craft 8118 Mem 006,Craft,8118,8118,6,,,Mem,"Hallett, J N  ",1985,PPDepGDC,2022,,,,,,,,,,,,,,,,,,,,,,,,,,MarkRAMPMI
Craft 8118 Mem 007,Craft,8118,8118,7,,,Mem,"Rashleigh, J W  ",1991,PPJGW,2023,,,,,,,,,,,,,,,,,,,,,,,,,,MarkRAMPMI
Craft 8118 Mem 008,Craft,8118,8118,8,,,Mem,"Howells, P C  ",1994,PPGReg,2025,,,,,,,,,,,,,,,,,,,,,,,,,,MarkRAMPMI
Craft 8118 Mem 009,Craft,8118,8118,9,,,Mem,"Bond, T A  ",2007,ProvGSuptWks,2023,Y,,,,,,,,,,,,,,,,,,,,,,,,,MarkRAMPMI
Craft 8118 Mem 010,Craft,8118,8118,10,,,Mem,"Clark, D J  ",2013,,,,,,LGR,2001,,,,,,,,,,,,,,,,,,,,,MarkRAMPMI
Craft 8118 Mem 011,Craft,8118,8118,11,,,Mem,"Halls, G R  ",2016,PPAGDC,2025,,,,,,,,,,,,,,,,,,,,,,,,,,MarkRAMPMI
Craft 8118 Mem 012,Craft,8118,8118,12,,,Mem,"Purnell, M R  ",2018,,,,,,,,,,,,,,,,,,,,,,,,,,,,MarkRAMPMI
Craft 8118 Mem 013,Craft,8118,8118,13,,,Mem,"Spencer, B A  ",2022,,,,,,,,,,,,,,,,,,,,,,,,,,,,MarkRAMPMI
Craft 8118 Mem 014,Craft,8118,8118,14,,,Mem,"Moldoveanu, I A  ",2022,,,,,,,,,,,,,,,,,,,,,,,,,,,,MarkRAMPMI
Craft 8118 Mem 015,Craft,8118,8118,15,,,Mem,"Samways, B R  ",2022,PPDepGDC,2022,,,,,,,,,,,,,,,,,,,,,,,,,,MarkRAMPMI
Craft 8118 Mem 016,Craft,8118,8118,16,,,Mem,"Drage, G M  ",2022,,,,,,,,,,,,,,,,,,,,,,,,,,,,MarkRAMPMI
Craft 8118 Off 001,Craft,8118,8118,1,WM,1,Off,"Samways, B R  ",2022,,,,,,,,,,,,,,,,,,,,,,,,,,,,Officers
Craft 8118 Off 002,Craft,8118,8118,2,SW,2,Off,"Hubbard, C J  ",1983,,,,,,,,,,,,,,,,,,,,,,,,,,,,Officers
Craft 8118 Off 003,Craft,8118,8118,3,JW,3,Off,"Rashleigh, J W  ",1991,,,,,,,,,,,,,,,,,,,,,,,,,,,,Officers
Craft 8118 Off 004,Craft,8118,8118,4,Chap,4,Off,"Hallett, J N  ",1985,,,,,,,,,,,,,,,,,,,,,,,,,,,,Officers
Craft 8118 Off 005,Craft,8118,8118,5,Treas,5,Off,"Beeson, A J  ",1980,,,,,,,,,,,,,,,,,,,,,,,,,,,,Officers
Craft 8118 Off 006,Craft,8118,8118,6,Sec,6,Off,"Howells, P C  ",1994,,,,,,,,,,,,,,,,,,,,,,,,,,,,Officers
Craft 8118 Off 007,Craft,8118,8118,7,DC,7,Off,"Osment, C S  ",1977,,,,,,,,,,,,,,,,,,,,,,,,,,,,Officers
Craft 8118 Off 008,Craft,8118,8118,8,Alm,8,Off,"Halls, G R  ",2016,,,,,,,,,,,,,,,,,,,,,,,,,,,,Officers
Craft 8118 Off 009,Craft,8118,8118,9,ChStwd,9,Off,"Beeson, A J  ",1980,,,,,,,,,,,,,,,,,,,,,,,,,,,,Officers
Craft 8118 Off 010,Craft,8118,8118,10,MO,10,Off,"Rashleigh, J W  ",1991,,,,,,,,,,,,,,,,,,,,,,,,,,,,Officers
Craft 8118 Off 011,Craft,8118,8118,11,Mentor,11,Off,"Rashleigh, J W  ",1991,,,,,,,,,,,,,,,,,,,,,,,,,,,,Officers
Craft 8118 Off 012,Craft,8118,8118,12,SD,12,Off,Vacant,,,,,,,,,,,,,,,,,,,,,,,,,,,,,Officers
Craft 8118 Off 013,Craft,8118,8118,13,JD,13,Off,"Drage, G M  ",2022,,,,,,,,,,,,,,,,,,,,,,,,,,,,Officers
Craft 8118 Off 014,Craft,8118,8118,14,ADC,14,Off,"Bond, T A  ",2007,,,,,,,,,,,,,,,,,,,,,,,,,,,,Officers
Craft 8118 Off 015,Craft,8118,8118,15,Org,15,Off,Vacant,,,,,,,,,,,,,,,,,,,,,,,,,,,,,Officers
Craft 8118 Off 016,Craft,8118,8118,16,ASec,16,Off,Vacant,,,,,,,,,,,,,,,,,,,,,,,,,,,,,Officers
Craft 8118 Off 017,Craft,8118,8118,17,IG,17,Off,"Halls, G R  ",2016,,,,,,,,,,,,,,,,,,,,,,,,,,,,Officers
Craft 8118 Off 018,Craft,8118,8118,18,Stwd,18,Off,"Moldoveanu, I A  ",2022,,,,,,,,,,,,,,,,,,,,,,,,,,,,Officers
Craft 8118 Off 019,Craft,8118,8118,19,Stwd,18,Off,"Spencer, B A  ",2022,,,,,,,,,,,,,,,,,,,,,,,,,,,,Officers
Craft 8118 Off 020,Craft,8118,8118,20,Tyler,19,Off,"McHugh, R G  ",,,,,,,,,,,,,,,,,,,,,,,,,,,,,Officers
Craft 8118 PMI 001,Craft,8118,8118,1,,,PMI,"Clark, D J  ",2013,,,,,,LGR,2001,,,2860,,,,,,,,,,,,,,,,,,PMI
Craft 8118 PMO 001,Craft,8118,8118,1,,,PMO,"Andrews, D   ",,PPGStB,1984,,,,,,,,,1976,1976,,,,,,,,,,,,,,,,PMO
Craft 8118 PMO 002,Craft,8118,8118,2,,,PMO,"Beeson, A J  ",,PPSGW,2023,,,,,,,,,1994,1994,,,,,,,,,,,,,,,,PMO
Craft 8118 PMO 003,Craft,8118,8118,3,,,PMO,"Hubbard, C J  ",,PProvGChStwd,2004,,,,,,PAGDC,2014,,1995,1995,,,,,,,,,,,,,,,,PMO
Craft 8118 PMO 005,Craft,8118,8118,5,,,PMO,"Osment, C S  ",,PPJGW,2019,,,,,,,,,"1998, 2016",1998,,,,,,,,,,,,,,,,PMO
Craft 8118 PMO 007,Craft,8118,8118,7,,,PMO,"Rashleigh, J W  ",,PPJGW,2023,,,,,,,,,"2001, 2018",2001,,,,,,,,,,,,,,,,PMO
Craft 8118 PMO 008,Craft,8118,8118,8,,,PMO,"Howells, P C  ",,PPGReg,2025,,,,,,,,,"2005, 2012",2005,,,,,,,,,,,,,,,,PMO
Craft 8118 PMO 009,Craft,8118,8118,9,,,PMO,"Hallett, J N  ",,PPDepGDC,2022,,,,,,,,,"2008, 2021, 2022",2008,,,,,,,,,,,,,,,,PMO
Craft 8118 PMO 010,Craft,8118,8118,10,,,PMO,"Hawkins, V V  ",,PPSGD,2016,,,,,,,,,2009,2009,,,,,,,,,,,,,,,,PMO
Craft 8118 PMO 011,Craft,8118,8118,11,,,PMO,"Bond, T A  ",,ProvGSuptWks,2023,,,,,,,,,2013,2013,,,,,,,,,,,,,,,,PMO
Craft 8118 PMO 014,Craft,8118,8118,14,,,PMO,"Samways, B R  ",,PPDepGDC,2022,,,,,,,,,"2014, 2023, 2024",2014,,,,,,,,,,,,,,,,PMO
Craft 8118 PMO 015,Craft,8118,8118,15,,,PMO,"Halls, G R  ",,PPAGDC,2025,,,,,,,,,2017,2017,,,,,,,,,,,,,,,,PMO
Craft 8149 Hon 001,Craft,8149,8149,1,,,Hon,"Le Cornu, P J  ",2026,PPSGW,2009,,,,,,,,,,,,,,,,,,,,,,,,,,Honorary
Craft 8149 Hon 002,Craft,8149,8149,2,,,Hon,"Guillemet, R M C ",2024,PPJGW,2010,,,,,,,,,,,,,,,,,,,,,,,,,,Honorary
Craft 8149 Hon 003,Craft,8149,8149,3,,,Hon,"Pitman, P J  ",2025,PPGSuptWks,1996,,,,,,,,,,,,,,,,,,,,,,,,,,Honorary
Craft 8149 Hon 004,Craft,8149,8149,4,,,Hon,"Thompson, E K  ",2019,PPGReg,2011,,,,,,,,,,,,,,,,,,,,,,,,,,Honorary
Craft 8149 Inst 001,Craft,8149,8149,1,,,Inst,,,,,,,,,,,,,,,April 15th 2026,,,,,,,,,,,,,,,DBLodges
Craft 8149 Mem 001,Craft,8149,8149,1,,,Mem,"Vincent, A A  ",1979,,,,,,,,,,,,,,,,,,,,,,,,,,,,MarkRAMPMI
Craft 8149 Mem 002,Craft,8149,8149,2,,,Mem,"Shaw, K J  ",1981,ProvGTyler,2020,Y,,,,,,,,,,,,,,,,,,,,,,,,,MarkRAMPMI
Craft 8149 Mem 003,Craft,8149,8149,3,,,Mem,"Olding, C C  ",1981,,,,,,,,,,,,,,,,,,,,,,,,,,,,MarkRAMPMI
Craft 8149 Mem 004,Craft,8149,8149,4,,,Mem,"Hooper, S T  ",1984,PPGReg,2024,,,,,,,,,,,,,,,,,,,,,,,,,,MarkRAMPMI
Craft 8149 Mem 005,Craft,8149,8149,5,,,Mem,"Savage, T J H ",1985,PPGSwdB,2019,,,,,,,,,,,,,,,,,,,,,,,,,,MarkRAMPMI
Craft 8149 Mem 006,Craft,8149,8149,6,,,Mem,"Ford, W J  ",1985,PPGReg,2021,,,,,,,,,,,,,,,,,,,,,,,,,,MarkRAMPMI
Craft 8149 Mem 007,Craft,8149,8149,7,,,Mem,"Calderhead, A T  ",1987,,,,,,,,,,,,,,,,,,,,,,,,,,,,MarkRAMPMI
Craft 8149 Mem 008,Craft,8149,8149,8,,,Mem,"Harvey, C   ",1990,PPGReg,2023,,,,,,,,,,,,,,,,,,,,,,,,,,MarkRAMPMI
Craft 8149 Mem 009,Craft,8149,8149,9,,,Mem,"Morgan, D R C ",1991,,,,PProvJGW (Devon),2019,,,,,,,,,,,,,,,,,,,,,,,MarkRAMPMI
Craft 8149 Mem 010,Craft,8149,8149,10,,,Mem,"Williams, A   ",1994,PPGOrg,2019,,,,,,,,,,,,,,,,,,,,,,,,,,MarkRAMPMI
Craft 8149 Mem 011,Craft,8149,8149,11,,,Mem,"Alcock, R A  ",1996,PPJGD,2025,,,,,,,,,,,,,,,,,,,,,,,,,,MarkRAMPMI
Craft 8149 Mem 012,Craft,8149,8149,12,,,Mem,"McKenzie, R P  ",1997,,,,,,,,,,,,,,,,,,,,,,,,,,,,MarkRAMPMI
Craft 8149 Mem 013,Craft,8149,8149,13,,,Mem,"Green, G K  ",1999,,,,,,,,,,,,,,,,,,,,,,,,,,,,MarkRAMPMI
Craft 8149 Mem 014,Craft,8149,8149,14,,,Mem,"Nicholas, S R  ",2000,PPDepGDC,2021,,,,,,,,,,,,,,,,,,,,,,,,,,MarkRAMPMI
Craft 8149 Mem 015,Craft,8149,8149,15,,,Mem,"Stagg, M R W ",2001,,,,,,,,,,,,,,,,,,,,,,,,,,,,MarkRAMPMI
Craft 8149 Mem 016,Craft,8149,8149,16,,,Mem,"Vickerage, J W P ",2002,PPGStB,2016,,,,,,,,,,,,,,,,,,,,,,,,,,MarkRAMPMI
Craft 8149 Mem 017,Craft,8149,8149,17,,,Mem,"Turner, B   ",2003,PPGReg,2021,,,,,,,,,,,,,,,,,,,,,,,,,,MarkRAMPMI
Craft 8149 Mem 018,Craft,8149,8149,18,,,Mem,"Pering, R G  ",2005,PPAGDC,2020,,,,,,,,,,,,,,,,,,,,,,,,,,MarkRAMPMI
Craft 8149 Mem 019,Craft,8149,8149,19,,,Mem,"Meaton, D I  ",2009,PPAGDC,2019,,,,,,,,,,,,,,,,,,,,,,,,,,MarkRAMPMI
Craft 8149 Mem 020,Craft,8149,8149,20,,,Mem,"Turner, R W  ",2009,PPJGD,2023,,,,,,,,,,,,,,,,,,,,,,,,,,MarkRAMPMI
Craft 8149 Mem 021,Craft,8149,8149,21,,,Mem,"Snarey, J P  ",2011,PPGStB,2025,,,,,,,,,,,,,,,,,,,,,,,,,,MarkRAMPMI
Craft 8149 Mem 022,Craft,8149,8149,22,,,Mem,"Watts, P J  ",2013,,,,,,,,,,,,,,,,,,,,,,,,,,,,MarkRAMPMI
Craft 8149 Mem 023,Craft,8149,8149,23,,,Mem,"Plater, A S  ",2014,PProvAGDC,2003,,,,,,,,,,,,,,,,,,,,,,,,,,MarkRAMPMI
Craft 8149 Mem 024,Craft,8149,8149,24,,,Mem,"Shadbolt, P E  ",2016,PPGSuptWks,2025,,PProvDepGReg (Surrey),2002,,,,,,,,,,,,,,,,,,,,,,,MarkRAMPMI
Craft 8149 Mem 025,Craft,8149,8149,25,,,Mem,"Preston, K E F ",2017,,,,,,,,,,,,,,,,,,,,,,,,,,,,MarkRAMPMI
Craft 8149 Mem 026,Craft,8149,8149,26,,,Mem,"Davis, D S  ",2017,,,,,,,,,,,,,,,,,,,,,,,,,,,,MarkRAMPMI
Craft 8149 Mem 027,Craft,8149,8149,27,,,Mem,"King, O T  ",2021,,,,,,,,,,,,,,,,,,,,,,,,,,,,MarkRAMPMI
Craft 8149 Mem 028,Craft,8149,8149,28,,,Mem,"McCabe, B J W ",2022,,,,,,,,,,,,,,,,,,,,,,,,,,,,MarkRAMPMI
Craft 8149 Mem 029,Craft,8149,8149,29,,,Mem,"Wade, J R  ",2022,,,,,,,,,,,,,,,,,,,,,,,,,,,,MarkRAMPMI
Craft 8149 Mem 030,Craft,8149,8149,30,,,Mem,"Nantes, R S  ",2022,,,,,,,,,,,,,,,,,,,,,,,,,,,,MarkRAMPMI
Craft 8149 Mem 031,Craft,8149,8149,31,,,Mem,"Lockie, D M  ",2023,,,,,,,,,,,,,,,,,,,,,,,,,,,,MarkRAMPMI
Craft 8149 Mem 032,Craft,8149,8149,32,,,Mem,"Roberts, A L  ",2024,,,,,,,,,,,,,,,,,,,,,,,,,,,,MarkRAMPMI
Craft 8149 Mem 033,Craft,8149,8149,33,,,Mem,"Hill, P R  ",2024,,,,,,,,,,,,,,,,,,,,,,,,,,,,MarkRAMPMI
Craft 8149 Mem 034,Craft,8149,8149,34,,,Mem,"Demuth, D A  ",2025,,,,,,,,,,,,,,,,,,,,,,,,,,,,MarkRAMPMI
Craft 8149 Mem 035,Craft,8149,8149,35,,,Mem,"Bayfield, P A  ",2025,,,,,,SLGR,2021,,,,,,,,,,,,,,,,,,,,,MarkRAMPMI
Craft 8149 Off 001,Craft,8149,8149,1,WM,1,Off,"Nicholas, S R  ",2000,,,,,,,,,,,,,,,,,,,,,,,,,,,,Officers
Craft 8149 Off 002,Craft,8149,8149,2,SW,2,Off,"Watts, P J  ",2013,,,,,,,,,,,,,,,,,,,,,,,,,,,,Officers
Craft 8149 Off 003,Craft,8149,8149,3,JW,3,Off,"Wade, J R  ",2022,,,,,,,,,,,,,,,,,,,,,,,,,,,,Officers
Craft 8149 Off 004,Craft,8149,8149,4,Chap,4,Off,"Shaw, K J  ",1981,,,,,,,,,,,,,,,,,,,,,,,,,,,,Officers
Craft 8149 Off 005,Craft,8149,8149,5,Treas,5,Off,"Shadbolt, P E  ",2016,,,,,,,,,,,,,,,,,,,,,,,,,,,,Officers
Craft 8149 Off 006,Craft,8149,8149,6,Sec,6,Off,"Hooper, S T  ",1984,,,,,,,,,,,,,,,,,,,,,,,,,,,,Officers
Craft 8149 Off 007,Craft,8149,8149,7,DC,7,Off,"Shaw, K J  ",1981,,,,,,,,,,,,,,,,,,,,,,,,,,,,Officers
Craft 8149 Off 008,Craft,8149,8149,8,Alm,8,Off,Vacant,,,,,,,,,,,,,,,,,,,,,,,,,,,,,Officers
Craft 8149 Off 009,Craft,8149,8149,9,ChStwd,9,Off,"Turner, B   ",2003,,,,,,,,,,,,,,,,,,,,,,,,,,,,Officers
Craft 8149 Off 010,Craft,8149,8149,10,MO,10,Off,Vacant,,,,,,,,,,,,,,,,,,,,,,,,,,,,,Officers
Craft 8149 Off 011,Craft,8149,8149,11,Mentor,11,Off,"Shaw, K J  ",1981,,,,,,,,,,,,,,,,,,,,,,,,,,,,Officers
Craft 8149 Off 012,Craft,8149,8149,12,SD,12,Off,"Alcock, R A  ",1996,,,,,,,,,,,,,,,,,,,,,,,,,,,,Officers
Craft 8149 Off 013,Craft,8149,8149,13,JD,13,Off,"Hill, P R  ",2024,,,,,,,,,,,,,,,,,,,,,,,,,,,,Officers
Craft 8149 Off 014,Craft,8149,8149,14,ADC,14,Off,Vacant,,,,,,,,,,,,,,,,,,,,,,,,,,,,,Officers
Craft 8149 Off 015,Craft,8149,8149,15,Org,15,Off,"Williams, A   ",1994,,,,,,,,,,,,,,,,,,,,,,,,,,,,Officers
Craft 8149 Off 016,Craft,8149,8149,16,ASec,16,Off,"Vickerage, J W P ",2002,,,,,,,,,,,,,,,,,,,,,,,,,,,,Officers
Craft 8149 Off 017,Craft,8149,8149,17,IG,17,Off,"Lockie, D M  ",2023,,,,,,,,,,,,,,,,,,,,,,,,,,,,Officers
Craft 8149 Off 018,Craft,8149,8149,18,Stwd,18,Off,"Demuth, D A  ",2025,,,,,,,,,,,,,,,,,,,,,,,,,,,,Officers
Craft 8149 Off 019,Craft,8149,8149,19,Tyler,19,Off,"Preston, K E F ",2017,,,,,,,,,,,,,,,,,,,,,,,,,,,,Officers
Craft 8149 PMI 001,Craft,8149,8149,1,,,PMI,"Morgan, D R C ",1991,,,,PProvJGW (Devon),2019,,,,,"1550, 4782",,,,,,,,,,,,,,,,,,PMI
Craft 8149 PMI 002,Craft,8149,8149,2,,,PMI,"Plater, A S  ",2014,PProvAGDC,2003,,,,,,,,8025,,,,,,,,,,,,,,,,,,PMI
Craft 8149 PMI 003,Craft,8149,8149,3,,,PMI,"Shadbolt, P E  ",2016,PPGSuptWks,2025,,PProvDepGReg (Surrey),2002,,,,,4597,,,,,,,,,,,,,,,,,,PMI
Craft 8149 PMI 004,Craft,8149,8149,4,,,PMI,"Bayfield, P A  ",2025,,,,,,SLGR,2021,,,2397,,,,,,,,,,,,,,,,,,PMI
Craft 8149 PMO 001,Craft,8149,8149,1,,,PMO,"Pitman, P J  ",,PPGSuptWks,1996,,,,,,,,,1975,1975,,,,,,,,,,,,,,,,PMO
Craft 8149 PMO 003,Craft,8149,8149,3,,,PMO,"Le Cornu, P J  ",,PPSGW,2009,,,,,,,,,1984,1984,,,,,,,,,,,,,,,,PMO
Craft 8149 PMO 004,Craft,8149,8149,4,,,PMO,"Guillemet, R M C ",,PPJGW,2010,,,,,,,,,1986,1986,,,,,,,,,,,,,,,,PMO
Craft 8149 PMO 005,Craft,8149,8149,5,,,PMO,"Thompson, E K  ",,PPGReg,2011,,,,,,,,,1987,1987,,,,,,,,,,,,,,,,PMO
Craft 8149 PMO 006,Craft,8149,8149,6,,,PMO,"Hooper, S T  ",,PPGReg,2024,,,,,,,,,1996,1996,,,,,,,,,,,,,,,,PMO
Craft 8149 PMO 007,Craft,8149,8149,7,,,PMO,"Ford, W J  ",,PPGReg,2021,,,,,,,,,"1997, 2004",1997,,,,,,,,,,,,,,,,PMO
Craft 8149 PMO 008,Craft,8149,8149,8,,,PMO,"Savage, T J H ",,PPGSwdB,2019,,,,,,,,,1998,1998,,,,,,,,,,,,,,,,PMO
Craft 8149 PMO 009,Craft,8149,8149,9,,,PMO,"Harvey, C   ",,PPGReg,2023,,,,,,,,,2002,2002,,,,,,,,,,,,,,,,PMO
Craft 8149 PMO 011,Craft,8149,8149,11,,,PMO,"Nicholas, S R  ",,PPDepGDC,2021,,,,,,,,,2007,2007,,,,,,,,,,,,,,,,PMO
Craft 8149 PMO 012,Craft,8149,8149,12,,,PMO,"Vickerage, J W P ",,PPGStB,2016,,,,,,,,,"2009, 2024, 2025",2009,,,,,,,,,,,,,,,,PMO
Craft 8149 PMO 013,Craft,8149,8149,13,,,PMO,"Turner, B   ",,PPGReg,2021,,,,,,,,,"2010, 2015",2010,,,,,,,,,,,,,,,,PMO
Craft 8149 PMO 016,Craft,8149,8149,16,,,PMO,"Pering, R G  ",,PPAGDC,2020,,,,,,,,,"2013, 2014",2013,,,,,,,,,,,,,,,,PMO
Craft 8149 PMO 017,Craft,8149,8149,17,,,PMO,"Shaw, K J  ",,ProvGTyler,2020,,,,,,,,,"2016, 2016, 2017",2016,,,,,,,,,,,,,,,,PMO
Craft 8149 PMO 019,Craft,8149,8149,19,,,PMO,"Snarey, J P  ",,PPGStB,2025,,,,,,,,,2018,2018,,,,,,,,,,,,,,,,PMO
Craft 8149 PMO 020,Craft,8149,8149,20,,,PMO,"Turner, R W  ",,PPJGD,2023,,,,,,,,,2019,2019,,,,,,,,,,,,,,,,PMO
Craft 8149 PMO 021,Craft,8149,8149,21,,,PMO,"Meaton, D I  ",,PPAGDC,2019,,,,,,,,,2022,2022,,,,,,,,,,,,,,,,PMO
Craft 8290 Inst 001,Craft,8290,8290,1,,,Inst,,,,,,,,,,,,,,,April 2nd 2026,,,,,,,,,,,,,,,DBLodges
Craft 8290 Mem 001,Craft,8290,8290,1,,,Mem,"Adam, S C F ",1978,,,,,,,,,,,,,,,,,,,,,,,,,,,,MarkRAMPMI
Craft 8290 Mem 002,Craft,8290,8290,2,,,Mem,"Lewis, M J  ",1978,PPSGW,2012,,,,,,,,,,,,,,,,,,,,,,,,,,MarkRAMPMI
Craft 8290 Mem 003,Craft,8290,8290,3,,,Mem,"Truman, J   ",1981,PPSGW,2016,,,,,,,,,,,,,,,,,,,,,,,,,,MarkRAMPMI
Craft 8290 Mem 004,Craft,8290,8290,4,,,Mem,"Stevenson, J R J ",1988,PPGSwdB,2024,,,,,,,,,,,,,,,,,,,,,,,,,,MarkRAMPMI
Craft 8290 Mem 005,Craft,8290,8290,5,,,Mem,"Haines, M V  ",1990,PProvSGW,2022,,,,,,,,,,,,,,,,,,,,,,,,,,MarkRAMPMI
Craft 8290 Mem 006,Craft,8290,8290,6,,,Mem,"Evans, S J  ",1992,PProvAGDC,2022,,,,,,,,,,,,,,,,,,,,,,,,,,MarkRAMPMI
Craft 8290 Mem 007,Craft,8290,8290,7,,,Mem,"Smith, G V  ",1994,,,,,,,,,,,,,,,,,,,,,,,,,,,,MarkRAMPMI
Craft 8290 Mem 008,Craft,8290,8290,8,,,Mem,"Chivers, S P  ",2002,PPGSuptWks,2024,,,,,,,,,,,,,,,,,,,,,,,,,,MarkRAMPMI
Craft 8290 Mem 009,Craft,8290,8290,9,,,Mem,"Pilkington, P R  ",2007,PPJGD,2020,,,,,,,,,,,,,,,,,,,,,,,,,,MarkRAMPMI
Craft 8290 Mem 010,Craft,8290,8290,10,,,Mem,"Perkins, A M  ",2011,ProvGLDO,2025,Y,,,,,,,,,,,,,,,,,,,,,,,,,MarkRAMPMI
Craft 8290 Mem 011,Craft,8290,8290,11,,,Mem,"Stevenson, B J  ",2012,PProvGStB,2024,,,,,,,,,,,,,,,,,,,,,,,,,,MarkRAMPMI
Craft 8290 Mem 012,Craft,8290,8290,12,,,Mem,"Kingsbury, P R  ",2012,PPDepGDC,2020,,PProvJGD (Beds.),2006,,,,,,,,,,,,,,,,,,,,,,,MarkRAMPMI
Craft 8290 Mem 013,Craft,8290,8290,13,,,Mem,"Steele, I P C ",2012,PPJGD,2025,,,,,,,,,,,,,,,,,,,,,,,,,,MarkRAMPMI
Craft 8290 Mem 014,Craft,8290,8290,14,,,Mem,"McNab, R S  ",2013,,,,,,,,,,,,,,,,,,,,,,,,,,,,MarkRAMPMI
Craft 8290 Mem 015,Craft,8290,8290,15,,,Mem,"Johnson, J R  ",2013,ProvJGD,2025,Y,,,,,,,,,,,,,,,,,,,,,,,,,MarkRAMPMI
Craft 8290 Mem 016,Craft,8290,8290,16,,,Mem,"Liddle, M D  ",2015,,,,,,,,,,,,,,,,,,,,,,,,,,,,MarkRAMPMI
Craft 8290 Mem 017,Craft,8290,8290,17,,,Mem,"Wallace, D   ",2016,,,,,,,,,,,,,,,,,,,,,,,,,,,,MarkRAMPMI
Craft 8290 Mem 018,Craft,8290,8290,18,,,Mem,"Brannigan, R V J ",2017,,,,,,,,,,,,,,,,,,,,,,,,,,,,MarkRAMPMI
Craft 8290 Mem 019,Craft,8290,8290,19,,,Mem,"Torrible, W P  ",2017,,,,,,,,,,,,,,,,,,,,,,,,,,,,MarkRAMPMI
Craft 8290 Mem 020,Craft,8290,8290,20,,,Mem,"Foort, N A  ",2018,,,,PProvDepGReg (Middx.),2015,,,,,,,,,,,,,,,,,,,,,,,MarkRAMPMI
Craft 8290 Mem 021,Craft,8290,8290,21,,,Mem,"Lever, J   ",2018,,,,PProvAGDC (Cheshire),2015,,,,,,,,,,,,,,,,,,,,,,,MarkRAMPMI
Craft 8290 Mem 022,Craft,8290,8290,22,,,Mem,"O'Connell, S J  ",2019,,,,,,,,,,,,,,,,,,,,,,,,,,,,MarkRAMPMI
Craft 8290 Mem 023,Craft,8290,8290,23,,,Mem,"Ware, I R  ",2019,PPGReg,2019,,,,,,,,,,,,,,,,,,,,,,,,,,MarkRAMPMI
Craft 8290 Mem 024,Craft,8290,8290,24,,,Mem,"Frost, M   ",2019,,,,,,,,,,,,,,,,,,,,,,,,,,,,MarkRAMPMI
Craft 8290 Mem 025,Craft,8290,8290,25,,,Mem,"Beckford, J E  ",2021,,,,,,,,,,,,,,,,,,,,,,,,,,,,MarkRAMPMI
Craft 8290 Mem 026,Craft,8290,8290,26,,,Mem,"Howard, T   ",2021,,,,,,,,,,,,,,,,,,,,,,,,,,,,MarkRAMPMI
Craft 8290 Mem 027,Craft,8290,8290,27,,,Mem,"Patel, Y C  ",2021,,,,,,,,,,,,,,,,,,,,,,,,,,,,MarkRAMPMI
Craft 8290 Mem 028,Craft,8290,8290,28,,,Mem,"Hooper, J F  ",2021,,,,,,,,,,,,,,,,,,,,,,,,,,,,MarkRAMPMI
Craft 8290 Mem 029,Craft,8290,8290,29,,,Mem,"Carpenter, T J  ",2022,,,,,,,,,,,,,,,,,,,,,,,,,,,,MarkRAMPMI
Craft 8290 Mem 030,Craft,8290,8290,30,,,Mem,"Graves, M A J ",2022,,,,,,,,,,,,,,,,,,,,,,,,,,,,MarkRAMPMI
Craft 8290 Mem 031,Craft,8290,8290,31,,,Mem,"Henesey, I P  ",2022,,,,PProvAGDC (W. Lancs.),2002-03,,,,,,,,,,,,,,,,,,,,,,,MarkRAMPMI
Craft 8290 Mem 032,Craft,8290,8290,32,,,Mem,"Pearce, J D  ",2023,,,,,,,,,,,,,,,,,,,,,,,,,,,,MarkRAMPMI
Craft 8290 Mem 033,Craft,8290,8290,33,,,Mem,"Perkins, C D  ",2023,,,,,,,,,,,,,,,,,,,,,,,,,,,,MarkRAMPMI
Craft 8290 Mem 034,Craft,8290,8290,34,,,Mem,"Raine, M   ",2024,,,,,,,,,,,,,,,,,,,,,,,,,,,,MarkRAMPMI
Craft 8290 Mem 035,Craft,8290,8290,35,,,Mem,"Bennett, L H  ",2024,,,,,,,,,,,,,,,,,,,,,,,,,,,,MarkRAMPMI
Craft 8290 Mem 036,Craft,8290,8290,36,,,Mem,"Lang, S   ",2025,,,,,,,,,,,,,,,,,,,,,,,,,,,,MarkRAMPMI
Craft 8290 Mem 037,Craft,8290,8290,37,,,Mem,"Hurworth, D J  ",2026,,,,,,,,,,,,,,,,,,,,,,,,,,,,MarkRAMPMI
Craft 8290 Off 001,Craft,8290,8290,1,WM,1,Off,"Brannigan, R V J ",2017,,,,,,,,,,,,,,,,,,,,,,,,,,,,Officers
Craft 8290 Off 002,Craft,8290,8290,2,SW,2,Off,"O'Connell, S J  ",2019,,,,,,,,,,,,,,,,,,,,,,,,,,,,Officers
Craft 8290 Off 003,Craft,8290,8290,3,JW,3,Off,"Frost, M   ",2019,,,,,,,,,,,,,,,,,,,,,,,,,,,,Officers
Craft 8290 Off 004,Craft,8290,8290,4,Chap,4,Off,"Truman, J   ",1981,,,,,,,,,,,,,,,,,,,,,,,,,,,,Officers
Craft 8290 Off 005,Craft,8290,8290,5,Treas,5,Off,"Stevenson, J R J ",1988,,,,,,,,,,,,,,,,,,,,,,,,,,,,Officers
Craft 8290 Off 006,Craft,8290,8290,6,Sec,6,Off,"Steele, I P C ",2012,,,,,,,,,,,,,,,,,,,,,,,,,,,,Officers
Craft 8290 Off 007,Craft,8290,8290,7,DC,7,Off,"Perkins, A M  ",2011,,,,,,,,,,,,,,,,,,,,,,,,,,,,Officers
Craft 8290 Off 008,Craft,8290,8290,8,Alm,8,Off,"Henesey, I P  ",2022,,,,,,,,,,,,,,,,,,,,,,,,,,,,Officers
Craft 8290 Off 009,Craft,8290,8290,9,ChStwd,9,Off,"Stevenson, B J  ",2012,,,,,,,,,,,,,,,,,,,,,,,,,,,,Officers
Craft 8290 Off 010,Craft,8290,8290,10,MO,10,Off,"Johnson, J R  ",2013,,,,,,,,,,,,,,,,,,,,,,,,,,,,Officers
Craft 8290 Off 011,Craft,8290,8290,11,Mentor,11,Off,"Evans, S J  ",1992,,,,,,,,,,,,,,,,,,,,,,,,,,,,Officers
Craft 8290 Off 012,Craft,8290,8290,12,SD,12,Off,"Chivers, S P  ",2002,,,,,,,,,,,,,,,,,,,,,,,,,,,,Officers
Craft 8290 Off 013,Craft,8290,8290,13,JD,13,Off,"Pearce, J D  ",2023,,,,,,,,,,,,,,,,,,,,,,,,,,,,Officers
Craft 8290 Off 014,Craft,8290,8290,14,ADC,14,Off,"Johnson, J R  ",2013,,,,,,,,,,,,,,,,,,,,,,,,,,,,Officers
Craft 8290 Off 015,Craft,8290,8290,15,Org,15,Off,Vacant,,,,,,,,,,,,,,,,,,,,,,,,,,,,,Officers
Craft 8290 Off 016,Craft,8290,8290,16,ASec,16,Off,"Evans, S J  ",1992,,,,,,,,,,,,,,,,,,,,,,,,,,,,Officers
Craft 8290 Off 017,Craft,8290,8290,17,IG,17,Off,"Perkins, C D  ",2023,,,,,,,,,,,,,,,,,,,,,,,,,,,,Officers
Craft 8290 Off 018,Craft,8290,8290,18,Stwd,18,Off,"Patel, Y C  ",2021,,,,,,,,,,,,,,,,,,,,,,,,,,,,Officers
Craft 8290 Off 019,Craft,8290,8290,19,Stwd,18,Off,"Hooper, J F  ",2021,,,,,,,,,,,,,,,,,,,,,,,,,,,,Officers
Craft 8290 Off 020,Craft,8290,8290,20,Stwd,18,Off,"Graves, M A J ",2022,,,,,,,,,,,,,,,,,,,,,,,,,,,,Officers
Craft 8290 Off 021,Craft,8290,8290,21,Stwd,18,Off,"Raine, M   ",2024,,,,,,,,,,,,,,,,,,,,,,,,,,,,Officers
Craft 8290 Off 022,Craft,8290,8290,22,Stwd,18,Off,"Bennett, L H  ",2024,,,,,,,,,,,,,,,,,,,,,,,,,,,,Officers
Craft 8290 Off 023,Craft,8290,8290,23,Stwd,18,Off,"Lang, S   ",2025,,,,,,,,,,,,,,,,,,,,,,,,,,,,Officers
Craft 8290 Off 024,Craft,8290,8290,24,Tyler,19,Off,"Liddle, M D  ",2015,,,,,,,,,,,,,,,,,,,,,,,,,,,,Officers
Craft 8290 PMI 001,Craft,8290,8290,1,,,PMI,"Foort, N A  ",2018,,,,PProvDepGReg (Middx.),2015,,,,,8301,,,,,,,,,,,,,,,,,,PMI
Craft 8290 PMI 002,Craft,8290,8290,2,,,PMI,"Ware, I R  ",2019,PPGReg,2019,,,,,,,,7300,,,,,,,,,,,,,,,,,,PMI
Craft 8290 PMI 003,Craft,8290,8290,3,,,PMI,"Beckford, J E  ",2021,,,,,,,,,,8392,,,,,,,,,,,,,,,,,,PMI
Craft 8290 PMI 004,Craft,8290,8290,4,,,PMI,"Henesey, I P  ",2022,,,,PProvAGDC (W. Lancs.),2002-03,,,,,"3933, 5042",,,,,,,,,,,,,,,,,,PMI
Craft 8290 PMO 001,Craft,8290,8290,1,,,PMO,"Lewis, M J  ",,PPSGW,2012,,,,,,,,,"1988, 2011",1988,,,,,,,,,,,,,,,,PMO
Craft 8290 PMO 003,Craft,8290,8290,3,,,PMO,"Truman, J   ",,PPSGW,2016,,,,,,,,,1992,1992,,,,,,,,,,,,,,,,PMO
Craft 8290 PMO 004,Craft,8290,8290,4,,,PMO,"Haines, M V  ",,PProvSGW,2022,,,,,,,,,"1997, 2007",1997,,,,,,,,,,,,,,,,PMO
Craft 8290 PMO 006,Craft,8290,8290,6,,,PMO,"Chivers, S P  ",,PPGSuptWks,2024,,,,,,,,,2010,2010,,,,,,,,,,,,,,,,PMO
Craft 8290 PMO 007,Craft,8290,8290,7,,,PMO,"Stevenson, J R J ",,PPGSwdB,2024,,,,,,,,,"2012, 2014",2012,,,,,,,,,,,,,,,,PMO
Craft 8290 PMO 009,Craft,8290,8290,9,,,PMO,"Pilkington, P R  ",,PPJGD,2020,,,,,,,,,2013,2013,,,,,,,,,,,,,,,,PMO
Craft 8290 PMO 011,Craft,8290,8290,11,,,PMO,"Evans, S J  ",,PProvAGDC,2022,,,,,,,,,2015,2015,,,,,,,,,,,,,,,,PMO
Craft 8290 PMO 014,Craft,8290,8290,14,,,PMO,"Perkins, A M  ",,ProvGLDO,2025,,,,,,,,,2017,2017,,,,,,,,,,,,,,,,PMO
Craft 8290 PMO 016,Craft,8290,8290,16,,,PMO,"Steele, I P C ",,PPJGD,2025,,,,,,,,,2018,2018,,,,,,,,,,,,,,,,PMO
Craft 8290 PMO 017,Craft,8290,8290,17,,,PMO,"Johnson, J R  ",,ProvJGD,2025,,,,,,,,,2019,2019,,,,,,,,,,,,,,,,PMO
Craft 8290 PMO 018,Craft,8290,8290,18,,,PMO,"Kingsbury, P R  ",,PPDepGDC,2020,,PProvJGD (Beds.),2006,,,,,,2021,2021,,,,,,,,,,,,,,,,PMO
Craft 8290 PMO 019,Craft,8290,8290,19,,,PMO,"Stevenson, B J  ",,PProvGStB,2024,,,,,,,,,2023,2023,,,,,,,,,,,,,,,,PMO
Craft 8290 PMO 020,Craft,8290,8290,20,,,PMO,"Liddle, M D  ",,,,,,,,,,,,2024,2024,,,,,,,,,,,,,,,,PMO
Craft 8290 PMO 021,Craft,8290,8290,21,,,PMO,"Lever, J   ",,,,,PProvAGDC (Cheshire),2015,,,,,,2025,2025,,,,,,,,,,,,,,,,PMO
Craft 8315 Hon 001,Craft,8315,8315,1,,,Hon,"Woollett, C E L ",2023,PPSGD,2017,,,,,,,,,,,,,,,,,,,,,,,,,,Honorary
Craft 8315 Inst 001,Craft,8315,8315,1,,,Inst,,,,,,,,,,,,,,,April 24th 2026,,,,,,,,,,,,,,,DBLodges
Craft 8315 Mem 001,Craft,8315,8315,1,,,Mem,"Willcock, D J W ",1982,PProvJGW,1996,,,,,,,,,,,,,,,,,,,,,,,,,,MarkRAMPMI
Craft 8315 Mem 002,Craft,8315,8315,2,,,Mem,"Cox, M J  ",1987,,,,,,,,,,,,,,,,,,,,,,,,,,,,MarkRAMPMI
Craft 8315 Mem 003,Craft,8315,8315,3,,,Mem,"Jessup, T A S ",1988,PProvJGW,2001,,,,,,,,,,,,,,,,,,,,,,,,,,MarkRAMPMI
Craft 8315 Mem 004,Craft,8315,8315,4,,,Mem,"Parkes, B E  ",1999,PPJGW,2025,,PProvAGDC (Essex),1992-98,,,,,,,,,,,,,,,,,,,,,,,MarkRAMPMI
Craft 8315 Mem 005,Craft,8315,8315,5,,,Mem,"Malins, T Q  ",1999,PPGSwdB,2021,,,,,,,,,,,,,,,,,,,,,,,,,,MarkRAMPMI
Craft 8315 Mem 006,Craft,8315,8315,6,,,Mem,"Blackburn, E E  ",2000,PPGReg,2019,,,,,,,,,,,,,,,,,,,,,,,,,,MarkRAMPMI
Craft 8315 Mem 007,Craft,8315,8315,7,,,Mem,"Miles, D F  ",2002,PPGSuptWks,2021,,,,,,,,,,,,,,,,,,,,,,,,,,MarkRAMPMI
Craft 8315 Mem 008,Craft,8315,8315,8,,,Mem,"Harris, M R  ",2004,PPAGDC,2019,,,,,,,,,,,,,,,,,,,,,,,,,,MarkRAMPMI
Craft 8315 Mem 009,Craft,8315,8315,9,,,Mem,"Crocker, K J  ",2004,,,,,,,,,,,,,,,,,,,,,,,,,,,,MarkRAMPMI
Craft 8315 Mem 010,Craft,8315,8315,10,,,Mem,"Nock, F J  ",2006,PPGSwdB,2022,,,,LGR,2005,,,,,,,,,,,,,,,,,,,,,MarkRAMPMI
Craft 8315 Mem 011,Craft,8315,8315,11,,,Mem,"King, A P J ",2006,PPJGD,2020,,,,,,,,,,,,,,,,,,,,,,,,,,MarkRAMPMI
Craft 8315 Mem 012,Craft,8315,8315,12,,,Mem,"Coxall, P D  ",2008,PProvDepGDC,2023,,,,,,,,,,,,,,,,,,,,,,,,,,MarkRAMPMI
Craft 8315 Mem 013,Craft,8315,8315,13,,,Mem,"Buchanan, I E  ",2009,PPJGD,2022,,,,,,,,,,,,,,,,,,,,,,,,,,MarkRAMPMI
Craft 8315 Mem 014,Craft,8315,8315,14,,,Mem,"Buchanan, H F  ",2009,PPAGDC,2024,,,,,,,,,,,,,,,,,,,,,,,,,,MarkRAMPMI
Craft 8315 Mem 015,Craft,8315,8315,15,,,Mem,"Kermack, S A  ",2010,,,,,,,,,,,,,,,,,,,,,,,,,,,,MarkRAMPMI
Craft 8315 Mem 016,Craft,8315,8315,16,,,Mem,"Stacey-Jackson, P   ",2011,,,,,,,,,,,,,,,,,,,,,,,,,,,,MarkRAMPMI
Craft 8315 Mem 017,Craft,8315,8315,17,,,Mem,"Vickery, W J L ",2012,PPAGDC,2025,,,,,,,,,,,,,,,,,,,,,,,,,,MarkRAMPMI
Craft 8315 Mem 018,Craft,8315,8315,18,,,Mem,"Leakey, S A B ",2018,,,,,,,,,,,,,,,,,,,,,,,,,,,,MarkRAMPMI
Craft 8315 Mem 019,Craft,8315,8315,19,,,Mem,"Thornton, A J  ",2019,,,,,,,,,,,,,,,,,,,,,,,,,,,,MarkRAMPMI
Craft 8315 Mem 020,Craft,8315,8315,20,,,Mem,"Ewers, D   ",2019,,,,,,,,,,,,,,,,,,,,,,,,,,,,MarkRAMPMI
Craft 8315 Mem 021,Craft,8315,8315,21,,,Mem,"Dart, S F  ",2019,,,,,,,,,,,,,,,,,,,,,,,,,,,,MarkRAMPMI
Craft 8315 Mem 022,Craft,8315,8315,22,,,Mem,"Green, S P  ",2020,,,,,,,,,,,,,,,,,,,,,,,,,,,,MarkRAMPMI
Craft 8315 Mem 023,Craft,8315,8315,23,,,Mem,"Hunt, J R  ",2022,PProvJGD,2024,,,,,,,,,,,,,,,,,,,,,,,,,,MarkRAMPMI
Craft 8315 Mem 024,Craft,8315,8315,24,,,Mem,"James, G   ",2023,,,,,,,,,,,,,,,,,,,,,,,,,,,,MarkRAMPMI
Craft 8315 Mem 025,Craft,8315,8315,25,,,Mem,"Morrison, P E  ",2023,,,,,,LGR,2014,,,,,,,,,,,,,,,,,,,,,MarkRAMPMI
Craft 8315 Mem 026,Craft,8315,8315,26,,,Mem,"Henderson-Bishop, M   ",2024,,,,,,,,,,,,,,,,,,,,,,,,,,,,MarkRAMPMI
Craft 8315 Mem 027,Craft,8315,8315,27,,,Mem,"Adams, M R  ",2026,,,,,,,,,,,,,,,,,,,,,,,,,,,,MarkRAMPMI
Craft 8315 Off 001,Craft,8315,8315,1,WM,1,Off,"Hunt, J R  ",2022,,,,,,,,,,,,,,,,,,,,,,,,,,,,Officers
Craft 8315 Off 002,Craft,8315,8315,2,SW,2,Off,"Leakey, S A B ",2018,,,,,,,,,,,,,,,,,,,,,,,,,,,,Officers
Craft 8315 Off 003,Craft,8315,8315,3,JW,3,Off,"Green, S P  ",2020,,,,,,,,,,,,,,,,,,,,,,,,,,,,Officers
Craft 8315 Off 004,Craft,8315,8315,4,Chap,4,Off,"Morrison, P E  ",2023,,,,,,,,,,,,,,,,,,,,,,,,,,,,Officers
Craft 8315 Off 005,Craft,8315,8315,5,Treas,5,Off,"Malins, T Q  ",1999,,,,,,,,,,,,,,,,,,,,,,,,,,,,Officers
Craft 8315 Off 006,Craft,8315,8315,6,Sec,6,Off,"Coxall, P D  ",2008,,,,,,,,,,,,,,,,,,,,,,,,,,,,Officers
Craft 8315 Off 007,Craft,8315,8315,7,DC,7,Off,"King, A P J ",2006,,,,,,,,,,,,,,,,,,,,,,,,,,,,Officers
Craft 8315 Off 008,Craft,8315,8315,8,Alm,8,Off,"Nock, F J  ",2006,,,,,,,,,,,,,,,,,,,,,,,,,,,,Officers
Craft 8315 Off 009,Craft,8315,8315,9,ChStwd,9,Off,"Thornton, A J  ",2019,,,,,,,,,,,,,,,,,,,,,,,,,,,,Officers
Craft 8315 Off 010,Craft,8315,8315,10,MO,10,Off,"Malins, T Q  ",1999,,,,,,,,,,,,,,,,,,,,,,,,,,,,Officers
Craft 8315 Off 011,Craft,8315,8315,11,Mentor,11,Off,"Malins, T Q  ",1999,,,,,,,,,,,,,,,,,,,,,,,,,,,,Officers
Craft 8315 Off 012,Craft,8315,8315,12,SD,12,Off,"Thornton, A J  ",2019,,,,,,,,,,,,,,,,,,,,,,,,,,,,Officers
Craft 8315 Off 013,Craft,8315,8315,13,JD,13,Off,"Henderson-Bishop, M   ",2024,,,,,,,,,,,,,,,,,,,,,,,,,,,,Officers
Craft 8315 Off 014,Craft,8315,8315,14,ADC,14,Off,"Vickery, W J L ",2012,,,,,,,,,,,,,,,,,,,,,,,,,,,,Officers
Craft 8315 Off 015,Craft,8315,8315,15,Org,15,Off,"Blackburn, E E  ",2000,,,,,,,,,,,,,,,,,,,,,,,,,,,,Officers
Craft 8315 Off 016,Craft,8315,8315,16,ASec,16,Off,"Harris, M R  ",2004,,,,,,,,,,,,,,,,,,,,,,,,,,,,Officers
Craft 8315 Off 017,Craft,8315,8315,17,IG,17,Off,"James, G   ",2023,,,,,,,,,,,,,,,,,,,,,,,,,,,,Officers
Craft 8315 Off 018,Craft,8315,8315,18,Stwd,18,Off,"Ewers, D   ",2019,,,,,,,,,,,,,,,,,,,,,,,,,,,,Officers
Craft 8315 Off 019,Craft,8315,8315,19,Tyler,19,Off,"Nock, F J  ",2006,,,,,,,,,,,,,,,,,,,,,,,,,,,,Officers
Craft 8315 PMI 001,Craft,8315,8315,1,,,PMI,"Parkes, B E  ",1999,PPJGW,2025,,PProvAGDC (Essex),1992-98,,,,,9005,,,,,,,,,,,,,,,,,,PMI
Craft 8315 PMI 002,Craft,8315,8315,2,,,PMI,"Nock, F J  ",2006,PPGSwdB,2022,,,,LGR,2005,,,3432,,,,,,,,,,,,,,,,,,PMI
Craft 8315 PMI 003,Craft,8315,8315,3,,,PMI,"Hunt, J R  ",2022,PProvJGD,2024,,,,,,,,665,,,,,,,,,,,,,,,,,,PMI
Craft 8315 PMI 004,Craft,8315,8315,4,,,PMI,"Morrison, P E  ",2023,,,,,,LGR,2014,,,"8003, 6147, 3231",,,,,,,,,,,,,,,,,,PMI
Craft 8315 PMO 001,Craft,8315,8315,1,,,PMO,"Willcock, D J W ",,PProvJGW,1996,,,,,,PGStB,2001,,1986,1986,,,,,,,,,,,,,,,,PMO
Craft 8315 PMO 002,Craft,8315,8315,2,,,PMO,"Jessup, T A S ",,PProvJGW,2001,,,,,,,,,1992,1992,,,,,,,,,,,,,,,,PMO
Craft 8315 PMO 003,Craft,8315,8315,3,,,PMO,"Woollett, C E L ",,PPSGD,2017,,,,,,,,,2003,2003,,,,,,,,,,,,,,,,PMO
Craft 8315 PMO 004,Craft,8315,8315,4,,,PMO,"Blackburn, E E  ",,PPGReg,2019,,,,,,,,,2005,2005,,,,,,,,,,,,,,,,PMO
Craft 8315 PMO 005,Craft,8315,8315,5,,,PMO,"Malins, T Q  ",,PPGSwdB,2021,,,,,,,,,2007,2007,,,,,,,,,,,,,,,,PMO
Craft 8315 PMO 006,Craft,8315,8315,6,,,PMO,"Miles, D F  ",,PPGSuptWks,2021,,,,,,,,,"2009, 2022",2009,,,,,,,,,,,,,,,,PMO
Craft 8315 PMO 008,Craft,8315,8315,8,,,PMO,"King, A P J ",,PPJGD,2020,,,,,,,,,"2013, 2023, 2024",2013,,,,,,,,,,,,,,,,PMO
Craft 8315 PMO 009,Craft,8315,8315,9,,,PMO,"Coxall, P D  ",,PProvDepGDC,2023,,,,,,,,,"2014, 2018",2014,,,,,,,,,,,,,,,,PMO
Craft 8315 PMO 011,Craft,8315,8315,11,,,PMO,"Buchanan, I E  ",,PPJGD,2022,,,,,,,,,2015,2015,,,,,,,,,,,,,,,,PMO
Craft 8315 PMO 012,Craft,8315,8315,12,,,PMO,"Buchanan, H F  ",,PPAGDC,2024,,,,,,,,,2016,2016,,,,,,,,,,,,,,,,PMO
Craft 8315 PMO 013,Craft,8315,8315,13,,,PMO,"Crocker, K J  ",,,,,,,,,,,,2017,2017,,,,,,,,,,,,,,,,PMO
Craft 8315 PMO 014,Craft,8315,8315,14,,,PMO,"Vickery, W J L ",,PPAGDC,2025,,,,,,,,,2019,2019,,,,,,,,,,,,,,,,PMO
Craft 8479 Hon 001,Craft,8479,8479,1,,,Hon,"Sinden, R S  ",2007,PPJGD,2006,,"PDistJGW (S. Africa, ED)",2018,,,,,,,,,,,,,,,,,,,,,,,Honorary
Craft 8479 Hon 002,Craft,8479,8479,2,,,Hon,"Thomas, G R E ",2024,PProvSGW,2009,,,,,,PAGDC,2013,,,,,,,,,,,,,,,,,,,Honorary
Craft 8479 Inst 001,Craft,8479,8479,1,,,Inst,,,,,,,,,,,,,,,May 11th 2026,,,,,,,,,,,,,,,DBLodges
Craft 8479 Mem 001,Craft,8479,8479,1,,,Mem,"Bolton, S W  ",1979,,,,PProvSGW (W. Lancs.),2015-18,,,,,,,,,,,,,,,,,,,,,,,MarkRAMPMI
Craft 8479 Mem 002,Craft,8479,8479,2,,,Mem,"Unwin, D W  ",1985,PProvSGW,2015,,,,,,,,,,,,,,,,,,,,,,,,,,MarkRAMPMI
Craft 8479 Mem 003,Craft,8479,8479,3,,,Mem,"Rice, A C  ",1991,PPGSwdB,2024,,,,,,,,,,,,,,,,,,,,,,,,,,MarkRAMPMI
Craft 8479 Mem 004,Craft,8479,8479,4,,,Mem,"Leach, R J  ",1994,PPGReg,2023,,,,,,,,,,,,,,,,,,,,,,,,,,MarkRAMPMI
Craft 8479 Mem 005,Craft,8479,8479,5,,,Mem,"Binder, M J D S",1997,PPSGD,2019,,,,,,,,,,,,,,,,,,,,,,,,,,MarkRAMPMI
Craft 8479 Mem 006,Craft,8479,8479,6,,,Mem,"Stevenson, S C  ",2006,,,,,,,,,,,,,,,,,,,,,,,,,,,,MarkRAMPMI
Craft 8479 Mem 007,Craft,8479,8479,7,,,Mem,"Sharpe, M J  ",2006,PPDepGDC,2025,,PProvAGDC (Sussex),1998,,,,,,,,,,,,,,,,,,,,,,,MarkRAMPMI
Craft 8479 Mem 008,Craft,8479,8479,8,,,Mem,"Bridger, E W C ",2010,,,,,,,,,,,,,,,,,,,,,,,,,,,,MarkRAMPMI
Craft 8479 Mem 009,Craft,8479,8479,9,,,Mem,"Bouchex, P L J ",2015,PProvGStB,2024,,,,,,,,,,,,,,,,,,,,,,,,,,MarkRAMPMI
Craft 8479 Mem 010,Craft,8479,8479,10,,,Mem,"Chislett, S L  ",2016,PPGSuptWks,2020,,,,,,,,,,,,,,,,,,,,,,,,,,MarkRAMPMI
Craft 8479 Mem 011,Craft,8479,8479,11,,,Mem,"Andrews, M J  ",2017,,,,,,,,,,,,,,,,,,,,,,,,,,,,MarkRAMPMI
Craft 8479 Mem 012,Craft,8479,8479,12,,,Mem,"Kellard, D E  ",2017,,,,,,,,,,,,,,,,,,,,,,,,,,,,MarkRAMPMI
Craft 8479 Mem 013,Craft,8479,8479,13,,,Mem,"Leach, S J  ",2019,PPDepGDC,2022,,,,,,,,,,,,,,,,,,,,,,,,,,MarkRAMPMI
Craft 8479 Mem 014,Craft,8479,8479,14,,,Mem,"Reeves, B   ",2019,PPDepGDC,2025,,,,,,,,,,,,,,,,,,,,,,,,,,MarkRAMPMI
Craft 8479 Mem 015,Craft,8479,8479,15,,,Mem,"Newman, P J  ",2019,PPAGDC,2025,,,,,,,,,,,,,,,,,,,,,,,,,,MarkRAMPMI
Craft 8479 Mem 016,Craft,8479,8479,16,,,Mem,"Churchill, S L  ",2022,,,,,,,,,,,,,,,,,,,,,,,,,,,,MarkRAMPMI
Craft 8479 Mem 017,Craft,8479,8479,17,,,Mem,"Fisher, M A  ",2023,,,,,,,,,,,,,,,,,,,,,,,,,,,,MarkRAMPMI
Craft 8479 Mem 018,Craft,8479,8479,18,,,Mem,"Bartlett, J L  ",2023,,,,,,,,,,,,,,,,,,,,,,,,,,,,MarkRAMPMI
Craft 8479 Mem 019,Craft,8479,8479,19,,,Mem,"Baugh, A P  ",2024,,,,,,,,,,,,,,,,,,,,,,,,,,,,MarkRAMPMI
Craft 8479 Mem 020,Craft,8479,8479,20,,,Mem,"Mhanna, R   ",2024,,,,,,,,,,,,,,,,,,,,,,,,,,,,MarkRAMPMI
Craft 8479 Off 001,Craft,8479,8479,1,WM,1,Off,"Churchill, S L  ",2022,,,,,,,,,,,,,,,,,,,,,,,,,,,,Officers
Craft 8479 Off 002,Craft,8479,8479,2,SW,2,Off,"Kellard, D E  ",2017,,,,,,,,,,,,,,,,,,,,,,,,,,,,Officers
Craft 8479 Off 003,Craft,8479,8479,3,JW,3,Off,"Bartlett, J L  ",2023,,,,,,,,,,,,,,,,,,,,,,,,,,,,Officers
Craft 8479 Off 004,Craft,8479,8479,4,Chap,4,Off,"Unwin, D W  ",1985,,,,,,,,,,,,,,,,,,,,,,,,,,,,Officers
Craft 8479 Off 005,Craft,8479,8479,5,Treas,5,Off,"Bouchex, P L J ",2015,,,,,,,,,,,,,,,,,,,,,,,,,,,,Officers
Craft 8479 Off 006,Craft,8479,8479,6,Sec,6,Off,"Leach, S J  ",2019,,,,,,,,,,,,,,,,,,,,,,,,,,,,Officers
Craft 8479 Off 007,Craft,8479,8479,7,DC,7,Off,"Chislett, S L  ",2016,,,,,,,,,,,,,,,,,,,,,,,,,,,,Officers
Craft 8479 Off 008,Craft,8479,8479,8,Alm,8,Off,"Binder, M J D S",1997,,,,,,,,,,,,,,,,,,,,,,,,,,,,Officers
Craft 8479 Off 009,Craft,8479,8479,9,ChStwd,9,Off,"Andrews, M J  ",2017,,,,,,,,,,,,,,,,,,,,,,,,,,,,Officers
Craft 8479 Off 010,Craft,8479,8479,10,MO,10,Off,"Rice, A C  ",1991,,,,,,,,,,,,,,,,,,,,,,,,,,,,Officers
Craft 8479 Off 011,Craft,8479,8479,11,Mentor,11,Off,"Chislett, S L  ",2016,,,,,,,,,,,,,,,,,,,,,,,,,,,,Officers
Craft 8479 Off 012,Craft,8479,8479,12,SD,12,Off,Vacant,,,,,,,,,,,,,,,,,,,,,,,,,,,,,Officers
Craft 8479 Off 013,Craft,8479,8479,13,JD,13,Off,"Rice, A C  ",1991,,,,,,,,,,,,,,,,,,,,,,,,,,,,Officers
Craft 8479 Off 014,Craft,8479,8479,14,ADC,14,Off,"Andrews, M J  ",2017,,,,,,,,,,,,,,,,,,,,,,,,,,,,Officers
Craft 8479 Off 015,Craft,8479,8479,15,Org,15,Off,Vacant,,,,,,,,,,,,,,,,,,,,,,,,,,,,,Officers
Craft 8479 Off 016,Craft,8479,8479,16,ASec,16,Off,"Sharpe, M J  ",2006,,,,,,,,,,,,,,,,,,,,,,,,,,,,Officers
Craft 8479 Off 017,Craft,8479,8479,17,IG,17,Off,"Baugh, A P  ",2024,,,,,,,,,,,,,,,,,,,,,,,,,,,,Officers
Craft 8479 Off 018,Craft,8479,8479,18,Stwd,18,Off,"Fisher, M A  ",2023,,,,,,,,,,,,,,,,,,,,,,,,,,,,Officers
Craft 8479 Off 019,Craft,8479,8479,19,Stwd,18,Off,"Mhanna, R   ",2024,,,,,,,,,,,,,,,,,,,,,,,,,,,,Officers
Craft 8479 Off 020,Craft,8479,8479,20,Tyler,19,Off,Vacant,,,,,,,,,,,,,,,,,,,,,,,,,,,,,Officers
Craft 8479 PMI 001,Craft,8479,8479,1,,,PMI,"Bolton, S W  ",1979,,,,PProvSGW (W. Lancs.),2015-18,,,PAGDC,2018,"8123, 314, 62",,,,,,,,,,,,,,,,,,PMI
Craft 8479 PMI 002,Craft,8479,8479,2,,,PMI,"Newman, P J  ",2019,PPAGDC,2025,,,,,,,,5049,,,,,,,,,,,,,,,,,,PMI
Craft 8479 PMO 001,Craft,8479,8479,1,,,PMO,"Reeves, B   ",,PPDepGDC,2025,,,,,,,,,1995,1995,,,,,,,,,,,,,,,,PMO
Craft 8479 PMO 003,Craft,8479,8479,3,,,PMO,"Unwin, D W  ",,PProvSGW,2015,,,,,,,,,1997,1997,,,,,,,,,,,,,,,,PMO
Craft 8479 PMO 006,Craft,8479,8479,6,,,PMO,"Sinden, R S  ",,PPJGD,2006,,"PDistJGW (S. Africa, ED)",2018,,,,,,1999,1999,,,,,,,,,,,,,,,,PMO
Craft 8479 PMO 007,Craft,8479,8479,7,,,PMO,"Andrews, M J  ",,,,,,,,,,,,2001,2001,,,,,,,,,,,,,,,,PMO
Craft 8479 PMO 008,Craft,8479,8479,8,,,PMO,"Leach, R J  ",,PPGReg,2023,,,,,,,,,"2002, 2019",2002,,,,,,,,,,,,,,,,PMO
Craft 8479 PMO 010,Craft,8479,8479,10,,,PMO,"Binder, M J D S",,PPSGD,2019,,,,,,,,,2005,2005,,,,,,,,,,,,,,,,PMO
Craft 8479 PMO 011,Craft,8479,8479,11,,,PMO,"Leach, S J  ",,PPDepGDC,2022,,,,,,,,,2008,2008,,,,,,,,,,,,,,,,PMO
Craft 8479 PMO 013,Craft,8479,8479,13,,,PMO,"Sharpe, M J  ",,PPDepGDC,2025,,PProvAGDC (Sussex),1998,,,,,,"2011, 2017",2011,,,,,,,,,,,,,,,,PMO
Craft 8479 PMO 014,Craft,8479,8479,14,,,PMO,"Rice, A C  ",,PPGSwdB,2024,,,,,,,,,2014,2014,,,,,,,,,,,,,,,,PMO
Craft 8479 PMO 015,Craft,8479,8479,15,,,PMO,"Chislett, S L  ",,PPGSuptWks,2020,,,,,,,,,"2021, 2022",2021,,,,,,,,,,,,,,,,PMO
Craft 8479 PMO 016,Craft,8479,8479,16,,,PMO,"Bouchex, P L J ",,PProvGStB,2024,,,,,,,,,2023,2023,,,,,,,,,,,,,,,,PMO
Craft 8479 PMO 017,Craft,8479,8479,17,,,PMO,"Bridger, E W C ",,,,,,,,,,,,2024,2024,,,,,,,,,,,,,,,,PMO
Craft 8641 Hon 001,Craft,8641,8641,1,,,Hon,"Hoare, K G  ",2012,PPSGW,2000,,,,,,,,,,,,,,,,,,,,,,,,,,Honorary
Craft 8641 Hon 002,Craft,8641,8641,2,,,Hon,"Howard, D   ",2025,PProvSGW,2005,,,,,,,,,,,,,,,,,,,,,,,,,,Honorary
Craft 8641 Hon 003,Craft,8641,8641,3,,,Hon,"Christopher, J B R ",2022,PPSGW,2015,,,,,,,,,,,,,,,,,,,,,,,,,,Honorary
Craft 8641 Hon 004,Craft,8641,8641,4,,,Hon,"Davis, A   ",2025,PPJGW,2008,,,,,,,,,,,,,,,,,,,,,,,,,,Honorary
Craft 8641 Inst 001,Craft,8641,8641,1,,,Inst,,,,,,,,,,,,,,,September 10th 2025,,,,,,,,,,,,,,,DBLodges
Craft 8641 Mem 001,Craft,8641,8641,1,,,Mem,"Miles, B   ",1975,PPAGDC,1996,,,,,,,,,,,,,,,,,,,,,,,,,,MarkRAMPMI
Craft 8641 Mem 002,Craft,8641,8641,2,,,Mem,"Webb, D J  ",1975,PPSGW,2013,,,,,,,,,,,,,,,,,,,,,,,,,,MarkRAMPMI
Craft 8641 Mem 003,Craft,8641,8641,3,,,Mem,"Cowdrey, B   ",1978,PPGStB,2020,,,,,,,,,,,,,,,,,,,,,,,,,,MarkRAMPMI
Craft 8641 Mem 004,Craft,8641,8641,4,,,Mem,"Bott, M J  ",1979,PPSGW,2011,,,,,,,,,,,,,,,,,,,,,,,,,,MarkRAMPMI
Craft 8641 Mem 005,Craft,8641,8641,5,,,Mem,"Kirby, T M  ",1979,PPDepGDC,2025,,,,,,,,,,,,,,,,,,,,,,,,,,MarkRAMPMI
Craft 8641 Mem 006,Craft,8641,8641,6,,,Mem,"Smith, R   ",1980,PPSGW,2024,,,,,,,,,,,,,,,,,,,,,,,,,,MarkRAMPMI
Craft 8641 Mem 007,Craft,8641,8641,7,,,Mem,"Gerring, A J  ",1981,PPGReg,2023,,,,,,,,,,,,,,,,,,,,,,,,,,MarkRAMPMI
Craft 8641 Mem 008,Craft,8641,8641,8,,,Mem,"Bolt, J   ",1984,PProvSGW,2017,,,,,,,,,,,,,,,,,,,,,,,,,,MarkRAMPMI
Craft 8641 Mem 009,Craft,8641,8641,9,,,Mem,"Roberts, A C  ",1986,PPGReg,2020,,,,,,,,,,,,,,,,,,,,,,,,,,MarkRAMPMI
Craft 8641 Mem 010,Craft,8641,8641,10,,,Mem,"Sutton, G W  ",1987,,,,,,,,,,,,,,,,,,,,,,,,,,,,MarkRAMPMI
Craft 8641 Mem 011,Craft,8641,8641,11,,,Mem,"Collison, S A  ",1988,PPGStB,2009,,,,,,,,,,,,,,,,,,,,,,,,,,MarkRAMPMI
Craft 8641 Mem 012,Craft,8641,8641,12,,,Mem,"Kirby, A J  ",1994,PPGSwdB,2018,,,,,,,,,,,,,,,,,,,,,,,,,,MarkRAMPMI
Craft 8641 Mem 013,Craft,8641,8641,13,,,Mem,"Pitt, D R  ",1997,,,,,,,,,,,,,,,,,,,,,,,,,,,,MarkRAMPMI
Craft 8641 Mem 014,Craft,8641,8641,14,,,Mem,"Dawes, K A  ",1997,,,,,,,,,,,,,,,,,,,,,,,,,,,,MarkRAMPMI
Craft 8641 Mem 015,Craft,8641,8641,15,,,Mem,"Holland, T   ",1999,,,,,,,,,,,,,,,,,,,,,,,,,,,,MarkRAMPMI
Craft 8641 Mem 016,Craft,8641,8641,16,,,Mem,"Martin, G W  ",2000,,,,,,,,,,,,,,,,,,,,,,,,,,,,MarkRAMPMI
Craft 8641 Mem 017,Craft,8641,8641,17,,,Mem,"Marsh, D J  ",2001,,,,,,,,,,,,,,,,,,,,,,,,,,,,MarkRAMPMI
Craft 8641 Mem 018,Craft,8641,8641,18,,,Mem,"Cubitt, P A  ",2003,,,,,,,,,,,,,,,,,,,,,,,,,,,,MarkRAMPMI
Craft 8641 Mem 019,Craft,8641,8641,19,,,Mem,"Ilott, P F  ",2003,PPGReg,2021,,,,,,,,,,,,,,,,,,,,,,,,,,MarkRAMPMI
Craft 8641 Mem 020,Craft,8641,8641,20,,,Mem,"Holton, C J  ",2009,,,,,,,,,,,,,,,,,,,,,,,,,,,,MarkRAMPMI
Craft 8641 Mem 021,Craft,8641,8641,21,,,Mem,"Sutherland, N A  ",2012,,,,,,,,,,,,,,,,,,,,,,,,,,,,MarkRAMPMI
Craft 8641 Mem 022,Craft,8641,8641,22,,,Mem,"Bolt, B A J ",2012,,,,,,,,,,,,,,,,,,,,,,,,,,,,MarkRAMPMI
Craft 8641 Mem 023,Craft,8641,8641,23,,,Mem,"Selby, S T  ",2013,,,,,,,,,,,,,,,,,,,,,,,,,,,,MarkRAMPMI
Craft 8641 Mem 024,Craft,8641,8641,24,,,Mem,"Flint, J R  ",2014,,,,,,,,,,,,,,,,,,,,,,,,,,,,MarkRAMPMI
Craft 8641 Mem 025,Craft,8641,8641,25,,,Mem,"Sparkes, C E  ",2014,,,,,,,,,,,,,,,,,,,,,,,,,,,,MarkRAMPMI
Craft 8641 Mem 026,Craft,8641,8641,26,,,Mem,"Dodson, J A  ",2014,,,,,,,,,,,,,,,,,,,,,,,,,,,,MarkRAMPMI
Craft 8641 Mem 027,Craft,8641,8641,27,,,Mem,"Markar, A   ",2014,,,,,,,,,,,,,,,,,,,,,,,,,,,,MarkRAMPMI
Craft 8641 Mem 028,Craft,8641,8641,28,,,Mem,"Umney, T J  ",2014,,,,,,,,,,,,,,,,,,,,,,,,,,,,MarkRAMPMI
Craft 8641 Mem 029,Craft,8641,8641,29,,,Mem,"Davies, A W  ",2015,,,,,,,,,,,,,,,,,,,,,,,,,,,,MarkRAMPMI
Craft 8641 Mem 030,Craft,8641,8641,30,,,Mem,"Booker-Card, A J  ",2015,,,,,,,,,,,,,,,,,,,,,,,,,,,,MarkRAMPMI
Craft 8641 Mem 031,Craft,8641,8641,31,,,Mem,"Evans, P M  ",2015,,,,,,,,,,,,,,,,,,,,,,,,,,,,MarkRAMPMI
Craft 8641 Mem 032,Craft,8641,8641,32,,,Mem,"Waters, C G  ",2016,,,,,,,,,,,,,,,,,,,,,,,,,,,,MarkRAMPMI
Craft 8641 Mem 033,Craft,8641,8641,33,,,Mem,"Fleming, W N  ",2017,,,,,,,,,,,,,,,,,,,,,,,,,,,,MarkRAMPMI
Craft 8641 Mem 034,Craft,8641,8641,34,,,Mem,"Fitzmaurice, P J  ",2018,,,,,,,,,,,,,,,,,,,,,,,,,,,,MarkRAMPMI
Craft 8641 Mem 035,Craft,8641,8641,35,,,Mem,"Tyler, G L  ",2018,,,,,,,,,,,,,,,,,,,,,,,,,,,,MarkRAMPMI
Craft 8641 Mem 036,Craft,8641,8641,36,,,Mem,"Fletcher, D C  ",2019,,,,,,,,,,,,,,,,,,,,,,,,,,,,MarkRAMPMI
Craft 8641 Mem 037,Craft,8641,8641,37,,,Mem,"Evans, B R  ",2020,,,,,,,,,,,,,,,,,,,,,,,,,,,,MarkRAMPMI
Craft 8641 Mem 038,Craft,8641,8641,38,,,Mem,"Riggs, D A L ",2020,PPGStB,2025,,,,,,,,,,,,,,,,,,,,,,,,,,MarkRAMPMI
Craft 8641 Mem 039,Craft,8641,8641,39,,,Mem,"Pereira, A J  ",2021,,,,,,,,,,,,,,,,,,,,,,,,,,,,MarkRAMPMI
Craft 8641 Mem 040,Craft,8641,8641,40,,,Mem,"Devereux, M R  ",2022,PProvGChStwd,2014,,,,,,,,,,,,,,,,,,,,,,,,,,MarkRAMPMI
Craft 8641 Mem 041,Craft,8641,8641,41,,,Mem,"Selby, J G  ",2023,,,,,,,,,,,,,,,,,,,,,,,,,,,,MarkRAMPMI
Craft 8641 Mem 042,Craft,8641,8641,42,,,Mem,"Barlow, A P  ",2023,,,,,,,,,,,,,,,,,,,,,,,,,,,,MarkRAMPMI
Craft 8641 Mem 043,Craft,8641,8641,43,,,Mem,"Cull, T L  ",2023,,,,,,,,,,,,,,,,,,,,,,,,,,,,MarkRAMPMI
Craft 8641 Mem 044,Craft,8641,8641,44,,,Mem,"Youlden, D A  ",2024,,,,PProvAGReg (Hants. & I. of W.),2018,,,,,,,,,,,,,,,,,,,,,,,MarkRAMPMI
Craft 8641 Mem 045,Craft,8641,8641,45,,,Mem,"Miles, A P  ",2024,,,,,,,,,,,,,,,,,,,,,,,,,,,,MarkRAMPMI
Craft 8641 Mem 046,Craft,8641,8641,46,,,Mem,"Wilkinson, P   ",2024,,,,,,,,,,,,,,,,,,,,,,,,,,,,MarkRAMPMI
Craft 8641 Mem 047,Craft,8641,8641,47,,,Mem,"Dicker, C M  ",2024,,,,,,,,,,,,,,,,,,,,,,,,,,,,MarkRAMPMI
Craft 8641 Mem 048,Craft,8641,8641,48,,,Mem,"Dunleavy, R   ",2025,,,,,,,,,,,,,,,,,,,,,,,,,,,,MarkRAMPMI
Craft 8641 Mem 049,Craft,8641,8641,49,,,Mem,"Taylor, P B  ",2025,,,,,,,,,,,,,,,,,,,,,,,,,,,,MarkRAMPMI
Craft 8641 Mem 050,Craft,8641,8641,50,,,Mem,"Wilkinson, M   ",2026,,,,,,,,,,,,,,,,,,,,,,,,,,,,MarkRAMPMI
Craft 8641 Off 001,Craft,8641,8641,1,WM,1,Off,"Umney, T J  ",2014,,,,,,,,,,,,,,,,,,,,,,,,,,,,Officers
Craft 8641 Off 002,Craft,8641,8641,2,SW,2,Off,"Tyler, G L  ",2018,,,,,,,,,,,,,,,,,,,,,,,,,,,,Officers
Craft 8641 Off 003,Craft,8641,8641,3,JW,3,Off,"Pereira, A J  ",2021,,,,,,,,,,,,,,,,,,,,,,,,,,,,Officers
Craft 8641 Off 004,Craft,8641,8641,4,Chap,4,Off,"Selby, S T  ",2013,,,,,,,,,,,,,,,,,,,,,,,,,,,,Officers
Craft 8641 Off 005,Craft,8641,8641,5,Treas,5,Off,"Fitzmaurice, P J  ",2018,,,,,,,,,,,,,,,,,,,,,,,,,,,,Officers
Craft 8641 Off 006,Craft,8641,8641,6,Sec,6,Off,"Selby, J G  ",2023,,,,,,,,,,,,,,,,,,,,,,,,,,,,Officers
Craft 8641 Off 007,Craft,8641,8641,7,DC,7,Off,"Bolt, J   ",1984,,,,,,,,,,,,,,,,,,,,,,,,,,,,Officers
Craft 8641 Off 008,Craft,8641,8641,8,Alm,8,Off,"Barlow, A P  ",2023,,,,,,,,,,,,,,,,,,,,,,,,,,,,Officers
Craft 8641 Off 009,Craft,8641,8641,9,ChStwd,9,Off,"Ilott, P F  ",2003,,,,,,,,,,,,,,,,,,,,,,,,,,,,Officers
Craft 8641 Off 010,Craft,8641,8641,10,MO,10,Off,"Bolt, J   ",1984,,,,,,,,,,,,,,,,,,,,,,,,,,,,Officers
Craft 8641 Off 011,Craft,8641,8641,11,Mentor,11,Off,"Youlden, D A  ",2024,,,,,,,,,,,,,,,,,,,,,,,,,,,,Officers
Craft 8641 Off 012,Craft,8641,8641,12,SD,12,Off,Vacant,,,,,,,,,,,,,,,,,,,,,,,,,,,,,Officers
Craft 8641 Off 013,Craft,8641,8641,13,JD,13,Off,"Cull, T L  ",2023,,,,,,,,,,,,,,,,,,,,,,,,,,,,Officers
Craft 8641 Off 014,Craft,8641,8641,14,ADC,14,Off,"Smith, R   ",1980,,,,,,,,,,,,,,,,,,,,,,,,,,,,Officers
Craft 8641 Off 015,Craft,8641,8641,15,Org,15,Off,Vacant,,,,,,,,,,,,,,,,,,,,,,,,,,,,,Officers
Craft 8641 Off 016,Craft,8641,8641,16,ASec,16,Off,"Fitzmaurice, P J  ",2018,,,,,,,,,,,,,,,,,,,,,,,,,,,,Officers
Craft 8641 Off 017,Craft,8641,8641,17,IG,17,Off,"Fletcher, D C  ",2019,,,,,,,,,,,,,,,,,,,,,,,,,,,,Officers
Craft 8641 Off 018,Craft,8641,8641,18,Stwd,18,Off,"Booker-Card, A J  ",2015,,,,,,,,,,,,,,,,,,,,,,,,,,,,Officers
Craft 8641 Off 019,Craft,8641,8641,19,Stwd,18,Off,"Fleming, W N  ",2017,,,,,,,,,,,,,,,,,,,,,,,,,,,,Officers
Craft 8641 Off 020,Craft,8641,8641,20,Stwd,18,Off,"Dicker, C M  ",2024,,,,,,,,,,,,,,,,,,,,,,,,,,,,Officers
Craft 8641 Off 021,Craft,8641,8641,21,Stwd,18,Off,"Wilkinson, P   ",2024,,,,,,,,,,,,,,,,,,,,,,,,,,,,Officers
Craft 8641 Off 022,Craft,8641,8641,22,Stwd,18,Off,"Dunleavy, R   ",2025,,,,,,,,,,,,,,,,,,,,,,,,,,,,Officers
Craft 8641 Off 023,Craft,8641,8641,23,Tyler,19,Off,"Holland, T   ",1999,,,,,,,,,,,,,,,,,,,,,,,,,,,,Officers
Craft 8641 PMI 001,Craft,8641,8641,1,,,PMI,"Umney, T J  ",2014,,,,,,,,,,5469,,,,,,,,,,,,,,,,,,PMI
Craft 8641 PMI 002,Craft,8641,8641,2,,,PMI,"Riggs, D A L ",2020,PPGStB,2025,,,,,,,,9689,,,,,,,,,,,,,,,,,,PMI
Craft 8641 PMI 003,Craft,8641,8641,3,,,PMI,"Devereux, M R  ",2022,PProvGChStwd,2014,,,,,,PAGDC,2017,6525,,,,,,,,,,,,,,,,,,PMI
Craft 8641 PMI 004,Craft,8641,8641,4,,,PMI,"Youlden, D A  ",2024,,,,PProvAGReg (Hants. & I. of W.),2018,,,,,5469,,,,,,,,,,,,,,,,,,PMI
Craft 8641 PMO 001,Craft,8641,8641,1,,,PMO,"Davis, A   ",,PPJGW,2008,,,,,,,,,1980,1980,,,,,,,,,,,,,,,,PMO
Craft 8641 PMO 004,Craft,8641,8641,4,,,PMO,"Webb, D J  ",,PPSGW,2013,,,,,,,,,1981,1981,,,,,,,,,,,,,,,,PMO
Craft 8641 PMO 005,Craft,8641,8641,5,,,PMO,"Miles, B   ",,PPAGDC,1996,,,,,,PJGD,2001,,1984,1984,,,,,,,,,,,,,,,,PMO
Craft 8641 PMO 006,Craft,8641,8641,6,,,PMO,"Christopher, J B R ",,PPSGW,2015,,,,,,,,,1985,1985,,,,,,,,,,,,,,,,PMO
Craft 8641 PMO 007,Craft,8641,8641,7,,,PMO,"Bott, M J  ",,PPSGW,2011,,,,,,,,,1989,1989,,,,,,,,,,,,,,,,PMO
Craft 8641 PMO 009,Craft,8641,8641,9,,,PMO,"Bolt, J   ",,PProvSGW,2017,,,,,,,,,"1991, 2015, 2019, 2020",1991,,,,,,,,,,,,,,,,PMO
Craft 8641 PMO 010,Craft,8641,8641,10,,,PMO,"Kirby, T M  ",,PPDepGDC,2025,,,,,,,,,1993,1993,,,,,,,,,,,,,,,,PMO
Craft 8641 PMO 011,Craft,8641,8641,11,,,PMO,"Gerring, A J  ",,PPGReg,2023,,,,,,,,,1995,1995,,,,,,,,,,,,,,,,PMO
Craft 8641 PMO 013,Craft,8641,8641,13,,,PMO,"Smith, R   ",,PPSGW,2024,,,,,,,,,1996,1996,,,,,,,,,,,,,,,,PMO
Craft 8641 PMO 016,Craft,8641,8641,16,,,PMO,"Roberts, A C  ",,PPGReg,2020,,,,,,,,,1999,1999,,,,,,,,,,,,,,,,PMO
Craft 8641 PMO 017,Craft,8641,8641,17,,,PMO,"Collison, S A  ",,PPGStB,2009,,,,,,,,,2002,2002,,,,,,,,,,,,,,,,PMO
Craft 8641 PMO 018,Craft,8641,8641,18,,,PMO,"Kirby, A J  ",,PPGSwdB,2018,,,,,,,,,"2006, 2017",2006,,,,,,,,,,,,,,,,PMO
Craft 8641 PMO 020,Craft,8641,8641,20,,,PMO,"Ilott, P F  ",,PPGReg,2021,,,,,,,,,"2009, 2021, 2022",2009,,,,,,,,,,,,,,,,PMO
Craft 8641 PMO 023,Craft,8641,8641,23,,,PMO,"Martin, G W  ",,,,,,,,,,,,"2010, 2011",2010,,,,,,,,,,,,,,,,PMO
Craft 8641 PMO 024,Craft,8641,8641,24,,,PMO,"Barlow, A P  ",,,,,,,,,,,,2018,2018,,,,,,,,,,,,,,,,PMO
Craft 8641 PMO 025,Craft,8641,8641,25,,,PMO,"Selby, S T  ",,,,,,,,,,,,2023,2023,,,,,,,,,,,,,,,,PMO
Craft 8641 PMO 026,Craft,8641,8641,26,,,PMO,"Evans, P M  ",,,,,,,,,,,,2024,2024,,,,,,,,,,,,,,,,PMO
Craft 8645 Hon 001,Craft,8645,8645,1,,,Hon,"Knight, B J  ",2004,PDepProvGM,1994,,,,,,PGSwdB,1995,,,,,,,,,,,,,,,,,,,Honorary
Craft 8645 Hon 002,Craft,8645,8645,2,,,Hon,"Cox, R R  ",2026,PPGReg,2024,,,,,,,,,,,,,,,,,,,,,,,,,,Honorary
Craft 8645 Inst 001,Craft,8645,8645,1,,,Inst,,,,,,,,,,,,,,,September 23rd 2025,,,,,,,,,,,,,,,DBLodges
Craft 8645 Mem 001,Craft,8645,8645,1,,,Mem,"Heath, D A D ",1982,PPSGW,2023,,,,,,,,,,,,,,,,,,,,,,,,,,MarkRAMPMI
Craft 8645 Mem 002,Craft,8645,8645,2,,,Mem,"Tamagna, R E M ",1995,,,,,,,,,,,,,,,,,,,,,,,,,,,,MarkRAMPMI
Craft 8645 Mem 003,Craft,8645,8645,3,,,Mem,"Cornell, P G  ",1996,PPGSwdB,2024,,,,,,,,,,,,,,,,,,,,,,,,,,MarkRAMPMI
Craft 8645 Mem 004,Craft,8645,8645,4,,,Mem,"Mann, I C  ",1998,PPSGD,2021,,,,,,,,,,,,,,,,,,,,,,,,,,MarkRAMPMI
Craft 8645 Mem 005,Craft,8645,8645,5,,,Mem,"Frankland, R J  ",2001,PPGSwdB,2023,,,,,,,,,,,,,,,,,,,,,,,,,,MarkRAMPMI
Craft 8645 Mem 006,Craft,8645,8645,6,,,Mem,"Hawkens, R   ",2003,,,,,,,,,,,,,,,,,,,,,,,,,,,,MarkRAMPMI
Craft 8645 Mem 007,Craft,8645,8645,7,,,Mem,"Phillips, M J  ",2003,,,,,,,,,,,,,,,,,,,,,,,,,,,,MarkRAMPMI
Craft 8645 Mem 008,Craft,8645,8645,8,,,Mem,"Kerr, R M  ",2004,,,,,,,,,,,,,,,,,,,,,,,,,,,,MarkRAMPMI
Craft 8645 Mem 009,Craft,8645,8645,9,,,Mem,"Tubb, R J  ",2005,,,,,,,,,,,,,,,,,,,,,,,,,,,,MarkRAMPMI
Craft 8645 Mem 010,Craft,8645,8645,10,,,Mem,"Palmer, A R  ",2006,PPJGD,2021,,,,,,,,,,,,,,,,,,,,,,,,,,MarkRAMPMI
Craft 8645 Mem 011,Craft,8645,8645,11,,,Mem,"Morrissey, J   ",2006,,,,,,,,,,,,,,,,,,,,,,,,,,,,MarkRAMPMI
Craft 8645 Mem 012,Craft,8645,8645,12,,,Mem,"Francis, B J  ",2007,PPAGDC,2020,,,,,,,,,,,,,,,,,,,,,,,,,,MarkRAMPMI
Craft 8645 Mem 013,Craft,8645,8645,13,,,Mem,"McLellan, M W  ",2008,PPSGD,2021,,,,,,,,,,,,,,,,,,,,,,,,,,MarkRAMPMI
Craft 8645 Mem 014,Craft,8645,8645,14,,,Mem,"Hall, K   ",2009,,,,,,,,,,,,,,,,,,,,,,,,,,,,MarkRAMPMI
Craft 8645 Mem 015,Craft,8645,8645,15,,,Mem,"Sturgess, M P  ",2011,,,,,,,,,,,,,,,,,,,,,,,,,,,,MarkRAMPMI
Craft 8645 Mem 016,Craft,8645,8645,16,,,Mem,"Holdroyd, D P  ",2013,,,,,,,,,,,,,,,,,,,,,,,,,,,,MarkRAMPMI
Craft 8645 Mem 017,Craft,8645,8645,17,,,Mem,"Hufano, T   ",2015,PProvGStwd,2023,,,,,,,,,,,,,,,,,,,,,,,,,,MarkRAMPMI
Craft 8645 Mem 018,Craft,8645,8645,18,,,Mem,"Paul, A   ",2016,PPAGDC,2025,,,,,,,,,,,,,,,,,,,,,,,,,,MarkRAMPMI
Craft 8645 Mem 019,Craft,8645,8645,19,,,Mem,"Slattery, G D J ",2017,,,,,,,,,,,,,,,,,,,,,,,,,,,,MarkRAMPMI
Craft 8645 Mem 020,Craft,8645,8645,20,,,Mem,"McEwen, A P  ",2017,PPJGD,2023,,PProvGStB (Middx.),1992,,,,,,,,,,,,,,,,,,,,,,,MarkRAMPMI
Craft 8645 Mem 021,Craft,8645,8645,21,,,Mem,"Talbot, S R  ",2018,,,,,,,,,,,,,,,,,,,,,,,,,,,,MarkRAMPMI
Craft 8645 Mem 022,Craft,8645,8645,22,,,Mem,"Ladiao, L   ",2022,,,,,,,,,,,,,,,,,,,,,,,,,,,,MarkRAMPMI
Craft 8645 Mem 023,Craft,8645,8645,23,,,Mem,"Hawkins, S M  ",2022,,,,,,,,,,,,,,,,,,,,,,,,,,,,MarkRAMPMI
Craft 8645 Mem 024,Craft,8645,8645,24,,,Mem,"Sales, C   ",2022,,,,,,,,,,,,,,,,,,,,,,,,,,,,MarkRAMPMI
Craft 8645 Mem 025,Craft,8645,8645,25,,,Mem,"Ortaleza, J   ",2023,,,,,,,,,,,,,,,,,,,,,,,,,,,,MarkRAMPMI
Craft 8645 Mem 026,Craft,8645,8645,26,,,Mem,"Gallimore, R O  ",2024,,,,,,,,,,,,,,,,,,,,,,,,,,,,MarkRAMPMI
Craft 8645 Mem 027,Craft,8645,8645,27,,,Mem,"Gallimore, S G M ",2025,,,,,,,,,,,,,,,,,,,,,,,,,,,,MarkRAMPMI
Craft 8645 Mem 028,Craft,8645,8645,28,,,Mem,"Bajescu Concita, O   ",2025,,,,,,,,,,,,,,,,,,,,,,,,,,,,MarkRAMPMI
Craft 8645 Mem 029,Craft,8645,8645,29,,,Mem,"Mitchell, P A  ",2026,,,,,,,,,,,,,,,,,,,,,,,,,,,,MarkRAMPMI
Craft 8645 Mem 030,Craft,8645,8645,30,,,Mem,"CORPUZ QUIJANO, E C  ",2026,,,,,,,,,,,,,,,,,,,,,,,,,,,,MarkRAMPMI
Craft 8645 Mem 031,Craft,8645,8645,31,,,Mem,"ORDONEZ, D G  ",2026,,,,,,,,,,,,,,,,,,,,,,,,,,,,MarkRAMPMI
Craft 8645 Off 001,Craft,8645,8645,1,WM,1,Off,"Hufano, T   ",2015,,,,,,,,,,,,,,,,,,,,,,,,,,,,Officers
Craft 8645 Off 002,Craft,8645,8645,2,SW,2,Off,"Talbot, S R  ",2018,,,,,,,,,,,,,,,,,,,,,,,,,,,,Officers
Craft 8645 Off 003,Craft,8645,8645,3,JW,3,Off,"Hall, K   ",2009,,,,,,,,,,,,,,,,,,,,,,,,,,,,Officers
Craft 8645 Off 004,Craft,8645,8645,4,Chap,4,Off,"Cornell, P G  ",1996,,,,,,,,,,,,,,,,,,,,,,,,,,,,Officers
Craft 8645 Off 005,Craft,8645,8645,5,Treas,5,Off,"Frankland, R J  ",2001,,,,,,,,,,,,,,,,,,,,,,,,,,,,Officers
Craft 8645 Off 006,Craft,8645,8645,6,Sec,6,Off,"Paul, A   ",2016,,,,,,,,,,,,,,,,,,,,,,,,,,,,Officers
Craft 8645 Off 007,Craft,8645,8645,7,DC,7,Off,"McLellan, M W  ",2008,,,,,,,,,,,,,,,,,,,,,,,,,,,,Officers
Craft 8645 Off 008,Craft,8645,8645,8,Alm,8,Off,"Palmer, A R  ",2006,,,,,,,,,,,,,,,,,,,,,,,,,,,,Officers
Craft 8645 Off 009,Craft,8645,8645,9,ChStwd,9,Off,"Slattery, G D J ",2017,,,,,,,,,,,,,,,,,,,,,,,,,,,,Officers
Craft 8645 Off 010,Craft,8645,8645,10,MO,10,Off,"Hufano, T   ",2015,,,,,,,,,,,,,,,,,,,,,,,,,,,,Officers
Craft 8645 Off 011,Craft,8645,8645,11,Mentor,11,Off,"Palmer, A R  ",2006,,,,,,,,,,,,,,,,,,,,,,,,,,,,Officers
Craft 8645 Off 012,Craft,8645,8645,12,SD,12,Off,"Tubb, R J  ",2005,,,,,,,,,,,,,,,,,,,,,,,,,,,,Officers
Craft 8645 Off 013,Craft,8645,8645,13,JD,13,Off,"Ladiao, L   ",2022,,,,,,,,,,,,,,,,,,,,,,,,,,,,Officers
Craft 8645 Off 014,Craft,8645,8645,14,ADC,14,Off,"Francis, B J  ",2007,,,,,,,,,,,,,,,,,,,,,,,,,,,,Officers
Craft 8645 Off 015,Craft,8645,8645,15,Gst Org,15,Off,"Miles, R J  ",,,,,,,,,,,,,,,,,,,,,,,,,,,,,Officers
Craft 8645 Off 016,Craft,8645,8645,16,Org,15,Off,Vacant,,,,,,,,,,,,,,,,,,,,,,,,,,,,,Officers
Craft 8645 Off 017,Craft,8645,8645,17,ASec,16,Off,"McEwen, A P  ",2017,,,,,,,,,,,,,,,,,,,,,,,,,,,,Officers
Craft 8645 Off 018,Craft,8645,8645,18,IG,17,Off,"Hawkins, S M  ",2022,,,,,,,,,,,,,,,,,,,,,,,,,,,,Officers
Craft 8645 Off 019,Craft,8645,8645,19,Stwd,18,Off,"Sales, C   ",2022,,,,,,,,,,,,,,,,,,,,,,,,,,,,Officers
Craft 8645 Off 020,Craft,8645,8645,20,Stwd,18,Off,"Ortaleza, J   ",2023,,,,,,,,,,,,,,,,,,,,,,,,,,,,Officers
Craft 8645 Off 021,Craft,8645,8645,21,Stwd,18,Off,"Gallimore, S G M ",2025,,,,,,,,,,,,,,,,,,,,,,,,,,,,Officers
Craft 8645 Off 022,Craft,8645,8645,22,Tyler,19,Off,"Mann, I C  ",1998,,,,,,,,,,,,,,,,,,,,,,,,,,,,Officers
Craft 8645 Off 023,Craft,8645,8645,23,Tyler,19,Off,"Slattery, G D J ",2017,,,,,,,,,,,,,,,,,,,,,,,,,,,,Officers
Craft 8645 PMI 001,Craft,8645,8645,1,,,PMI,"McEwen, A P  ",2017,PPJGD,2023,,PProvGStB (Middx.),1992,,,,,1238,,,,,,,,,,,,,,,,,,PMI
Craft 8645 PMO 001,Craft,8645,8645,1,,,PMO,"Heath, D A D ",,PPSGW,2023,,,,,,,,,"1995, 2008, 2024",1995,,,,,,,,,,,,,,,,PMO
Craft 8645 PMO 003,Craft,8645,8645,3,,,PMO,"Cox, R R  ",,PPGReg,2024,,,,,,,,,"2003, 2011",2003,,,,,,,,,,,,,,,,PMO
Craft 8645 PMO 004,Craft,8645,8645,4,,,PMO,"Cornell, P G  ",,PPGSwdB,2024,,,,,,,,,2005,2005,,,,,,,,,,,,,,,,PMO
Craft 8645 PMO 005,Craft,8645,8645,5,,,PMO,"Mann, I C  ",,PPSGD,2021,,,,,,,,,2007,2007,,,,,,,,,,,,,,,,PMO
Craft 8645 PMO 006,Craft,8645,8645,6,,,PMO,"Frankland, R J  ",,PPGSwdB,2023,,,,,,,,,2009,2009,,,,,,,,,,,,,,,,PMO
Craft 8645 PMO 007,Craft,8645,8645,7,,,PMO,"Tubb, R J  ",,,,,,,,,,,,2012,2012,,,,,,,,,,,,,,,,PMO
Craft 8645 PMO 008,Craft,8645,8645,8,,,PMO,"Francis, B J  ",,PPAGDC,2020,,,,,,,,,2013,2013,,,,,,,,,,,,,,,,PMO
Craft 8645 PMO 009,Craft,8645,8645,9,,,PMO,"Palmer, A R  ",,PPJGD,2021,,,,,,,,,"2014, 2015",2014,,,,,,,,,,,,,,,,PMO
Craft 8645 PMO 010,Craft,8645,8645,10,,,PMO,"McLellan, M W  ",,PPSGD,2021,,,,,,,,,"2016, 2017",2016,,,,,,,,,,,,,,,,PMO
Craft 8645 PMO 012,Craft,8645,8645,12,,,PMO,"Paul, A   ",,PPAGDC,2025,,,,,,,,,"2018, 2023",2018,,,,,,,,,,,,,,,,PMO
Craft 8645 PMO 015,Craft,8645,8645,15,,,PMO,"Hufano, T   ",,PProvGStwd,2023,,,,,,,,,2022,2022,,,,,,,,,,,,,,,,PMO
Craft 8726 Hon 001,Craft,8726,8726,1,,,Hon,"Collins, E A  ",2017,PPSGW,2004,,,,,,,,,,,,,,,,,,,,,,,,,,Honorary
Craft 8726 Hon 002,Craft,8726,8726,2,,,Hon,"Evans, P M  ",2026,,,,,,,,,,,,,,,,,,,,,,,,,,,,Honorary
Craft 8726 Hon 003,Craft,8726,8726,3,,,Hon,"Skipp, R J  ",2001,PPJGW,2025,,,,,,,,,,,,,,,,,,,,,,,,,,Honorary
Craft 8726 Inst 001,Craft,8726,8726,1,,,Inst,,,,,,,,,,,,,,,November 6th 2025,,,,,,,,,,,,,,,DBLodges
Craft 8726 Mem 001,Craft,8726,8726,1,,,Mem,"Burgess, F M J ",1981,,,,,,,,,,,,,,,,,,,,,,,,,,,,MarkRAMPMI
Craft 8726 Mem 002,Craft,8726,8726,2,,,Mem,"Tossell, R J  ",1983,,,,PProvJGD (Devon),2006,,,,,,,,,,,,,,,,,,,,,,,MarkRAMPMI
Craft 8726 Mem 003,Craft,8726,8726,3,,,Mem,"Parry, D T  ",1985,PPDepGDC,2024,,,,,,,,,,,,,,,,,,,,,,,,,,MarkRAMPMI
Craft 8726 Mem 004,Craft,8726,8726,4,,,Mem,"Warren, C L  ",1994,,,,,,,,,,,,,,,,,,,,,,,,,,,,MarkRAMPMI
Craft 8726 Mem 005,Craft,8726,8726,5,,,Mem,"Beavis, T J  ",2000,,,,,,,,,,,,,,,,,,,,,,,,,,,,MarkRAMPMI
Craft 8726 Mem 006,Craft,8726,8726,6,,,Mem,"Barrett, J J  ",2006,PPGReg,2025,,,,,,,,,,,,,,,,,,,,,,,,,,MarkRAMPMI
Craft 8726 Mem 007,Craft,8726,8726,7,,,Mem,"Harvey, M B  ",2007,PPAGDC,2022,,,,,,,,,,,,,,,,,,,,,,,,,,MarkRAMPMI
Craft 8726 Mem 008,Craft,8726,8726,8,,,Mem,"Gawler, P R  ",2007,PProvSGD,2022,,,,,,,,,,,,,,,,,,,,,,,,,,MarkRAMPMI
Craft 8726 Mem 009,Craft,8726,8726,9,,,Mem,"Collins, P S  ",2009,PPAGDC,2021,,,,,,,,,,,,,,,,,,,,,,,,,,MarkRAMPMI
Craft 8726 Mem 010,Craft,8726,8726,10,,,Mem,"Lowes, W G  ",2010,PPJGW,2020,,,,,,,,,,,,,,,,,,,,,,,,,,MarkRAMPMI
Craft 8726 Mem 011,Craft,8726,8726,11,,,Mem,"Webb, J L  ",2013,PProvAGDC,2022,,PProvGPurs (Guernsey & Alderney),2022-23,LGR,2025,,,,,,,,,,,,,,,,,,,,,MarkRAMPMI
Craft 8726 Mem 012,Craft,8726,8726,12,,,Mem,"Oakes, S L R ",2013,,,,,,,,,,,,,,,,,,,,,,,,,,,,MarkRAMPMI
Craft 8726 Mem 013,Craft,8726,8726,13,,,Mem,"Wilcox, P M  ",2014,,,,,,,,,,,,,,,,,,,,,,,,,,,,MarkRAMPMI
Craft 8726 Mem 014,Craft,8726,8726,14,,,Mem,"Froud, P   ",2015,,,,,,,,,,,,,,,,,,,,,,,,,,,,MarkRAMPMI
Craft 8726 Mem 015,Craft,8726,8726,15,,,Mem,"Bunce, C J  ",2016,ProvGStwd,2025,Y,,,,,,,,,,,,,,,,,,,,,,,,,MarkRAMPMI
Craft 8726 Mem 016,Craft,8726,8726,16,,,Mem,"Downton, R N  ",2016,PPGSuptWks,2025,,,,,,,,,,,,,,,,,,,,,,,,,,MarkRAMPMI
Craft 8726 Mem 017,Craft,8726,8726,17,,,Mem,"Pritchard, R O  ",2018,,,,,,,,,,,,,,,,,,,,,,,,,,,,MarkRAMPMI
Craft 8726 Mem 018,Craft,8726,8726,18,,,Mem,"Godfroy, A   ",2020,,,,,,,,,,,,,,,,,,,,,,,,,,,,MarkRAMPMI
Craft 8726 Mem 019,Craft,8726,8726,19,,,Mem,"Wilson, J C  ",2022,,,,,,,,,,,,,,,,,,,,,,,,,,,,MarkRAMPMI
Craft 8726 Mem 020,Craft,8726,8726,20,,,Mem,"Monaghan, W J  ",2022,,,,,,,,,,,,,,,,,,,,,,,,,,,,MarkRAMPMI
Craft 8726 Mem 021,Craft,8726,8726,21,,,Mem,"Penn, N J T ",2022,,,,PProvGSuptWks (Cheshire),2016,,,,,,,,,,,,,,,,,,,,,,,MarkRAMPMI
Craft 8726 Mem 022,Craft,8726,8726,22,,,Mem,"Eccles, M J  ",2023,,,,,,,,,,,,,,,,,,,,,,,,,,,,MarkRAMPMI
Craft 8726 Mem 023,Craft,8726,8726,23,,,Mem,"Vangelder, J L  ",2024,,,,,,,,,,,,,,,,,,,,,,,,,,,,MarkRAMPMI
Craft 8726 Mem 024,Craft,8726,8726,24,,,Mem,"Pearson, S   ",2024,,,,,,,,,,,,,,,,,,,,,,,,,,,,MarkRAMPMI
Craft 8726 Mem 025,Craft,8726,8726,25,,,Mem,"Dillon-White, N M  ",2024,,,,,,,,,,,,,,,,,,,,,,,,,,,,MarkRAMPMI
Craft 8726 Mem 026,Craft,8726,8726,26,,,Mem,"Hann, S M  ",2026,,,,PProvJGD (Cornwall),2022,,,,,,,,,,,,,,,,,,,,,,,MarkRAMPMI
Craft 8726 Mem 027,Craft,8726,8726,27,,,Mem,"Phillips, M A  ",2026,,,,,,,,,,,,,,,,,,,,,,,,,,,,MarkRAMPMI
Craft 8726 Mem 028,Craft,8726,8726,28,,,Mem,"Culpin, B J  ",2026,,,,,,,,,,,,,,,,,,,,,,,,,,,,MarkRAMPMI
Craft 8726 Off 001,Craft,8726,8726,1,WM,1,Off,"Webb, J L  ",2013,,,,,,,,,,,,,,,,,,,,,,,,,,,,Officers
Craft 8726 Off 002,Craft,8726,8726,2,SW,2,Off,"Penn, N J T ",2022,,,,,,,,,,,,,,,,,,,,,,,,,,,,Officers
Craft 8726 Off 003,Craft,8726,8726,3,JW,3,Off,"Wilcox, P M  ",2014,,,,,,,,,,,,,,,,,,,,,,,,,,,,Officers
Craft 8726 Off 004,Craft,8726,8726,4,Chap,4,Off,"Parry, D T  ",1985,,,,,,,,,,,,,,,,,,,,,,,,,,,,Officers
Craft 8726 Off 005,Craft,8726,8726,5,Treas,5,Off,"Barrett, J J  ",2006,,,,,,,,,,,,,,,,,,,,,,,,,,,,Officers
Craft 8726 Off 006,Craft,8726,8726,6,Sec,6,Off,"Gawler, P R  ",2007,,,,,,,,,,,,,,,,,,,,,,,,,,,,Officers
Craft 8726 Off 007,Craft,8726,8726,7,DC,7,Off,"Barrett, J J  ",2006,,,,,,,,,,,,,,,,,,,,,,,,,,,,Officers
Craft 8726 Off 008,Craft,8726,8726,8,Alm,8,Off,"Harvey, M B  ",2007,,,,,,,,,,,,,,,,,,,,,,,,,,,,Officers
Craft 8726 Off 009,Craft,8726,8726,9,ChStwd,9,Off,"Vangelder, J L  ",2024,,,,,,,,,,,,,,,,,,,,,,,,,,,,Officers
Craft 8726 Off 010,Craft,8726,8726,10,MO,10,Off,"Dillon-White, N M  ",2024,,,,,,,,,,,,,,,,,,,,,,,,,,,,Officers
Craft 8726 Off 011,Craft,8726,8726,11,Mentor,11,Off,"Harvey, M B  ",2007,,,,,,,,,,,,,,,,,,,,,,,,,,,,Officers
Craft 8726 Off 012,Craft,8726,8726,12,SD,12,Off,"Pritchard, R O  ",2018,,,,,,,,,,,,,,,,,,,,,,,,,,,,Officers
Craft 8726 Off 013,Craft,8726,8726,13,JD,13,Off,"Monaghan, W J  ",2022,,,,,,,,,,,,,,,,,,,,,,,,,,,,Officers
Craft 8726 Off 014,Craft,8726,8726,14,ADC,14,Off,"Gawler, P R  ",2007,,,,,,,,,,,,,,,,,,,,,,,,,,,,Officers
Craft 8726 Off 015,Craft,8726,8726,15,Org,15,Off,Vacant,,,,,,,,,,,,,,,,,,,,,,,,,,,,,Officers
Craft 8726 Off 016,Craft,8726,8726,16,ASec,16,Off,"Parry, D T  ",1985,,,,,,,,,,,,,,,,,,,,,,,,,,,,Officers
Craft 8726 Off 017,Craft,8726,8726,17,IG,17,Off,"Dillon-White, N M  ",2024,,,,,,,,,,,,,,,,,,,,,,,,,,,,Officers
Craft 8726 Off 018,Craft,8726,8726,18,Stwd,18,Off,"Eccles, M J  ",2023,,,,,,,,,,,,,,,,,,,,,,,,,,,,Officers
Craft 8726 Off 019,Craft,8726,8726,19,Stwd,18,Off,"Pearson, S   ",2024,,,,,,,,,,,,,,,,,,,,,,,,,,,,Officers
Craft 8726 Off 020,Craft,8726,8726,20,Tyler,19,Off,"Froud, P   ",2015,,,,,,,,,,,,,,,,,,,,,,,,,,,,Officers
Craft 8726 PMI 001,Craft,8726,8726,1,,,PMI,"Tossell, R J  ",1983,,,,PProvJGD (Devon),2006,,,,,2649,,,,,,,,,,,,,,,,,,PMI
Craft 8726 PMI 002,Craft,8726,8726,2,,,PMI,"Webb, J L  ",2013,PProvAGDC,2022,,PProvGPurs (Guernsey & Alderney),2022-23,LGR,2025,,,"3191, 243",,,,,,,,,,,,,,,,,,PMI
Craft 8726 PMI 003,Craft,8726,8726,3,,,PMI,"Downton, R N  ",2016,PPGSuptWks,2025,,,,,,,,417,,,,,,,,,,,,,,,,,,PMI
Craft 8726 PMI 004,Craft,8726,8726,4,,,PMI,"Penn, N J T ",2022,,,,PProvGSuptWks (Cheshire),2016,,,,,4654,,,,,,,,,,,,,,,,,,PMI
Craft 8726 PMI 005,Craft,8726,8726,5,,,PMI,"Hann, S M  ",2026,,,,PProvJGD (Cornwall),2022,,,,,496,,,,,,,,,,,,,,,,,,PMI
Craft 8726 PMO 001,Craft,8726,8726,1,,,PMO,"Collins, E A  ",,PPSGW,2004,,,,,,,,,1978,1978,,,,,,,,,,,,,,,,PMO
Craft 8726 PMO 003,Craft,8726,8726,3,,,PMO,"Parry, D T  ",,PPDepGDC,2024,,,,,,,,,"1995, 2007",1995,,,,,,,,,,,,,,,,PMO
Craft 8726 PMO 004,Craft,8726,8726,4,,,PMO,"Gawler, P R  ",,PProvSGD,2022,,,,,,,,,"2008, 2009, 2012",2008,,,,,,,,,,,,,,,,PMO
Craft 8726 PMO 005,Craft,8726,8726,5,,,PMO,"Barrett, J J  ",,PPGReg,2025,,,,,,,,,2011,2011,,,,,,,,,,,,,,,,PMO
Craft 8726 PMO 007,Craft,8726,8726,7,,,PMO,"Lowes, W G  ",,PPJGW,2020,,,,,,,,,2013,2013,,,,,,,,,,,,,,,,PMO
Craft 8726 PMO 008,Craft,8726,8726,8,,,PMO,"Harvey, M B  ",,PPAGDC,2022,,,,,,,,,2015,2015,,,,,,,,,,,,,,,,PMO
Craft 8726 PMO 009,Craft,8726,8726,9,,,PMO,"Collins, P S  ",,PPAGDC,2021,,,,,,,,,"2016, 2017",2016,,,,,,,,,,,,,,,,PMO
Craft 8726 PMO 011,Craft,8726,8726,11,,,PMO,"Froud, P   ",,,,,,,,,,,,2022,2022,,,,,,,,,,,,,,,,PMO
Craft 8726 PMO 012,Craft,8726,8726,12,,,PMO,"Bunce, C J  ",,ProvGStwd,2025,,,,,,,,,"2023, 2024",2023,,,,,,,,,,,,,,,,PMO
Craft 9050 Hon 001,Craft,9050,9050,1,,,Hon,"Martin, A E  ",2025,PPSGW,2010,,,,,,,,,,,,,,,,,,,,,,,,,,Honorary
Craft 9050 Inst 001,Craft,9050,9050,1,,,Inst,,,,,,,,,,,,,,,September 10th 2025,,,,,,,,,,,,,,,DBLodges
Craft 9050 Mem 001,Craft,9050,9050,1,,,Mem,"Carter, R B H ",1982,PPSGW,2016,,,,,,,,,,,,,,,,,,,,,,,,,,MarkRAMPMI
Craft 9050 Mem 002,Craft,9050,9050,2,,,Mem,"Harris, B C  ",1984,PPJGW,2021,,,,,,,,,,,,,,,,,,,,,,,,,,MarkRAMPMI
Craft 9050 Mem 003,Craft,9050,9050,3,,,Mem,"Harris, S R  ",1987,PPGReg,2022,,,,LGR,1998,,,,,,,,,,,,,,,,,,,,,MarkRAMPMI
Craft 9050 Mem 004,Craft,9050,9050,4,,,Mem,"Ward, A W  ",1989,PPSGW,2021,,,,,,,,,,,,,,,,,,,,,,,,,,MarkRAMPMI
Craft 9050 Mem 005,Craft,9050,9050,5,,,Mem,"McKell, S M  ",1991,PPGStB,2022,,,,,,,,,,,,,,,,,,,,,,,,,,MarkRAMPMI
Craft 9050 Mem 006,Craft,9050,9050,6,,,Mem,"Jones, A M  ",1994,,,,,,,,,,,,,,,,,,,,,,,,,,,,MarkRAMPMI
Craft 9050 Mem 007,Craft,9050,9050,7,,,Mem,"Curley, A   ",1997,PPSGW,2019,,,,,,,,,,,,,,,,,,,,,,,,,,MarkRAMPMI
Craft 9050 Mem 008,Craft,9050,9050,8,,,Mem,"Cawley, C D  ",1998,,,,,,,,,,,,,,,,,,,,,,,,,,,,MarkRAMPMI
Craft 9050 Mem 009,Craft,9050,9050,9,,,Mem,"Lamb, D J  ",1999,,,,,,,,,,,,,,,,,,,,,,,,,,,,MarkRAMPMI
Craft 9050 Mem 010,Craft,9050,9050,10,,,Mem,"Cox, R   ",2000,PPJGW,2023,,PProvGReg (Hants. & I. of W.),2025,,,,,,,,,,,,,,,,,,,,,,,MarkRAMPMI
Craft 9050 Mem 011,Craft,9050,9050,11,,,Mem,"Daniels, I W L ",2001,PPJGD,2022,,,,,,,,,,,,,,,,,,,,,,,,,,MarkRAMPMI
Craft 9050 Mem 012,Craft,9050,9050,12,,,Mem,"Avey, J   ",2002,,,,,,,,,,,,,,,,,,,,,,,,,,,,MarkRAMPMI
Craft 9050 Mem 013,Craft,9050,9050,13,,,Mem,"McHugh, M J  ",2003,PPAGDC,2018,,,,,,,,,,,,,,,,,,,,,,,,,,MarkRAMPMI
Craft 9050 Mem 014,Craft,9050,9050,14,,,Mem,"Forster, J A  ",2004,PProvGSwdB,2022,,,,,,,,,,,,,,,,,,,,,,,,,,MarkRAMPMI
Craft 9050 Mem 015,Craft,9050,9050,15,,,Mem,"Warren, M N  ",2006,,,,,,,,,,,,,,,,,,,,,,,,,,,,MarkRAMPMI
Craft 9050 Mem 016,Craft,9050,9050,16,,,Mem,"Collins, J   ",2007,,,,,,,,,,,,,,,,,,,,,,,,,,,,MarkRAMPMI
Craft 9050 Mem 017,Craft,9050,9050,17,,,Mem,"Young, A B  ",2007,,,,,,,,,,,,,,,,,,,,,,,,,,,,MarkRAMPMI
Craft 9050 Mem 018,Craft,9050,9050,18,,,Mem,"Curley, N A  ",2007,ProvGPurs,2025,Y,,,,,,,,,,,,,,,,,,,,,,,,,MarkRAMPMI
Craft 9050 Mem 019,Craft,9050,9050,19,,,Mem,"Knight, D E  ",2008,PPJGW,2019,,,,,,,,,,,,,,,,,,,,,,,,,,MarkRAMPMI
Craft 9050 Mem 020,Craft,9050,9050,20,,,Mem,"Fuller, T R  ",2009,PPJGD,2023,,,,,,,,,,,,,,,,,,,,,,,,,,MarkRAMPMI
Craft 9050 Mem 021,Craft,9050,9050,21,,,Mem,"Smart, N A  ",2011,ProvGStB,2025,Y,,,,,,,,,,,,,,,,,,,,,,,,,MarkRAMPMI
Craft 9050 Mem 022,Craft,9050,9050,22,,,Mem,"Thornton, D I  ",2012,,,,,,,,,,,,,,,,,,,,,,,,,,,,MarkRAMPMI
Craft 9050 Mem 023,Craft,9050,9050,23,,,Mem,"Playford, R J  ",2012,ProvGSwdB,2025,Y,,,,,,,,,,,,,,,,,,,,,,,,,MarkRAMPMI
Craft 9050 Mem 024,Craft,9050,9050,24,,,Mem,"White, R W  ",2012,,,,PProvJGW (Middx.),2008,,,,,,,,,,,,,,,,,,,,,,,MarkRAMPMI
Craft 9050 Mem 025,Craft,9050,9050,25,,,Mem,"Browning, R M  ",2013,,,,,,,,,,,,,,,,,,,,,,,,,,,,MarkRAMPMI
Craft 9050 Mem 026,Craft,9050,9050,26,,,Mem,"Haslam, A I  ",2013,,,,,,,,,,,,,,,,,,,,,,,,,,,,MarkRAMPMI
Craft 9050 Mem 027,Craft,9050,9050,27,,,Mem,"Bell, R D  ",2013,,,,,,,,,,,,,,,,,,,,,,,,,,,,MarkRAMPMI
Craft 9050 Mem 028,Craft,9050,9050,28,,,Mem,"Court, L N  ",2013,,,,PProvAGStB (Hants. & I. of W.),2019,LGR,2024,,,,,,,,,,,,,,,,,,,,,MarkRAMPMI
Craft 9050 Mem 029,Craft,9050,9050,29,,,Mem,"Cottrell, A G  ",2014,,,,,,,,,,,,,,,,,,,,,,,,,,,,MarkRAMPMI
Craft 9050 Mem 030,Craft,9050,9050,30,,,Mem,"Stone, R J  ",2014,,,,,,,,,,,,,,,,,,,,,,,,,,,,MarkRAMPMI
Craft 9050 Mem 031,Craft,9050,9050,31,,,Mem,"Courtnage, I M  ",2014,PPGSuptWks,2019,,PProvAGSwdB (Hants. & I. of W.),2012,,,,,,,,,,,,,,,,,,,,,,,MarkRAMPMI
Craft 9050 Mem 032,Craft,9050,9050,32,,,Mem,"Rowley, M E  ",2016,,,,,,,,,,,,,,,,,,,,,,,,,,,,MarkRAMPMI
Craft 9050 Mem 033,Craft,9050,9050,33,,,Mem,"Payne, A J  ",2017,,,,,,,,,,,,,,,,,,,,,,,,,,,,MarkRAMPMI
Craft 9050 Mem 034,Craft,9050,9050,34,,,Mem,"Whicker, T J P A",2018,,,,,,,,,,,,,,,,,,,,,,,,,,,,MarkRAMPMI
Craft 9050 Mem 035,Craft,9050,9050,35,,,Mem,"Willingale, J A  ",2018,,,,,,,,,,,,,,,,,,,,,,,,,,,,MarkRAMPMI
Craft 9050 Mem 036,Craft,9050,9050,36,,,Mem,"Stewart, J H  ",2019,,,,,,,,,,,,,,,,,,,,,,,,,,,,MarkRAMPMI
Craft 9050 Mem 037,Craft,9050,9050,37,,,Mem,"Smith, C J  ",2019,,,,PProvGStwd (Guernsey & Alderney),2018-20,,,,,,,,,,,,,,,,,,,,,,,MarkRAMPMI
Craft 9050 Mem 038,Craft,9050,9050,38,,,Mem,"Cozens, A J  ",2020,,,,,,,,,,,,,,,,,,,,,,,,,,,,MarkRAMPMI
Craft 9050 Mem 039,Craft,9050,9050,39,,,Mem,"East, B   ",2021,,,,,,,,,,,,,,,,,,,,,,,,,,,,MarkRAMPMI
Craft 9050 Mem 040,Craft,9050,9050,40,,,Mem,"Montgomery, D A  ",2022,,,,,,,,,,,,,,,,,,,,,,,,,,,,MarkRAMPMI
Craft 9050 Mem 041,Craft,9050,9050,41,,,Mem,"Baldry, A W  ",2022,,,,,,,,,,,,,,,,,,,,,,,,,,,,MarkRAMPMI
Craft 9050 Mem 042,Craft,9050,9050,42,,,Mem,"Meeds, J K  ",2022,,,,,,,,,,,,,,,,,,,,,,,,,,,,MarkRAMPMI
Craft 9050 Mem 043,Craft,9050,9050,43,,,Mem,"Willder, A B  ",2022,,,,,,,,,,,,,,,,,,,,,,,,,,,,MarkRAMPMI
Craft 9050 Mem 044,Craft,9050,9050,44,,,Mem,"Bielby, S A  ",2022,,,,,,,,,,,,,,,,,,,,,,,,,,,,MarkRAMPMI
Craft 9050 Mem 045,Craft,9050,9050,45,,,Mem,"Pipe, W T  ",2022,,,,,,,,,,,,,,,,,,,,,,,,,,,,MarkRAMPMI
Craft 9050 Mem 046,Craft,9050,9050,46,,,Mem,"Jameson, C L K ",2024,,,,,,,,,,,,,,,,,,,,,,,,,,,,MarkRAMPMI
Craft 9050 Mem 047,Craft,9050,9050,47,,,Mem,"Samuels, D   ",2024,,,,,,,,,,,,,,,,,,,,,,,,,,,,MarkRAMPMI
Craft 9050 Mem 048,Craft,9050,9050,48,,,Mem,"Hughes, W   ",2025,,,,,,,,,,,,,,,,,,,,,,,,,,,,MarkRAMPMI
Craft 9050 Mem 049,Craft,9050,9050,49,,,Mem,"D'Arcy-Wykes, A J  ",2025,,,,,,,,,,,,,,,,,,,,,,,,,,,,MarkRAMPMI
Craft 9050 Mem 050,Craft,9050,9050,50,,,Mem,"Jennings, A S  ",2025,PPDepGDC,2019,,PProvJGD (W. Lancs.),2012,,,,,,,,,,,,,,,,,,,,,,,MarkRAMPMI
Craft 9050 Mem 051,Craft,9050,9050,51,,,Mem,"Willmott, L E  ",2025,,,,PProvGReg (Hants. & I. of W.),2025,,,,,,,,,,,,,,,,,,,,,,,MarkRAMPMI
Craft 9050 Mem 052,Craft,9050,9050,52,,,Mem,"Howland, J R  ",2025,PPGStB,2025,,,,,,,,,,,,,,,,,,,,,,,,,,MarkRAMPMI
Craft 9050 Mem 053,Craft,9050,9050,53,,,Mem,"Adams, C R  ",2025,,,,,,,,,,,,,,,,,,,,,,,,,,,,MarkRAMPMI
Craft 9050 Mem 054,Craft,9050,9050,54,,,Mem,"Turner, R I  ",2025,,,,,,,,,,,,,,,,,,,,,,,,,,,,MarkRAMPMI
Craft 9050 Mem 055,Craft,9050,9050,55,,,Mem,"Beechey, C D  ",2025,,,,,,,,,,,,,,,,,,,,,,,,,,,,MarkRAMPMI
Craft 9050 Mem 056,Craft,9050,9050,56,,,Mem,"Howard, I   ",2026,,,,,,,,,,,,,,,,,,,,,,,,,,,,MarkRAMPMI
Craft 9050 Mem 057,Craft,9050,9050,57,,,Mem,"Elgie, D   ",2026,,,,,,,,,,,,,,,,,,,,,,,,,,,,MarkRAMPMI
Craft 9050 Mem 058,Craft,9050,9050,58,,,Mem,"Watts, P D  ",2026,,,,,,,,,,,,,,,,,,,,,,,,,,,,MarkRAMPMI
Craft 9050 Mem 059,Craft,9050,9050,59,,,Mem,"Nichols, D A  ",2026,,,,,,,,,,,,,,,,,,,,,,,,,,,,MarkRAMPMI
Craft 9050 Mem 060,Craft,9050,9050,60,,,Mem,"Allingham, B D  ",2026,,,,,,,,,,,,,,,,,,,,,,,,,,,,MarkRAMPMI
Craft 9050 Mem 061,Craft,9050,9050,61,,,Mem,"Halbert, B W  ",2026,,,,,,,,,,,,,,,,,,,,,,,,,,,,MarkRAMPMI
Craft 9050 Off 001,Craft,9050,9050,1,WM,1,Off,"Stone, R J  ",2014,,,,,,,,,,,,,,,,,,,,,,,,,,,,Officers
Craft 9050 Off 002,Craft,9050,9050,2,SW,2,Off,"Smart, N A  ",2011,,,,,,,,,,,,,,,,,,,,,,,,,,,,Officers
Craft 9050 Off 003,Craft,9050,9050,3,JW,3,Off,"Whicker, T J P A",2018,,,,,,,,,,,,,,,,,,,,,,,,,,,,Officers
Craft 9050 Off 004,Craft,9050,9050,4,Chap,4,Off,"Curley, A   ",1997,,,,,,,,,,,,,,,,,,,,,,,,,,,,Officers
Craft 9050 Off 005,Craft,9050,9050,5,Treas,5,Off,"Court, L N  ",2013,,,,,,,,,,,,,,,,,,,,,,,,,,,,Officers
Craft 9050 Off 006,Craft,9050,9050,6,Sec,6,Off,"Forster, J A  ",2004,,,,,,,,,,,,,,,,,,,,,,,,,,,,Officers
Craft 9050 Off 007,Craft,9050,9050,7,DC,7,Off,"Thornton, D I  ",2012,,,,,,,,,,,,,,,,,,,,,,,,,,,,Officers
Craft 9050 Off 008,Craft,9050,9050,8,Alm,8,Off,"Playford, R J  ",2012,,,,,,,,,,,,,,,,,,,,,,,,,,,,Officers
Craft 9050 Off 009,Craft,9050,9050,9,ChStwd,9,Off,"Fuller, T R  ",2009,,,,,,,,,,,,,,,,,,,,,,,,,,,,Officers
Craft 9050 Off 010,Craft,9050,9050,10,MO,10,Off,"Harris, S R  ",1987,,,,,,,,,,,,,,,,,,,,,,,,,,,,Officers
Craft 9050 Off 011,Craft,9050,9050,11,Mentor,11,Off,"Harris, S R  ",1987,,,,,,,,,,,,,,,,,,,,,,,,,,,,Officers
Craft 9050 Off 012,Craft,9050,9050,12,SD,12,Off,"Bielby, S A  ",2022,,,,,,,,,,,,,,,,,,,,,,,,,,,,Officers
Craft 9050 Off 013,Craft,9050,9050,13,JD,13,Off,"Baldry, A W  ",2022,,,,,,,,,,,,,,,,,,,,,,,,,,,,Officers
Craft 9050 Off 014,Craft,9050,9050,14,ADC,14,Off,"Hughes, W   ",2025,,,,,,,,,,,,,,,,,,,,,,,,,,,,Officers
Craft 9050 Off 015,Craft,9050,9050,15,Org,15,Off,Vacant,,,,,,,,,,,,,,,,,,,,,,,,,,,,,Officers
Craft 9050 Off 016,Craft,9050,9050,16,ASec,16,Off,"Bielby, S A  ",2022,,,,,,,,,,,,,,,,,,,,,,,,,,,,Officers
Craft 9050 Off 017,Craft,9050,9050,17,IG,17,Off,"Pipe, W T  ",2022,,,,,,,,,,,,,,,,,,,,,,,,,,,,Officers
Craft 9050 Off 018,Craft,9050,9050,18,Stwd,18,Off,"Willingale, J A  ",2018,,,,,,,,,,,,,,,,,,,,,,,,,,,,Officers
Craft 9050 Off 019,Craft,9050,9050,19,Stwd,18,Off,"East, B   ",2021,,,,,,,,,,,,,,,,,,,,,,,,,,,,Officers
Craft 9050 Off 020,Craft,9050,9050,20,Stwd,18,Off,"Samuels, D   ",2024,,,,,,,,,,,,,,,,,,,,,,,,,,,,Officers
Craft 9050 Off 021,Craft,9050,9050,21,Tyler,19,Off,"Jennings, A S  ",2025,,,,,,,,,,,,,,,,,,,,,,,,,,,,Officers
Craft 9050 PMI 001,Craft,9050,9050,1,,,PMI,"Knight, D E  ",2008,PPJGW,2019,,,,,,,,3878,,,,,,,,,,,,,,,,,,PMI
Craft 9050 PMI 002,Craft,9050,9050,2,,,PMI,"White, R W  ",2012,,,,PProvJGW (Middx.),2008,,,,,"8846, 7044, 8228",,,,,,,,,,,,,,,,,,PMI
Craft 9050 PMI 003,Craft,9050,9050,3,,,PMI,"Browning, R M  ",2013,,,,,,,,,,9177,,,,,,,,,,,,,,,,,,PMI
Craft 9050 PMI 004,Craft,9050,9050,4,,,PMI,"Court, L N  ",2013,,,,PProvAGStB (Hants. & I. of W.),2019,LGR,2024,,,1305,,,,,,,,,,,,,,,,,,PMI
Craft 9050 PMI 005,Craft,9050,9050,5,,,PMI,"Courtnage, I M  ",2014,PPGSuptWks,2019,,PProvAGSwdB (Hants. & I. of W.),2012,,,,,8370,,,,,,,,,,,,,,,,,,PMI
Craft 9050 PMI 006,Craft,9050,9050,6,,,PMI,"Smith, C J  ",2019,,,,PProvGStwd (Guernsey & Alderney),2018-20,,,,,243,,,,,,,,,,,,,,,,,,PMI
Craft 9050 PMI 007,Craft,9050,9050,7,,,PMI,"Willmott, L E  ",2025,,,,PProvGReg (Hants. & I. of W.),2025,,,,,7337,,,,,,,,,,,,,,,,,,PMI
Craft 9050 PMI 008,Craft,9050,9050,8,,,PMI,"Howland, J R  ",2025,PPGStB,2025,,,,,,,,6827,,,,,,,,,,,,,,,,,,PMI
Craft 9050 PMI 009,Craft,9050,9050,9,,,PMI,"Hughes, W   ",2025,,,,,,,,,,137,,,,,,,,,,,,,,,,,,PMI
Craft 9050 PMI 010,Craft,9050,9050,10,,,PMI,"Jennings, A S  ",2025,PPDepGDC,2019,,PProvJGD (W. Lancs.),2012,,,,,"4679, 2559",,,,,,,,,,,,,,,,,,PMI
Craft 9050 PMO 001,Craft,9050,9050,1,,,PMO,"Cox, R   ",,PPJGW,2023,,PProvGReg (Hants. & I. of W.),2025,,,,,,1984,1984,,,,,,,,,,,,,,,,PMO
Craft 9050 PMO 002,Craft,9050,9050,2,,,PMO,"Carter, R B H ",,PPSGW,2016,,,,,,,,,"1986, 2010",1986,,,,,,,,,,,,,,,,PMO
Craft 9050 PMO 003,Craft,9050,9050,3,,,PMO,"Harris, B C  ",,PPJGW,2021,,,,,,,,,1993,1993,,,,,,,,,,,,,,,,PMO
Craft 9050 PMO 004,Craft,9050,9050,4,,,PMO,"Ward, A W  ",,PPSGW,2021,,,,,,,,,2000,2000,,,,,,,,,,,,,,,,PMO
Craft 9050 PMO 005,Craft,9050,9050,5,,,PMO,"Harris, S R  ",,PPGReg,2022,,,,LGR,1998,,,,2001,2001,,,,,,,,,,,,,,,,PMO
Craft 9050 PMO 006,Craft,9050,9050,6,,,PMO,"Curley, A   ",,PPSGW,2019,,,,,,,,,2005,2005,,,,,,,,,,,,,,,,PMO
Craft 9050 PMO 008,Craft,9050,9050,8,,,PMO,"Martin, A E  ",,PPSGW,2010,,,,,,,,,2008,2008,,,,,,,,,,,,,,,,PMO
Craft 9050 PMO 010,Craft,9050,9050,10,,,PMO,"Daniels, I W L ",,PPJGD,2022,,,,,,,,,2009,2009,,,,,,,,,,,,,,,,PMO
Craft 9050 PMO 011,Craft,9050,9050,11,,,PMO,"McHugh, M J  ",,PPAGDC,2018,,,,,,,,,2011,2011,,,,,,,,,,,,,,,,PMO
Craft 9050 PMO 012,Craft,9050,9050,12,,,PMO,"Curley, N A  ",,ProvGPurs,2025,,,,,,,,,2015,2015,,,,,,,,,,,,,,,,PMO
Craft 9050 PMO 013,Craft,9050,9050,13,,,PMO,"Fuller, T R  ",,PPJGD,2023,,,,,,,,,2016,2016,,,,,,,,,,,,,,,,PMO
Craft 9050 PMO 015,Craft,9050,9050,15,,,PMO,"Forster, J A  ",,PProvGSwdB,2022,,,,,,,,,2018,2018,,,,,,,,,,,,,,,,PMO
Craft 9050 PMO 016,Craft,9050,9050,16,,,PMO,"Smart, N A  ",,ProvGStB,2025,,,,,,,,,2019,2019,,,,,,,,,,,,,,,,PMO
Craft 9050 PMO 017,Craft,9050,9050,17,,,PMO,"Thornton, D I  ",,,,,,,,,,,,2021,2021,,,,,,,,,,,,,,,,PMO
Craft 9050 PMO 018,Craft,9050,9050,18,,,PMO,"Playford, R J  ",,ProvGSwdB,2025,,,,,,,,,2022,2022,,,,,,,,,,,,,,,,PMO
Craft 9050 PMO 021,Craft,9050,9050,21,,,PMO,"Cottrell, A G  ",,,,,,,,,,,,2023,2023,,,,,,,,,,,,,,,,PMO
Craft 9050 PMO 022,Craft,9050,9050,22,,,PMO,"Rowley, M E  ",,,,,,,,,,,,2024,2024,,,,,,,,,,,,,,,,PMO
Craft 9177 Hon 001,Craft,9177,9177,1,,,Hon,"Boylin, D   ",2025,,,,PProvSGW (Hants. & I. of W.),2025,,,,,,,,,,,,,,,,,,,,,,,Honorary
Craft 9177 Hon 002,Craft,9177,9177,2,,,Hon,"Day, A C W ",2023,PPGPurs,1992,,,,,,,,,,,,,,,,,,,,,,,,,,Honorary
Craft 9177 Inst 001,Craft,9177,9177,1,,,Inst,,,,,,,,,,,,,,,September 4th 2025,,,,,,,,,,,,,,,DBLodges
Craft 9177 Mem 001,Craft,9177,9177,1,,,Mem,"Burt, D B F ",1985,PProvSGW,2004,,,,,,,,,,,,,,,,,,,,,,,,,,MarkRAMPMI
Craft 9177 Mem 002,Craft,9177,9177,2,,,Mem,"Lafosse, M J  ",1985,,,,PProvJGD (Herts.),1983-84,,,,,,,,,,,,,,,,,,,,,,,MarkRAMPMI
Craft 9177 Mem 003,Craft,9177,9177,3,,,Mem,"Byers, J E  ",1985,PPJGW,2021,,PProvSGD (Surrey),2012,,,,,,,,,,,,,,,,,,,,,,,MarkRAMPMI
Craft 9177 Mem 004,Craft,9177,9177,4,,,Mem,"Goody, M J  ",1985,PPJGW,2002,,PProvGSuptWks (Middx.),1995,,,,,,,,,,,,,,,,,,,,,,,MarkRAMPMI
Craft 9177 Mem 005,Craft,9177,9177,5,,,Mem,"Still, S D  ",1985,PPSGW,2021,,,,,,,,,,,,,,,,,,,,,,,,,,MarkRAMPMI
Craft 9177 Mem 006,Craft,9177,9177,6,,,Mem,"Shenton, P G  ",1989,PPSGW,2023,,,,,,,,,,,,,,,,,,,,,,,,,,MarkRAMPMI
Craft 9177 Mem 007,Craft,9177,9177,7,,,Mem,"Stevenson, J E  ",1989,PPGSwdB,2015,,,,,,,,,,,,,,,,,,,,,,,,,,MarkRAMPMI
Craft 9177 Mem 008,Craft,9177,9177,8,,,Mem,"Loveless, A W  ",1991,PPDepGDC,2014,,,,,,,,,,,,,,,,,,,,,,,,,,MarkRAMPMI
Craft 9177 Mem 009,Craft,9177,9177,9,,,Mem,"Cutler, R J  ",1992,PPGSuptWks,2018,,PProvGSwdB (Hereford.),2023,,,,,,,,,,,,,,,,,,,,,,,MarkRAMPMI
Craft 9177 Mem 010,Craft,9177,9177,10,,,Mem,"House, C   ",1993,PPGSwdB,2019,,PProvAGDC (Hants. & I. of W.),2012,,,,,,,,,,,,,,,,,,,,,,,MarkRAMPMI
Craft 9177 Mem 011,Craft,9177,9177,11,,,Mem,"Campbell, F L  ",1995,PPGSuptWks,2014,,PProvAGReg (Middx.),2001,,,,,,,,,,,,,,,,,,,,,,,MarkRAMPMI
Craft 9177 Mem 012,Craft,9177,9177,12,,,Mem,"Dawson, R F  ",1997,PPJGD,2022,,,,,,,,,,,,,,,,,,,,,,,,,,MarkRAMPMI
Craft 9177 Mem 013,Craft,9177,9177,13,,,Mem,"Ball, J R  ",1998,,,,,,,,,,,,,,,,,,,,,,,,,,,,MarkRAMPMI
Craft 9177 Mem 014,Craft,9177,9177,14,,,Mem,"Delahunty, S P  ",1999,PAsstProvGM,2021,,,,,,,,,,,,,,,,,,,,,,,,,,MarkRAMPMI
Craft 9177 Mem 015,Craft,9177,9177,15,,,Mem,"Hayes, A J  ",2000,PPGSuptWks,2022,,,,,,,,,,,,,,,,,,,,,,,,,,MarkRAMPMI
Craft 9177 Mem 016,Craft,9177,9177,16,,,Mem,"Primett, T V  ",2006,PPGSuptWks,2024,,,,,,,,,,,,,,,,,,,,,,,,,,MarkRAMPMI
Craft 9177 Mem 017,Craft,9177,9177,17,,,Mem,"Gliddon, R N  ",2007,PPJGD,2021,,,,,,,,,,,,,,,,,,,,,,,,,,MarkRAMPMI
Craft 9177 Mem 018,Craft,9177,9177,18,,,Mem,"Anthoney, S G  ",2010,PPGStB,2025,,,,,,,,,,,,,,,,,,,,,,,,,,MarkRAMPMI
Craft 9177 Mem 019,Craft,9177,9177,19,,,Mem,"Piper, N R  ",2013,,,,,,,,,,,,,,,,,,,,,,,,,,,,MarkRAMPMI
Craft 9177 Mem 020,Craft,9177,9177,20,,,Mem,"Green, K J  ",2014,,,,,,,,,,,,,,,,,,,,,,,,,,,,MarkRAMPMI
Craft 9177 Mem 021,Craft,9177,9177,21,,,Mem,"Croucher, A   ",2014,PPGStB,2024,,PProvAGDC (Surrey),2011,,,,,,,,,,,,,,,,,,,,,,,MarkRAMPMI
Craft 9177 Mem 022,Craft,9177,9177,22,,,Mem,"Carter, B A  ",2014,PPGSwdB,2021,,,,,,,,,,,,,,,,,,,,,,,,,,MarkRAMPMI
Craft 9177 Mem 023,Craft,9177,9177,23,,,Mem,"Marshallsay, C G  ",2015,,,,,,,,,,,,,,,,,,,,,,,,,,,,MarkRAMPMI
Craft 9177 Mem 024,Craft,9177,9177,24,,,Mem,"Petrauskas, E E  ",2015,,,,,,,,,,,,,,,,,,,,,,,,,,,,MarkRAMPMI
Craft 9177 Mem 025,Craft,9177,9177,25,,,Mem,"Burn, J   ",2019,,,,,,,,,,,,,,,,,,,,,,,,,,,,MarkRAMPMI
Craft 9177 Mem 026,Craft,9177,9177,26,,,Mem,"Turner, R W  ",2019,,,,,,,,,,,,,,,,,,,,,,,,,,,,MarkRAMPMI
Craft 9177 Mem 027,Craft,9177,9177,27,,,Mem,"Hunt, M P  ",2019,,,,,,,,,,,,,,,,,,,,,,,,,,,,MarkRAMPMI
Craft 9177 Mem 028,Craft,9177,9177,28,,,Mem,"Scott-Kilner, P   ",2019,PPJGW,2024,,PProvGSwdB (Notts.),2010,,,,,,,,,,,,,,,,,,,,,,,MarkRAMPMI
Craft 9177 Mem 029,Craft,9177,9177,29,,,Mem,"Best, R C A ",2022,,,,,,,,,,,,,,,,,,,,,,,,,,,,MarkRAMPMI
Craft 9177 Mem 030,Craft,9177,9177,30,,,Mem,"Gliddon, A G  ",2022,,,,,,,,,,,,,,,,,,,,,,,,,,,,MarkRAMPMI
Craft 9177 Mem 031,Craft,9177,9177,31,,,Mem,"Turner, S W  ",2023,,,,,,,,,,,,,,,,,,,,,,,,,,,,MarkRAMPMI
Craft 9177 Mem 032,Craft,9177,9177,32,,,Mem,"Best, G M  ",2024,,,,,,,,,,,,,,,,,,,,,,,,,,,,MarkRAMPMI
Craft 9177 Mem 033,Craft,9177,9177,33,,,Mem,"Wrixon, A H  ",2025,,,,,,,,,,,,,,,,,,,,,,,,,,,,MarkRAMPMI
Craft 9177 Off 001,Craft,9177,9177,1,WM,1,Off,"Primett, T V  ",2006,,,,,,,,,,,,,,,,,,,,,,,,,,,,Officers
Craft 9177 Off 002,Craft,9177,9177,2,SW,2,Off,"Green, K J  ",2014,,,,,,,,,,,,,,,,,,,,,,,,,,,,Officers
Craft 9177 Off 003,Craft,9177,9177,3,JW,3,Off,"Turner, R W  ",2019,,,,,,,,,,,,,,,,,,,,,,,,,,,,Officers
Craft 9177 Off 004,Craft,9177,9177,4,Chap,4,Off,"Croucher, A   ",2014,,,,,,,,,,,,,,,,,,,,,,,,,,,,Officers
Craft 9177 Off 005,Craft,9177,9177,5,Treas,5,Off,"Anthoney, S G  ",2010,,,,,,,,,,,,,,,,,,,,,,,,,,,,Officers
Craft 9177 Off 006,Craft,9177,9177,6,Sec,6,Off,"Burn, J   ",2019,,,,,,,,,,,,,,,,,,,,,,,,,,,,Officers
Craft 9177 Off 007,Craft,9177,9177,7,DC,7,Off,"Gliddon, R N  ",2007,,,,,,,,,,,,,,,,,,,,,,,,,,,,Officers
Craft 9177 Off 008,Craft,9177,9177,8,Alm,8,Off,"Hayes, A J  ",2000,,,,,,,,,,,,,,,,,,,,,,,,,,,,Officers
Craft 9177 Off 009,Craft,9177,9177,9,ChStwd,9,Off,"Petrauskas, E E  ",2015,,,,,,,,,,,,,,,,,,,,,,,,,,,,Officers
Craft 9177 Off 010,Craft,9177,9177,10,MO,10,Off,"House, C   ",1993,,,,,,,,,,,,,,,,,,,,,,,,,,,,Officers
Craft 9177 Off 011,Craft,9177,9177,11,Mentor,11,Off,"Campbell, F L  ",1995,,,,,,,,,,,,,,,,,,,,,,,,,,,,Officers
Craft 9177 Off 012,Craft,9177,9177,12,SD,12,Off,"Hunt, M P  ",2019,,,,,,,,,,,,,,,,,,,,,,,,,,,,Officers
Craft 9177 Off 013,Craft,9177,9177,13,JD,13,Off,"Best, R C A ",2022,,,,,,,,,,,,,,,,,,,,,,,,,,,,Officers
Craft 9177 Off 014,Craft,9177,9177,14,ADC,14,Off,"Shenton, P G  ",1989,,,,,,,,,,,,,,,,,,,,,,,,,,,,Officers
Craft 9177 Off 015,Craft,9177,9177,15,Org,15,Off,Vacant,,,,,,,,,,,,,,,,,,,,,,,,,,,,,Officers
Craft 9177 Off 016,Craft,9177,9177,16,Gst Org,15,Off,"Boylin, D   ",,,,,,,,,,,,,,,,,,,,,,,,,,,,,Officers
Craft 9177 Off 017,Craft,9177,9177,17,ASec,16,Off,"House, C   ",1993,,,,,,,,,,,,,,,,,,,,,,,,,,,,Officers
Craft 9177 Off 018,Craft,9177,9177,18,IG,17,Off,"Gliddon, A G  ",2022,,,,,,,,,,,,,,,,,,,,,,,,,,,,Officers
Craft 9177 Off 019,Craft,9177,9177,19,Stwd,18,Off,"Piper, N R  ",2013,,,,,,,,,,,,,,,,,,,,,,,,,,,,Officers
Craft 9177 Off 020,Craft,9177,9177,20,Stwd,18,Off,"Turner, S W  ",2023,,,,,,,,,,,,,,,,,,,,,,,,,,,,Officers
Craft 9177 Off 021,Craft,9177,9177,21,Tyler,19,Off,"Dawson, R F  ",1997,,,,,,,,,,,,,,,,,,,,,,,,,,,,Officers
Craft 9177 PMI 001,Craft,9177,9177,1,,,PMI,"Still, S D  ",1985,PPSGW,2021,,,,,,,,7300,,,,,,,,,,,,,,,,,,PMI
Craft 9177 PMI 002,Craft,9177,9177,2,,,PMI,"Campbell, F L  ",1995,PPGSuptWks,2014,,PProvAGReg (Middx.),2001,,,,,5746,,,,,,,,,,,,,,,,,,PMI
Craft 9177 PMI 003,Craft,9177,9177,3,,,PMI,"Carter, B A  ",2014,PPGSwdB,2021,,,,,,,,9163,,,,,,,,,,,,,,,,,,PMI
Craft 9177 PMI 004,Craft,9177,9177,4,,,PMI,"Scott-Kilner, P   ",2019,PPJGW,2024,,PProvGSwdB (Notts.),2010,,,,,3916,,,,,,,,,,,,,,,,,,PMI
Craft 9177 PMO 001,Craft,9177,9177,1,,,PMO,"Goody, M J  ",,PPJGW,2002,,PProvGSuptWks (Middx.),1995,,,PAGDC,2013,,1987,1987,,,,,,,,,,,,,,,,PMO
Craft 9177 PMO 004,Craft,9177,9177,4,,,PMO,"Lafosse, M J  ",,,,,PProvJGD (Herts.),1983-84,,,,,,1988,1988,,,,,,,,,,,,,,,,PMO
Craft 9177 PMO 006,Craft,9177,9177,6,,,PMO,"Byers, J E  ",,PPJGW,2021,,PProvSGD (Surrey),2012,,,,,,"1990, 2015",1990,,,,,,,,,,,,,,,,PMO
Craft 9177 PMO 008,Craft,9177,9177,8,,,PMO,"Stevenson, J E  ",,PPGSwdB,2015,,,,,,,,,1994,1994,,,,,,,,,,,,,,,,PMO
Craft 9177 PMO 009,Craft,9177,9177,9,,,PMO,"Shenton, P G  ",,PPSGW,2023,,,,,,,,,1995,1995,,,,,,,,,,,,,,,,PMO
Craft 9177 PMO 010,Craft,9177,9177,10,,,PMO,"Loveless, A W  ",,PPDepGDC,2014,,,,,,,,,1998,1998,,,,,,,,,,,,,,,,PMO
Craft 9177 PMO 011,Craft,9177,9177,11,,,PMO,"Cutler, R J  ",,PPGSuptWks,2018,,PProvGSwdB (Hereford.),2023,,,,,,2000,2000,,,,,,,,,,,,,,,,PMO
Craft 9177 PMO 013,Craft,9177,9177,13,,,PMO,"House, C   ",,PPGSwdB,2019,,PProvAGDC (Hants. & I. of W.),2012,,,,,,"2002, 2009",2002,,,,,,,,,,,,,,,,PMO
Craft 9177 PMO 014,Craft,9177,9177,14,,,PMO,"Hayes, A J  ",,PPGSuptWks,2022,,,,,,,,,2008,2008,,,,,,,,,,,,,,,,PMO
Craft 9177 PMO 015,Craft,9177,9177,15,,,PMO,"Burt, D B F ",,PProvSGW,2004,,,,,,,,,2010,2010,,,,,,,,,,,,,,,,PMO
Craft 9177 PMO 019,Craft,9177,9177,19,,,PMO,"Delahunty, S P  ",,PAsstProvGM,2021,,,,,,PSGD,2022,,2011,2011,,,,,,,,,,,,,,,,PMO
Craft 9177 PMO 020,Craft,9177,9177,20,,,PMO,"Primett, T V  ",,PPGSuptWks,2024,,,,,,,,,2012,2012,,,,,,,,,,,,,,,,PMO
Craft 9177 PMO 021,Craft,9177,9177,21,,,PMO,"Gliddon, R N  ",,PPJGD,2021,,,,,,,,,"2014, 2022",2014,,,,,,,,,,,,,,,,PMO
Craft 9177 PMO 022,Craft,9177,9177,22,,,PMO,"Croucher, A   ",,PPGStB,2024,,PProvAGDC (Surrey),2011,,,,,,"2016, 2017",2016,,,,,,,,,,,,,,,,PMO
Craft 9177 PMO 023,Craft,9177,9177,23,,,PMO,"Anthoney, S G  ",,PPGStB,2025,,,,,,,,,"2019, 2021",2019,,,,,,,,,,,,,,,,PMO
Craft 9177 PMO 024,Craft,9177,9177,24,,,PMO,"Petrauskas, E E  ",,,,,,,,,,,,"2023, 2024",2023,,,,,,,,,,,,,,,,PMO
Craft 9508 Hon 001,Craft,9508,9508,1,,,Hon,"Barnes, K H  ",2006,PProvGM,1994,,,,,,PProvGM (Dorset),1994,,,,,,,,,,,,,,,,,,,Honorary
Craft 9508 Inst 001,Craft,9508,9508,1,,,Inst,,,,,,,,,,,,,,,April 25th 2026,,,,,,,,,,,,,,,DBLodges
Craft 9508 Mem 001,Craft,9508,9508,1,,,Mem,"Cornford, T J  ",1993,PProvSGW,2006,,,,,,,,,,,,,,,,,,,,,,,,,,MarkRAMPMI
Craft 9508 Mem 002,Craft,9508,9508,2,,,Mem,"McConnell, D H W ",1993,PProvJGW,2006,,,,,,,,,,,,,,,,,,,,,,,,,,MarkRAMPMI
Craft 9508 Mem 003,Craft,9508,9508,3,,,Mem,"Lewis, M J  ",1993,PPSGW,2012,,,,,,,,,,,,,,,,,,,,,,,,,,MarkRAMPMI
Craft 9508 Mem 004,Craft,9508,9508,4,,,Mem,"Leonard, N J C ",1993,PDepProvGM,2014,,,,,,,,,,,,,,,,,,,,,,,,,,MarkRAMPMI
Craft 9508 Mem 005,Craft,9508,9508,5,,,Mem,"Howard, D   ",1993,PProvSGW,2005,,,,,,,,,,,,,,,,,,,,,,,,,,MarkRAMPMI
Craft 9508 Mem 006,Craft,9508,9508,6,,,Mem,"Thomas, G R E ",1993,PProvSGW,2009,,,,,,,,,,,,,,,,,,,,,,,,,,MarkRAMPMI
Craft 9508 Mem 007,Craft,9508,9508,7,,,Mem,"Kiver, R B  ",1993,PProvGReg,1993,,,,,,,,,,,,,,,,,,,,,,,,,,MarkRAMPMI
Craft 9508 Mem 008,Craft,9508,9508,8,,,Mem,"Haskins, W G  ",1996,PPSGW,2021,,,,,,,,,,,,,,,,,,,,,,,,,,MarkRAMPMI
Craft 9508 Mem 009,Craft,9508,9508,9,,,Mem,"Hubbard, C J  ",1998,PProvGChStwd,2004,,,,,,,,,,,,,,,,,,,,,,,,,,MarkRAMPMI
Craft 9508 Mem 010,Craft,9508,9508,10,,,Mem,"Deakin, C W  ",1998,PDepProvGM,2010,,,,,,,,,,,,,,,,,,,,,,,,,,MarkRAMPMI
Craft 9508 Mem 011,Craft,9508,9508,11,,,Mem,"Abbiss, K   ",1998,PProvSGW,2016,,,,,,,,,,,,,,,,,,,,,,,,,,MarkRAMPMI
Craft 9508 Mem 012,Craft,9508,9508,12,,,Mem,"Haines, M V  ",1999,PProvSGW,2022,,,,,,,,,,,,,,,,,,,,,,,,,,MarkRAMPMI
Craft 9508 Mem 013,Craft,9508,9508,13,,,Mem,"Smith, R   ",1999,PPSGW,2024,,,,,,,,,,,,,,,,,,,,,,,,,,MarkRAMPMI
Craft 9508 Mem 014,Craft,9508,9508,14,,,Mem,"House, N M D ",1999,PProvSGW,2012,,,,,,,,,,,,,,,,,,,,,,,,,,MarkRAMPMI
Craft 9508 Mem 015,Craft,9508,9508,15,,,Mem,"Unwin, D W  ",1999,PProvSGW,2015,,,,,,,,,,,,,,,,,,,,,,,,,,MarkRAMPMI
Craft 9508 Mem 016,Craft,9508,9508,16,,,Mem,"James, S A  ",2000,ProvGM,2024,Y,,,,,,,,,,,,,,,,,,,,,,,,,MarkRAMPMI
Craft 9508 Mem 017,Craft,9508,9508,17,,,Mem,"Howes, K J  ",2001,PPGSwdB,2007,,,,,,,,,,,,,,,,,,,,,,,,,,MarkRAMPMI
Craft 9508 Mem 018,Craft,9508,9508,18,,,Mem,"Mason, J H  ",2003,PPGSwdB,2016,,,,,,,,,,,,,,,,,,,,,,,,,,MarkRAMPMI
Craft 9508 Mem 019,Craft,9508,9508,19,,,Mem,"Wannell, B R  ",2004,PPJGW,2019,,,,,,,,,,,,,,,,,,,,,,,,,,MarkRAMPMI
Craft 9508 Mem 020,Craft,9508,9508,20,,,Mem,"Temple, R H  ",2005,PPGSuptWks,2025,,,,,,,,,,,,,,,,,,,,,,,,,,MarkRAMPMI
Craft 9508 Mem 021,Craft,9508,9508,21,,,Mem,"Vine, C R F ",2005,PProvSGW,2014,,PProvSGW (Somerset),2018,,,,,,,,,,,,,,,,,,,,,,,MarkRAMPMI
Craft 9508 Mem 022,Craft,9508,9508,22,,,Mem,"Hinsley, M C  ",2006,PProvGReg,2015,,,,,,,,,,,,,,,,,,,,,,,,,,MarkRAMPMI
Craft 9508 Mem 023,Craft,9508,9508,23,,,Mem,"Selwood, S P  ",2007,PPJGW,2025,,,,,,,,,,,,,,,,,,,,,,,,,,MarkRAMPMI
Craft 9508 Mem 024,Craft,9508,9508,24,,,Mem,"Curley, A   ",2008,PPSGW,2019,,,,,,,,,,,,,,,,,,,,,,,,,,MarkRAMPMI
Craft 9508 Mem 025,Craft,9508,9508,25,,,Mem,"Brookman, A G  ",2010,PPGSuptWks,2020,,,,,,,,,,,,,,,,,,,,,,,,,,MarkRAMPMI
Craft 9508 Mem 026,Craft,9508,9508,26,,,Mem,"Lambourne, M P  ",2010,PPGSwdB,2019,,,,,,,,,,,,,,,,,,,,,,,,,,MarkRAMPMI
Craft 9508 Mem 027,Craft,9508,9508,27,,,Mem,"Jones, R K  ",2011,ProvGDC,2023,Y,,,,,,,,,,,,,,,,,,,,,,,,,MarkRAMPMI
Craft 9508 Mem 028,Craft,9508,9508,28,,,Mem,"Smith, A C  ",2011,PPGSwdB,2020,,,,,,,,,,,,,,,,,,,,,,,,,,MarkRAMPMI
Craft 9508 Mem 029,Craft,9508,9508,29,,,Mem,"Auburn, R I  ",2011,PPSGW,2023,,,,,,,,,,,,,,,,,,,,,,,,,,MarkRAMPMI
Craft 9508 Mem 030,Craft,9508,9508,30,,,Mem,"Ilott, P F  ",2012,PPGReg,2021,,,,,,,,,,,,,,,,,,,,,,,,,,MarkRAMPMI
Craft 9508 Mem 031,Craft,9508,9508,31,,,Mem,"Turner, B   ",2012,PPGReg,2021,,,,,,,,,,,,,,,,,,,,,,,,,,MarkRAMPMI
Craft 9508 Mem 032,Craft,9508,9508,32,,,Mem,"Boyd, P W  ",2013,PPJGW,2019,,,,,,,,,,,,,,,,,,,,,,,,,,MarkRAMPMI
Craft 9508 Mem 033,Craft,9508,9508,33,,,Mem,"Aston, E W J ",2014,PPSGW,2020,,,,,,,,,,,,,,,,,,,,,,,,,,MarkRAMPMI
Craft 9508 Mem 034,Craft,9508,9508,34,,,Mem,"Barrett, J J  ",2014,PPGReg,2025,,,,,,,,,,,,,,,,,,,,,,,,,,MarkRAMPMI
Craft 9508 Mem 035,Craft,9508,9508,35,,,Mem,"Lockyer, C   ",2014,PProvGSwdB,2023,,,,,,,,,,,,,,,,,,,,,,,,,,MarkRAMPMI
Craft 9508 Mem 036,Craft,9508,9508,36,,,Mem,"Prudames, I B  ",2015,PPGSwdB,2024,,,,,,,,,,,,,,,,,,,,,,,,,,MarkRAMPMI
Craft 9508 Mem 037,Craft,9508,9508,37,,,Mem,"Stevenson, J R J ",2015,PPGSwdB,2024,,,,,,,,,,,,,,,,,,,,,,,,,,MarkRAMPMI
Craft 9508 Mem 038,Craft,9508,9508,38,,,Mem,"Bond, T A  ",2016,ProvGSuptWks,2023,Y,,,,,,,,,,,,,,,,,,,,,,,,,MarkRAMPMI
Craft 9508 Mem 039,Craft,9508,9508,39,,,Mem,"Travers, R R  ",2016,PPGSwdB,2025,,,,,,,,,,,,,,,,,,,,,,,,,,MarkRAMPMI
Craft 9508 Mem 040,Craft,9508,9508,40,,,Mem,"James, S M  ",2017,ProvGTreas,2025,Y,,,,,,,,,,,,,,,,,,,,,,,,,MarkRAMPMI
Craft 9508 Mem 041,Craft,9508,9508,41,,,Mem,"Coxall, P D  ",2017,PProvDepGDC,2023,,,,,,,,,,,,,,,,,,,,,,,,,,MarkRAMPMI
Craft 9508 Mem 042,Craft,9508,9508,42,,,Mem,"Lockyer, P N  ",2017,PProvJGD,2019,,,,,,,,,,,,,,,,,,,,,,,,,,MarkRAMPMI
Craft 9508 Mem 043,Craft,9508,9508,43,,,Mem,"Eaton, D F  ",2017,PPJGW,2019,,,,,,,,,,,,,,,,,,,,,,,,,,MarkRAMPMI
Craft 9508 Mem 044,Craft,9508,9508,44,,,Mem,"Chick, C J  ",2018,PProvJGD,2022,,,,,,,,,,,,,,,,,,,,,,,,,,MarkRAMPMI
Craft 9508 Mem 045,Craft,9508,9508,45,,,Mem,"McLellan, M W  ",2019,PPSGD,2021,,,,,,,,,,,,,,,,,,,,,,,,,,MarkRAMPMI
Craft 9508 Mem 046,Craft,9508,9508,46,,,Mem,"Shaw, K J  ",2019,ProvGTyler,2020,Y,,,,,,,,,,,,,,,,,,,,,,,,,MarkRAMPMI
Craft 9508 Mem 047,Craft,9508,9508,47,,,Mem,"Lomax, G R  ",2020,PProvSGD,2022,,,,,,,,,,,,,,,,,,,,,,,,,,MarkRAMPMI
Craft 9508 Mem 048,Craft,9508,9508,48,,,Mem,"Perkins, A M  ",2020,ProvGLDO,2025,Y,,,,,,,,,,,,,,,,,,,,,,,,,MarkRAMPMI
Craft 9508 Mem 049,Craft,9508,9508,49,,,Mem,"Gale, A P T ",2020,ProvGAlm,2024,Y,,,,,,,,,,,,,,,,,,,,,,,,,MarkRAMPMI
Craft 9508 Mem 050,Craft,9508,9508,50,,,Mem,"Burnham, P S  ",2023,PPJGD,2025,,,,,,,,,,,,,,,,,,,,,,,,,,MarkRAMPMI
Craft 9508 Mem 051,Craft,9508,9508,51,,,Mem,"Washbourne, A R  ",2023,ProvGChStwd,2025,Y,,,,,,,,,,,,,,,,,,,,,,,,,MarkRAMPMI
Craft 9508 Mem 052,Craft,9508,9508,52,,,Mem,"Burstow, M D  ",2023,DepProvGM,2024,Y,,,,,,,,,,,,,,,,,,,,,,,,,MarkRAMPMI
Craft 9508 Mem 053,Craft,9508,9508,53,,,Mem,"Sandall, C B  ",2023,ProvSGD,2025,Y,,,,,,,,,,,,,,,,,,,,,,,,,MarkRAMPMI
Craft 9508 Mem 054,Craft,9508,9508,54,,,Mem,"Larkin, A J  ",2023,ProvDepGDC,2024,Y,,,,,,,,,,,,,,,,,,,,,,,,,MarkRAMPMI
Craft 9508 Mem 055,Craft,9508,9508,55,,,Mem,"Green, T   ",2023,ProvGSec,2024,Y,,,,,,,,,,,,,,,,,,,,,,,,,MarkRAMPMI
Craft 9508 Mem 056,Craft,9508,9508,56,,,Mem,"Lomas, M A  ",2023,PPSGD,2025,,,,,,,,,,,,,,,,,,,,,,,,,,MarkRAMPMI
Craft 9508 Mem 057,Craft,9508,9508,57,,,Mem,"Playford, R J  ",2024,ProvGSwdB,2025,Y,,,,,,,,,,,,,,,,,,,,,,,,,MarkRAMPMI
Craft 9508 Mem 058,Craft,9508,9508,58,,,Mem,"Tarrant, S D  ",2024,PProvGStwd,2023,,,,,,,,,,,,,,,,,,,,,,,,,,MarkRAMPMI
Craft 9508 Mem 059,Craft,9508,9508,59,,,Mem,"Tracey, A D  ",2024,PProvGStwd,2023,,,,,,,,,,,,,,,,,,,,,,,,,,MarkRAMPMI
Craft 9508 Mem 060,Craft,9508,9508,60,,,Mem,"Orridge, A C  ",2024,PProvGStwd,2023,,,,,,,,,,,,,,,,,,,,,,,,,,MarkRAMPMI
Craft 9508 Mem 061,Craft,9508,9508,61,,,Mem,"Hufano, T   ",2024,PProvGStwd,2023,,,,,,,,,,,,,,,,,,,,,,,,,,MarkRAMPMI
Craft 9508 Mem 062,Craft,9508,9508,62,,,Mem,"Carter, J C  ",2024,PProvSGW,2023,,,,,,,,,,,,,,,,,,,,,,,,,,MarkRAMPMI
Craft 9508 Mem 063,Craft,9508,9508,63,,,Mem,"Ward, A   ",2024,ProvDepGSec,2025,Y,,,,,,,,,,,,,,,,,,,,,,,,,MarkRAMPMI
Craft 9508 Mem 064,Craft,9508,9508,64,,,Mem,"Turner, B D  ",2025,PProvGStwd,2024,,,,,,,,,,,,,,,,,,,,,,,,,,MarkRAMPMI
Craft 9508 Mem 065,Craft,9508,9508,65,,,Mem,"Turner, K M  ",2025,PProvGStwd,2024,,,,,,,,,,,,,,,,,,,,,,,,,,MarkRAMPMI
Craft 9508 Mem 066,Craft,9508,9508,66,,,Mem,"Shute, C J  ",2025,PProvGStwd,2024,,,,,,,,,,,,,,,,,,,,,,,,,,MarkRAMPMI
Craft 9508 Mem 067,Craft,9508,9508,67,,,Mem,"Wood, C D  ",2025,PProvGStwd,2024,,,,,,,,,,,,,,,,,,,,,,,,,,MarkRAMPMI
Craft 9508 Mem 068,Craft,9508,9508,68,,,Mem,"Jaeger, S J H ",2026,ProvGStwd,2025,Y,,,,,,,,,,,,,,,,,,,,,,,,,MarkRAMPMI
Craft 9508 Mem 069,Craft,9508,9508,69,,,Mem,"Lacey-Clarke, N B L ",2026,ProvGStwd,2025,Y,,,,,,,,,,,,,,,,,,,,,,,,,MarkRAMPMI
Craft 9508 Mem 070,Craft,9508,9508,70,,,Mem,"Buckley, D L  ",2026,ProvGStwd,2025,Y,,,,,,,,,,,,,,,,,,,,,,,,,MarkRAMPMI
Craft 9508 Off 001,Craft,9508,9508,1,WM,1,Off,"Ilott, P F  ",2012,,,,,,,,,,,,,,,,,,,,,,,,,,,,Officers
Craft 9508 Off 002,Craft,9508,9508,2,SW,2,Off,"Burstow, M D  ",2023,,,,,,,,,,,,,,,,,,,,,,,,,,,,Officers
Craft 9508 Off 003,Craft,9508,9508,3,JW,3,Off,"Perkins, A M  ",2020,,,,,,,,,,,,,,,,,,,,,,,,,,,,Officers
Craft 9508 Off 004,Craft,9508,9508,4,Chap,4,Off,"Leonard, N J C ",1993,,,,,,,,,,,,,,,,,,,,,,,,,,,,Officers
Craft 9508 Off 005,Craft,9508,9508,5,Treas,5,Off,"Washbourne, A R  ",2023,,,,,,,,,,,,,,,,,,,,,,,,,,,,Officers
Craft 9508 Off 006,Craft,9508,9508,6,Sec,6,Off,"Playford, R J  ",2024,,,,,,,,,,,,,,,,,,,,,,,,,,,,Officers
Craft 9508 Off 007,Craft,9508,9508,7,DC,7,Off,"Stevenson, J R J ",2015,,,,,,,,,,,,,,,,,,,,,,,,,,,,Officers
Craft 9508 Off 008,Craft,9508,9508,8,Alm,8,Off,"Auburn, R I  ",2011,,,,,,,,,,,,,,,,,,,,,,,,,,,,Officers
Craft 9508 Off 009,Craft,9508,9508,9,ChStwd,9,Off,"Turner, B D  ",2025,,,,,,,,,,,,,,,,,,,,,,,,,,,,Officers
Craft 9508 Off 010,Craft,9508,9508,10,MO,10,Off,"Prudames, I B  ",2015,,,,,,,,,,,,,,,,,,,,,,,,,,,,Officers
Craft 9508 Off 011,Craft,9508,9508,11,Mentor,11,Off,"Green, T   ",2023,,,,,,,,,,,,,,,,,,,,,,,,,,,,Officers
Craft 9508 Off 012,Craft,9508,9508,12,SD,12,Off,"Turner, K M  ",2025,,,,,,,,,,,,,,,,,,,,,,,,,,,,Officers
Craft 9508 Off 013,Craft,9508,9508,13,JD,13,Off,"Shute, C J  ",2025,,,,,,,,,,,,,,,,,,,,,,,,,,,,Officers
Craft 9508 Off 014,Craft,9508,9508,14,ADC,14,Off,"Shaw, K J  ",2019,,,,,,,,,,,,,,,,,,,,,,,,,,,,Officers
Craft 9508 Off 015,Craft,9508,9508,15,Org,15,Off,Vacant,,,,,,,,,,,,,,,,,,,,,,,,,,,,,Officers
Craft 9508 Off 016,Craft,9508,9508,16,ASec,16,Off,"Orridge, A C  ",2024,,,,,,,,,,,,,,,,,,,,,,,,,,,,Officers
Craft 9508 Off 017,Craft,9508,9508,17,IG,17,Off,"Sandall, C B  ",2023,,,,,,,,,,,,,,,,,,,,,,,,,,,,Officers
Craft 9508 Off 018,Craft,9508,9508,18,Stwd,18,Off,"Wood, C D  ",2025,,,,,,,,,,,,,,,,,,,,,,,,,,,,Officers
Craft 9508 Off 019,Craft,9508,9508,19,Stwd,18,Off,"Buckley, D L  ",2026,,,,,,,,,,,,,,,,,,,,,,,,,,,,Officers
Craft 9508 Off 020,Craft,9508,9508,20,Stwd,18,Off,"Lacey-Clarke, N B L ",2026,,,,,,,,,,,,,,,,,,,,,,,,,,,,Officers
Craft 9508 Off 021,Craft,9508,9508,21,Stwd,18,Off,"Jaeger, S J H ",2026,,,,,,,,,,,,,,,,,,,,,,,,,,,,Officers
Craft 9508 Off 022,Craft,9508,9508,22,Tyler,19,Off,"Aston, E W J ",2014,,,,,,,,,,,,,,,,,,,,,,,,,,,,Officers
Craft 9508 PMI 001,Craft,9508,9508,1,,,PMI,"Cornford, T J  ",1993,PProvSGW,2006,,,,,,,,3625,,,,,,,,,,,,,,,,,,PMI
Craft 9508 PMI 002,Craft,9508,9508,2,,,PMI,"McConnell, D H W ",1993,PProvJGW,2006,,,,,,PGStB,2008,8118,,,,,,,,,,,,,,,,,,PMI
Craft 9508 PMI 003,Craft,9508,9508,3,,,PMI,"Abbiss, K   ",1998,PProvSGW,2016,,,,,,PAGDC,2025,170,,,,,,,,,,,,,,,,,,PMI
Craft 9508 PMI 004,Craft,9508,9508,4,,,PMI,"Hubbard, C J  ",1998,PProvGChStwd,2004,,,,,,PAGDC,2014,8118,,,,,,,,,,,,,,,,,,PMI
Craft 9508 PMI 005,Craft,9508,9508,5,,,PMI,"Howes, K J  ",2001,PPGSwdB,2007,,,,,,PAGDC,2012,622,,,,,,,,,,,,,,,,,,PMI
Craft 9508 PMI 006,Craft,9508,9508,6,,,PMI,"Mason, J H  ",2003,PPGSwdB,2016,,,,,,,,6525,,,,,,,,,,,,,,,,,,PMI
Craft 9508 PMI 007,Craft,9508,9508,7,,,PMI,"Wannell, B R  ",2004,PPJGW,2019,,,,,,,,1168,,,,,,,,,,,,,,,,,,PMI
Craft 9508 PMI 008,Craft,9508,9508,8,,,PMI,"Temple, R H  ",2005,PPGSuptWks,2025,,,,,,,,6445,,,,,,,,,,,,,,,,,,PMI
Craft 9508 PMI 009,Craft,9508,9508,9,,,PMI,"Vine, C R F ",2005,PProvSGW,2014,,PProvSGW (Somerset),2018,,,PGStB,2020,"1168, 329",,,,,,,,,,,,,,,,,,PMI
Craft 9508 PMI 010,Craft,9508,9508,10,,,PMI,"Selwood, S P  ",2007,PPJGW,2025,,,,,,,,3625,,,,,,,,,,,,,,,,,,PMI
Craft 9508 PMI 011,Craft,9508,9508,11,,,PMI,"Lambourne, M P  ",2010,PPGSwdB,2019,,,,,,,,6445,,,,,,,,,,,,,,,,,,PMI
Craft 9508 PMI 012,Craft,9508,9508,12,,,PMI,"Brookman, A G  ",2010,PPGSuptWks,2020,,,,,,,,4355,,,,,,,,,,,,,,,,,,PMI
Craft 9508 PMI 013,Craft,9508,9508,13,,,PMI,"Smith, A C  ",2011,PPGSwdB,2020,,,,,,,,170,,,,,,,,,,,,,,,,,,PMI
Craft 9508 PMI 014,Craft,9508,9508,14,,,PMI,"Jones, R K  ",2011,ProvGDC,2023,Y,,,,,,,1266,,,,,,,,,,,,,,,,,,PMI
Craft 9508 PMI 015,Craft,9508,9508,15,,,PMI,"Ilott, P F  ",2012,PPGReg,2021,,,,,,,,"7096, 8641",,,,,,,,,,,,,,,,,,PMI
Craft 9508 PMI 016,Craft,9508,9508,16,,,PMI,"Turner, B   ",2012,PPGReg,2021,,,,,,,,"8149, 9942",,,,,,,,,,,,,,,,,,PMI
Craft 9508 PMI 017,Craft,9508,9508,17,,,PMI,"Boyd, P W  ",2013,PPJGW,2019,,,,,,PAGDC,2021,6525,,,,,,,,,,,,,,,,,,PMI
Craft 9508 PMI 018,Craft,9508,9508,18,,,PMI,"Barrett, J J  ",2014,PPGReg,2025,,,,,,,,8726,,,,,,,,,,,,,,,,,,PMI
Craft 9508 PMI 019,Craft,9508,9508,19,,,PMI,"Lockyer, C   ",2014,PProvGSwdB,2023,,,,,,,,7300,,,,,,,,,,,,,,,,,,PMI
Craft 9508 PMI 020,Craft,9508,9508,20,,,PMI,"Prudames, I B  ",2015,PPGSwdB,2024,,,,,,,,7873,,,,,,,,,,,,,,,,,,PMI
Craft 9508 PMI 021,Craft,9508,9508,21,,,PMI,"Stevenson, J R J ",2015,PPGSwdB,2024,,,,,,,,8290,,,,,,,,,,,,,,,,,,PMI
Craft 9508 PMI 022,Craft,9508,9508,22,,,PMI,"Travers, R R  ",2016,PPGSwdB,2025,,,,,,,,707,,,,,,,,,,,,,,,,,,PMI
Craft 9508 PMI 023,Craft,9508,9508,23,,,PMI,"Bond, T A  ",2016,ProvGSuptWks,2023,Y,,,,,,,8118,,,,,,,,,,,,,,,,,,PMI
Craft 9508 PMI 024,Craft,9508,9508,24,,,PMI,"Coxall, P D  ",2017,PProvDepGDC,2023,,,,,,,,8315,,,,,,,,,,,,,,,,,,PMI
Craft 9508 PMI 025,Craft,9508,9508,25,,,PMI,"Lockyer, P N  ",2017,PProvJGD,2019,,,,,,,,6827,,,,,,,,,,,,,,,,,,PMI
Craft 9508 PMI 026,Craft,9508,9508,26,,,PMI,"Eaton, D F  ",2017,PPJGW,2019,,,,,,,,7907,,,,,,,,,,,,,,,,,,PMI
Craft 9508 PMI 027,Craft,9508,9508,27,,,PMI,"James, S M  ",2017,ProvGTreas,2025,Y,,,,,,,3625,,,,,,,,,,,,,,,,,,PMI
Craft 9508 PMI 028,Craft,9508,9508,28,,,PMI,"Chick, C J  ",2018,PProvJGD,2022,,,,,,,,"3625, 9546",,,,,,,,,,,,,,,,,,PMI
Craft 9508 PMI 029,Craft,9508,9508,29,,,PMI,"McLellan, M W  ",2019,PPSGD,2021,,,,,,,,"8645, 879",,,,,,,,,,,,,,,,,,PMI
Craft 9508 PMI 030,Craft,9508,9508,30,,,PMI,"Shaw, K J  ",2019,ProvGTyler,2020,Y,,,,,,,8149,,,,,,,,,,,,,,,,,,PMI
Craft 9508 PMI 031,Craft,9508,9508,31,,,PMI,"Lomax, G R  ",2020,PProvSGD,2022,,,,,,,,7300,,,,,,,,,,,,,,,,,,PMI
Craft 9508 PMI 032,Craft,9508,9508,32,,,PMI,"Gale, A P T ",2020,ProvGAlm,2024,Y,,,,,,,622,,,,,,,,,,,,,,,,,,PMI
Craft 9508 PMI 033,Craft,9508,9508,33,,,PMI,"Perkins, A M  ",2020,ProvGLDO,2025,Y,,,,,,,8290,,,,,,,,,,,,,,,,,,PMI
Craft 9508 PMI 034,Craft,9508,9508,34,,,PMI,"Burnham, P S  ",2023,PPJGD,2025,,,,,,,,1266,,,,,,,,,,,,,,,,,,PMI
Craft 9508 PMI 035,Craft,9508,9508,35,,,PMI,"Burstow, M D  ",2023,DepProvGM,2024,Y,,,,,PGSwdB,2025,"3878, 7326, 3221, 1805",,,,,,,,,,,,,,,,,,PMI
Craft 9508 PMI 036,Craft,9508,9508,36,,,PMI,"Lomas, M A  ",2023,PPSGD,2025,,,,,,,,2689,,,,,,,,,,,,,,,,,,PMI
Craft 9508 PMI 037,Craft,9508,9508,37,,,PMI,"Washbourne, A R  ",2023,ProvGChStwd,2025,Y,,,,,,,386,,,,,,,,,,,,,,,,,,PMI
Craft 9508 PMI 038,Craft,9508,9508,38,,,PMI,"Green, T   ",2023,ProvGSec,2024,Y,,,,,PAGDC,2026,7873,,,,,,,,,,,,,,,,,,PMI
Craft 9508 PMI 039,Craft,9508,9508,39,,,PMI,"Sandall, C B  ",2023,ProvSGD,2025,Y,,,,,,,3625,,,,,,,,,,,,,,,,,,PMI
Craft 9508 PMI 040,Craft,9508,9508,40,,,PMI,"Larkin, A J  ",2023,ProvDepGDC,2024,Y,,,,,,,"1641, 6827",,,,,,,,,,,,,,,,,,PMI
Craft 9508 PMI 041,Craft,9508,9508,41,,,PMI,"Ward, A   ",2024,ProvDepGSec,2025,Y,,,,,,,1266,,,,,,,,,,,,,,,,,,PMI
Craft 9508 PMI 042,Craft,9508,9508,42,,,PMI,"Hufano, T   ",2024,PProvGStwd,2023,,,,,,,,8645,,,,,,,,,,,,,,,,,,PMI
Craft 9508 PMI 043,Craft,9508,9508,43,,,PMI,"Tracey, A D  ",2024,PProvGStwd,2023,,,,,,,,170,,,,,,,,,,,,,,,,,,PMI
Craft 9508 PMI 044,Craft,9508,9508,44,,,PMI,"Carter, J C  ",2024,PProvSGW,2023,,,,,,,,170,,,,,,,,,,,,,,,,,,PMI
Craft 9508 PMI 045,Craft,9508,9508,45,,,PMI,"Orridge, A C  ",2024,PProvGStwd,2023,,,,,,,,386,,,,,,,,,,,,,,,,,,PMI
Craft 9508 PMI 046,Craft,9508,9508,46,,,PMI,"Playford, R J  ",2024,ProvGSwdB,2025,Y,,,,,,,9050,,,,,,,,,,,,,,,,,,PMI
Craft 9508 PMI 047,Craft,9508,9508,47,,,PMI,"Tarrant, S D  ",2024,PProvGStwd,2023,,,,,,,,9689,,,,,,,,,,,,,,,,,,PMI
Craft 9508 PMI 048,Craft,9508,9508,48,,,PMI,"Wood, C D  ",2025,PProvGStwd,2024,,,,,,,,707,,,,,,,,,,,,,,,,,,PMI
Craft 9508 PMI 049,Craft,9508,9508,49,,,PMI,"Turner, K M  ",2025,PProvGStwd,2024,,,,,,,,170,,,,,,,,,,,,,,,,,,PMI
Craft 9508 PMI 050,Craft,9508,9508,50,,,PMI,"Shute, C J  ",2025,PProvGStwd,2024,,,,,,,,9689,,,,,,,,,,,,,,,,,,PMI
Craft 9508 PMI 051,Craft,9508,9508,51,,,PMI,"Turner, B D  ",2025,PProvGStwd,2024,,,,,,,,7907,,,,,,,,,,,,,,,,,,PMI
Craft 9508 PMI 052,Craft,9508,9508,52,,,PMI,"Buckley, D L  ",2026,ProvGStwd,2025,Y,,,,,,,665,,,,,,,,,,,,,,,,,,PMI
Craft 9508 PMI 053,Craft,9508,9508,53,,,PMI,"Jaeger, S J H ",2026,ProvGStwd,2025,Y,,,,,,,7986,,,,,,,,,,,,,,,,,,PMI
Craft 9508 PMI 054,Craft,9508,9508,54,,,PMI,"Lacey-Clarke, N B L ",2026,ProvGStwd,2025,Y,,,,,,,1266,,,,,,,,,,,,,,,,,,PMI
Craft 9508 PMO 001,Craft,9508,9508,1,,,PMO,"Howard, D   ",,PProvSGW,2005,,,,,,,,,1999,1999,,,,,,,,,,,,,,,,PMO
Craft 9508 PMO 005,Craft,9508,9508,5,,,PMO,"Kiver, R B  ",,PProvGReg,1993,,,,,,PJGD,2010,,2000,2000,,,,,,,,,,,,,,,,PMO
Craft 9508 PMO 008,Craft,9508,9508,8,,,PMO,"Thomas, G R E ",,PProvSGW,2009,,,,,,PAGDC,2013,,2002,2002,,,,,,,,,,,,,,,,PMO
Craft 9508 PMO 014,Craft,9508,9508,14,,,PMO,"Deakin, C W  ",,PDepProvGM,2010,,,,,,PGSwdB,2011,,2005,2005,,,,,,,,,,,,,,,,PMO
Craft 9508 PMO 018,Craft,9508,9508,18,,,PMO,"Leonard, N J C ",,PDepProvGM,2014,,,,,,PGSwdB,2015,,2006,2006,,,,,,,,,,,,,,,,PMO
Craft 9508 PMO 022,Craft,9508,9508,22,,,PMO,"Haskins, W G  ",,PPSGW,2021,,,,,,,,,2007,2007,,,,,,,,,,,,,,,,PMO
Craft 9508 PMO 024,Craft,9508,9508,24,,,PMO,"Lewis, M J  ",,PPSGW,2012,,,,,,,,,2008,2008,,,,,,,,,,,,,,,,PMO
Craft 9508 PMO 026,Craft,9508,9508,26,,,PMO,"Haines, M V  ",,PProvSGW,2022,,,,,,,,,2011,2011,,,,,,,,,,,,,,,,PMO
Craft 9508 PMO 028,Craft,9508,9508,28,,,PMO,"House, N M D ",,PProvSGW,2012,,,,,,PAGDC,2015,,2013,2013,,,,,,,,,,,,,,,,PMO
Craft 9508 PMO 032,Craft,9508,9508,32,,,PMO,"Unwin, D W  ",,PProvSGW,2015,,,,,,,,,2014,2014,,,,,,,,,,,,,,,,PMO
Craft 9508 PMO 035,Craft,9508,9508,35,,,PMO,"Smith, R   ",,PPSGW,2024,,,,,,,,,2015,2015,,,,,,,,,,,,,,,,PMO
Craft 9508 PMO 038,Craft,9508,9508,38,,,PMO,"Auburn, R I  ",,PPSGW,2023,,,,,,,,,2018,2018,,,,,,,,,,,,,,,,PMO
Craft 9508 PMO 041,Craft,9508,9508,41,,,PMO,"Curley, A   ",,PPSGW,2019,,,,,,,,,"2019, 2021",2019,,,,,,,,,,,,,,,,PMO
Craft 9508 PMO 043,Craft,9508,9508,43,,,PMO,"Aston, E W J ",,PPSGW,2020,,,,,,,,,2023,2023,,,,,,,,,,,,,,,,PMO
Craft 9508 PMO 045,Craft,9508,9508,45,,,PMO,"James, S A  ",,ProvGM,2024,,,,,,ProvGM (Dorset),2024,,2024,2024,,,,,,,,,,,,,,,,PMO
Craft 9508 PMO 049,Craft,9508,9508,49,,,PMO,"Hinsley, M C  ",,PProvGReg,2015,,,,,,PAGDC,2016,,2025,2025,,,,,,,,,,,,,,,,PMO
Craft 9546 Hon 001,Craft,9546,9546,1,,,Hon,"Bonnett, D   ",2025,PPSGW,2023,,,,,,,,,,,,,,,,,,,,,,,,,,Honorary
Craft 9546 Hon 002,Craft,9546,9546,2,,,Hon,"Skipp, R J  ",2001,PPJGW,2025,,,,,,,,,,,,,,,,,,,,,,,,,,Honorary
Craft 9546 Inst 001,Craft,9546,9546,1,,,Inst,,,,,,,,,,,,,,,March 20th 2026,,,,,,,,,,,,,,,DBLodges
Craft 9546 Mem 001,Craft,9546,9546,1,,,Mem,"Parkes, R W  ",1994,PPJGW,2019,,,,,,,,,,,,,,,,,,,,,,,,,,MarkRAMPMI
Craft 9546 Mem 002,Craft,9546,9546,2,,,Mem,"Fletcher, L   ",1996,PPJGW,2021,,,,,,,,,,,,,,,,,,,,,,,,,,MarkRAMPMI
Craft 9546 Mem 003,Craft,9546,9546,3,,,Mem,"Brewer, R F  ",1996,PPJGW,2022,,,,,,,,,,,,,,,,,,,,,,,,,,MarkRAMPMI
Craft 9546 Mem 004,Craft,9546,9546,4,,,Mem,"Bowring, T J  ",1997,PPJGD,2022,,,,,,,,,,,,,,,,,,,,,,,,,,MarkRAMPMI
Craft 9546 Mem 005,Craft,9546,9546,5,,,Mem,"Sandall, D L  ",2002,PPJGW,2019,,,,,,,,,,,,,,,,,,,,,,,,,,MarkRAMPMI
Craft 9546 Mem 006,Craft,9546,9546,6,,,Mem,"Gormley, B J  ",2002,PPGSuptWks,2024,,,,,,,,,,,,,,,,,,,,,,,,,,MarkRAMPMI
Craft 9546 Mem 007,Craft,9546,9546,7,,,Mem,"Croad, B A  ",2003,PPGStB,2020,,,,,,,,,,,,,,,,,,,,,,,,,,MarkRAMPMI
Craft 9546 Mem 008,Craft,9546,9546,8,,,Mem,"Reed, N   ",2003,PPGSuptWks,2025,,,,,,,,,,,,,,,,,,,,,,,,,,MarkRAMPMI
Craft 9546 Mem 009,Craft,9546,9546,9,,,Mem,"Woodland, A D  ",2005,,,,,,,,,,,,,,,,,,,,,,,,,,,,MarkRAMPMI
Craft 9546 Mem 010,Craft,9546,9546,10,,,Mem,"Hogg, S J  ",2006,PPJGD,2021,,,,,,,,,,,,,,,,,,,,,,,,,,MarkRAMPMI
Craft 9546 Mem 011,Craft,9546,9546,11,,,Mem,"Ronald, W N  ",2006,,,,,,,,,,,,,,,,,,,,,,,,,,,,MarkRAMPMI
Craft 9546 Mem 012,Craft,9546,9546,12,,,Mem,"Wyness, N J  ",2007,PPSGD,2022,,,,,,,,,,,,,,,,,,,,,,,,,,MarkRAMPMI
Craft 9546 Mem 013,Craft,9546,9546,13,,,Mem,"Webster, R B  ",2007,PPGStB,2023,,,,,,,,,,,,,,,,,,,,,,,,,,MarkRAMPMI
Craft 9546 Mem 014,Craft,9546,9546,14,,,Mem,"Walker, J M  ",2008,,,,,,,,,,,,,,,,,,,,,,,,,,,,MarkRAMPMI
Craft 9546 Mem 015,Craft,9546,9546,15,,,Mem,"Walker, C J  ",2011,PPJGD,2023,,,,,,,,,,,,,,,,,,,,,,,,,,MarkRAMPMI
Craft 9546 Mem 016,Craft,9546,9546,16,,,Mem,"Crook, A I  ",2013,,,,,,,,,,,,,,,,,,,,,,,,,,,,MarkRAMPMI
Craft 9546 Mem 017,Craft,9546,9546,17,,,Mem,"Boitoult, M A  ",2014,PPJGW,2019,,,,LGR,1996,,,,,,,,,,,,,,,,,,,,,MarkRAMPMI
Craft 9546 Mem 018,Craft,9546,9546,18,,,Mem,"Hunter, K G  ",2014,,,,,,,,,,,,,,,,,,,,,,,,,,,,MarkRAMPMI
Craft 9546 Mem 019,Craft,9546,9546,19,,,Mem,"Ford, M W J ",2014,,,,,,,,,,,,,,,,,,,,,,,,,,,,MarkRAMPMI
Craft 9546 Mem 020,Craft,9546,9546,20,,,Mem,"Anderson, A H  ",2016,,,,,,,,,,,,,,,,,,,,,,,,,,,,MarkRAMPMI
Craft 9546 Mem 021,Craft,9546,9546,21,,,Mem,"Latham, K F  ",2019,,,,,,,,,,,,,,,,,,,,,,,,,,,,MarkRAMPMI
Craft 9546 Mem 022,Craft,9546,9546,22,,,Mem,"Brewer, M   ",2022,,,,,,,,,,,,,,,,,,,,,,,,,,,,MarkRAMPMI
Craft 9546 Mem 023,Craft,9546,9546,23,,,Mem,"Grattan, I E  ",2022,,,,,,,,,,,,,,,,,,,,,,,,,,,,MarkRAMPMI
Craft 9546 Mem 024,Craft,9546,9546,24,,,Mem,"Baker, D N  ",2022,,,,,,,,,,,,,,,,,,,,,,,,,,,,MarkRAMPMI
Craft 9546 Mem 025,Craft,9546,9546,25,,,Mem,"Birks, S J  ",2023,,,,,,,,,,,,,,,,,,,,,,,,,,,,MarkRAMPMI
Craft 9546 Mem 026,Craft,9546,9546,26,,,Mem,"Warden, A K  ",2023,,,,,,,,,,,,,,,,,,,,,,,,,,,,MarkRAMPMI
Craft 9546 Mem 027,Craft,9546,9546,27,,,Mem,"Fowler, P B  ",2025,,,,,,,,,,,,,,,,,,,,,,,,,,,,MarkRAMPMI
Craft 9546 Mem 028,Craft,9546,9546,28,,,Mem,"Hollington, T   ",2025,,,,,,,,,,,,,,,,,,,,,,,,,,,,MarkRAMPMI
Craft 9546 Mem 029,Craft,9546,9546,29,,,Mem,"Page, R E C ",2025,,,,,,,,,,,,,,,,,,,,,,,,,,,,MarkRAMPMI
Craft 9546 Off 001,Craft,9546,9546,1,WM,1,Off,"Anderson, A H  ",2016,,,,,,,,,,,,,,,,,,,,,,,,,,,,Officers
Craft 9546 Off 002,Craft,9546,9546,2,SW,2,Off,"Fowler, P B  ",2025,,,,,,,,,,,,,,,,,,,,,,,,,,,,Officers
Craft 9546 Off 003,Craft,9546,9546,3,JW,3,Off,"Latham, K F  ",2019,,,,,,,,,,,,,,,,,,,,,,,,,,,,Officers
Craft 9546 Off 004,Craft,9546,9546,4,Chap,4,Off,"Bowring, T J  ",1997,,,,,,,,,,,,,,,,,,,,,,,,,,,,Officers
Craft 9546 Off 005,Craft,9546,9546,5,Treas,5,Off,"Baker, D N  ",2022,,,,,,,,,,,,,,,,,,,,,,,,,,,,Officers
Craft 9546 Off 006,Craft,9546,9546,6,Sec,6,Off,"Hogg, S J  ",2006,,,,,,,,,,,,,,,,,,,,,,,,,,,,Officers
Craft 9546 Off 007,Craft,9546,9546,7,DC,7,Off,"Reed, N   ",2003,,,,,,,,,,,,,,,,,,,,,,,,,,,,Officers
Craft 9546 Off 008,Craft,9546,9546,8,Alm,8,Off,Vacant,,,,,,,,,,,,,,,,,,,,,,,,,,,,,Officers
Craft 9546 Off 009,Craft,9546,9546,9,ChStwd,9,Off,"Ford, M W J ",2014,,,,,,,,,,,,,,,,,,,,,,,,,,,,Officers
Craft 9546 Off 010,Craft,9546,9546,10,MO,10,Off,"Fletcher, L   ",1996,,,,,,,,,,,,,,,,,,,,,,,,,,,,Officers
Craft 9546 Off 011,Craft,9546,9546,11,Mentor,11,Off,Vacant,,,,,,,,,,,,,,,,,,,,,,,,,,,,,Officers
Craft 9546 Off 012,Craft,9546,9546,12,SD,12,Off,"Hollington, T   ",2025,,,,,,,,,,,,,,,,,,,,,,,,,,,,Officers
Craft 9546 Off 013,Craft,9546,9546,13,JD,13,Off,"Warden, A K  ",2023,,,,,,,,,,,,,,,,,,,,,,,,,,,,Officers
Craft 9546 Off 014,Craft,9546,9546,14,ADC,14,Off,Vacant,,,,,,,,,,,,,,,,,,,,,,,,,,,,,Officers
Craft 9546 Off 015,Craft,9546,9546,15,Org,15,Off,Vacant,,,,,,,,,,,,,,,,,,,,,,,,,,,,,Officers
Craft 9546 Off 016,Craft,9546,9546,16,ASec,16,Off,Vacant,,,,,,,,,,,,,,,,,,,,,,,,,,,,,Officers
Craft 9546 Off 017,Craft,9546,9546,17,IG,17,Off,"Birks, S J  ",2023,,,,,,,,,,,,,,,,,,,,,,,,,,,,Officers
Craft 9546 Off 018,Craft,9546,9546,18,Stwd,18,Off,Vacant,,,,,,,,,,,,,,,,,,,,,,,,,,,,,Officers
Craft 9546 Off 019,Craft,9546,9546,19,Tyler,19,Off,"Gormley, B J  ",2002,,,,,,,,,,,,,,,,,,,,,,,,,,,,Officers
Craft 9546 PMI 001,Craft,9546,9546,1,,,PMI,"Boitoult, M A  ",2014,PPJGW,2019,,,,LGR,1996,,,"6085, 9272, 7914",,,,,,,,,,,,,,,,,,PMI
Craft 9546 PMI 002,Craft,9546,9546,2,,,PMI,"Fowler, P B  ",2025,,,,,,,,,,8290,,,,,,,,,,,,,,,,,,PMI
Craft 9546 PMO 001,Craft,9546,9546,1,,,PMO,"Fletcher, L   ",,PPJGW,2021,,,,,,,,,"1999, 2000, 2024",1999,,,,,,,,,,,,,,,,PMO
Craft 9546 PMO 003,Craft,9546,9546,3,,,PMO,"Parkes, R W  ",,PPJGW,2019,,,,,,,,,2001,2001,,,,,,,,,,,,,,,,PMO
Craft 9546 PMO 006,Craft,9546,9546,6,,,PMO,"Bonnett, D   ",,PPSGW,2023,,,,,,,,,2002,2002,,,,,,,,,,,,,,,,PMO
Craft 9546 PMO 007,Craft,9546,9546,7,,,PMO,"Bowring, T J  ",,PPJGD,2022,,,,,,,,,2006,2006,,,,,,,,,,,,,,,,PMO
Craft 9546 PMO 008,Craft,9546,9546,8,,,PMO,"Brewer, R F  ",,PPJGW,2022,,,,,,,,,2007,2007,,,,,,,,,,,,,,,,PMO
Craft 9546 PMO 009,Craft,9546,9546,9,,,PMO,"Sandall, D L  ",,PPJGW,2019,,,,,,,,,2009,2009,,,,,,,,,,,,,,,,PMO
Craft 9546 PMO 012,Craft,9546,9546,12,,,PMO,"Gormley, B J  ",,PPGSuptWks,2024,,,,,,,,,2010,2010,,,,,,,,,,,,,,,,PMO
Craft 9546 PMO 013,Craft,9546,9546,13,,,PMO,"Reed, N   ",,PPGSuptWks,2025,,,,,,,,,"2011, 2013",2011,,,,,,,,,,,,,,,,PMO
Craft 9546 PMO 014,Craft,9546,9546,14,,,PMO,"Hogg, S J  ",,PPJGD,2021,,,,,,,,,2014,2014,,,,,,,,,,,,,,,,PMO
Craft 9546 PMO 015,Craft,9546,9546,15,,,PMO,"Wyness, N J  ",,PPSGD,2022,,,,,,,,,2015,2015,,,,,,,,,,,,,,,,PMO
Craft 9546 PMO 016,Craft,9546,9546,16,,,PMO,"Webster, R B  ",,PPGStB,2023,,,,,,,,,2016,2016,,,,,,,,,,,,,,,,PMO
Craft 9546 PMO 017,Craft,9546,9546,17,,,PMO,"Walker, J M  ",,,,,,,,,,,,2018,2018,,,,,,,,,,,,,,,,PMO
Craft 9546 PMO 018,Craft,9546,9546,18,,,PMO,"Walker, C J  ",,PPJGD,2023,,,,,,,,,"2019, 2021",2019,,,,,,,,,,,,,,,,PMO
Craft 9546 PMO 019,Craft,9546,9546,19,,,PMO,"Crook, A I  ",,,,,,,,,,,,2022,2022,,,,,,,,,,,,,,,,PMO
Craft 9546 PMO 020,Craft,9546,9546,20,,,PMO,"Anderson, A H  ",,,,,,,,,,,,2023,2023,,,,,,,,,,,,,,,,PMO
Craft 9649 Hon 001,Craft,9649,9649,1,,,Hon,"Barnes, K H  ",1997,PProvGM,1994,,,,,,PProvGM (Dorset),1994,,,,,,,,,,,,,,,,,,,Honorary
Craft 9649 Hon 002,Craft,9649,9649,2,,,Hon,"Knight, B J  ",1997,PDepProvGM,1994,,,,,,PGSwdB,1995,,,,,,,,,,,,,,,,,,,Honorary
Craft 9649 Inst 001,Craft,9649,9649,1,,,Inst,,,,,,,,,,,,,,,March 12th 2026,,,,,,,,,,,,,,,DBLodges
Craft 9649 Mem 001,Craft,9649,9649,1,,,Mem,"Setchfield, R S  ",2006,PPGReg,2019,,PProvGStB (Middx.),2001,,,,,,,,,,,,,,,,,,,,,,,MarkRAMPMI
Craft 9649 Mem 002,Craft,9649,9649,2,,,Mem,"Garment, C L  ",2007,PPJGW,2025,,PProvJGW (Essex),2018,,,,,,,,,,,,,,,,,,,,,,,MarkRAMPMI
Craft 9649 Mem 003,Craft,9649,9649,3,,,Mem,"Frostick, D J B ",2008,PPDepGDC,2023,,,,,,,,,,,,,,,,,,,,,,,,,,MarkRAMPMI
Craft 9649 Mem 004,Craft,9649,9649,4,,,Mem,"Probert, P F  ",2010,PPGReg,2025,,PProvAGSwdB (Hants. & I. of W.),2009-10,,,,,,,,,,,,,,,,,,,,,,,MarkRAMPMI
Craft 9649 Mem 005,Craft,9649,9649,5,,,Mem,"Wiffen, B G  ",2012,PPGSuptWks,2020,,,,,,,,,,,,,,,,,,,,,,,,,,MarkRAMPMI
Craft 9649 Mem 006,Craft,9649,9649,6,,,Mem,"Lawery, D J  ",2012,PPGStB,2019,,PProvDepGReg (Hants. & I. of W.),2025,,,,,,,,,,,,,,,,,,,,,,,MarkRAMPMI
Craft 9649 Mem 007,Craft,9649,9649,7,,,Mem,"Harding, J W  ",2017,,,,,,SLGR,2010,,,,,,,,,,,,,,,,,,,,,MarkRAMPMI
Craft 9649 Mem 008,Craft,9649,9649,8,,,Mem,"Cooper, G M C ",2018,PPDepGDC,2020,,,,,,,,,,,,,,,,,,,,,,,,,,MarkRAMPMI
Craft 9649 Mem 009,Craft,9649,9649,9,,,Mem,"Fisher, T S  ",2018,,,,,,,,,,,,,,,,,,,,,,,,,,,,MarkRAMPMI
Craft 9649 Mem 010,Craft,9649,9649,10,,,Mem,"Bristow, G W  ",2018,,,,,,SLGR,1999,,,,,,,,,,,,,,,,,,,,,MarkRAMPMI
Craft 9649 Mem 011,Craft,9649,9649,11,,,Mem,"Vaughan, D J  ",2019,PPGStB,2024,,PProvJGD (Hants. & I. of W.),2024,,,,,,,,,,,,,,,,,,,,,,,MarkRAMPMI
Craft 9649 Mem 012,Craft,9649,9649,12,,,Mem,"Wilkins, P V  ",2019,,,,,,,,,,,,,,,,,,,,,,,,,,,,MarkRAMPMI
Craft 9649 Mem 013,Craft,9649,9649,13,,,Mem,"Penfold, R J  ",2021,,,,,,,,,,,,,,,,,,,,,,,,,,,,MarkRAMPMI
Craft 9649 Mem 014,Craft,9649,9649,14,,,Mem,"Harianto, T   ",2021,,,,,,,,,,,,,,,,,,,,,,,,,,,,MarkRAMPMI
Craft 9649 Mem 015,Craft,9649,9649,15,,,Mem,"Rynhart, A W  ",2025,,,,,,,,,,,,,,,,,,,,,,,,,,,,MarkRAMPMI
Craft 9649 Mem 016,Craft,9649,9649,16,,,Mem,"Battle, M D  ",2025,,,,,,SLGR,2007,,,,,,,,,,,,,,,,,,,,,MarkRAMPMI
Craft 9649 Mem 017,Craft,9649,9649,17,,,Mem,"Pottinger, G W  ",2025,,,,,,,,,,,,,,,,,,,,,,,,,,,,MarkRAMPMI
Craft 9649 Mem 018,Craft,9649,9649,18,,,Mem,"Ballard, C T  ",2026,PPJGW,2019,,,,,,,,,,,,,,,,,,,,,,,,,,MarkRAMPMI
Craft 9649 Mem 019,Craft,9649,9649,19,,,Mem,"Smith, R   ",2026,PPSGW,2024,,,,,,,,,,,,,,,,,,,,,,,,,,MarkRAMPMI
Craft 9649 Mem 020,Craft,9649,9649,20,,,Mem,"Craner, D   ",2026,PProvGPurs,2022,,,,,,,,,,,,,,,,,,,,,,,,,,MarkRAMPMI
Craft 9649 Off 001,Craft,9649,9649,1,WM,1,Off,"Harianto, T   ",2021,,,,,,,,,,,,,,,,,,,,,,,,,,,,Officers
Craft 9649 Off 002,Craft,9649,9649,2,SW,2,Off,"Penfold, R J  ",2021,,,,,,,,,,,,,,,,,,,,,,,,,,,,Officers
Craft 9649 Off 003,Craft,9649,9649,3,JW,3,Off,"Pottinger, G W  ",2025,,,,,,,,,,,,,,,,,,,,,,,,,,,,Officers
Craft 9649 Off 004,Craft,9649,9649,4,Chap,4,Off,"Frostick, D J B ",2008,,,,,,,,,,,,,,,,,,,,,,,,,,,,Officers
Craft 9649 Off 005,Craft,9649,9649,5,Treas,5,Off,"Setchfield, R S  ",2006,,,,,,,,,,,,,,,,,,,,,,,,,,,,Officers
Craft 9649 Off 006,Craft,9649,9649,6,Sec,6,Off,"Cooper, G M C ",2018,,,,,,,,,,,,,,,,,,,,,,,,,,,,Officers
Craft 9649 Off 007,Craft,9649,9649,7,DC,7,Off,"Harding, J W  ",2017,,,,,,,,,,,,,,,,,,,,,,,,,,,,Officers
Craft 9649 Off 008,Craft,9649,9649,8,Alm,8,Off,"Vaughan, D J  ",2019,,,,,,,,,,,,,,,,,,,,,,,,,,,,Officers
Craft 9649 Off 009,Craft,9649,9649,9,ChStwd,9,Off,"Smith, R   ",2026,,,,,,,,,,,,,,,,,,,,,,,,,,,,Officers
Craft 9649 Off 010,Craft,9649,9649,10,MO,10,Off,"Cooper, G M C ",2018,,,,,,,,,,,,,,,,,,,,,,,,,,,,Officers
Craft 9649 Off 011,Craft,9649,9649,11,Mentor,11,Off,"Probert, P F  ",2010,,,,,,,,,,,,,,,,,,,,,,,,,,,,Officers
Craft 9649 Off 012,Craft,9649,9649,12,SD,12,Off,Vacant,,,,,,,,,,,,,,,,,,,,,,,,,,,,,Officers
Craft 9649 Off 013,Craft,9649,9649,13,JD,13,Off,"Battle, M D  ",2025,,,,,,,,,,,,,,,,,,,,,,,,,,,,Officers
Craft 9649 Off 014,Craft,9649,9649,14,ADC,14,Off,"Probert, P F  ",2010,,,,,,,,,,,,,,,,,,,,,,,,,,,,Officers
Craft 9649 Off 015,Craft,9649,9649,15,Org,15,Off,"Wilkins, P V  ",2019,,,,,,,,,,,,,,,,,,,,,,,,,,,,Officers
Craft 9649 Off 016,Craft,9649,9649,16,ASec,16,Off,Vacant,,,,,,,,,,,,,,,,,,,,,,,,,,,,,Officers
Craft 9649 Off 017,Craft,9649,9649,17,IG,17,Off,"Rynhart, A W  ",2025,,,,,,,,,,,,,,,,,,,,,,,,,,,,Officers
Craft 9649 Off 018,Craft,9649,9649,18,Stwd,18,Off,Vacant,,,,,,,,,,,,,,,,,,,,,,,,,,,,,Officers
Craft 9649 Off 019,Craft,9649,9649,19,Tyler,19,Off,"Wiffen, B G  ",2012,,,,,,,,,,,,,,,,,,,,,,,,,,,,Officers
Craft 9649 PMI 001,Craft,9649,9649,1,,,PMI,"Garment, C L  ",2007,PPJGW,2025,,PProvJGW (Essex),2018,,,,,"2255, 3521",,,,,,,,,,,,,,,,,,PMI
Craft 9649 PMI 002,Craft,9649,9649,2,,,PMI,"Bristow, G W  ",2018,,,,,,SLGR,1999,,,3265,,,,,,,,,,,,,,,,,,PMI
Craft 9649 PMI 003,Craft,9649,9649,3,,,PMI,"Rynhart, A W  ",2025,,,,,,,,,,3521,,,,,,,,,,,,,,,,,,PMI
Craft 9649 PMI 004,Craft,9649,9649,4,,,PMI,"Battle, M D  ",2025,,,,,,SLGR,2007,,,4049,,,,,,,,,,,,,,,,,,PMI
Craft 9649 PMI 005,Craft,9649,9649,5,,,PMI,"Smith, R   ",2026,PPSGW,2024,,,,,,,,"8641, 9508",,,,,,,,,,,,,,,,,,PMI
Craft 9649 PMI 006,Craft,9649,9649,6,,,PMI,"Craner, D   ",2026,PProvGPurs,2022,,,,,,,,1367,,,,,,,,,,,,,,,,,,PMI
Craft 9649 PMO 001,Craft,9649,9649,1,,,PMO,"Setchfield, R S  ",,PPGReg,2019,,PProvGStB (Middx.),2001,,,,,,2010,2010,,,,,,,,,,,,,,,,PMO
Craft 9649 PMO 004,Craft,9649,9649,4,,,PMO,"Frostick, D J B ",,PPDepGDC,2023,,,,,,,,,2012,2012,,,,,,,,,,,,,,,,PMO
Craft 9649 PMO 006,Craft,9649,9649,6,,,PMO,"Ballard, C T  ",,PPJGW,2019,,,,,,,,,2014,2014,,,,,,,,,,,,,,,,PMO
Craft 9649 PMO 009,Craft,9649,9649,9,,,PMO,"Probert, P F  ",,PPGReg,2025,,PProvAGSwdB (Hants. & I. of W.),2009-10,,,,,,2016,2016,,,,,,,,,,,,,,,,PMO
Craft 9649 PMO 011,Craft,9649,9649,11,,,PMO,"Wiffen, B G  ",,PPGSuptWks,2020,,,,,,,,,2017,2017,,,,,,,,,,,,,,,,PMO
Craft 9649 PMO 014,Craft,9649,9649,14,,,PMO,"Lawery, D J  ",,PPGStB,2019,,PProvDepGReg (Hants. & I. of W.),2025,,,,,,2018,2018,,,,,,,,,,,,,,,,PMO
Craft 9649 PMO 015,Craft,9649,9649,15,,,PMO,"Harding, J W  ",,,,,,,SLGR,2010,,,,2022,2022,,,,,,,,,,,,,,,,PMO
Craft 9649 PMO 016,Craft,9649,9649,16,,,PMO,"Cooper, G M C ",,PPDepGDC,2020,,,,,,,,,2023,2023,,,,,,,,,,,,,,,,PMO
Craft 9649 PMO 017,Craft,9649,9649,17,,,PMO,"Fisher, T S  ",,,,,,,,,,,,2024,2024,,,,,,,,,,,,,,,,PMO
Craft 9649 PMO 018,Craft,9649,9649,18,,,PMO,"Vaughan, D J  ",,PPGStB,2024,,PProvJGD (Hants. & I. of W.),2024,,,,,,2025,2025,,,,,,,,,,,,,,,,PMO
Craft 9689 Hon 001,Craft,9689,9689,1,,,Hon,"Barnes, K H  ",1999,PProvGM,1994,,,,,,PProvGM (Dorset),1994,,,,,,,,,,,,,,,,,,,Honorary
Craft 9689 Hon 002,Craft,9689,9689,2,,,Hon,"Knight, B J  ",1999,PDepProvGM,1994,,,,,,PGSwdB,1995,,,,,,,,,,,,,,,,,,,Honorary
Craft 9689 Inst 001,Craft,9689,9689,1,,,Inst,,,,,,,,,,,,,,,February 14th 2026,,,,,,,,,,,,,,,DBLodges
Craft 9689 Mem 001,Craft,9689,9689,1,,,Mem,"Dunford, D   ",1999,PProvJGW,2004,,,,,,,,,,,,,,,,,,,,,,,,,,MarkRAMPMI
Craft 9689 Mem 002,Craft,9689,9689,2,,,Mem,"Burt, D B F ",1999,PProvSGW,2004,,,,,,,,,,,,,,,,,,,,,,,,,,MarkRAMPMI
Craft 9689 Mem 003,Craft,9689,9689,3,,,Mem,"Brown, C M  ",1999,PPGSwdB,2022,,,,SLGR,2025,,,,,,,,,,,,,,,,,,,,,MarkRAMPMI
Craft 9689 Mem 004,Craft,9689,9689,4,,,Mem,"Auburn, R I  ",1999,PPSGW,2023,,,,,,,,,,,,,,,,,,,,,,,,,,MarkRAMPMI
Craft 9689 Mem 005,Craft,9689,9689,5,,,Mem,"Byers, J E  ",1999,PPJGW,2021,,PProvSGD (Surrey),2012,,,,,,,,,,,,,,,,,,,,,,,MarkRAMPMI
Craft 9689 Mem 006,Craft,9689,9689,6,,,Mem,"Old, K C  ",1999,PPGSuptWks,2021,,,,,,,,,,,,,,,,,,,,,,,,,,MarkRAMPMI
Craft 9689 Mem 007,Craft,9689,9689,7,,,Mem,"Shaw, F J  ",1999,PPSGW,2011,,,,,,,,,,,,,,,,,,,,,,,,,,MarkRAMPMI
Craft 9689 Mem 008,Craft,9689,9689,8,,,Mem,"Micklefield, R F  ",1999,PPJGW,2019,,,,LGR,2005,,,,,,,,,,,,,,,,,,,,,MarkRAMPMI
Craft 9689 Mem 009,Craft,9689,9689,9,,,Mem,"Deacon, C T  ",1999,PPGSuptWks,2025,,,,,,,,,,,,,,,,,,,,,,,,,,MarkRAMPMI
Craft 9689 Mem 010,Craft,9689,9689,10,,,Mem,"Carter, D E  ",1999,PPJGW,2009,,PProvJGW (Hants. & I. of W.),2012,,,,,,,,,,,,,,,,,,,,,,,MarkRAMPMI
Craft 9689 Mem 011,Craft,9689,9689,11,,,Mem,"Clay, D F  ",1999,PPGReg,2022,,,,LGR,2004,,,,,,,,,,,,,,,,,,,,,MarkRAMPMI
Craft 9689 Mem 012,Craft,9689,9689,12,,,Mem,"Stevenson, R J  ",2002,PPGSuptWks,2025,,,,,,,,,,,,,,,,,,,,,,,,,,MarkRAMPMI
Craft 9689 Mem 013,Craft,9689,9689,13,,,Mem,"Witt, C D  ",2005,PProvDepGDC,2023,,,,,,,,,,,,,,,,,,,,,,,,,,MarkRAMPMI
Craft 9689 Mem 014,Craft,9689,9689,14,,,Mem,"Witt, A R  ",2007,PProvAGDC,2022,,,,,,,,,,,,,,,,,,,,,,,,,,MarkRAMPMI
Craft 9689 Mem 015,Craft,9689,9689,15,,,Mem,"Marsden, S   ",2007,PPGStB,2022,,,,,,,,,,,,,,,,,,,,,,,,,,MarkRAMPMI
Craft 9689 Mem 016,Craft,9689,9689,16,,,Mem,"Riggs, D A L ",2007,PPGStB,2025,,,,,,,,,,,,,,,,,,,,,,,,,,MarkRAMPMI
Craft 9689 Mem 017,Craft,9689,9689,17,,,Mem,"Parkes, M R  ",2008,AsstProvGM,2022,Y,,,,,,,,,,,,,,,,,,,,,,,,,MarkRAMPMI
Craft 9689 Mem 018,Craft,9689,9689,18,,,Mem,"Regan, S P  ",2008,PPJGD,2023,,,,,,,,,,,,,,,,,,,,,,,,,,MarkRAMPMI
Craft 9689 Mem 019,Craft,9689,9689,19,,,Mem,"Belding, A R M ",2009,PProvJGD,2023,,,,,,,,,,,,,,,,,,,,,,,,,,MarkRAMPMI
Craft 9689 Mem 020,Craft,9689,9689,20,,,Mem,"Quant, S P  ",2009,,,,PProvSGW (Oxon.),2013-14,LGR,2012,,,,,,,,,,,,,,,,,,,,,MarkRAMPMI
Craft 9689 Mem 021,Craft,9689,9689,21,,,Mem,"Parsons, M W  ",2009,,,,,,,,,,,,,,,,,,,,,,,,,,,,MarkRAMPMI
Craft 9689 Mem 022,Craft,9689,9689,22,,,Mem,"Tarrant, S D  ",2010,PProvGStwd,2023,,,,,,,,,,,,,,,,,,,,,,,,,,MarkRAMPMI
Craft 9689 Mem 023,Craft,9689,9689,23,,,Mem,"Root, C C  ",2013,,,,,,,,,,,,,,,,,,,,,,,,,,,,MarkRAMPMI
Craft 9689 Mem 024,Craft,9689,9689,24,,,Mem,"Root, P D  ",2013,,,,,,,,,,,,,,,,,,,,,,,,,,,,MarkRAMPMI
Craft 9689 Mem 025,Craft,9689,9689,25,,,Mem,"Shute, C J  ",2015,PProvGStwd,2024,,,,,,,,,,,,,,,,,,,,,,,,,,MarkRAMPMI
Craft 9689 Mem 026,Craft,9689,9689,26,,,Mem,"Playford, R J  ",2015,ProvGSwdB,2025,Y,,,,,,,,,,,,,,,,,,,,,,,,,MarkRAMPMI
Craft 9689 Mem 027,Craft,9689,9689,27,,,Mem,"Micklefield, O J F ",2015,,,,,,,,,,,,,,,,,,,,,,,,,,,,MarkRAMPMI
Craft 9689 Mem 028,Craft,9689,9689,28,,,Mem,"King, M D  ",2016,,,,PProvJGW (Hants. & I. of W.),2024,,,,,,,,,,,,,,,,,,,,,,,MarkRAMPMI
Craft 9689 Mem 029,Craft,9689,9689,29,,,Mem,"Bennett, S J  ",2017,,,,,,,,,,,,,,,,,,,,,,,,,,,,MarkRAMPMI
Craft 9689 Mem 030,Craft,9689,9689,30,,,Mem,"Markwick, G A  ",2018,,,,,,,,,,,,,,,,,,,,,,,,,,,,MarkRAMPMI
Craft 9689 Mem 031,Craft,9689,9689,31,,,Mem,"Smith, S W  ",2018,,,,,,,,,,,,,,,,,,,,,,,,,,,,MarkRAMPMI
Craft 9689 Mem 032,Craft,9689,9689,32,,,Mem,"Rolfe, I   ",2019,,,,,,,,,,,,,,,,,,,,,,,,,,,,MarkRAMPMI
Craft 9689 Mem 033,Craft,9689,9689,33,,,Mem,"Witt, S C  ",2019,,,,,,,,,,,,,,,,,,,,,,,,,,,,MarkRAMPMI
Craft 9689 Mem 034,Craft,9689,9689,34,,,Mem,"Witt, S D  ",2022,,,,,,,,,,,,,,,,,,,,,,,,,,,,MarkRAMPMI
Craft 9689 Mem 035,Craft,9689,9689,35,,,Mem,"Lloyd, G H  ",2022,,,,,,,,,,,,,,,,,,,,,,,,,,,,MarkRAMPMI
Craft 9689 Mem 036,Craft,9689,9689,36,,,Mem,"Winchester, M P  ",2023,,,,,,,,,,,,,,,,,,,,,,,,,,,,MarkRAMPMI
Craft 9689 Mem 037,Craft,9689,9689,37,,,Mem,"Winchester, J M P ",2023,,,,,,,,,,,,,,,,,,,,,,,,,,,,MarkRAMPMI
Craft 9689 Mem 038,Craft,9689,9689,38,,,Mem,"Savage, R J  ",2024,,,,,,,,,,,,,,,,,,,,,,,,,,,,MarkRAMPMI
Craft 9689 Mem 039,Craft,9689,9689,39,,,Mem,"Poultney, D C  ",2025,,,,,,,,,,,,,,,,,,,,,,,,,,,,MarkRAMPMI
Craft 9689 Mem 040,Craft,9689,9689,40,,,Mem,"Hewitt, A J  ",2025,,,,,,,,,,,,,,,,,,,,,,,,,,,,MarkRAMPMI
Craft 9689 Off 001,Craft,9689,9689,1,WM,1,Off,"Parkes, M R  ",2008,,,,,,,,,,,,,,,,,,,,,,,,,,,,Officers
Craft 9689 Off 002,Craft,9689,9689,2,SW,2,Off,"Witt, S C  ",2019,,,,,,,,,,,,,,,,,,,,,,,,,,,,Officers
Craft 9689 Off 003,Craft,9689,9689,3,JW,3,Off,"Lloyd, G H  ",2022,,,,,,,,,,,,,,,,,,,,,,,,,,,,Officers
Craft 9689 Off 004,Craft,9689,9689,4,Chap,4,Off,"Regan, S P  ",2008,,,,,,,,,,,,,,,,,,,,,,,,,,,,Officers
Craft 9689 Off 005,Craft,9689,9689,5,Treas,5,Off,"Belding, A R M ",2009,,,,,,,,,,,,,,,,,,,,,,,,,,,,Officers
Craft 9689 Off 006,Craft,9689,9689,6,Sec,6,Off,"Root, P D  ",2013,,,,,,,,,,,,,,,,,,,,,,,,,,,,Officers
Craft 9689 Off 007,Craft,9689,9689,7,DC,7,Off,"Tarrant, S D  ",2010,,,,,,,,,,,,,,,,,,,,,,,,,,,,Officers
Craft 9689 Off 008,Craft,9689,9689,8,Alm,8,Off,"Markwick, G A  ",2018,,,,,,,,,,,,,,,,,,,,,,,,,,,,Officers
Craft 9689 Off 009,Craft,9689,9689,9,ChStwd,9,Off,"Witt, A R  ",2007,,,,,,,,,,,,,,,,,,,,,,,,,,,,Officers
Craft 9689 Off 010,Craft,9689,9689,10,MO,10,Off,"Playford, R J  ",2015,,,,,,,,,,,,,,,,,,,,,,,,,,,,Officers
Craft 9689 Off 011,Craft,9689,9689,11,Mentor,11,Off,"Stevenson, R J  ",2002,,,,,,,,,,,,,,,,,,,,,,,,,,,,Officers
Craft 9689 Off 012,Craft,9689,9689,12,SD,12,Off,"Root, C C  ",2013,,,,,,,,,,,,,,,,,,,,,,,,,,,,Officers
Craft 9689 Off 013,Craft,9689,9689,13,JD,13,Off,"Micklefield, O J F ",2015,,,,,,,,,,,,,,,,,,,,,,,,,,,,Officers
Craft 9689 Off 014,Craft,9689,9689,14,ADC,14,Off,"Shute, C J  ",2015,,,,,,,,,,,,,,,,,,,,,,,,,,,,Officers
Craft 9689 Off 015,Craft,9689,9689,15,Org,15,Off,Vacant,,,,,,,,,,,,,,,,,,,,,,,,,,,,,Officers
Craft 9689 Off 016,Craft,9689,9689,16,ASec,16,Off,"Savage, R J  ",2024,,,,,,,,,,,,,,,,,,,,,,,,,,,,Officers
Craft 9689 Off 017,Craft,9689,9689,17,IG,17,Off,"Smith, S W  ",2018,,,,,,,,,,,,,,,,,,,,,,,,,,,,Officers
Craft 9689 Off 018,Craft,9689,9689,18,Stwd,18,Off,"Rolfe, I   ",2019,,,,,,,,,,,,,,,,,,,,,,,,,,,,Officers
Craft 9689 Off 019,Craft,9689,9689,19,Stwd,18,Off,"Witt, S D  ",2022,,,,,,,,,,,,,,,,,,,,,,,,,,,,Officers
Craft 9689 Off 020,Craft,9689,9689,20,Stwd,18,Off,"Winchester, J M P ",2023,,,,,,,,,,,,,,,,,,,,,,,,,,,,Officers
Craft 9689 Off 021,Craft,9689,9689,21,Stwd,18,Off,"Winchester, M P  ",2023,,,,,,,,,,,,,,,,,,,,,,,,,,,,Officers
Craft 9689 Off 022,Craft,9689,9689,22,Stwd,18,Off,"Poultney, D C  ",2025,,,,,,,,,,,,,,,,,,,,,,,,,,,,Officers
Craft 9689 Off 023,Craft,9689,9689,23,Stwd,18,Off,"Hewitt, A J  ",2025,,,,,,,,,,,,,,,,,,,,,,,,,,,,Officers
Craft 9689 Off 024,Craft,9689,9689,24,Tyler,19,Off,"Moorley, C J  ",,,,,,,,,,,,,,,,,,,,,,,,,,,,,Officers
Craft 9689 PMI 001,Craft,9689,9689,1,,,PMI,"Shaw, F J  ",1999,PPSGW,2011,,,,,,PAGDC,2013,"3878, 3366",,,,,,,,,,,,,,,,,,PMI
Craft 9689 PMI 002,Craft,9689,9689,2,,,PMI,"Deacon, C T  ",1999,PPGSuptWks,2025,,,,,,,,707,,,,,,,,,,,,,,,,,,PMI
Craft 9689 PMI 003,Craft,9689,9689,3,,,PMI,"Byers, J E  ",1999,PPJGW,2021,,PProvSGD (Surrey),2012,,,,,"9177, 6136",,,,,,,,,,,,,,,,,,PMI
Craft 9689 PMI 004,Craft,9689,9689,4,,,PMI,"Carter, D E  ",1999,PPJGW,2009,,PProvJGW (Hants. & I. of W.),2012,,,,,6959,,,,,,,,,,,,,,,,,,PMI
Craft 9689 PMI 005,Craft,9689,9689,5,,,PMI,"Marsden, S   ",2007,PPGStB,2022,,,,,,,,6959,,,,,,,,,,,,,,,,,,PMI
Craft 9689 PMI 006,Craft,9689,9689,6,,,PMI,"Regan, S P  ",2008,PPJGD,2023,,,,,,,,8684,,,,,,,,,,,,,,,,,,PMI
Craft 9689 PMI 007,Craft,9689,9689,7,,,PMI,"Micklefield, O J F ",2015,,,,,,,,,,8448,,,,,,,,,,,,,,,,,,PMI
Craft 9689 PMI 008,Craft,9689,9689,8,,,PMI,"Playford, R J  ",2015,ProvGSwdB,2025,Y,,,,,,,9050,,,,,,,,,,,,,,,,,,PMI
Craft 9689 PMI 009,Craft,9689,9689,9,,,PMI,"King, M D  ",2016,,,,PProvJGW (Hants. & I. of W.),2024,,,,,"4460, 9072",,,,,,,,,,,,,,,,,,PMI
Craft 9689 PMO 001,Craft,9689,9689,1,,,PMO,"Burt, D B F ",,PProvSGW,2004,,,,,,,,,1999,1999,,,,,,,,,,,,,,,,PMO
Craft 9689 PMO 005,Craft,9689,9689,5,,,PMO,"Micklefield, R F  ",,PPJGW,2019,,,,LGR,2005,,,,2000,2000,,,,,,,,,,,,,,,,PMO
Craft 9689 PMO 008,Craft,9689,9689,8,,,PMO,"Dunford, D   ",,PProvJGW,2004,,,,,,PAGDC,2018,,2003,2003,,,,,,,,,,,,,,,,PMO
Craft 9689 PMO 010,Craft,9689,9689,10,,,PMO,"Old, K C  ",,PPGSuptWks,2021,,,,,,,,,2007,2007,,,,,,,,,,,,,,,,PMO
Craft 9689 PMO 012,Craft,9689,9689,12,,,PMO,"Auburn, R I  ",,PPSGW,2023,,,,,,,,,2008,2008,,,,,,,,,,,,,,,,PMO
Craft 9689 PMO 015,Craft,9689,9689,15,,,PMO,"Brown, C M  ",,PPGSwdB,2022,,,,SLGR,2025,,,,2009,2009,,,,,,,,,,,,,,,,PMO
Craft 9689 PMO 016,Craft,9689,9689,16,,,PMO,"Clay, D F  ",,PPGReg,2022,,,,LGR,2004,,,,2010,2010,,,,,,,,,,,,,,,,PMO
Craft 9689 PMO 017,Craft,9689,9689,17,,,PMO,"Stevenson, R J  ",,PPGSuptWks,2025,,,,,,,,,2011,2011,,,,,,,,,,,,,,,,PMO
Craft 9689 PMO 018,Craft,9689,9689,18,,,PMO,"Witt, C D  ",,PProvDepGDC,2023,,,,,,,,,2012,2012,,,,,,,,,,,,,,,,PMO
Craft 9689 PMO 020,Craft,9689,9689,20,,,PMO,"Witt, A R  ",,PProvAGDC,2022,,,,,,,,,2015,2015,,,,,,,,,,,,,,,,PMO
Craft 9689 PMO 021,Craft,9689,9689,21,,,PMO,"Quant, S P  ",,,,,PProvSGW (Oxon.),2013-14,LGR,2012,PGStB,2020,,2016,2016,,,,,,,,,,,,,,,,PMO
Craft 9689 PMO 023,Craft,9689,9689,23,,,PMO,"Riggs, D A L ",,PPGStB,2025,,,,,,,,,2017,2017,,,,,,,,,,,,,,,,PMO
Craft 9689 PMO 025,Craft,9689,9689,25,,,PMO,"Parkes, M R  ",,AsstProvGM,2022,,,,,,PSGD,2025,,2018,2018,,,,,,,,,,,,,,,,PMO
Craft 9689 PMO 030,Craft,9689,9689,30,,,PMO,"Belding, A R M ",,PProvJGD,2023,,,,,,,,,"2019, 2024",2019,,,,,,,,,,,,,,,,PMO
Craft 9689 PMO 031,Craft,9689,9689,31,,,PMO,"Tarrant, S D  ",,PProvGStwd,2023,,,,,,,,,"2020, 2021",2020,,,,,,,,,,,,,,,,PMO
Craft 9689 PMO 033,Craft,9689,9689,33,,,PMO,"Root, P D  ",,,,,,,,,,,,2022,2022,,,,,,,,,,,,,,,,PMO
Craft 9689 PMO 034,Craft,9689,9689,34,,,PMO,"Shute, C J  ",,PProvGStwd,2024,,,,,,,,,2023,2023,,,,,,,,,,,,,,,,PMO
Craft 9689 PMO 036,Craft,9689,9689,36,,,PMO,"Markwick, G A  ",,,,,,,,,,,,2025,2025,,,,,,,,,,,,,,,,PMO
Craft 9727 Hon 001,Craft,9727,9727,1,,,Hon,"Barnes, K H  ",2001,PProvGM,1994,,,,,,PProvGM (Dorset),1994,,,,,,,,,,,,,,,,,,,Honorary
Craft 9727 Hon 002,Craft,9727,9727,2,,,Hon,"Knight, B J  ",2001,PDepProvGM,1994,,,,,,PGSwdB,1995,,,,,,,,,,,,,,,,,,,Honorary
Craft 9727 Hon 003,Craft,9727,9727,3,,,Hon,"Lee, L G  ",2015,PProvAGDC,2011,,PProvJGD (Hants. & I. of W.),2025,,,,,,,,,,,,,,,,,,,,,,,Honorary
Craft 9727 Hon 004,Craft,9727,9727,4,,,Hon,"Reeves, B   ",2006,PPDepGDC,2025,,,,,,,,,,,,,,,,,,,,,,,,,,Honorary
Craft 9727 Inst 001,Craft,9727,9727,1,,,Inst,,,,,,,,,,,,,,,February 5th 2026,,,,,,,,,,,,,,,DBLodges
Craft 9727 Mem 001,Craft,9727,9727,1,,,Mem,"Thorne, G C  ",2001,PPGReg,2009,,,,,,,,,,,,,,,,,,,,,,,,,,MarkRAMPMI
Craft 9727 Mem 002,Craft,9727,9727,2,,,Mem,"Soutar, S P J ",2008,PProvGStB,2017,,,,,,,,,,,,,,,,,,,,,,,,,,MarkRAMPMI
Craft 9727 Mem 003,Craft,9727,9727,3,,,Mem,"Gilmore, T O  ",2015,PPGStB,2025,,,,,,,,,,,,,,,,,,,,,,,,,,MarkRAMPMI
Craft 9727 Mem 004,Craft,9727,9727,4,,,Mem,"King, C J  ",2016,PPGStB,2019,,,,,,,,,,,,,,,,,,,,,,,,,,MarkRAMPMI
Craft 9727 Mem 005,Craft,9727,9727,5,,,Mem,"Evans, D J  ",2017,,,,,,,,,,,,,,,,,,,,,,,,,,,,MarkRAMPMI
Craft 9727 Mem 006,Craft,9727,9727,6,,,Mem,"Harding, D A N ",2017,,,,,,,,,,,,,,,,,,,,,,,,,,,,MarkRAMPMI
Craft 9727 Mem 007,Craft,9727,9727,7,,,Mem,"Ainsworth, P J  ",2018,,,,,,,,,,,,,,,,,,,,,,,,,,,,MarkRAMPMI
Craft 9727 Mem 008,Craft,9727,9727,8,,,Mem,"Attwooll, J P  ",2018,,,,,,,,,,,,,,,,,,,,,,,,,,,,MarkRAMPMI
Craft 9727 Mem 009,Craft,9727,9727,9,,,Mem,"Harper, M J  ",2020,,,,,,,,,,,,,,,,,,,,,,,,,,,,MarkRAMPMI
Craft 9727 Mem 010,Craft,9727,9727,10,,,Mem,"Hunt, D P  ",2021,,,,,,,,,,,,,,,,,,,,,,,,,,,,MarkRAMPMI
Craft 9727 Mem 011,Craft,9727,9727,11,,,Mem,"Hand, A J  ",2021,,,,,,,,,,,,,,,,,,,,,,,,,,,,MarkRAMPMI
Craft 9727 Mem 012,Craft,9727,9727,12,,,Mem,"Welch, P W  ",2021,,,,,,,,,,,,,,,,,,,,,,,,,,,,MarkRAMPMI
Craft 9727 Mem 013,Craft,9727,9727,13,,,Mem,"Burridge, D R  ",2022,,,,PProvAGDC (Hants. & I. of W.),2019,,,,,,,,,,,,,,,,,,,,,,,MarkRAMPMI
Craft 9727 Mem 014,Craft,9727,9727,14,,,Mem,"Baggett, P B  ",2024,PPAGDC,2025,,,,,,,,,,,,,,,,,,,,,,,,,,MarkRAMPMI
Craft 9727 Mem 015,Craft,9727,9727,15,,,Mem,"Martin, D J  ",2024,PPJGD,2024,,,,,,,,,,,,,,,,,,,,,,,,,,MarkRAMPMI
Craft 9727 Mem 016,Craft,9727,9727,16,,,Mem,"Bennett, L F W ",2024,,,,,,,,,,,,,,,,,,,,,,,,,,,,MarkRAMPMI
Craft 9727 Mem 017,Craft,9727,9727,17,,,Mem,"Pereira, A J  ",2024,,,,,,,,,,,,,,,,,,,,,,,,,,,,MarkRAMPMI
Craft 9727 Mem 018,Craft,9727,9727,18,,,Mem,"Vigar, J E  ",2024,,,,,,,,,,,,,,,,,,,,,,,,,,,,MarkRAMPMI
Craft 9727 Mem 019,Craft,9727,9727,19,,,Mem,"Martin, K   ",2024,,,,,,,,,,,,,,,,,,,,,,,,,,,,MarkRAMPMI
Craft 9727 Mem 020,Craft,9727,9727,20,,,Mem,"Wills, T L  ",2024,,,,PProvGReg (Wilts.),2022,,,,,,,,,,,,,,,,,,,,,,,MarkRAMPMI
Craft 9727 Mem 021,Craft,9727,9727,21,,,Mem,"Green, T R  ",2025,,,,,,,,,,,,,,,,,,,,,,,,,,,,MarkRAMPMI
Craft 9727 Mem 022,Craft,9727,9727,22,,,Mem,"Clarkson, R G  ",2025,PProvSGD,2023,,,,,,,,,,,,,,,,,,,,,,,,,,MarkRAMPMI
Craft 9727 Mem 023,Craft,9727,9727,23,,,Mem,"Vickers, J A  ",2025,,,,,,,,,,,,,,,,,,,,,,,,,,,,MarkRAMPMI
Craft 9727 Mem 024,Craft,9727,9727,24,,,Mem,"Shorey, I   ",2025,,,,,,,,,,,,,,,,,,,,,,,,,,,,MarkRAMPMI
Craft 9727 Mem 025,Craft,9727,9727,25,,,Mem,"Moule, N A  ",2025,PPGStB,2018,,,,,,,,,,,,,,,,,,,,,,,,,,MarkRAMPMI
Craft 9727 Mem 026,Craft,9727,9727,26,,,Mem,"Fowler, P B  ",2025,,,,,,,,,,,,,,,,,,,,,,,,,,,,MarkRAMPMI
Craft 9727 Mem 027,Craft,9727,9727,27,,,Mem,"Witt, C D  ",2025,PProvDepGDC,2023,,,,,,,,,,,,,,,,,,,,,,,,,,MarkRAMPMI
Craft 9727 Mem 028,Craft,9727,9727,28,,,Mem,"Burridge, D S  ",2026,,,,,,,,,,,,,,,,,,,,,,,,,,,,MarkRAMPMI
Craft 9727 Mem 029,Craft,9727,9727,29,,,Mem,"Humphries, K S  ",2026,,,,,,,,,,,,,,,,,,,,,,,,,,,,MarkRAMPMI
Craft 9727 Off 001,Craft,9727,9727,1,WM,1,Off,"Harper, M J  ",2020,,,,,,,,,,,,,,,,,,,,,,,,,,,,Officers
Craft 9727 Off 002,Craft,9727,9727,2,SW,2,Off,"Pereira, A J  ",2024,,,,,,,,,,,,,,,,,,,,,,,,,,,,Officers
Craft 9727 Off 003,Craft,9727,9727,3,JW,3,Off,"Burridge, D R  ",2022,,,,,,,,,,,,,,,,,,,,,,,,,,,,Officers
Craft 9727 Off 004,Craft,9727,9727,4,Chap,4,Off,"Gilmore, T O  ",2015,,,,,,,,,,,,,,,,,,,,,,,,,,,,Officers
Craft 9727 Off 005,Craft,9727,9727,5,Treas,5,Off,"Moule, N A  ",2025,,,,,,,,,,,,,,,,,,,,,,,,,,,,Officers
Craft 9727 Off 006,Craft,9727,9727,6,Sec,6,Off,"Martin, D J  ",2024,,,,,,,,,,,,,,,,,,,,,,,,,,,,Officers
Craft 9727 Off 007,Craft,9727,9727,7,DC,7,Off,"Witt, C D  ",2025,,,,,,,,,,,,,,,,,,,,,,,,,,,,Officers
Craft 9727 Off 008,Craft,9727,9727,8,Alm,8,Off,"Gilmore, T O  ",2015,,,,,,,,,,,,,,,,,,,,,,,,,,,,Officers
Craft 9727 Off 009,Craft,9727,9727,9,ChStwd,9,Off,"Hunt, D P  ",2021,,,,,,,,,,,,,,,,,,,,,,,,,,,,Officers
Craft 9727 Off 010,Craft,9727,9727,10,MO,10,Off,"Hand, A J  ",2021,,,,,,,,,,,,,,,,,,,,,,,,,,,,Officers
Craft 9727 Off 011,Craft,9727,9727,11,Mentor,11,Off,"Fowler, P B  ",2025,,,,,,,,,,,,,,,,,,,,,,,,,,,,Officers
Craft 9727 Off 012,Craft,9727,9727,12,SD,12,Off,"Hand, A J  ",2021,,,,,,,,,,,,,,,,,,,,,,,,,,,,Officers
Craft 9727 Off 013,Craft,9727,9727,13,JD,13,Off,"Green, T R  ",2025,,,,,,,,,,,,,,,,,,,,,,,,,,,,Officers
Craft 9727 Off 014,Craft,9727,9727,14,ADC,14,Off,"Fowler, P B  ",2025,,,,,,,,,,,,,,,,,,,,,,,,,,,,Officers
Craft 9727 Off 015,Craft,9727,9727,15,Org,15,Off,Vacant,,,,,,,,,,,,,,,,,,,,,,,,,,,,,Officers
Craft 9727 Off 016,Craft,9727,9727,16,ASec,16,Off,"King, C J  ",2016,,,,,,,,,,,,,,,,,,,,,,,,,,,,Officers
Craft 9727 Off 017,Craft,9727,9727,17,IG,17,Off,"Bennett, L F W ",2024,,,,,,,,,,,,,,,,,,,,,,,,,,,,Officers
Craft 9727 Off 018,Craft,9727,9727,18,Stwd,18,Off,"Martin, K   ",2024,,,,,,,,,,,,,,,,,,,,,,,,,,,,Officers
Craft 9727 Off 019,Craft,9727,9727,19,Stwd,18,Off,"Shorey, I   ",2025,,,,,,,,,,,,,,,,,,,,,,,,,,,,Officers
Craft 9727 Off 020,Craft,9727,9727,20,Stwd,18,Off,"Vickers, J A  ",2025,,,,,,,,,,,,,,,,,,,,,,,,,,,,Officers
Craft 9727 Off 021,Craft,9727,9727,21,Tyler,19,Off,Vacant,,,,,,,,,,,,,,,,,,,,,,,,,,,,,Officers
Craft 9727 PMI 001,Craft,9727,9727,1,,,PMI,"Thorne, G C  ",2001,PPGReg,2009,,,,,,,,8025,,,,,,,,,,,,,,,,,,PMI
Craft 9727 PMI 002,Craft,9727,9727,2,,,PMI,"Burridge, D R  ",2022,,,,PProvAGDC (Hants. & I. of W.),2019,,,,,7030,,,,,,,,,,,,,,,,,,PMI
Craft 9727 PMI 003,Craft,9727,9727,3,,,PMI,"Wills, T L  ",2024,,,,PProvGReg (Wilts.),2022,,,,,2227,,,,,,,,,,,,,,,,,,PMI
Craft 9727 PMI 004,Craft,9727,9727,4,,,PMI,"Baggett, P B  ",2024,PPAGDC,2025,,,,,,,,3878,,,,,,,,,,,,,,,,,,PMI
Craft 9727 PMI 005,Craft,9727,9727,5,,,PMI,"Martin, D J  ",2024,PPJGD,2024,,,,,,,,622,,,,,,,,,,,,,,,,,,PMI
Craft 9727 PMI 006,Craft,9727,9727,6,,,PMI,"Fowler, P B  ",2025,,,,,,,,,,8290,,,,,,,,,,,,,,,,,,PMI
Craft 9727 PMI 007,Craft,9727,9727,7,,,PMI,"Clarkson, R G  ",2025,PProvSGD,2023,,,,,,,,622,,,,,,,,,,,,,,,,,,PMI
Craft 9727 PMI 008,Craft,9727,9727,8,,,PMI,"Witt, C D  ",2025,PProvDepGDC,2023,,,,,,,,9689,,,,,,,,,,,,,,,,,,PMI
Craft 9727 PMO 001,Craft,9727,9727,1,,,PMO,"Lee, L G  ",,PProvAGDC,2011,,PProvJGD (Hants. & I. of W.),2025,,,,,,"2004, 2005",2004,,,,,,,,,,,,,,,,PMO
Craft 9727 PMO 002,Craft,9727,9727,2,,,PMO,"Moule, N A  ",,PPGStB,2018,,,,,,,,,2011,2011,,,,,,,,,,,,,,,,PMO
Craft 9727 PMO 003,Craft,9727,9727,3,,,PMO,"Soutar, S P J ",,PProvGStB,2017,,,,,,,,,"2015, 2016",2015,,,,,,,,,,,,,,,,PMO
Craft 9727 PMO 006,Craft,9727,9727,6,,,PMO,"Harding, D A N ",,,,,,,,,,,,2024,2024,,,,,,,,,,,,,,,,PMO
Craft 9727 PMO 008,Craft,9727,9727,8,,,PMO,"Hunt, D P  ",,,,,,,,,,,,2025,2025,,,,,,,,,,,,,,,,PMO
Craft 9942 Hon 001,Craft,9942,9942,1,,,Hon,"James, S A  ",2018,ProvGM,2024,,,,,,ProvGM (Dorset),2024,,,,,,,,,,,,,,,,,,,Honorary
Craft 9942 Hon 002,Craft,9942,9942,2,,,Hon,"Bond, C W  ",2018,PAsstProvGM,2018,,,,,,PSGD,2020,,,,,,,,,,,,,,,,,,,Honorary
Craft 9942 Hon 003,Craft,9942,9942,3,,,Hon,"Leonard, N J C ",2018,PDepProvGM,2014,,,,,,PGSwdB,2015,,,,,,,,,,,,,,,,,,,Honorary
Craft 9942 Hon 004,Craft,9942,9942,4,,,Hon,"Orton, K A  ",2018,PPSGW,2014,,,,,,PAGDC,2016,,,,,,,,,,,,,,,,,,,Honorary
Craft 9942 Hon 005,Craft,9942,9942,5,,,Hon,"Thompson, P   ",2018,PPJGW,2013,,,,,,PAGChap,2014,,,,,,,,,,,,,,,,,,,Honorary
Craft 9942 Inst 001,Craft,9942,9942,1,,,Inst,,,,,,,,,,,,,,,April 4th 2026,,,,,,,,,,,,,,,DBLodges
Craft 9942 Mem 001,Craft,9942,9942,1,,,Mem,"Armstrong, D P  ",2017,PPGSwdB,2022,,,,,,,,,,,,,,,,,,,,,,,,,,MarkRAMPMI
Craft 9942 Mem 002,Craft,9942,9942,2,,,Mem,"Soutar, S P J ",2017,PProvGStB,2017,,,,,,,,,,,,,,,,,,,,,,,,,,MarkRAMPMI
Craft 9942 Mem 003,Craft,9942,9942,3,,,Mem,"Fuller, T R  ",2017,PPJGD,2023,,,,,,,,,,,,,,,,,,,,,,,,,,MarkRAMPMI
Craft 9942 Mem 004,Craft,9942,9942,4,,,Mem,"Curtis, M J  ",2017,PPSGD,2021,,,,,,,,,,,,,,,,,,,,,,,,,,MarkRAMPMI
Craft 9942 Mem 005,Craft,9942,9942,5,,,Mem,"Owen, S D  ",2017,,,,,,,,,,,,,,,,,,,,,,,,,,,,MarkRAMPMI
Craft 9942 Mem 006,Craft,9942,9942,6,,,Mem,"Taylor, I S  ",2017,PPSGD,2024,,,,LGR,2009,,,,,,,,,,,,,,,,,,,,,MarkRAMPMI
Craft 9942 Mem 007,Craft,9942,9942,7,,,Mem,"Wills, C   ",2017,PProvSGW,2018,,PProvSGW (Wilts.),2024,,,,,,,,,,,,,,,,,,,,,,,MarkRAMPMI
Craft 9942 Mem 008,Craft,9942,9942,8,,,Mem,"Turner, B   ",2017,PPGReg,2021,,,,,,,,,,,,,,,,,,,,,,,,,,MarkRAMPMI
Craft 9942 Mem 009,Craft,9942,9942,9,,,Mem,"Daniels, T B  ",2017,,,,,,,,,,,,,,,,,,,,,,,,,,,,MarkRAMPMI
Craft 9942 Mem 010,Craft,9942,9942,10,,,Mem,"Parkes, M R  ",2017,AsstProvGM,2022,Y,,,,,,,,,,,,,,,,,,,,,,,,,MarkRAMPMI
Craft 9942 Mem 011,Craft,9942,9942,11,,,Mem,"Wright, B   ",2017,PProvGTreas,2019,,PProvGSuptWks (Oxon.),2009,,,,,,,,,,,,,,,,,,,,,,,MarkRAMPMI
Craft 9942 Mem 012,Craft,9942,9942,12,,,Mem,"Waddington, J A R ",2017,ProvGMO,2023,Y,PProvSGD (W. Kent),2021,,,,,,,,,,,,,,,,,,,,,,,MarkRAMPMI
Craft 9942 Mem 013,Craft,9942,9942,13,,,Mem,"Green, P J  ",2017,PPGSuptWks,2025,,,,,,,,,,,,,,,,,,,,,,,,,,MarkRAMPMI
Craft 9942 Mem 014,Craft,9942,9942,14,,,Mem,"Evans, S J  ",2017,PProvAGDC,2022,,,,,,,,,,,,,,,,,,,,,,,,,,MarkRAMPMI
Craft 9942 Mem 015,Craft,9942,9942,15,,,Mem,"Samways, C B  ",2017,PPAGDC,2025,,,,,,,,,,,,,,,,,,,,,,,,,,MarkRAMPMI
Craft 9942 Mem 016,Craft,9942,9942,16,,,Mem,"House, N M D ",2017,PProvSGW,2012,,,,,,,,,,,,,,,,,,,,,,,,,,MarkRAMPMI
Craft 9942 Mem 017,Craft,9942,9942,17,,,Mem,"Wills, M K  ",2018,PPSGD,2025,,PProvJGD (Wilts.),2020-22,,,,,,,,,,,,,,,,,,,,,,,MarkRAMPMI
Craft 9942 Mem 018,Craft,9942,9942,18,,,Mem,"Deluca, A F  ",2018,,,,,,,,,,,,,,,,,,,,,,,,,,,,MarkRAMPMI
Craft 9942 Mem 019,Craft,9942,9942,19,,,Mem,"Geary, R S  ",2019,,,,,,,,,,,,,,,,,,,,,,,,,,,,MarkRAMPMI
Craft 9942 Mem 020,Craft,9942,9942,20,,,Mem,"Sibley, B C  ",2019,,,,,,,,,,,,,,,,,,,,,,,,,,,,MarkRAMPMI
Craft 9942 Mem 021,Craft,9942,9942,21,,,Mem,"De Luca, D   ",2020,,,,,,,,,,,,,,,,,,,,,,,,,,,,MarkRAMPMI
Craft 9942 Mem 022,Craft,9942,9942,22,,,Mem,"Wills, J P  ",2022,,,,,,,,,,,,,,,,,,,,,,,,,,,,MarkRAMPMI
Craft 9942 Mem 023,Craft,9942,9942,23,,,Mem,"Holloway, D L  ",2023,,,,,,,,,,,,,,,,,,,,,,,,,,,,MarkRAMPMI
Craft 9942 Mem 024,Craft,9942,9942,24,,,Mem,"Day, J L  ",2023,,,,,,,,,,,,,,,,,,,,,,,,,,,,MarkRAMPMI
Craft 9942 Mem 025,Craft,9942,9942,25,,,Mem,"Miles, O F  ",2024,,,,,,,,,,,,,,,,,,,,,,,,,,,,MarkRAMPMI
Craft 9942 Mem 026,Craft,9942,9942,26,,,Mem,"Spencer, G   ",2024,,,,,,,,,,,,,,,,,,,,,,,,,,,,MarkRAMPMI
Craft 9942 Mem 027,Craft,9942,9942,27,,,Mem,"Brookes, G L  ",2024,,,,,,,,,,,,,,,,,,,,,,,,,,,,MarkRAMPMI
Craft 9942 Mem 028,Craft,9942,9942,28,,,Mem,"Williams, M D J ",2024,,,,,,,,,,,,,,,,,,,,,,,,,,,,MarkRAMPMI
Craft 9942 Mem 029,Craft,9942,9942,29,,,Mem,"Matthews, L A  ",2024,AsstProvGM,2024,Y,,,,,,,,,,,,,,,,,,,,,,,,,MarkRAMPMI
Craft 9942 Mem 030,Craft,9942,9942,30,,,Mem,"Paul, A   ",2025,PPAGDC,2025,,,,,,,,,,,,,,,,,,,,,,,,,,MarkRAMPMI
Craft 9942 Mem 031,Craft,9942,9942,31,,,Mem,"Martin, K L  ",2025,PPGReg,2013,,PProvGReg (Wilts.),2018,,,,,,,,,,,,,,,,,,,,,,,MarkRAMPMI
Craft 9942 Mem 032,Craft,9942,9942,32,,,Mem,"Holloway, P A  ",2025,,,,,,,,,,,,,,,,,,,,,,,,,,,,MarkRAMPMI
Craft 9942 Mem 033,Craft,9942,9942,33,,,Mem,"Groves, S   ",2025,PProvJGW,2024,,,,,,,,,,,,,,,,,,,,,,,,,,MarkRAMPMI
Craft 9942 Off 001,Craft,9942,9942,1,WM,1,Off,"Taylor, I S  ",2017,,,,,,,,,,,,,,,,,,,,,,,,,,,,Officers
Craft 9942 Off 002,Craft,9942,9942,2,SW,2,Off,"Sibley, B C  ",2019,,,,,,,,,,,,,,,,,,,,,,,,,,,,Officers
Craft 9942 Off 003,Craft,9942,9942,3,JW,3,Off,"Holloway, D L  ",2023,,,,,,,,,,,,,,,,,,,,,,,,,,,,Officers
Craft 9942 Off 004,Craft,9942,9942,4,Chap,4,Off,"Green, P J  ",2017,,,,,,,,,,,,,,,,,,,,,,,,,,,,Officers
Craft 9942 Off 005,Craft,9942,9942,5,Treas,5,Off,"Parkes, M R  ",2017,,,,,,,,,,,,,,,,,,,,,,,,,,,,Officers
Craft 9942 Off 006,Craft,9942,9942,6,Sec,6,Off,"Waddington, J A R ",2017,,,,,,,,,,,,,,,,,,,,,,,,,,,,Officers
Craft 9942 Off 007,Craft,9942,9942,7,DC,7,Off,"Wills, M K  ",2018,,,,,,,,,,,,,,,,,,,,,,,,,,,,Officers
Craft 9942 Off 008,Craft,9942,9942,8,Alm,8,Off,"Armstrong, D P  ",2017,,,,,,,,,,,,,,,,,,,,,,,,,,,,Officers
Craft 9942 Off 009,Craft,9942,9942,9,ChStwd,9,Off,"House, N M D ",2017,,,,,,,,,,,,,,,,,,,,,,,,,,,,Officers
Craft 9942 Off 010,Craft,9942,9942,10,MO,10,Off,"Waddington, J A R ",2017,,,,,,,,,,,,,,,,,,,,,,,,,,,,Officers
Craft 9942 Off 011,Craft,9942,9942,11,Mentor,11,Off,"Wills, C   ",2017,,,,,,,,,,,,,,,,,,,,,,,,,,,,Officers
Craft 9942 Off 012,Craft,9942,9942,12,SD,12,Off,"Day, J L  ",2023,,,,,,,,,,,,,,,,,,,,,,,,,,,,Officers
Craft 9942 Off 013,Craft,9942,9942,13,JD,13,Off,"Spencer, G   ",2024,,,,,,,,,,,,,,,,,,,,,,,,,,,,Officers
Craft 9942 Off 014,Craft,9942,9942,14,ADC,14,Off,"Brookes, G L  ",2024,,,,,,,,,,,,,,,,,,,,,,,,,,,,Officers
Craft 9942 Off 015,Craft,9942,9942,15,Org,15,Off,Vacant,,,,,,,,,,,,,,,,,,,,,,,,,,,,,Officers
Craft 9942 Off 016,Craft,9942,9942,16,ASec,16,Off,Vacant,,,,,,,,,,,,,,,,,,,,,,,,,,,,,Officers
Craft 9942 Off 017,Craft,9942,9942,17,ASec,16,Off,"Owen, S D  ",2017,,,,,,,,,,,,,,,,,,,,,,,,,,,,Officers
Craft 9942 Off 018,Craft,9942,9942,18,Stwd,18,Off,"Holloway, P A  ",2025,,,,,,,,,,,,,,,,,,,,,,,,,,,,Officers
Craft 9942 Off 019,Craft,9942,9942,19,Tyler,19,Off,Vacant,,,,,,,,,,,,,,,,,,,,,,,,,,,,,Officers
Craft 9942 PMI 001,Craft,9942,9942,1,,,PMI,"Daniels, T B  ",2017,,,,,,,,,,1266,,,,,,,,,,,,,,,,,,PMI
Craft 9942 PMI 002,Craft,9942,9942,2,,,PMI,"Wright, B   ",2017,PProvGTreas,2019,,PProvGSuptWks (Oxon.),2009,,,PAGSwdB,2024,2951,,,,,,,,,,,,,,,,,,PMI
Craft 9942 PMI 003,Craft,9942,9942,3,,,PMI,"Samways, C B  ",2017,PPAGDC,2025,,,,,,,,2689,,,,,,,,,,,,,,,,,,PMI
Craft 9942 PMI 004,Craft,9942,9942,4,,,PMI,"Soutar, S P J ",2017,PProvGStB,2017,,,,,,,,9727,,,,,,,,,,,,,,,,,,PMI
Craft 9942 PMI 005,Craft,9942,9942,5,,,PMI,"Taylor, I S  ",2017,PPSGD,2024,,,,LGR,2009,,,5067,,,,,,,,,,,,,,,,,,PMI
Craft 9942 PMI 006,Craft,9942,9942,6,,,PMI,"Fuller, T R  ",2017,PPJGD,2023,,,,,,,,9050,,,,,,,,,,,,,,,,,,PMI
Craft 9942 PMI 007,Craft,9942,9942,7,,,PMI,"Parkes, M R  ",2017,AsstProvGM,2022,Y,,,,,PSGD,2025,9689,,,,,,,,,,,,,,,,,,PMI
Craft 9942 PMI 008,Craft,9942,9942,8,,,PMI,"Evans, S J  ",2017,PProvAGDC,2022,,,,,,,,8290,,,,,,,,,,,,,,,,,,PMI
Craft 9942 PMI 009,Craft,9942,9942,9,,,PMI,"Wills, M K  ",2018,PPSGD,2025,,PProvJGD (Wilts.),2020-22,,,,,9587,,,,,,,,,,,,,,,,,,PMI
Craft 9942 PMI 010,Craft,9942,9942,10,,,PMI,"Matthews, L A  ",2024,AsstProvGM,2024,Y,,,,,PJGD,2025,6525,,,,,,,,,,,,,,,,,,PMI
Craft 9942 PMI 011,Craft,9942,9942,11,,,PMI,"Martin, K L  ",2025,PPGReg,2013,,PProvGReg (Wilts.),2018,,,PAGSuptWks,2018,"4355, 9064",,,,,,,,,,,,,,,,,,PMI
Craft 9942 PMI 012,Craft,9942,9942,12,,,PMI,"Paul, A   ",2025,PPAGDC,2025,,,,,,,,8645,,,,,,,,,,,,,,,,,,PMI
Craft 9942 PMI 013,Craft,9942,9942,13,,,PMI,"Groves, S   ",2025,PProvJGW,2024,,,,,,,,"8479, 9727",,,,,,,,,,,,,,,,,,PMI
Craft 9942 PMO 001,Craft,9942,9942,1,,,PMO,"House, N M D ",,PProvSGW,2012,,,,,,PAGDC,2015,,2017,2017,,,,,,,,,,,,,,,,PMO
Craft 9942 PMO 005,Craft,9942,9942,5,,,PMO,"Wills, C   ",,PProvSGW,2018,,PProvSGW (Wilts.),2024,,,,,,2018,2018,,,,,,,,,,,,,,,,PMO
Craft 9942 PMO 008,Craft,9942,9942,8,,,PMO,"Green, P J  ",,PPGSuptWks,2025,,,,,,,,,"2019, 2020",2019,,,,,,,,,,,,,,,,PMO
Craft 9942 PMO 010,Craft,9942,9942,10,,,PMO,"Turner, B   ",,PPGReg,2021,,,,,,,,,2021,2021,,,,,,,,,,,,,,,,PMO
Craft 9942 PMO 013,Craft,9942,9942,13,,,PMO,"Waddington, J A R ",,ProvGMO,2023,,PProvSGD (W. Kent),2021,,,,,,2022,2022,,,,,,,,,,,,,,,,PMO
Craft 9942 PMO 015,Craft,9942,9942,15,,,PMO,"Armstrong, D P  ",,PPGSwdB,2022,,,,,,,,,2023,2023,,,,,,,,,,,,,,,,PMO
Craft 9942 PMO 017,Craft,9942,9942,17,,,PMO,"Curtis, M J  ",,PPSGD,2021,,,,,,,,,2024,2024,,,,,,,,,,,,,,,,PMO
Craft 9942 PMO 019,Craft,9942,9942,19,,,PMO,"Owen, S D  ",,,,,,,,,,,,2025,2025,,,,,,,,,,,,,,,,PMO
KT 0031 Inst 001,KT,31,31,1,,,Inst,,,,,,,,,,,,,,,March 20th 2026,,,,,,,,,,,,,,,DBLodges
KT 0031 Mem 034,KT,31,31,34,,,Mem,"Coxall, P D",,,,,,,,,,,,,,,,,,,,,,,,2010,,,,,Returns
KT 0031 Mem 035,KT,31,31,35,,,Mem,"Stevens, P S",,,,,,,,,,,,,,,,,,,,,,,,2014,,,,,Returns
KT 0031 Mem 036,KT,31,31,36,,,Mem,"Blackburn, E E",,,,,,,,,,,,,,,,,,,,,,,,2017,,,,,Returns
KT 0031 Mem 037,KT,31,31,37,,,Mem,"Barrett, T M",,,,,,,,,,,,,,,,,,,,,,,,2024,,,,,Returns
KT 0031 Mem 038,KT,31,31,38,,,Mem,"Ward, A J",,,,,,,,,,,,,,,,,,,,,,,,2025,,,,,Returns
KT 0031 Mem 039,KT,31,31,39,,,Mem,"Tracey, A D",,,,,,,,,,,,,,,,,,,,,,,,2025,,,,,Returns
KT 0031 Mem 040,KT,31,31,40,,,Mem,"Poole, J P C",,,,,,,,,,,,,,,,,,,,,,,,2025,,,,,Returns
KT 0031 Off 002,KT,31,31,2,E.P.,,Off,"Nixey, M T",,,,,,,,,,,,,,,,,,,,,,,,,,,,,Returns
KT 0031 Off 003,KT,31,31,3,Chaplain,,Off,"Baker, P J",,,,,,,,,,,,,,,,,,,,,,,,,,,,,Returns
KT 0031 Off 004,KT,31,31,4,1st Const.,,Off,"O'Keefe, L J",,,,,,,,,,,,,,,,,,,,,,,,,,,,,Returns
KT 0031 Off 005,KT,31,31,5,2nd Const.,,Off,"Williamson, T",,,,,,,,,,,,,,,,,,,,,,,,,,,,,Returns
KT 0031 Off 006,KT,31,31,6,Treasurer,,Off,"Malins, T Q",,,,,,,,,,,,,,,,,,,,,,,,,,,,,Returns
KT 0031 Off 007,KT,31,31,7,Registrar,,Off,"Muir, P M",,,,,,,,,,,,,,,,,,,,,,,,,,,,,Returns
KT 0031 Off 008,KT,31,31,8,Marshal,,Off,"Sullivan, I R",,,,,,,,,,,,,,,,,,,,,,,,,,,,,Returns
KT 0031 Off 009,KT,31,31,9,Dep. Marshal,,Off,"Willcock, D J W",,,,,,,,,,,,,,,,,,,,,,,,,,,,,Returns
KT 0031 Off 010,KT,31,31,10,Almoner,,Off,"Stone, G M J",,,,,,,,,,,,,,,,,,,,,,,,,,,,,Returns
KT 0031 Off 011,KT,31,31,11,1st Herald,,Off,"Vickery, W J",,,,,,,,,,,,,,,,,,,,,,,,,,,,,Returns
KT 0031 Off 012,KT,31,31,12,2nd Herald,,Off,"Parkes, R W",,,,,,,,,,,,,,,,,,,,,,,,,,,,,Returns
KT 0031 Off 013,KT,31,31,13,St.B.(B.),,Off,"Gittens, C S",,,,,,,,,,,,,,,,,,,,,,,,,,,,,Returns
KT 0031 Off 014,KT,31,31,14,St.B.(V.B.),,Off,"Green, T",,,,,,,,,,,,,,,,,,,,,,,,,,,,,Returns
KT 0031 Off 015,KT,31,31,15,Banner Br.,,Off,"Latham, K F",,,,,,,,,,,,,,,,,,,,,,,,,,,,,Returns
KT 0031 Off 016,KT,31,31,16,Capt of Gds ,,Off,"Shaw, K J",,,,,,,,,,,,,,,,,,,,,,,,,,,,,Returns
KT 0031 Off 017,KT,31,31,17,Organist,,Off,,,,,,,,,,,,,,,,,,,,,,,,,,,,,,Returns
KT 0031 Off 018,KT,31,31,18,Guard,,Off,"Prudames, I B",,,,,,,,,,,,,,,,,,,,,,,,,,,,,Returns
KT 0031 PMO 019,KT,31,31,19,,,PMO,"Willcock, D J W",,PProvSub-Prior,2013,,,,,,,,,1985,,,,,,,,,,,,1980,,,,,Returns
KT 0031 PMO 020,KT,31,31,20,,,PMO,"Jessup, T A S",,PProvChan,2022,,,,,,,,,1995,,,,,,,,,,,,1987,,,,,Returns
KT 0031 PMO 021,KT,31,31,21,,,PMO,"Parkes, R W",,PProvSub-Prior,2015,,,,,,,,,1996,,,,,,,,,,,,1995,,,,,Returns
KT 0031 PMO 022,KT,31,31,22,,,PMO,"Baker, P J",,PProvPrel,2022,,,,,,,,,1998,,,,,,,,,,,,1991,,,,,Returns
KT 0031 PMO 023,KT,31,31,23,,,PMO,"Stone, G M J",,PProv1st Con,2020,,,,,,,,,2005,,,,,,,,,,,,1996,,,,,Returns
KT 0031 PMO 024,KT,31,31,24,,,PMO,"Sullivan, I R",,PProv1st Con,2019,,,,,,,,,2009,,,,,,,,,,,,2001,,,,,Returns
KT 0031 PMO 025,KT,31,31,25,,,PMO,"Paisley, R A",,PProvStB(VB),2019,,,,,,,,,2013,,,,,,,,,,,,2004,,,,,Returns
KT 0031 PMO 026,KT,31,31,26,,,PMO,"McHugh, M J",,PProvHer,2022,,,,,,,,,2014,,,,,,,,,,,,2005,,,,,Returns
KT 0031 PMO 027,KT,31,31,27,,,PMO,"Daniels, I W",,PProvStB(B),2023,,,,,,,,,2015,,,,,,,,,,,,2005,,,,,Returns
KT 0031 PMO 028,KT,31,31,28,,,PMO,"Muir, P M",,ProvMar,2020,,,,,,,,,2016,,,,,,,,,,,,2007,,,,,Returns
KT 0031 PMO 029,KT,31,31,29,,,PMO,"Woollett, C E L",,PProvStB(VB),2022,,,,,,,,,2027,,,,,,,,,,,,2008,,,,,Returns
KT 0031 PMO 030,KT,31,31,30,,,PMO,"Malins, T Q",,PProv 2nd Con,2025,,,,,,,,,2018,,,,,,,,,,,,2008,,,,,Returns
KT 0031 PMO 031,KT,31,31,31,,,PMO,"Capaldi, J R",,PProvGd,2023,,,,,,,,,2023,,,,,,,,,,,,2006,,,,,Returns
KT 0031 PMO 032,KT,31,31,32,,,PMO,"Bond, T A",,RegProvBgd,2025,,,,,,,,,2024,,,,,,,,,,,,2019,,,,,Returns
KT 0031 PMO 033,KT,31,31,33,,,PMO,"Prudames, I B",,,,,,,,,,,,2025,,,,,,,,,,,,2021,,,,,Returns
KT 0031 SecEMail 001,KT,31,31,1,,,SecEMail,,,,,,,,,,,,,,,,,,,,,,,,,,,,,,Returns
KT 0098 Hon 048,KT,98,98,48,,,Hon,"M P Palfrey, KCT, PPrPrior",,,,,,,,,,,,,,,,,,,,,,,,,,,,,Returns
KT 0098 Hon 049,KT,98,98,49,,,Hon,"Revd Dr J R H Railton, KCT, PPrPrior",,,,,,,,,,,,,,,,,,,,,,,,,,,,,Returns
KT 0098 Inst 001,KT,98,98,1,,,Inst,,,,,,,,,,,,,,,April 7th 2026,,,,,,,,,,,,,,,DBLodges
KT 0098 Mem 030,KT,98,98,30,,,Mem,"Diment-Davies, S",,,,,,,,,,,,,,,,,,,,,,,,2011,,,,,Returns
KT 0098 Mem 031,KT,98,98,31,,,Mem,"Daniels, T B",,,,,,,,,,,,,,,,,,,,,,,,2016,,,,,Returns
KT 0098 Mem 032,KT,98,98,32,,,Mem,"Axtell, P S",,,,,,,,,,,,,,,,,,,,,,,,2019,,,,,Returns
KT 0098 Mem 033,KT,98,98,33,,,Mem,"Daniels, P E R ",,,,,,,,,,,,,,,,,,,,,,,,2022,,,,,Returns
KT 0098 Mem 034,KT,98,98,34,,,Mem,"Evans, S J",,,,,,,,,,,,,,,,,,,,,,,,2022,,,,,Returns
KT 0098 Mem 035,KT,98,98,35,,,Mem,"Fowler, P B",,,,,,,,,,,,,,,,,,,,,,,,2022,,,,,Returns
KT 0098 Mem 036,KT,98,98,36,,,Mem,"Donoghue, J",,,,,,,,,,,,,,,,,,,,,,j,,2022,,,,,Returns
KT 0098 Mem 037,KT,98,98,37,,,Mem,"Lever, J",,,,,,,,,,,,,,,,,,,,,,j,,2023,,,,,Returns
KT 0098 Mem 038,KT,98,98,38,,,Mem,"Thompson, M J",,,,,,,,,,,,,,,,,,,,,,,,2024,,,,,Returns
KT 0098 Mem 039,KT,98,98,39,,,Mem,"O'Connell, S J",,,,,,,,,,,,,,,,,,,,,,,,2024,,,,,Returns
KT 0098 Mem 040,KT,98,98,40,,,Mem,"Jaeger, S J",,,,,,,,,,,,,,,,,,,,,,,,2024,,,,,Returns
KT 0098 Mem 041,KT,98,98,41,,,Mem,"Barrett, B O ",,,,,,,,,,,,,,,,,,,,,,j,,2025,,,,,Returns
KT 0098 Mem 042,KT,98,98,42,,,Mem,"Dodd, D P",,,,,,,,,,,,,,,,,,,,,,,,2025,,,,,Returns
KT 0098 Mem 043,KT,98,98,43,,,Mem,"Green, T R",,,,,,,,,,,,,,,,,,,,,,,,2025,,,,,Returns
KT 0098 Mem 044,KT,98,98,44,,,Mem,"Martin, D J",,,,,,,,,,,,,,,,,,,,,,,,2025,,,,,Returns
KT 0098 Mem 045,KT,98,98,45,,,Mem,"Paul, A",,,,,,,,,,,,,,,,,,,,,,,,2025,,,,,Returns
KT 0098 Mem 046,KT,98,98,46,,,Mem,"Cull, T L",,,,,,,,,,,,,,,,,,,,,,,,2026,,,,,Returns
KT 0098 Mem 047,KT,98,98,47,,,Mem,"Youlden, D A ",,,,,,,,,,,,,,,,,,,,,,,,2026,,,,,Returns
KT 0098 Off 002,KT,98,98,2,E.P.,,Off,"Parkes, M R",,,,,,,,,,,,,,,,,,,,,,,,,,,,,Returns
KT 0098 Off 003,KT,98,98,3,Chaplain,,Off,"Burt, D B F",,,,,,,,,,,,,,,,,,,,,,,,,,,,,Returns
KT 0098 Off 004,KT,98,98,4,1st Const.,,Off,"Haines, M V",,,,,,,,,,,,,,,,,,,,,,,,,,,,,Returns
KT 0098 Off 005,KT,98,98,5,2nd Const.,,Off,"Daniels, T B",,,,,,,,,,,,,,,,,,,,,,,,,,,,,Returns
KT 0098 Off 006,KT,98,98,6,Treasurer,,Off,"Ballard, C T",,,,,,,,,,,,,,,,,,,,,,,,,,,,,Returns
KT 0098 Off 007,KT,98,98,7,Registrar,,Off,"Latham-Boal, N P",,,,,,,,,,,,,,,,,,,,,,,,,,,,,Returns
KT 0098 Off 008,KT,98,98,8,Marshal,,Off,"Hobbs, B K",,,,,,,,,,,,,,,,,,,,,,,,,,,,,Returns
KT 0098 Off 009,KT,98,98,9,Dep. Marshal,,Off,"Micklefield, R F",,,,,,,,,,,,,,,,,,,,,,,,,,,,,Returns
KT 0098 Off 010,KT,98,98,10,Almoner,,Off,"Fairlie, R",,,,,,,,,,,,,,,,,,,,,,,,,,,,,Returns
KT 0098 Off 011,KT,98,98,11,1st Herald,,Off,"Daniels, P E R",,,,,,,,,,,,,,,,,,,,,,,,,,,,,Returns
KT 0098 Off 012,KT,98,98,12,2nd Herald,,Off,"Fowler, P B",,,,,,,,,,,,,,,,,,,,,,,,,,,,,Returns
KT 0098 Off 013,KT,98,98,13,St.B.(B.),,Off,"Donoghue, J",,,,,,,,,,,,,,,,,,,,,,,,,,,,,Returns
KT 0098 Off 014,KT,98,98,14,St.B.(V.B.),,Off,"Lever, J",,,,,,,,,,,,,,,,,,,,,,,,,,,,,Returns
KT 0098 Off 015,KT,98,98,15,Banner Br.,,Off,Nil,,,,,,,,,,,,,,,,,,,,,,,,,,,,,Returns
KT 0098 Off 016,KT,98,98,16,Capt of Gds ,,Off,"Thompson, M J",,,,,,,,,,,,,,,,,,,,,,,,,,,,,Returns
KT 0098 Off 017,KT,98,98,17,Guard,,Off,"O'Connell, S J",,,,,,,,,,,,,,,,,,,,,,,,,,,,,Returns
KT 0098 PMI 029,KT,98,98,29,,,PMI,"Fry, A N",,Prov.StB(B),2020,,,,,,,,,41640,,,,,,,,,,,,2023,,,,,Returns
KT 0098 PMO 018,KT,98,98,18,,,PMO,"Burt, D B F",,P.Gt.A-de-C,2021,,,,,,,,,2004,,,,,,,,,,j,,1996,,,,,Returns
KT 0098 PMO 019,KT,98,98,19,,,PMO,"Micklefield, R F",,Prov.Prior,2020,,,,,,,,,2004,,,,,,,,,,j,,1997,a,,,,Returns
KT 0098 PMO 020,KT,98,98,20,,,PMO,"Burt, M R",,P.Prov.Reg.,2023,,,,,,,,,2012,,,,,,,,,,,,2003,,,,,Returns
KT 0098 PMO 021,KT,98,98,21,,,PMO,"Auburn, R I",,Prov. 2nd Con.,2025,,,,,,,,,2014,,,,,,,,,,,,2006,a,,,,Returns
KT 0098 PMO 022,KT,98,98,22,,,PMO,"Reed, D J",,P.Prov.Her.,2025,,,,,,,,,2015,,,,,,,,,,,,2007,,,,,Returns
KT 0098 PMO 023,KT,98,98,23,,,PMO,"Hobbs, B K",,P.Prov.1st Con.,2025,,,,,,,,,2016,,,,,,,,,,j,,2010,,,,,Returns
KT 0098 PMO 024,KT,98,98,24,,,PMO,"Fairlie, R",,P.Prov.B.B.,2025,,,,,,,,,2017,,,,,,,,,,,,2013,,,,,Returns
KT 0098 PMO 025,KT,98,98,25,,,PMO,"Ballard, C T",,P.Prov.St.B.(B.),2023,,,,,,,,,2021,,,,,,,,,,,,2014,,,,,Returns
KT 0098 PMO 026,KT,98,98,26,,,PMO,"Latham-Boal, N P",,P.Prov.Swd.B.,2024,,,,,,,,,2022,,,,,,,,,,,,2017,,,,,Returns
KT 0098 PMO 027,KT,98,98,27,,,PMO,"Paba, M J P",,,,,,,,,,,,2023,,,,,,,,,,,,2017,,,,,Returns
KT 0098 PMO 028,KT,98,98,28,,,PMO,"Protopsaltis, N P",,Prov.Gd.,2025,,,,,,,,,2025,,,,,,,,,,,,2018,a,,,,Returns
KT 0098 SecEMail 001,KT,98,98,1,,,SecEMail,,,,,,,,,,,,,,,,,,,,,,,,,,,,,,Returns
KT 0595 Hon 061,KT,595,595,61,,,Hon,"Palfrey, M P - KCT, PPrPrior",,,,,,,,,,,,,,,,,,,,,,,,,,,,,Returns
KT 0595 Hon 062,KT,595,595,62,,,Hon,"Willcock, D - PGtReg.     ",,,,,,,,,,,,,,,,,,,,,,,,,,,,,Returns
KT 0595 Inst 001,KT,595,595,1,,,Inst,,,,,,,,,,,,,,,December 9th 2025,,,,,,,,,,,,,,,DBLodges
KT 0595 Mem 032,KT,595,595,32,,,Mem,"Hawking, G J",,,,,,,,,,,,,,,,,,,,,,,f,,,,,,Returns
KT 0595 Mem 033,KT,595,595,33,,,Mem,"Frostick, D J B",,,,,,,,,,,,,,,,,,,,,,,,,,,,,Returns
KT 0595 Mem 034,KT,595,595,34,,,Mem,"Leyland, A E",,,,,,,,,,,,,,,,,,,,,,,,,,,,,Returns
KT 0595 Mem 035,KT,595,595,35,,,Mem,"Josic, M",,,,,,,,,,,,,,,,,,,,,,,,,,,,,Returns
KT 0595 Mem 036,KT,595,595,36,,,Mem,"Lawery, D J",,,,,,,,,,,,,,,,,,,,,,,,,,,,,Returns
KT 0595 Mem 037,KT,595,595,37,,,Mem,"White, R W",,,,,,,,,,,,,,,,,,,,,,,,,,,,,Returns
KT 0595 Mem 038,KT,595,595,38,,,Mem,"Howland, J R",,,,,,,,,,,,,,,,,,,,,,,,,,,,,Returns
KT 0595 Mem 039,KT,595,595,39,,,Mem,"Candlish, S B",,,,,,,,,,,,,,,,,,,,,,,,,,,,,Returns
KT 0595 Mem 040,KT,595,595,40,,,Mem,"Bunter, M J",,,,,,,,,,,,,,,,,,,,,,,,,,,,,Returns
KT 0595 Mem 041,KT,595,595,41,,,Mem,"Green, R B",,,,,,,,,,,,,,,,,,,,,,,,,,,,,Returns
KT 0595 Mem 042,KT,595,595,42,,,Mem,"Baird, I E",,,,,,,,,,,,,,,,,,,,,,,,,,,,,Returns
KT 0595 Mem 043,KT,595,595,43,,,Mem,"Payne, D V",,,,,,,,,,,,,,,,,,,,,,,,,,,,,Returns
KT 0595 Mem 044,KT,595,595,44,,,Mem,"Lound, M E",,,,,,,,,,,,,,,,,,,,,,,,,,,,,Returns
KT 0595 Mem 045,KT,595,595,45,,,Mem,"Malins, T Q",,,,,,,,,,,,,,,,,,,,,,,,,,,,,Returns
KT 0595 Mem 046,KT,595,595,46,,,Mem,"Turner, S",,,,,,,,,,,,,,,,,,,,,,,,,,,,,Returns
KT 0595 Mem 047,KT,595,595,47,,,Mem,"Micklefield, R F",,,,,,,,,,,,,,,,,,,,,,,,,,,,,Returns
KT 0595 Mem 048,KT,595,595,48,,,Mem,"Sutherland, N A",,,,,,,,,,,,,,,,,,,,,,,,,,,,,Returns
KT 0595 Mem 049,KT,595,595,49,,,Mem,"Dodson, J A",,,,,,,,,,,,,,,,,,,,,,,,,,,,,Returns
KT 0595 Mem 050,KT,595,595,50,,,Mem,"May, S G",,,,,,,,,,,,,,,,,,,,,,,,,,,,,Returns
KT 0595 Mem 051,KT,595,595,51,,,Mem,"Barlow, P",,,,,,,,,,,,,,,,,,,,,,,,,,,,,Returns
KT 0595 Mem 052,KT,595,595,52,,,Mem,"Bayne, D A W",,,,,,,,,,,,,,,,,,,,,,,,,,,,,Returns
KT 0595 Mem 053,KT,595,595,53,,,Mem,"Grundonner, M P",,,,,,,,,,,,,,,,,,,,,,,,,,,,,Returns
KT 0595 Mem 054,KT,595,595,54,,,Mem,"Hancock, R M A",,,,,,,,,,,,,,,,,,,,,,,,,,,,,Returns
KT 0595 Mem 055,KT,595,595,55,,,Mem,"Wyle, V R",,,,,,,,,,,,,,,,,,,,,,,,,,,,,Returns
KT 0595 Mem 056,KT,595,595,56,,,Mem,"Dancer, P M",,,,,,,,,,,,,,,,,,,,,,,,,,,,,Returns
KT 0595 Mem 057,KT,595,595,57,,,Mem,"Briggs, N D",,,,,,,,,,,,,,,,,,,,,,,,,,,,,Returns
KT 0595 Mem 058,KT,595,595,58,,,Mem,"Kidd, S",,,,,,,,,,,,,,,,,,,,,,,,,,,,,Returns
KT 0595 Mem 059,KT,595,595,59,,,Mem,"Donnelly, K A",,,,,,,,,,,,,,,,,,,,,,,,,,,,,Returns
KT 0595 Mem 060,KT,595,595,60,,,Mem,"Daniels, P E R",,,,,,,,,,,,,,,,,,,,,,,,,,,,,Returns
KT 0595 Off 002,KT,595,595,2,E.P.,,Off,"Payne, D V",,,,,,,,,,,,,,,,,,,,,,,,,,,,,Returns
KT 0595 Off 003,KT,595,595,3,Chaplain,,Off,"Lawery, D J",,,,,,,,,,,,,,,,,,,,,,,,,,,,,Returns
KT 0595 Off 004,KT,595,595,4,1st Const.,,Off,"Malins, T Q",,,,,,,,,,,,,,,,,,,,,,,,,,,,,Returns
KT 0595 Off 005,KT,595,595,5,2nd Const.,,Off,"Green, R B",,,,,,,,,,,,,,,,,,,,,,,,,,,,,Returns
KT 0595 Off 006,KT,595,595,6,Treasurer,,Off,"Bayne, D AW",,,,,,,,,,,,,,,,,,,,,,,,,,,,,Returns
KT 0595 Off 007,KT,595,595,7,Registrar,,Off,"Lound, M E",,,,,,,,,,,,,,,,,,,,,,,,,,,,,Returns
KT 0595 Off 008,KT,595,595,8,Marshal,,Off,"Turner, S A",,,,,,,,,,,,,,,,,,,,,,,,,,,,,Returns
KT 0595 Off 009,KT,595,595,9,Dep. Marshal,,Off,"Candlish, S B",,,,,,,,,,,,,,,,,,,,,,,,,,,,,Returns
KT 0595 Off 010,KT,595,595,10,Almoner,,Off,"Bunter, M J",,,,,,,,,,,,,,,,,,,,,,,,,,,,,Returns
KT 0595 Off 011,KT,595,595,11,1st Herald,,Off,"May, S G",,,,,,,,,,,,,,,,,,,,,,,,,,,,,Returns
KT 0595 Off 012,KT,595,595,12,2nd Herald,,Off,"Dancer, P M",,,,,,,,,,,,,,,,,,,,,,,,,,,,,Returns
KT 0595 Off 013,KT,595,595,13,St.B.(B.),,Off,"Wyle, V R",,,,,,,,,,,,,,,,,,,,,,,,,,,,,Returns
KT 0595 Off 014,KT,595,595,14,St.B.(V.B.),,Off,"Grundonner, M P",,,,,,,,,,,,,,,,,,,,,,,,,,,,,Returns
KT 0595 Off 015,KT,595,595,15,Banner Br.,,Off,"Wyle, V R",,,,,,,,,,,,,,,,,,,,,,,,,,,,,Returns
KT 0595 Off 016,KT,595,595,16,Capt of Gds ,,Off,"Briggs, N D",,,,,,,,,,,,,,,,,,,,,,,,,,,,,Returns
KT 0595 Off 017,KT,595,595,17,Organist,,Off,Vacant,,,,,,,,,,,,,,,,,,,,,,,,,,,,,Returns
KT 0595 Off 018,KT,595,595,18,Guard,,Off,"Howland, J R",,,,,,,,,,,,,,,,,,,,,,,,,,,,,Returns
KT 0595 PMI 026,KT,595,595,26,,,PMI,"Leyland, A E",,PGtStB(VB),2026,,,,,,,,,2004,,,,,,,,,,,,2009,,,,,Returns
KT 0595 PMI 027,KT,595,595,27,,,PMI,"Baird, I E",,PGtReg,2016,,,,,,,,,1998,,,,,,,,,,,,2018,,,,,Returns
KT 0595 PMI 028,KT,595,595,28,,,PMI,"Micklefield, R F",,ProvPrior,2020,,,,,,,,,2005,,,,,,,,,,,,2023,,,,,Returns
KT 0595 PMI 029,KT,595,595,29,,,PMI,Lound. M E,,GtStB(B) ProvSub-Prior 2020,2023,,,,,,,,,2009,,,,,,,,,,,,2023,,,,,Returns
KT 0595 PMI 030,KT,595,595,30,,,PMI,"Malins, T Q",,PGtA-de-C Prov2ndCon,2024,,,,,,,,,2008,,,,,,,,,,,,2023,,,,,Returns
KT 0595 PMI 031,KT,595,595,31,,,PMI,"Turner, S A",,"ProvHer 2026, CdrProvBgd",2023,,,,,,,,,2016,,,,,,,,,,,,2023,,,,,Returns
KT 0595 PMO 019,KT,595,595,19,,,PMO,"Hawking, G J",,PGtA-de-C,2017,,,,,,,,,2000 & 2013,,,,,,,,,,,,1994,,,,,Returns
KT 0595 PMO 020,KT,595,595,20,,,PMO,"Frostick, D J B",,PProvA-de-C,2013,,,,,,,,,2010,,,,,,,,,,,,2004,,,,,Returns
KT 0595 PMO 021,KT,595,595,21,,,PMO,"White, R W",,ProvStB(B),2021,,,,,,,,,2015,,,,,,,,,,,,2012,,,,,Returns
KT 0595 PMO 022,KT,595,595,22,,,PMO,"Lawery, D J",,PProvHer,2025,,,,,,,,,2016,,,,,,,,,,,,2011,,,,,Returns
KT 0595 PMO 023,KT,595,595,23,,,PMO,"Howland, J R",,ProvStB(VB),2023,,,,,,,,,2018,,,,,,,,,,,,2013,,,,,Returns
KT 0595 PMO 024,KT,595,595,24,,,PMO,"Candlish, S B",,ProvDepMar GMBg(2024),2025,,,,,,,,,2019,,,,,,,,,,,,2014,,,,,Returns
KT 0595 PMO 025,KT,595,595,25,,,PMO,"Josic, M",,,,,,,,,,,,2023,,,,,,,,,,,,2011,,,,,Returns
KT 0595 SecEMail 001,KT,595,595,1,,,SecEMail,,,,,,,,,,,,,,,,,,,,,,,,,,,,,,Returns
KT 0733 Hon 051,KT,733,733,51,,,Hon,"Palfrey, M P - KCT, PPrPrior",,,,,,,,,,,,,,,,,,,,,,,,,,,,,Returns
KT 0733 Hon 052,KT,733,733,52,,,Hon,"Willcock, D - PGtReg.     ",,,,,,,,,,,,,,,,,,,,,,,,,,,,,Returns
KT 0733 Inst 001,KT,733,733,1,,,Inst,,,,,,,,,,,,,,,May 1st 2026,,,,,,,,,,,,,,,DBLodges
KT 0733 Mem 027,KT,733,733,27,,,Mem,"Bateman, J H",,,,,,,,,,,,,,,,,,,,,,,f,2026,,,,,Returns
KT 0733 Mem 028,KT,733,733,28,,,Mem,"Baycroft, Z D",,,,,,,,,,,,,,,,,,,,,,,f,2026,,,,,Returns
KT 0733 Mem 029,KT,733,733,29,,,Mem,"Bayne, D A W",,,,,,,,,,,,,,,,,,,,,,,f,2026,,,,,Returns
KT 0733 Mem 030,KT,733,733,30,,,Mem,"Bond, T A",,,,,,,,,,,,,,,,,,,,,,,f,2026,,,,,Returns
KT 0733 Mem 031,KT,733,733,31,,,Mem,"Daniels, P E R",,,,,,,,,,,,,,,,,,,,,,,f,2026,,,,,Returns
KT 0733 Mem 032,KT,733,733,32,,,Mem,"Fairlie, R",,,,,,,,,,,,,,,,,,,,,,,f,2026,,,,,Returns
KT 0733 Mem 033,KT,733,733,33,,,Mem,"Green, R B",,,,,,,,,,,,,,,,,,,,,,,f,2026,,,,,Returns
KT 0733 Mem 034,KT,733,733,34,,,Mem,"Green, T",,,,,,,,,,,,,,,,,,,,,,,f,2026,,,,,Returns
KT 0733 Mem 035,KT,733,733,35,,,Mem,"Latham, K F",,,,,,,,,,,,,,,,,,,,,,,f,2026,,,,,Returns
KT 0733 Mem 036,KT,733,733,36,,,Mem,"Lawery, D J",,,,,,,,,,,,,,,,,,,,,,,f,2026,,,,,Returns
KT 0733 Mem 037,KT,733,733,37,,,Mem,"Loader, K F M",,,,,,,,,,,,,,,,,,,,,,,f,2026,,,,,Returns
KT 0733 Mem 038,KT,733,733,38,,,Mem,"Lound, M E",,,,,,,,,,,,,,,,,,,,,,,f,2026,,,,,Returns
KT 0733 Mem 039,KT,733,733,39,,,Mem,"Malins, T Q",,,,,,,,,,,,,,,,,,,,,,,f,2026,,,,,Returns
KT 0733 Mem 040,KT,733,733,40,,,Mem,"Nixey, M T",,,,,,,,,,,,,,,,,,,,,,,f,2026,,,,,Returns
KT 0733 Mem 041,KT,733,733,41,,,Mem,"Keefe, L J O",,,,,,,,,,,,,,,,,,,,,,,f,2026,,,,,Returns
KT 0733 Mem 042,KT,733,733,42,,,Mem,"Palmer, B N L",,,,,,,,,,,,,,,,,,,,,,,f,2026,,,,,Returns
KT 0733 Mem 043,KT,733,733,43,,,Mem,"Parkes, R W",,,,,,,,,,,,,,,,,,,,,,,f,2026,,,,,Returns
KT 0733 Mem 044,KT,733,733,44,,,Mem,"Payne, D V",,,,,,,,,,,,,,,,,,,,,,,f,2026,,,,,Returns
KT 0733 Mem 045,KT,733,733,45,,,Mem,"Prudames, I B",,,,,,,,,,,,,,,,,,,,,,,f,2026,,,,,Returns
KT 0733 Mem 046,KT,733,733,46,,,Mem,"Taylor, D A",,,,,,,,,,,,,,,,,,,,,,,f,2026,,,,,Returns
KT 0733 Mem 047,KT,733,733,47,,,Mem,"Williamson, T",,,,,,,,,,,,,,,,,,,,,,,f,2026,,,,,Returns
KT 0733 Mem 048,KT,733,733,48,,,Mem,"Brewer, A",,,,,,,,,,,,,,,,,,,,,,,,2026,,,,,Returns
KT 0733 Mem 049,KT,733,733,49,,,Mem,"Bond, P RG",,,,,,,,,,,,,,,,,,,,,,,,2026,,,,,Returns
KT 0733 Mem 050,KT,733,733,50,,,Mem,"Wise, A J",,,,,,,,,,,,,,,,,,,,,,,,2026,,,,,Returns
KT 0733 Off 002,KT,733,733,2,E.P.,,Off,"Lound, M E",,,,,,,,,,,,,,,,,,,,,,,,,,,,,Returns
KT 0733 Off 003,KT,733,733,3,Chaplain,,Off,"Lawery, D J",,,,,,,,,,,,,,,,,,,,,,,,,,,,,Returns
KT 0733 Off 004,KT,733,733,4,1st Const.,,Off,"Prudames, I B",,,,,,,,,,,,,,,,,,,,,,,,,,,,,Returns
KT 0733 Off 005,KT,733,733,5,2nd Const.,,Off,"Nixey, M T",,,,,,,,,,,,,,,,,,,,,,,,,,,,,Returns
KT 0733 Off 006,KT,733,733,6,Treasurer,,Off,"Palmer, B N L",,,,,,,,,,,,,,,,,,,,,,,,,,,,,Returns
KT 0733 Off 007,KT,733,733,7,Registrar,,Off,"Bond, T A",,,,,,,,,,,,,,,,,,,,,,,,,,,,,Returns
KT 0733 Off 008,KT,733,733,8,Marshal,,Off,"Malins, T Q",,,,,,,,,,,,,,,,,,,,,,,,,,,,,Returns
KT 0733 Off 009,KT,733,733,9,Dep. Marshal,,Off,"Baycroft, Z D",,,,,,,,,,,,,,,,,,,,,,,,,,,,,Returns
KT 0733 Off 010,KT,733,733,10,Almoner,,Off,"Taylor, D A",,,,,,,,,,,,,,,,,,,,,,,,,,,,,Returns
KT 0733 Off 011,KT,733,733,11,1st Herald,,Off,"Green, R B",,,,,,,,,,,,,,,,,,,,,,,,,,,,,Returns
KT 0733 Off 012,KT,733,733,12,2nd Herald,,Off,"Williamson, T",,,,,,,,,,,,,,,,,,,,,,,,,,,,,Returns
KT 0733 Off 013,KT,733,733,13,St.B.(B.),,Off,"Green, R B",,,,,,,,,,,,,,,,,,,,,,,,,,,,,Returns
KT 0733 Off 014,KT,733,733,14,St.B.(V.B.),,Off,"Payne, D V",,,,,,,,,,,,,,,,,,,,,,,,,,,,,Returns
KT 0733 Off 015,KT,733,733,15,Banner Br.,,Off,"Latham, K F",,,,,,,,,,,,,,,,,,,,,,,,,,,,,Returns
KT 0733 Off 016,KT,733,733,16,Capt of Gds ,,Off,"Keefe, L J O",,,,,,,,,,,,,,,,,,,,,,,,,,,,,Returns
KT 0733 Off 017,KT,733,733,17,Organist,,Off,"Vacant,",,,,,,,,,,,,,,,,,,,,,,,,,,,,,Returns
KT 0733 Off 018,KT,733,733,18,Guard,,Off,"Fairlie, R",,,,,,,,,,,,,,,,,,,,,,,,,,,,,Returns
KT 0733 Off 019,KT,733,733,19,,,Off,,,,,,,,,,,,,,,,,,,,,,,,,,,,,,Returns
KT 0733 Off 020,KT,733,733,20,,,Off,,,,,,,,,,,,,,,,,,,,,,,,,,,,,,Returns
KT 0733 Off 021,KT,733,733,21,,,Off,,,,,,,,,,,,,,,,,,,,,,,,,,,,,,Returns
KT 0733 Off 022,KT,733,733,22,,,Off,,,,,,,,,,,,,,,,,,,,,,,,,,,,,,Returns
KT 0733 Off 023,KT,733,733,23,,,Off,,,,,,,,,,,,,,,,,,,,,,,,,,,,,,Returns
KT 0733 Off 024,KT,733,733,24,,,Off,,,,,,,,,,,,,,,,,,,,,,,,,,,,,,Returns
KT 0733 Off 025,KT,733,733,25,,,Off,,,,,,,,,,,,,,,,,,,,,,,,,,,,,,Returns
KT 0733 Off 026,KT,733,733,26,,,Off,,,,,,,,,,,,,,,,,,,,,,,,,,,,,,Returns
KT 0733 SecEMail 001,KT,733,733,1,,,SecEMail,,,,,,,,,,,,,,,,,,,,,,,,,,,,,,Returns
KTP 0047 Hon 035,KTP,47,47,35,,,Hon,"McDonald, S J -  GHP Awd PGSup",,,,,,,,,,,,,,,,,,,,,,,,,,,,,Returns
KTP 0047 Hon 036,KTP,47,47,36,,,Hon,"Bale, D W B - KHW PGVIIP",,,,,,,,,,,,,,,,,,,,,,,,,,,,,Returns
KTP 0047 Hon 037,KTP,47,47,37,,,Hon,"Phillips, P V - PGIVP",,,,,,,,,,,,,,,,,,,,,,,,,,,,,Returns
KTP 0047 Hon 038,KTP,47,47,38,,,Hon,"White, R - PGVIIP",,,,,,,,,,,,,,,,,,,,,,,,,,,,,Returns
KTP 0047 Inst 001,KTP,47,47,1,,,Inst,,,,,,,,,,,,,,,March 20th 2026,,,,,,,,,,,,,,,DBLodges
KTP 0047 Mem 031,KTP,47,47,31,,,Mem,"Paba, M",,,,,,,,,,,,,,,,,,,,,,,,2023,,,,,Returns
KTP 0047 Mem 032,KTP,47,47,32,,,Mem,"Parkes, R W",,,,,,,,,,,,,,,,,,,,,,,,2025,,,,,Returns
KTP 0047 Mem 033,KTP,47,47,33,,,Mem,"Payne, D V",,,,,,,,,,,,,,,,,,,,,,,,2025,,,,,Returns
KTP 0047 Mem 034,KTP,47,47,34,,,Mem,"O'Connell, S J",,,,,,,,,,,,,,,,,,,,,,,,2025,,,,,Returns
KTP 0047 Off 002,KTP,47,47,2,High Priest,,Off,"Bond, T A",,,,,,,,,,,,,,,,,,,,,,,,,,,,,Returns
KTP 0047 Off 003,KTP,47,47,3,VII Pillar,,Off,"Prudames, I B",,,,,,,,,,,,,,,,,,,,,,,,,,,,,Returns
KTP 0047 Off 004,KTP,47,47,4,VI Pillar,,Off,"Lound, M E",,,,,,,,,,,,,,,,,,,,,,,,,,,,,Returns
KTP 0047 Off 005,KTP,47,47,5,Treasurer,,Off,"Sullivan, I R",,,,,,,,,,,,,,,,,,,,,,,,,,,,,Returns
KTP 0047 Off 006,KTP,47,47,6,Recorder,,Off,"Muir, P M",,,,,,,,,,,,,,,,,,,,,,,,,,,,,Returns
KTP 0047 Off 007,KTP,47,47,7,D.C.,,Off,"Swain, C E W",,,,,,,,,,,,,,,,,,,,,,,,,,,,,Returns
KTP 0047 Off 008,KTP,47,47,8,Conductor,,Off,"Burt, M R",,,,,,,,,,,,,,,,,,,,,,,,,,,,,Returns
KTP 0047 Off 009,KTP,47,47,9,V Pillar,,Off,"Fairlie, R",,,,,,,,,,,,,,,,,,,,,,,,,,,,,Returns
KTP 0047 Off 010,KTP,47,47,10,IV Pillar,,Off,"Fowler, P B",,,,,,,,,,,,,,,,,,,,,,,,,,,,,Returns
KTP 0047 Off 011,KTP,47,47,11,III Pillar,,Off,"Nixey, M R",,,,,,,,,,,,,,,,,,,,,,,,,,,,,Returns
KTP 0047 Off 012,KTP,47,47,12,II Pillar,,Off,"Daniels, P",,,,,,,,,,,,,,,,,,,,,,,,,,,,,Returns
KTP 0047 Off 013,KTP,47,47,13,A.D.C.,,Off,"Curley, A",,,,,,,,,,,,,,,,,,,,,,,,,,,,,Returns
KTP 0047 Off 014,KTP,47,47,14,I Pillar,,Off,"O'Keefe, L",,,,,,,,,,,,,,,,,,,,,,,,,,,,,Returns
KTP 0047 Off 015,KTP,47,47,15,Organist,,Off,"Burt, M R",,,,,,,,,,,,,,,,,,,,,,,,,,,,,Returns
KTP 0047 Off 016,KTP,47,47,16,K.I.P,,Off,"Williamson, T",,,,,,,,,,,,,,,,,,,,,,,,,,,,,Returns
KTP 0047 Off 017,KTP,47,47,17,Sentinel,,Off,"Mailins, T Q",,,,,,,,,,,,,,,,,,,,,,,,,,,,,Returns
KTP 0047 PMI 030,KTP,47,47,30,,,PMI,"Parkes, B E",,KCPO PGSup,,,,,,,,,,1994,,,,,,,,,,,,,,,,,Returns
KTP 0047 PMO 018,KTP,47,47,18,,,PMO,"Willcock, D J W",,KHW GSup.,,,,,,,,,,1998,,,,,,,,,,,,1987,,,,,Returns
KTP 0047 PMO 019,KTP,47,47,19,,,PMO,"Martin, J D B",,PGVIIP,,,,,,,,,,2001,,,,,,,,,,,,1994,,,,,Returns
KTP 0047 PMO 020,KTP,47,47,20,,,PMO,"Bur, D B F",,PGVIIP,,,,,,,,,,2006,,,,,,,,,,,,1997,,,,,Returns
KTP 0047 PMO 021,KTP,47,47,21,,,PMO,"Baker, P J",,PGVIIP,,,,,,,,,,2007,,,,,,,,,,,,1999,,,,,Returns
KTP 0047 PMO 022,KTP,47,47,22,,,PMO,"Burt, M R",,PGVIIP,,,,,,,,,,2009,,,,,,,,,,,,2002,,,,,Returns
KTP 0047 PMO 023,KTP,47,47,23,,,PMO,"Swain, C E W",,PGIVP,,,,,,,,,,2022,,,,,,,,,,,,2010,,,,,Returns
KTP 0047 PMO 024,KTP,47,47,24,,,PMO,"Sullivan, I R",,GCond,,,,,,,,,,2016,,,,,,,,,,,,2011,,,,,Returns
KTP 0047 PMO 025,KTP,47,47,25,,,PMO,"Paisley, R A",,PGBB,,,,,,,,,,2017,,,,,,,,,,,,2011,,,,,Returns
KTP 0047 PMO 026,KTP,47,47,26,,,PMO,"Curley, A",,PGIIP,,,,,,,,,,2018/19/20,,,,,,,,,,,,2011,,,,,Returns
KTP 0047 PMO 027,KTP,47,47,27,,,PMO,"Micklefield, R F",,PGIIP,,,,,,,,,,2021/2022,,,,,,,,,,,,2012,,,,,Returns
KTP 0047 PMO 028,KTP,47,47,28,,,PMO,"Bateman, J H",,CHW,,,,,,,,,,2023,,,,,,,,,,,,2015,,,,,Returns
KTP 0047 PMO 029,KTP,47,47,29,,,PMO,"Muir, P M",,CHW,,,,,,,,,,2024,,,,,,,,,,,,2018,,,,,Returns
KTP 0047 SecEMail 001,KTP,47,47,1,,,SecEMail,,,,,,,,,,,,,,,,,,,,,,,,,,,,,,Returns
KTP 0159 Inst 001,KTP,159,159,1,,,Inst,,,,,,,,,,,,,,,March 12th 2026,,,,,,,,,,,,,,,DBLodges
KTP 0193 Hon 045,KTP,193,193,45,,,Hon,"Bonomy, J",,,,,,,,,,,,,,,,,,,,,,,,,,,,,Returns
KTP 0193 Hon 046,KTP,193,193,46,,,Hon,"Ridge, G W G",,,,,,,,,,,,,,,,,,,,,,,,,,,,,Returns
KTP 0193 Inst 001,KTP,193,193,1,,,Inst,,,,,,,,,,,,,,,March 24th 2026,,,,,,,,,,,,,,,DBLodges
KTP 0193 Mem 041,KTP,193,193,41,,,Mem,"Leyland, A E ",,,,,,,,,,,,,,,,,,,,,,,,2023,,,,,Returns
KTP 0193 Mem 042,KTP,193,193,42,,,Mem,"Jennings, A J ",,,,,,,,,,,,,,,,,,,,,,,,2026,,,,,Returns
KTP 0193 Mem 043,KTP,193,193,43,,,Mem,"Parkes, M R ",,,,,,,,,,,,,,,,,,,,,,,,2026,,,,,Returns
KTP 0193 Mem 044,KTP,193,193,44,,,Mem,"Paul, A ",,,,,,,,,,,,,,,,,,,,,,,,2026,,,,,Returns
KTP 0193 Off 002,KTP,193,193,2,High Priest,,Off,"Donoghue, J E ",,,,,,,,,,,,,,,,,,,,,,,,,,,,,Returns
KTP 0193 Off 003,KTP,193,193,3,VII Pillar,,Off,"Josic, M ",,,,,,,,,,,,,,,,,,,,,,,,,,,,,Returns
KTP 0193 Off 004,KTP,193,193,4,VI Pillar,,Off,"Moore, I D ",,,,,,,,,,,,,,,,,,,,,,,,,,,,,Returns
KTP 0193 Off 005,KTP,193,193,5,Treasurer,,Off,"Ballard, C T ",,,,,,,,,,,,,,,,,,,,,,,,,,,,,Returns
KTP 0193 Off 006,KTP,193,193,6,Recorder,,Off,"Hobbs, B K  ",,,,,,,,,,,,,,,,,,,,,,,,,,,,,Returns
KTP 0193 Off 007,KTP,193,193,7,D.C.,,Off,"McHugh, M J ",,,,,,,,,,,,,,,,,,,,,,,,,,,,,Returns
KTP 0193 Off 008,KTP,193,193,8,Conductor,,Off,"Lawery, D J ",,,,,,,,,,,,,,,,,,,,,,,,,,,,,Returns
KTP 0193 Off 009,KTP,193,193,9,V Pillar,,Off,"Candlish, S",,,,,,,,,,,,,,,,,,,,,,,,,,,,,Returns
KTP 0193 Off 010,KTP,193,193,10,IV Pillar,,Off,"May, S G ",,,,,,,,,,,,,,,,,,,,,,,,,,,,,Returns
KTP 0193 Off 011,KTP,193,193,11,III Pillar,,Off,"Howland, M ",,,,,,,,,,,,,,,,,,,,,,,,,,,,,Returns
KTP 0193 Off 012,KTP,193,193,12,II Pillar,,Off,"Wyle, V R ",,,,,,,,,,,,,,,,,,,,,,,,,,,,,Returns
KTP 0193 Off 013,KTP,193,193,13,A.D.C.,,Off,,,,,,,,,,,,,,,,,,,,,,,,,,,,,,Returns
KTP 0193 Off 014,KTP,193,193,14,I Pillar,,Off,"Latham-Boal, N P ",,,,,,,,,,,,,,,,,,,,,,,,,,,,,Returns
KTP 0193 Off 015,KTP,193,193,15,Organist,,Off,,,,,,,,,,,,,,,,,,,,,,,,,,,,,,Returns
KTP 0193 Off 016,KTP,193,193,16,K.I.P,,Off,"Frostick, D J B ",,,,,,,,,,,,,,,,,,,,,,,,,,,,,Returns
KTP 0193 Off 017,KTP,193,193,17,Sentinel,,Off,"White, R ",,,,,,,,,,,,,,,,,,,,,,,,,,,,,Returns
KTP 0193 PMO 018,KTP,193,193,18,,,PMO,"Harris, J E P ",,,,,,,,,,,,1997,,,,,,,,,,,,1996,,,,,Returns
KTP 0193 PMO 019,KTP,193,193,19,,,PMO,"McDonald, S J ",,,,,,,,,,,,1998,,,,,,,,,,,,1996,,,,,Returns
KTP 0193 PMO 020,KTP,193,193,20,,,PMO,"Davis, J V ",,,,,,,,,,,,1999,,,,,,,,,,,,1996,,,,,Returns
KTP 0193 PMO 021,KTP,193,193,21,,,PMO,"Powell, K J  ",,,,,,,,,,,,2000,,,,,,,,,,,,1996,,,,,Returns
KTP 0193 PMO 022,KTP,193,193,22,,,PMO,"Taylor, A R ",,,,,,,,,,,,2002,,,,,,,,,,,,1996,,,,,Returns
KTP 0193 PMO 023,KTP,193,193,23,,,PMO,"Derrick, R ",,,,,,,,,,,,2003,,,,,,,,,,,,1996,,,,,Returns
KTP 0193 PMO 024,KTP,193,193,24,,,PMO,"Potter, E J C ",,,,,,,,,,,,2004,,,,,,,,,,,,1996,,,,,Returns
KTP 0193 PMO 025,KTP,193,193,25,,,PMO,"Ayers, C W ",,,,,,,,,,,,2005/6,,,,,,,,,,,,1999,,,,,Returns
KTP 0193 PMO 026,KTP,193,193,26,,,PMO,"Grimshaw, J J ",,,,,,,,,,,,2007,,,,,,,,,,,,1996,,,,,Returns
KTP 0193 PMO 027,KTP,193,193,27,,,PMO,"Ridge, G W G ",,,,,,,,,,,,2008/9,,,,,,,,,,,,2000,,,,,Returns
KTP 0193 PMO 028,KTP,193,193,28,,,PMO,"James, D F ",,,,,,,,,,,,2010,,,,,,,,,,,,2001,,,,,Returns
KTP 0193 PMO 029,KTP,193,193,29,,,PMO,"Hammond, A P ",,,,,,,,,,,,2011,,,,,,,,,,,,2004,,,,,Returns
KTP 0193 PMO 030,KTP,193,193,30,,,PMO,"Ham, P W ",,,,,,,,,,,,2012,,,,,,,,,,,,2004,,,,,Returns
KTP 0193 PMO 031,KTP,193,193,31,,,PMO,"Bonnett, D ",,,,,,,,,,,,2013,,,,,,,,,,,,2005,,,,,Returns
KTP 0193 PMO 032,KTP,193,193,32,,,PMO,"Vatter, A R ",,,,,,,,,,,,2014,,,,,,,,,,,,2007,,,,,Returns
KTP 0193 PMO 033,KTP,193,193,33,,,PMO,"White, R W ",,,,,,,,,,,,2015,,,,,,,,,,,,2007,,,,,Returns
KTP 0193 PMO 034,KTP,193,193,34,,,PMO,"Frostick, D J B ",,,,,,,,,,,,2016,,,,,,,,,,,,2010,,,,,Returns
KTP 0193 PMO 035,KTP,193,193,35,,,PMO,"Lawery, D J ",,,,,,,,,,,,2017/8,,,,,,,,,,,,2012,,,,,Returns
KTP 0193 PMO 036,KTP,193,193,36,,,PMO,"Josic, M ",,,,,,,,,,,,2019/20,,,,,,,,,,,,2012,,,,,Returns
KTP 0193 PMO 037,KTP,193,193,37,,,PMO,"Hobbs, B K ",,,,,,,,,,,,2021,,,,,,,,,,,,2013,,,,,Returns
KTP 0193 PMO 038,KTP,193,193,38,,,PMO,"Ballard, C T ",,,,,,,,,,,,2022,,,,,,,,,,,,2012,,,,,Returns
KTP 0193 PMO 039,KTP,193,193,39,,,PMO,"Candlish, S ",,,,,,,,,,,,2023,,,,,,,,,,,,2016,,,,,Returns
KTP 0193 PMO 040,KTP,193,193,40,,,PMO,"Howland, J R ",,,,,,,,,,,,2024,,,,,,,,,,,,2014,,,,,Returns
KTP 0193 SecEMail 001,KTP,193,193,1,,,SecEMail,,,,,,,,,,,,,,,,,,,,,,,,,,,,,,Returns
Mark 0099 Inst 001,Mark,99,99,1,,,Inst,,,,,,,,,,,,,,,February 9th 2026,,,,,,,,,,,,,,,DBLodges
Mark 0099 Mem 001,Mark,99,99,1,,,Mem,"Brookes, L T",1976,PProvGChap,2015,,,,,,PGSD,2019,,,,,154222,,,,2025,,,,,,,,,,MarkRAMHonMem
Mark 0099 Mem 002,Mark,99,99,2,,,Mem,"Burt, D B F",1985,PProvGJW,2014,,,,,,PGJD,2024,,,,,18138,,,,2020,,,,,,,,,,MarkRAMHonMem
Mark 0099 Mem 003,Mark,99,99,3,,,Mem,"Ward, K J",1992,,,,,,,,,,,,,,1022020,,,,,,,,,,,,,,MarkRAMHonMem
Mark 0099 Mem 004,Mark,99,99,4,,,Mem,"Voysey, F W",1995,PProvGSW,2000,,,,,,PGStB,2007,,,,,126230,,,,,,,,,,,,,,MarkRAMHonMem
Mark 0099 Mem 005,Mark,99,99,5,,,Mem,"Micklefield, R F",1997,PProvGDC,2019,,,,,,PGJD,2019,,,,,144701,,,,2019,,,,,,,,,,MarkRAMHonMem
Mark 0099 Mem 006,Mark,99,99,6,,,Mem,"Burt, M R",1997,PProvGReg,2022,,,,,,PGJD,2022,,,,,1062967,,,,2008,,,,,,,,,,MarkRAMHonMem
Mark 0099 Mem 007,Mark,99,99,7,,,Mem,"Jessopp, T F",1997,PProvGJW,2023,,,,,,PGStwd,2026,,,,,1060536,,,,2025,,,,,,,,,,MarkRAMHonMem
Mark 0099 Mem 008,Mark,99,99,8,,,Mem,"Witt, T H",1998,PProvGJO,2024,,,,,,,,,,,,1071866,,,,,,,,,,,,,,MarkRAMHonMem
Mark 0099 Mem 009,Mark,99,99,9,,,Mem,"Manton, P F",1999,,,,,,,,,,,,,,1078244,,,,,,,,,,,,,,MarkRAMHonMem
Mark 0099 Mem 010,Mark,99,99,10,,,Mem,"Knight, L C F",1999,,,,,,,,,,,,,,1078663,,,,2025,,,,,,,,,,MarkRAMHonMem
Mark 0099 Mem 011,Mark,99,99,11,,,Mem,"Frostick, D J B",2001,PProvGSD,2025,,,,,,,,,,,,1204168,,,,,,,,,,,,,,MarkRAMHonMem
Mark 0099 Mem 012,Mark,99,99,12,,,Mem,"Stuart-Paul, R I",2003,PProvGSO,2023,,,,,,,,,,,,1210898,,,,,,,,,,,,,,MarkRAMHonMem
Mark 0099 Mem 013,Mark,99,99,13,,,Mem,"Worne, M E",2004,PProvGSO,2024,,,,,,,,,,,,1026678,,,,2022,,,,,,,,,,MarkRAMHonMem
Mark 0099 Mem 014,Mark,99,99,14,,,Mem,"Brookman, K G",2004,ProvAGChStwd,2022,,,,,,,,,,,,1214587,,,,2020,,,,,,,,,,MarkRAMHonMem
Mark 0099 Mem 015,Mark,99,99,15,,,Mem,"Witt, C D",2006,PProvGSD,2025,,,,,,,,,,,,1221321,,,,,,,,,,,,,,MarkRAMHonMem
Mark 0099 Mem 016,Mark,99,99,16,,,Mem,"Drinkall, S M",2007,,,,,,,,,,,,,,1219651,,,,,,,,,,,,,,MarkRAMHonMem
Mark 0099 Mem 017,Mark,99,99,17,,,Mem,"Jessopp, R M F",2010,PProvGSwdB,2024,,,,,,,,,,,,1232192,,,,,,,,,,,,,,MarkRAMHonMem
Mark 0099 Mem 018,Mark,99,99,18,,,Mem,"Starkey, P A",2010,PProvGStwd,2023,,,,,,,,,,,,1233862,,,,2025,,,,,,,,,,MarkRAMHonMem
Mark 0099 Mem 019,Mark,99,99,19,,,Mem,"Andrews, D J",2011,PProvGStwd,2024,,,,,,,,,,,,1236283,,,,2025,,,,,,,,,,MarkRAMHonMem
Mark 0099 Mem 020,Mark,99,99,20,,,Mem,"Parkes, M R",2012,PProvGJW,2025,,,,,,,,,,,,1238035,,,,,,,,,,,,,,MarkRAMHonMem
Mark 0099 Mem 021,Mark,99,99,21,,,Mem,"Fuller, T R",2013,PProvAGDC,2025,,,,,,,,,,,,1237167,,,,2026,,,,,,,,,,MarkRAMHonMem
Mark 0099 Mem 022,Mark,99,99,22,,,Mem,"Pitt, B R",2014,,,,,,,,,,,,,,1244748,,,,2025,,,,,,,,,,MarkRAMHonMem
Mark 0099 Mem 023,Mark,99,99,23,,,Mem,"Day, D J",2015,,,,,,,,,,,,,,1246315,,,,2026,,,,,,,,,,MarkRAMHonMem
Mark 0099 Mem 024,Mark,99,99,24,,,Mem,"Coppard, G E",2017,,,,,,,,,,,,,,1251510,,,,2026,,,,,,,,,,MarkRAMHonMem
Mark 0099 Mem 025,Mark,99,99,25,,,Mem,"Lever, M",2018,,,,,,,,,,,,,,1255863,,,,2026,,,,,,,,,,MarkRAMHonMem
Mark 0099 Mem 026,Mark,99,99,26,,,Mem,"Southcott, M",2019,,,,,,,,,,,,,,1256258,,,,2026,,,,,,,,,,MarkRAMHonMem
Mark 0099 Mem 027,Mark,99,99,27,,,Mem,"Taylor, J C",2021,,,,,,,,,,,,,,1260483,,,,2026,,,,,,,,,,MarkRAMHonMem
Mark 0099 Mem 028,Mark,99,99,28,,,Mem,"Spender, C",2023,,,,,,,,,,,,,,1265649,,,,2026,,,,,,,,,,MarkRAMHonMem
Mark 0099 Mem 029,Mark,99,99,29,,,Mem,"Orridge, A C",2025,,,,,,,,,,,,,,1270585,,,,2026,,,,,,,,,,MarkRAMHonMem
Mark 0099 Mem 030,Mark,99,99,30,,,Mem,"Washbourne, A R",2025,,,,,,,,,,,,,,1271979,,,,2026,,,,,,,,,,MarkRAMHonMem
Mark 0099 Off 001,Mark,99,99,1,WM,1,Off,"Day, D J",,,,,,,,,,,,,,,1246315,,,,,,,,,,,,,,MarkRAMOff
Mark 0099 Off 002,Mark,99,99,2,SW,2,Off,"Southcott, M",,,,,,,,,,,,,,,1256258,,,,,,,,,,,,,,MarkRAMOff
Mark 0099 Off 003,Mark,99,99,3,JW,3,Off,"Taylor, J C",,,,,,,,,,,,,,,1260483,,,,,,,,,,,,,,MarkRAMOff
Mark 0099 Off 004,Mark,99,99,4,MO,4,Off,"Starkey, P A",,,,,,,,,,,,,,,1233862,,,,,,,,,,,,,,MarkRAMOff
Mark 0099 Off 005,Mark,99,99,5,SO,5,Off,"Spender, C",,,,,,,,,,,,,,,1265649,,,,,,,,,,,,,,MarkRAMOff
Mark 0099 Off 006,Mark,99,99,6,JO,6,Off,"Andrews, D J",,,,,,,,,,,,,,,1236283,,,,,,,,,,,,,,MarkRAMOff
Mark 0099 Off 007,Mark,99,99,7,Chap,7,Off,"Burt, D B F",,,,,,,,,,,,,,,18138,,,,,,,,,,,,,,MarkRAMOff
Mark 0099 Off 008,Mark,99,99,8,Treas,8,Off,"Micklefield, R F",,,,,,,,,,,,,,,144701,,,,,,,,,,,,,,MarkRAMOff
Mark 0099 Off 009,Mark,99,99,9,RegMks,9,Off,"Worne, M E",,,,,,,,,,,,,,,1026678,,,,,,,,,,,,,,MarkRAMOff
Mark 0099 Off 010,Mark,99,99,10,Sec,10,Off,"Burt, M R",,,,,,,,,,,,,,,1062967,,,,,,,,,,,,,,MarkRAMOff
Mark 0099 Off 011,Mark,99,99,11,DC,11,Off,"Jessopp, T F",,,,,,,,,,,,,,,1060536,,,,,,,,,,,,,,MarkRAMOff
Mark 0099 Off 012,Mark,99,99,12,Alm,12,Off,"Pitt, B R",,,,,,,,,,,,,,,1244748,,,,,,,,,,,,,,MarkRAMOff
Mark 0099 Off 013,Mark,99,99,13,ChStwd,13,Off,"Brookman, K G",,,,,,,,,,,,,,,1214587,,,,,,,,,,,,,,MarkRAMOff
Mark 0099 Off 014,Mark,99,99,14,SD,14,Off,"Lever, M",,,,,,,,,,,,,,,1255863,,,,,,,,,,,,,,MarkRAMOff
Mark 0099 Off 015,Mark,99,99,15,JD,15,Off,"Knight, L C F",,,,,,,,,,,,,,,1078663,,,,,,,,,,,,,,MarkRAMOff
Mark 0099 Off 016,Mark,99,99,16,ADC,17,Off,"Brookes, L T",,,,,,,,,,,,,,,154222,,,,,,,,,,,,,,MarkRAMOff
Mark 0099 Off 017,Mark,99,99,17,IG,19,Off,"Coppard, G E",,,,,,,,,,,,,,,1251510,,,,,,,,,,,,,,MarkRAMOff
Mark 0099 Off 018,Mark,99,99,18,Stwd,20,Off,"Washbourne, A R",,,,,,,,,,,,,,,1271979,,,,,,,,,,,,,,MarkRAMOff
Mark 0099 Off 019,Mark,99,99,19,Stwd,20,Off,"Orridge, A C",,,,,,,,,,,,,,,1270585,,,,,,,,,,,,,,MarkRAMOff
Mark 0099 Off 020,Mark,99,99,20,Tyler,21,Off,"Fuller, T R",,,,,,,,,,,,,,,1237167,,,,,,,,,,,,,,MarkRAMOff
Mark 0099 PMI 001,Mark,99,99,1,,,PMI,"Burt, M R",1997,,,Y,,,,,PGJD,2022,,2007,,,,,,,,132, ɫ,,,,,,,,MarkRAMPMI
Mark 0099 PMO 001,Mark,99,99,1,,1,PMO,"Worne, M E ",,PProvGSO,2024,,,,,,,,,2015,,,,,2015,42408,,,,,,,,,,,MarkRAMPMO
Mark 0099 PMO 002,Mark,99,99,2,,1,PMO,"Jessopp, T F ",,PProvGJW,2023,,,,,,PGStwd,2026,,2010,,,,,2010,40588,,,,,,,,,,,MarkRAMPMO
Mark 0099 PMO 003,Mark,99,99,3,,1,PMO,"Witt, T H ",,PProvGJO,2024,,,,,,,,,2011,,,,,2011,40952,,,,,,,,,,,MarkRAMPMO
Mark 0099 PMO 004,Mark,99,99,4,,1,PMO,"Frostick, D J B",,PProvGSD,2025,,,,,,,,,2016,,,,,2016,42779,,,,,,,,,,,MarkRAMPMO
Mark 0099 PMO 005,Mark,99,99,5,,1,PMO,"Stuart-Paul, R I ",,PProvGSO,2023,,,,,,,,,2014,,,,,2014,42044,,,,,,,,,,,MarkRAMPMO
Mark 0099 PMO 006,Mark,99,99,6,,1,PMO,"Brookman, K G ",,ProvAGChStwd,2022,,,,,,,,,2017,,,,,2017,43143,,,,,,,,,,,MarkRAMPMO
Mark 0099 PMO 007,Mark,99,99,7,,1,PMO,"Witt, C D ",,PProvGSD,2025,,,,,,,,,2019,,,,,2019,43871,,,,,,,,,,,MarkRAMPMO
Mark 0099 PMO 008,Mark,99,99,8,,1,PMO,"Jessopp, R M F",,PProvGSwdB,2024,,,,,,,,,2018,,,,,2018,43507,,,,,,,,,,,MarkRAMPMO
Mark 0099 PMO 009,Mark,99,99,9,,1,PMO,"Starkey, P A ",,PProvGStwd,2023,,,,,,,,,"2020, 2021",,,,,2020,44480,,,,,,,,,,,MarkRAMPMO
Mark 0099 PMO 010,Mark,99,99,10,,1,PMO,"Andrews, D J ",,PProvGStwd,2024,,,,,,,,,2022,,,,,2022,44970,,,,,,,,,,,MarkRAMPMO
Mark 0099 PMO 011,Mark,99,99,11,,1,PMO,"Fuller, T R ",,PProvAGDC,2025,,,,,,,,,2024,,,,,2024,45698,,,,,,,,,,,MarkRAMPMO
Mark 0099 PMO 012,Mark,99,99,12,,1,PMO,"Parkes, M R ",,PProvGJW,2025,,,,,,,,,2023,,,,,2023,45334,,,,,,,,,,,MarkRAMPMO
Mark 0099 PMO 013,Mark,99,99,13,,1,PMO,"Day, D J ",,,,,,,,,,,,"2025, 2026",,,,,2025,46062,,,,,,,,,,,MarkRAMPMO
Mark 0099 PMO 014,Mark,99,99,14,,1,PMO,"Voysey, F W ",,PProvGSW,2000,,,,,,PGStB,2007,,2012,,,,,2012,41316,,,,,,,,,,,MarkRAMPMO
Mark 0099 PMO 015,Mark,99,99,15,,1,PMO,"Micklefield, R F ",,PProvGDC,2019,,,,,,PGJD,2019,,2006,,,,,2006,39125,,,,,,,,,,,MarkRAMPMO
Mark 0099 PMO 016,Mark,99,99,16,,1,PMO,"Burt, D B F",,PProvGJW,2014,,,,,,PGJD,2024,,2000,,,,,2000,36934,,,,,,,,,,,MarkRAMPMO
Mark 0099 PMO 017,Mark,99,99,17,,1,PMO,"Lewis, M J ",,PProvGMO,2024,,,,,,,,,1998,,,,,1998,36199,,,,,,,,,,,MarkRAMPMO
Mark 0121 Hon 001,Mark,121,121,1,,,Hon,"Hambidge, G F",2015,PProvDepGSec,2015,,,,,,PGJO,2014,,,,,50736,,,,,,,,,,,,,,MarkRAMHonMem
Mark 0121 Inst 001,Mark,121,121,1,,,Inst,,,,,,,,,,,,,,,May 28th 2026,,,,,,,,,,,,,,,DBLodges
Mark 0121 Mem 001,Mark,121,121,1,,,Mem,"Waters, N F",1972,PProvGSW,2001,,,,,,PGSD,2023,,,,,128651,,,,2025,,,,,,,,,,MarkRAMHonMem
Mark 0121 Mem 002,Mark,121,121,2,,,Mem,"Bugler, R A L",1987,PProvGChStwd,2015,,,,,,PGSD,2017,,,,,17188,,,,2018,,,,,,,,,,MarkRAMHonMem
Mark 0121 Mem 003,Mark,121,121,3,,,Mem,"Witt, G A",1988,PProvGSW,2017,,,,,,,,,,,,142357,,,,2015,,,,,,,,,,MarkRAMHonMem
Mark 0121 Mem 004,Mark,121,121,4,,,Mem,"Cains, F A",1997,PProvGJW,2017,,,,,,PGStB,2020,,,,,1058809,,,,2024,,,,,,,,,,MarkRAMHonMem
Mark 0121 Mem 005,Mark,121,121,5,,,Mem,"Waters, C C",1999,PProvGSW,2022,,,,,,,,,,,,1071269,,,,,,,,,,,,,,MarkRAMHonMem
Mark 0121 Mem 006,Mark,121,121,6,,,Mem,"James, S A",1999,PProvGSW,2023,,,,,,PAGDC,2026,,,,,1077814,,,,2018,,,,,,,,,,MarkRAMHonMem
Mark 0121 Mem 007,Mark,121,121,7,,,Mem,"Hinsley, M C",2003,PProvGJW,2025,,,,,,,,,,,,1210900,,,,,,,,,,,,,,MarkRAMHonMem
Mark 0121 Mem 008,Mark,121,121,8,,,Mem,"Bugler, C J",2006,ProvGDC,2024,,,,,,,,,,,,1220844,,,,2025,,,,,,,,,,MarkRAMHonMem
Mark 0121 Mem 009,Mark,121,121,9,,,Mem,"Hollard, R M",2006,PProvGSD,2022,,,,,,,,,,,,1221690,,,,2018,,,,,,,,,,MarkRAMHonMem
Mark 0121 Mem 010,Mark,121,121,10,,,Mem,"Aston, E W J",2009,PProvGSwdB,2022,,,,,,,,,,,,1230320,,,,2018,,,,,,,,,,MarkRAMHonMem
Mark 0121 Mem 011,Mark,121,121,11,,,Mem,"Curtis, M J",2012,ProvGInspWks,2024,,,,,,,,,,,,1239134,,,,2025,,,,,,,,,,MarkRAMHonMem
Mark 0121 Mem 012,Mark,121,121,12,,,Mem,"Chambers, A P M",2015,PProvGStwd,2025,,,,,,,,,,,,1247447,,,,2026,,,,,,,,,,MarkRAMHonMem
Mark 0121 Mem 013,Mark,121,121,13,,,Mem,"Burnham, P S",2016,ProvGStwd,2025,,,,,,,,,,,,1248323,,,,,,,,,,,,,,MarkRAMHonMem
Mark 0121 Mem 014,Mark,121,121,14,,,Mem,"Read, G D",2017,PProvGJD,2020,,,,,,,,,,,,149626,,,,,,,,,,,,,,MarkRAMHonMem
Mark 0121 Mem 015,Mark,121,121,15,,,Mem,"Ward, A",2017,,,,,,,,,,,,,,1253196,,,,,,,,,,,,,,MarkRAMHonMem
Mark 0121 Mem 016,Mark,121,121,16,,,Mem,"Light, F J",2019,,,,,,,,,,,,,,1257176,,,,2026,,,,,,,,,,MarkRAMHonMem
Mark 0121 Mem 017,Mark,121,121,17,,,Mem,"Lofthouse, M P",2020,,,,,,,,,,,,,,1259194,,,,2026,,,,,,,,,,MarkRAMHonMem
Mark 0121 Mem 018,Mark,121,121,18,,,Mem,"Green, T R",2023,,,,,,,,,,,,,,1265660,,,,2026,,,,,,,,,,MarkRAMHonMem
Mark 0121 Mem 019,Mark,121,121,19,,,Mem,"Kerby, A B",2024,,,,,,,,,,,,,,1266573,,,,2024,,,,,,,,,,MarkRAMHonMem
Mark 0121 Mem 020,Mark,121,121,20,,,Mem,"Helson, A J",2024,ProvGOrg,2025,,,,,,,,,,,,1267259,,,,2026,,,,,,,,,,MarkRAMHonMem
Mark 0121 Mem 021,Mark,121,121,21,,,Mem,"Brewer, A",2025,,,,,,,,,,,,,,1269849,,,,2026,,,,,,,,,,MarkRAMHonMem
Mark 0121 Off 001,Mark,121,121,1,WM,1,Off,"Light, F J",,,,,,,,,,,,,,,1257176,,,,,,,,,,,,,,MarkRAMOff
Mark 0121 Off 002,Mark,121,121,2,SW,2,Off,"Lofthouse, M P",,,,,,,,,,,,,,,1259194,,,,,,,,,,,,,,MarkRAMOff
Mark 0121 Off 003,Mark,121,121,3,JW,3,Off,"Green, T R",,,,,,,,,,,,,,,1265660,,,,,,,,,,,,,,MarkRAMOff
Mark 0121 Off 004,Mark,121,121,4,MO,4,Off,"Helson, A J",,,,,,,,,,,,,,,1267259,,,,,,,,,,,,,,MarkRAMOff
Mark 0121 Off 005,Mark,121,121,5,SO,5,Off,"Cains, F A",,,,,,,,,,,,,,,1058809,,,,,,,,,,,,,,MarkRAMOff
Mark 0121 Off 006,Mark,121,121,6,JO,6,Off,"Brewer, A",,,,,,,,,,,,,,,1269849,,,,,,,,,,,,,,MarkRAMOff
Mark 0121 Off 007,Mark,121,121,7,Chap,7,Off,"Bugler, C J",,,,,,,,,,,,,,,1220844,,,,,,,,,,,,,,MarkRAMOff
Mark 0121 Off 008,Mark,121,121,8,Treas,8,Off,"Witt, G A",,,,,,,,,,,,,,,142357,,,,,,,,,,,,,,MarkRAMOff
Mark 0121 Off 009,Mark,121,121,9,RegMks,9,Off,"James, S A",,,,,,,,,,,,,,,1077814,,,,,,,,,,,,,,MarkRAMOff
Mark 0121 Off 010,Mark,121,121,10,Sec,10,Off,"Aston, E W J",,,,,,,,,,,,,,,1230320,,,,,,,,,,,,,,MarkRAMOff
Mark 0121 Off 011,Mark,121,121,11,DC,11,Off,"Waters, N F",,,,,,,,,,,,,,,128651,,,,,,,,,,,,,,MarkRAMOff
Mark 0121 Off 012,Mark,121,121,12,Alm,12,Off,"Hollard, R M",,,,,,,,,,,,,,,1221690,,,,,,,,,,,,,,MarkRAMOff
Mark 0121 Off 013,Mark,121,121,13,ChStwd,13,Off,"Bugler, R A L",,,,,,,,,,,,,,,17188,,,,,,,,,,,,,,MarkRAMOff
Mark 0121 Off 014,Mark,121,121,14,SD,14,Off,"Kerby, A B",,,,,,,,,,,,,,,1266573,,,,,,,,,,,,,,MarkRAMOff
Mark 0121 Off 015,Mark,121,121,15,JD,15,Off,"Chambers, A P M",,,,,,,,,,,,,,,1247447,,,,,,,,,,,,,,MarkRAMOff
Mark 0121 Off 016,Mark,121,121,16,ADC,17,Off,"Curtis, M J",,,,,,,,,,,,,,,1239134,,,,,,,,,,,,,,MarkRAMOff
Mark 0121 PMO 001,Mark,121,121,1,,1,PMO,"Waters, N F ",,PProvGSW,2001,,,,,,PGSD,2023,,1982,,,,,1982,30343,,,,,,,,,,,MarkRAMPMO
Mark 0121 PMO 002,Mark,121,121,2,,1,PMO,"Bugler, R A L",,PProvGChStwd,2015,,,,,,PGSD,2017,,1996,,,,,1996,35579,,,,,,,,,,,MarkRAMPMO
Mark 0121 PMO 003,Mark,121,121,3,,1,PMO,"Hambidge, G F ",,PProvDepGSec,2015,,,,,,PGJO,2014,,1993,,,,,1993,34480,,,,,,,,,,,MarkRAMPMO
Mark 0121 PMO 004,Mark,121,121,4,,1,PMO,"Waters, C C ",,PProvGSW,2022,,,,,,,,,"2005, 2019, 2021",,,,,2005,38862,,,,,,,,,,,MarkRAMPMO
Mark 0121 PMO 005,Mark,121,121,5,,1,PMO,"Read, G D ",,PProvGJD,2020,,,,,,,,,1998,,,,,1998,36307,,,,,,,,,,,MarkRAMPMO
Mark 0121 PMO 006,Mark,121,121,6,,1,PMO,"Witt, G A ",,PProvGSW,2017,,,,,,,,,1997,,,,,1997,35943,,,,,,,,,,,MarkRAMPMO
Mark 0121 PMO 007,Mark,121,121,7,,1,PMO,"Kay, R  ",,,,,,,,,,,,2007,,,,,2007,39597,,,,,,,,,,,MarkRAMPMO
Mark 0121 PMO 008,Mark,121,121,8,,1,PMO,"Cains, F A ",,PProvGJW,2017,,,,,,PGStB,2020,,2006,,,,,2006,39226,,,,,,,,,,,MarkRAMPMO
Mark 0121 PMO 009,Mark,121,121,9,,1,PMO,"James, S A ",,PProvGSW,2023,,,,,,PAGDC,2026,,2008,,,,,2008,39961,,,,,,,,,,,MarkRAMPMO
Mark 0121 PMO 010,Mark,121,121,10,,1,PMO,"Warwick, M H ",,PProvGStwd,2012,,,,,,,,,2009,,,,,2009,40325,,,,,,,,,,,MarkRAMPMO
Mark 0121 PMO 011,Mark,121,121,11,,1,PMO,"Wakeford, A E ",,,,,,,,,,,,2015,,,,,2015,42516,,,,,,,,,,,MarkRAMPMO
Mark 0121 PMO 012,Mark,121,121,12,,1,PMO,"Hinsley, M C ",,PProvGJW,2025,,,,,,,,,2011,,,,,2011,41060,,,,,,,,,,,MarkRAMPMO
Mark 0121 PMO 013,Mark,121,121,13,,1,PMO,"Bugler, C J ",,ProvGDC,2024,,,,,,,,,2018,,,,,2018,43615,,,,,,,,,,,MarkRAMPMO
Mark 0121 PMO 014,Mark,121,121,14,,1,PMO,"Curry, R T ",,,,,,,,,,,,2013,,,,,2013,41788,,,,,,,,,,,MarkRAMPMO
Mark 0121 PMO 015,Mark,121,121,15,,1,PMO,"Aston, E W J",,PProvGSwdB,2022,,,,,,,,,2016,,,,,2016,42880,,,,,,,,,,,MarkRAMPMO
Mark 0121 PMO 016,Mark,121,121,16,,1,PMO,"Curtis, M J ",,ProvGInspWks,2024,,,,,,,,,2022,,,,,2022,45071,,,,,,,,,,,MarkRAMPMO
Mark 0121 PMO 017,Mark,121,121,17,,1,PMO,"Chambers, A P M",,PProvGStwd,2025,,,,,,,,,2023,,,,,2023,45442,,,,,,,,,,,MarkRAMPMO
Mark 0121 PMO 018,Mark,121,121,18,,1,PMO,"Burnham, P S ",,ProvGStwd,2025,,,,,,,,,2024,,,,,2024,45806,,,,,,,,,,,MarkRAMPMO
Mark 0121 PMO 019,Mark,121,121,19,,1,PMO,"Ward, A  ",,,,,,,,,,,,2025,,,,,2025,46170,,,,,,,,,,,MarkRAMPMO
Mark 0121 PMO 020,Mark,121,121,20,,1,PMO,"Light, F J ",,,,,,,,,,,,2026,,,,,2026,,,,,,,,,,,,MarkRAMPMO
Mark 0126 Hon 001,Mark,126,126,1,,,Hon,"Salkeld, R",2007,,,,,,,,PAGDC,1995,,,,,105813,,,,,,,,,,,,,,MarkRAMHonMem
Mark 0126 Inst 001,Mark,126,126,1,,,Inst,,,,,,,,,,,,,,,January 20th 2026,,,,,,,,,,,,,,,DBLodges
Mark 0126 Mem 001,Mark,126,126,1,,,Mem,"Ray, J W",1989,,,,,,,,,,,,,,151081,,,,,,,,,,,,,,MarkRAMHonMem
Mark 0126 Mem 002,Mark,126,126,2,,,Mem,"Barnes, T J",1996,PProvGSW,2023,,,,,,,,,,,,1013222,,,,,,,,,,,,,,MarkRAMHonMem
Mark 0126 Mem 003,Mark,126,126,3,,,Mem,"Harper, W B",2004,PProvGSW,2025,,,,,,PAGDC,2026,,,,,1211828,,,,,,,,,,,,,,MarkRAMHonMem
Mark 0126 Mem 004,Mark,126,126,4,,,Mem,"Halford, J S",2005,PProvGJO,2023,,,,,,,,,,,,1218212,,,,2024,,,,,,,,,,MarkRAMHonMem
Mark 0126 Mem 005,Mark,126,126,5,,,Mem,"Fursman, R K",2005,,,,,,,,,,,,,,1215734,,,,,,,,,,,,,,MarkRAMHonMem
Mark 0126 Mem 006,Mark,126,126,6,,,Mem,"Paisley, R A",2009,PProvGJW,2017,,,,,,PAGIG,2019,,,,,1206101,,,,,,,,,,,,,,MarkRAMHonMem
Mark 0126 Mem 007,Mark,126,126,7,,,Mem,"Barnes, K H",2013,PProvGSW,2008,,,,,,PGJO,2018,,,,,1030553,,,,2018,,,,,,,,,,MarkRAMHonMem
Mark 0126 Mem 008,Mark,126,126,8,,,Mem,"Bond, T A",2015,ProvGSO,2025,,,,,,,,,,,,1236422,,,,2019,,,,,,,,,,MarkRAMHonMem
Mark 0126 Mem 009,Mark,126,126,9,,,Mem,"Tritton, B D",2015,ProvGReg,2022,,,,,,PAGDC,2026,,,,,1040780,,,,2026,,,,,,,,,,MarkRAMHonMem
Mark 0126 Mem 010,Mark,126,126,10,,,Mem,"Daniels, G S G",2015,,,,,,,,,,,,,,1247216,,,,,,,,,,,,,,MarkRAMHonMem
Mark 0126 Mem 011,Mark,126,126,11,,,Mem,"Pomeroy, V H",2015,,,,,,,,ProvGM,2023,,,,,96105,,,,2021,,,,,,,,,,MarkRAMHonMem
Mark 0126 Mem 012,Mark,126,126,12,,,Mem,"Ward, D H",2016,PProvGJD,2025,,,,,,,,,,,,1250244,,,,2026,,,,,,,,,,MarkRAMHonMem
Mark 0126 Mem 013,Mark,126,126,13,,,Mem,"Williams, L A",2017,,,,,,,,,,,,,,1252983,,,,,,,,,,,,,,MarkRAMHonMem
Mark 0126 Mem 014,Mark,126,126,14,,,Mem,"Powell, K R",2017,,,,,,,,,,,,,,1251750,,,,,,,,,,,,,,MarkRAMHonMem
Mark 0126 Mem 015,Mark,126,126,15,,,Mem,"Muir, P M",2018,,,,,,,,PAGDC,2018,,,,,160214,,,,2026,,,,,,,,,,MarkRAMHonMem
Mark 0126 Mem 016,Mark,126,126,16,,,Mem,"Sutcliffe, P M",2018,,,,,,,,PGJD,2007,,,,,117669,,,,2024,,,,,,,,,,MarkRAMHonMem
Mark 0126 Mem 017,Mark,126,126,17,,,Mem,"Ralph, D J",2019,,,,,,,,,,,,,,1259031,,,,,,,,,,,,,,MarkRAMHonMem
Mark 0126 Mem 018,Mark,126,126,18,,,Mem,"Huckle, D W",2020,,,,,,,,,,,,,,1259193,,,,2026,,,,,,,,,,MarkRAMHonMem
Mark 0126 Mem 019,Mark,126,126,19,,,Mem,"Pelham, H D",2022,,,,,,,,,,,,,,1263131,,,,2026,,,,,,,,,,MarkRAMHonMem
Mark 0126 Mem 020,Mark,126,126,20,,,Mem,"Prudames, I B",2024,,,,,,,,,,,,,,1232226,,,,2026,,,,,,,,,,MarkRAMHonMem
Mark 0126 Mem 021,Mark,126,126,21,,,Mem,"Barrett, T M",2024,ProvGChStwd,2020,,,,,,PAGDC,2025,,,,,1223298,,,,2026,,,,,,,,,,MarkRAMHonMem
Mark 0126 Mem 022,Mark,126,126,22,,,Mem,"Turner, K M",2024,,,,,,,,,,,,,,1251099,,,,2026,,,,,,,,,,MarkRAMHonMem
Mark 0126 Mem 023,Mark,126,126,23,,,Mem,"Ashwin, C L E",2025,,,,,,,,,,,,,,1269806,,,,2026,,,,,,,,,,MarkRAMHonMem
Mark 0126 Mem 024,Mark,126,126,24,,,Mem,"Thomas, S S",2025,,,,,,,,,,,,,,1271920,,,,2026,,,,,,,,,,MarkRAMHonMem
Mark 0126 Mem 025,Mark,126,126,25,,,Mem,"Ward, A J",2026,,,,,,,,,,,,,,1261463,,,,2026,,,,,,,,,,MarkRAMHonMem
Mark 0126 Off 001,Mark,126,126,1,WM,1,Off,"Muir, P M",,,,,,,,,,,,,,,160214,,,,,,,,,,,,,,MarkRAMOff
Mark 0126 Off 002,Mark,126,126,2,SW,2,Off,"Prudames, I B",,,,,,,,,,,,,,,1232226,,,,,,,,,,,,,,MarkRAMOff
Mark 0126 Off 003,Mark,126,126,3,JW,3,Off,"Tritton, B D",,,,,,,,,,,,,,,1040780,,,,,,,,,,,,,,MarkRAMOff
Mark 0126 Off 004,Mark,126,126,4,MO,4,Off,"Turner, K M",,,,,,,,,,,,,,,1251099,,,,,,,,,,,,,,MarkRAMOff
Mark 0126 Off 005,Mark,126,126,5,SO,5,Off,"Ward, A J",,,,,,,,,,,,,,,1261463,,,,,,,,,,,,,,MarkRAMOff
Mark 0126 Off 006,Mark,126,126,6,JO,6,Off,"Pelham, H D",,,,,,,,,,,,,,,1263131,,,,,,,,,,,,,,MarkRAMOff
Mark 0126 Off 007,Mark,126,126,7,Chap,7,Off,"Barnes, K H",,,,,,,,,,,,,,,1030553,,,,,,,,,,,,,,MarkRAMOff
Mark 0126 Off 008,Mark,126,126,8,Treas,8,Off,"Huckle, D W",,,,,,,,,,,,,,,1259193,,,,,,,,,,,,,,MarkRAMOff
Mark 0126 Off 009,Mark,126,126,9,RegMks,9,Off,"Sutcliffe, P M",,,,,,,,,,,,,,,117669,,,,,,,,,,,,,,MarkRAMOff
Mark 0126 Off 010,Mark,126,126,10,Sec,10,Off,"Halford, J S",,,,,,,,,,,,,,,1218212,,,,,,,,,,,,,,MarkRAMOff
Mark 0126 Off 011,Mark,126,126,11,DC,11,Off,"Bond, T A",,,,,,,,,,,,,,,1236422,,,,,,,,,,,,,,MarkRAMOff
Mark 0126 Off 012,Mark,126,126,12,Alm,12,Off,"Pomeroy, V H",,,,,,,,,,,,,,,96105,,,,,,,,,,,,,,MarkRAMOff
Mark 0126 Off 013,Mark,126,126,13,ChStwd,13,Off,"Barrett, T M",,,,,,,,,,,,,,,1223298,,,,,,,,,,,,,,MarkRAMOff
Mark 0126 Off 014,Mark,126,126,14,SD,14,Off,"Ward, D H",,,,,,,,,,,,,,,1250244,,,,,,,,,,,,,,MarkRAMOff
Mark 0126 Off 015,Mark,126,126,15,JD,15,Off,"Ashwin, C L E",,,,,,,,,,,,,,,1269806,,,,,,,,,,,,,,MarkRAMOff
Mark 0126 Off 016,Mark,126,126,16,IG,19,Off,"Thomas, S S",,,,,,,,,,,,,,,1271920,,,,,,,,,,,,,,MarkRAMOff
Mark 0126 PMI 001,Mark,126,126,1,,,PMI,"Barnes, K H                              ",2012,,,Y,,,,,PGJO,2008,,1996,,,,,,,,690,,,,,,,,,MarkRAMPMI
Mark 0126 PMI 002,Mark,126,126,2,,,PMI,"Pomeroy, V H ",2015,,,Y,,,,,ProvGM,2023,,1994,,,,,,,,133,,,,,,,,,MarkRAMPMI
Mark 0126 PMO 001,Mark,126,126,1,,1,PMO,"Shepherd, J  ",,PProvGMO,2021,,,,,,,,,1998,,,,,1998,36235,,,,,,,,,,,MarkRAMPMO
Mark 0126 PMO 002,Mark,126,126,2,,1,PMO,"Barnes, T J ",,PProvGSW,2023,,,,,,,,,2005,,,,,2005,38790,,,,,,,,,,,MarkRAMPMO
Mark 0126 PMO 003,Mark,126,126,3,,1,PMO,"Halford, J S ",,PProvGJO,2023,,,,,,,,,"2012, 2014",,,,,2014,42080,,,,,,,,,,,MarkRAMPMO
Mark 0126 PMO 004,Mark,126,126,4,,1,PMO,"Bond, T A ",,ProvGSO,2025,,,,,,,,,2016,,,,,2016,42815,,,,,,,,,,,MarkRAMPMO
Mark 0126 PMO 005,Mark,126,126,5,,1,PMO,"Tritton, B D ",,ProvGReg,2022,,,,,,PAGDC,2026,,"2019, 2021",,,,,2021,44635,,,,,,,,,,,MarkRAMPMO
Mark 0126 PMO 006,Mark,126,126,6,,1,PMO,"Powell, M  ",,,,,,,,,,,,2017,,,,,2017,43179,,,,,,,,,,,MarkRAMPMO
Mark 0126 PMO 007,Mark,126,126,7,,1,PMO,"Sanford, S M ",,PProvGJW,2023,,,,,,,,,2018,,,,,2018,43543,,,,,,,,,,,MarkRAMPMO
Mark 0126 PMO 008,Mark,126,126,8,,1,PMO,"Sutcliffe, P M ",,,,,,,,,PGJD,2007,,2023,,,,,2023,45376,,,,,,,,,,,MarkRAMPMO
Mark 0126 PMO 009,Mark,126,126,9,,1,PMO,"Paisley, R A ",,PProvGJW,2017,,,,,,PAGIG,2019,,2011,,,,,2011,40989,,,,,,,,,,,MarkRAMPMO
Mark 0126 PMO 010,Mark,126,126,10,,1,PMO,"Harper, W B ",,PProvGSW,2025,,,,,,PAGDC,2026,,"2008, 2009",,,,,2008,39889,,,,,,,,,,,MarkRAMPMO
Mark 0126 PMO 011,Mark,126,126,11,,1,PMO,"Capaldi, J R ",,,,,,,,,,,,2013,,,,,2013,41716,,,,,,,,,,,MarkRAMPMO
Mark 0126 PMO 012,Mark,126,126,12,,1,PMO,"Fowler, C N ",,,,,,,,,,,,2015,,,,,2015,42444,,,,,,,,,,,MarkRAMPMO
Mark 0126 PMO 013,Mark,126,126,13,,1,PMO,"Barrett, T M ",,ProvGChStwd,2020,,,,,,PAGDC,2025,,2025,,,,,2025,46098,,,,,,,,,,,MarkRAMPMO
Mark 0126 PMO 014,Mark,126,126,14,,1,PMO,"Ward, D H ",,PProvGJD,2025,,,,,,,,,2022,,,,,2022,45006,,,,,,,,,,,MarkRAMPMO
Mark 0126 PMO 015,Mark,126,126,15,,1,PMO,"Muir, P M ",,,,,,,,,PAGDC,2018,,"2024, 2026",,,,,2024,45734,,,,,,,,,,,MarkRAMPMO
Mark 0132 Hon 001,Mark,132,132,1,,,Hon,"Hannam, A H",1989,,,,,,,,,,,,,,51305,,,,,,,,,,,,,,MarkRAMHonMem
Mark 0132 Hon 002,Mark,132,132,2,,,Hon,"Prax, G I",2019,PDepProvGM,2008,,,,,,PGJO,2008,,,,,97049,,,,,,,,,,,,,,MarkRAMHonMem
Mark 0132 Hon 003,Mark,132,132,3,,,Hon,"Gordon, R P",2019,PProvGTreas,2014,,,,,,PGJD,2015,,,,,46597,,,,,,,,,,,,,,MarkRAMHonMem
Mark 0132 Inst 001,Mark,132,132,1,,,Inst,,,,,,,,,,,,,,,February 12th 2026,,,,,,,,,,,,,,,DBLodges
Mark 0132 Mem 001,Mark,132,132,1,,,Mem,"Howard, D",1966,PProvGTreas,2005,,,,,,PGSD,2006,,,,,59286,,,,,,,,,,,,,,MarkRAMHonMem
Mark 0132 Mem 002,Mark,132,132,2,,,Mem,"Shaw, F J",1973,,,,,,,,PProvGM,2015,,,,,108782,,,,2018,,,,,,,,,,MarkRAMHonMem
Mark 0132 Mem 003,Mark,132,132,3,,,Mem,"Eaton, D F",1992,DepProvGM,2023,,,,,,PAGDC,2020,,,,,1018468,,,,,,,,,,,,,,MarkRAMHonMem
Mark 0132 Mem 004,Mark,132,132,4,,,Mem,"Adlem, M J",1997,PProvGReg,2018,,,,,,,,,,,,1063272,,,,,,,,,,,,,,MarkRAMHonMem
Mark 0132 Mem 005,Mark,132,132,5,,,Mem,"Wright, I M",1998,PProvGJW,2024,,,,,,,,,,,,1072369,,,,,,,,,,,,,,MarkRAMHonMem
Mark 0132 Mem 006,Mark,132,132,6,,,Mem,"Wiffen, B G",1999,PProvGSO,2025,,,,,,,,,,,,1079400,,,,,,,,,,,,,,MarkRAMHonMem
Mark 0132 Mem 007,Mark,132,132,7,,,Mem,"Russell, F",2002,PProvGSW,2022,,,,,,PAGDC,2023,,,,,1084597,,,,,,,,,,,,,,MarkRAMHonMem
Mark 0132 Mem 008,Mark,132,132,8,,,Mem,"Fairlie, R",2003,PProvGMO,2025,,,,,,,,,,,,1211330,,,,2024,,,,,,,,,,MarkRAMHonMem
Mark 0132 Mem 009,Mark,132,132,9,,,Mem,"Cobb, M A",2003,PProvGIG,2023,,,,,,,,,,,,1209726,,,,,,,,,,,,,,MarkRAMHonMem
Mark 0132 Mem 010,Mark,132,132,10,,,Mem,"Wills, C",2005,ProvGJO,2025,,,,,,,,,,,,1218213,,,,2019,,,,,,,,,,MarkRAMHonMem
Mark 0132 Mem 011,Mark,132,132,11,,,Mem,"Mould, G V",2006,PProvGSD,2022,,,,,,,,,,,,1220847,,,,2018,,,,,,,,,,MarkRAMHonMem
Mark 0132 Mem 012,Mark,132,132,12,,,Mem,"Wills, M K",2007,PProvGSD,2023,,,,,,,,,,,,1223379,,,,2024,,,,,,,,,,MarkRAMHonMem
Mark 0132 Mem 013,Mark,132,132,13,,,Mem,"Johnston, A W",2013,,,,,,,,,,,,,,1062118,,,,2020,,,,,,,,,,MarkRAMHonMem
Mark 0132 Mem 014,Mark,132,132,14,,,Mem,"Wood, R A",2015,PProvGIG,2023,,,,,,,,,,,,1247182,,,,2024,,,,,,,,,,MarkRAMHonMem
Mark 0132 Mem 015,Mark,132,132,15,,,Mem,"Campbell, I R",2015,PProvGStB,2020,,,,,,,,,,,,1247808,,,,,,,,,,,,,,MarkRAMHonMem
Mark 0132 Mem 016,Mark,132,132,16,,,Mem,"Palmer, A R",2016,ProvAGStB,2024,,,,,,,,,,,,1250118,,,,,,,,,,,,,,MarkRAMHonMem
Mark 0132 Mem 017,Mark,132,132,17,,,Mem,"Loft, M R A",2018,ProvGStwd,2025,,,,,,,,,,,,1255269,,,,,,,,,,,,,,MarkRAMHonMem
Mark 0132 Mem 018,Mark,132,132,18,,,Mem,"Holloway, A J",2018,,,,,,,,,,,,,,1254442,,,,,,,,,,,,,,MarkRAMHonMem
Mark 0132 Mem 019,Mark,132,132,19,,,Mem,"King, M D",2019,,,,,,,,,,,,,,1257140,,,,,,,,,,,,,,MarkRAMHonMem
Mark 0132 Mem 020,Mark,132,132,20,,,Mem,"Painter, N B",2022,,,,,,,,,,,,,,1261769,,,,2026,,,,,,,,,,MarkRAMHonMem
Mark 0132 Mem 021,Mark,132,132,21,,,Mem,"Brookes, G L",2022,,,,,,,,,,,,,,1262593,,,,2026,,,,,,,,,,MarkRAMHonMem
Mark 0132 Mem 022,Mark,132,132,22,,,Mem,"Conway, P J",2023,,,,,,,,,,,,,,1265986,,,,2026,,,,,,,,,,MarkRAMHonMem
Mark 0132 Mem 023,Mark,132,132,23,,,Mem,"Carter, A J",2023,,,,,,,,,,,,,,1220845,,,,2025,,,,,,,,,,MarkRAMHonMem
Mark 0132 Mem 024,Mark,132,132,24,,,Mem,"Turner, S P",2023,,,,,,,,,,,,,,1264684,,,,,,,,,,,,,,MarkRAMHonMem
Mark 0132 Mem 025,Mark,132,132,25,,,Mem,"Williams, M D J",2024,,,,,,,,,,,,,,1269175,,,,2026,,,,,,,,,,MarkRAMHonMem
Mark 0132 Mem 026,Mark,132,132,26,,,Mem,"Lewis, M J",2024,PProvGMO,2024,,,,,,,,,,,,73125,,,,2025,,,,,,,,,,MarkRAMHonMem
Mark 0132 Mem 027,Mark,132,132,27,,,Mem,"Hughes, W",2024,,,,,,,,,,,,,,1268587,,,,2026,,,,,,,,,,MarkRAMHonMem
Mark 0132 Mem 028,Mark,132,132,28,,,Mem,"Clarkson, R G",2024,,,,,,,,,,,,,,1253511,,,,2026,,,,,,,,,,MarkRAMHonMem
Mark 0132 Mem 029,Mark,132,132,29,,,Mem,"Spellen, D J",2024,,,,,,,,,,,,,,1239017,,,,2026,,,,,,,,,,MarkRAMHonMem
Mark 0132 Mem 030,Mark,132,132,30,,,Mem,"Spencer, G",2025,,,,,,,,,,,,,,1271032,,,,2026,,,,,,,,,,MarkRAMHonMem
Mark 0132 Mem 031,Mark,132,132,31,,,Mem,"Holloway, D L",2025,,,,,,,,,,,,,,1271033,,,,2026,,,,,,,,,,MarkRAMHonMem
Mark 0132 Mem 032,Mark,132,132,32,,,Mem,"Barrett, B O",2025,,,,,,,,,,,,,,1232110,,,,2026,,,,,,,,,,MarkRAMHonMem
Mark 0132 Mem 033,Mark,132,132,33,,,Mem,"Coombes, M",2026,,,,,,,,,,,,,,1249055,,,,,,,,,,,,,,MarkRAMHonMem
Mark 0132 Mem 034,Mark,132,132,34,,,Mem,"Blackwell, D N",2026,,,,,,,,,,,,,,1274149,,,,,,,,,,,,,,MarkRAMHonMem
Mark 0132 Off 001,Mark,132,132,1,WM,1,Off,"Painter, N B",,,,,,,,,,,,,,,1261769,,,,,,,,,,,,,,MarkRAMOff
Mark 0132 Off 002,Mark,132,132,2,SW,2,Off,"Brookes, G L",,,,,,,,,,,,,,,1262593,,,,,,,,,,,,,,MarkRAMOff
Mark 0132 Off 003,Mark,132,132,3,JW,3,Off,"Clarkson, R G",,,,,,,,,,,,,,,1253511,,,,,,,,,,,,,,MarkRAMOff
Mark 0132 Off 004,Mark,132,132,4,MO,4,Off,"Conway, P J",,,,,,,,,,,,,,,1265986,,,,,,,,,,,,,,MarkRAMOff
Mark 0132 Off 005,Mark,132,132,5,SO,5,Off,"Spellen, D J",,,,,,,,,,,,,,,1239017,,,,,,,,,,,,,,MarkRAMOff
Mark 0132 Off 006,Mark,132,132,6,JO,6,Off,"Hughes, W",,,,,,,,,,,,,,,1268587,,,,,,,,,,,,,,MarkRAMOff
Mark 0132 Off 007,Mark,132,132,7,Chap,7,Off,"Wills, C",,,,,,,,,,,,,,,1218213,,,,,,,,,,,,,,MarkRAMOff
Mark 0132 Off 008,Mark,132,132,8,Treas,8,Off,"Lewis, M J",,,,,,,,,,,,,,,73125,,,,,,,,,,,,,,MarkRAMOff
Mark 0132 Off 009,Mark,132,132,9,RegMks,9,Off,"Johnston, A W",,,,,,,,,,,,,,,1062118,,,,,,,,,,,,,,MarkRAMOff
Mark 0132 Off 010,Mark,132,132,10,Sec,10,Off,"Shaw, F J",,,,,,,,,,,,,,,108782,,,,,,,,,,,,,,MarkRAMOff
Mark 0132 Off 011,Mark,132,132,11,DC,11,Off,"Wills, M K",,,,,,,,,,,,,,,1223379,,,,,,,,,,,,,,MarkRAMOff
Mark 0132 Off 012,Mark,132,132,12,Alm,12,Off,"Carter, A J",,,,,,,,,,,,,,,1220845,,,,,,,,,,,,,,MarkRAMOff
Mark 0132 Off 013,Mark,132,132,13,ChStwd,13,Off,"Fairlie, R",,,,,,,,,,,,,,,1211330,,,,,,,,,,,,,,MarkRAMOff
Mark 0132 Off 014,Mark,132,132,14,SD,14,Off,"Williams, M D J",,,,,,,,,,,,,,,1269175,,,,,,,,,,,,,,MarkRAMOff
Mark 0132 Off 015,Mark,132,132,15,JD,15,Off,"Spencer, G",,,,,,,,,,,,,,,1271032,,,,,,,,,,,,,,MarkRAMOff
Mark 0132 Off 016,Mark,132,132,16,ADC,17,Off,"Wood, R A",,,,,,,,,,,,,,,1247182,,,,,,,,,,,,,,MarkRAMOff
Mark 0132 Off 017,Mark,132,132,17,IG,19,Off,"Holloway, D L",,,,,,,,,,,,,,,1271033,,,,,,,,,,,,,,MarkRAMOff
Mark 0132 Off 018,Mark,132,132,18,Stwd,20,Off,"Barrett, B O",,,,,,,,,,,,,,,1232110,,,,,,,,,,,,,,MarkRAMOff
Mark 0132 Off 019,Mark,132,132,19,Tyler,21,Off,"Mould, G V",,,,,,,,,,,,,,,1220847,,,,,,,,,,,,,,MarkRAMOff
Mark 0132 PMI 001,Mark,132,132,1,,,PMI,"Lewis, M J ",2024,PProvGMO,2024,,,,,,,,,1998,,,,,,,,99,,,,,,,,,MarkRAMPMI
Mark 0132 PMO 001,Mark,132,132,1,,1,PMO,"Shaw, F J ",,,,,,,,,PProvGM,2015,,1984,,,,,1984,31085,,,,,,,,,,,MarkRAMPMO
Mark 0132 PMO 002,Mark,132,132,2,,1,PMO,"Prax, G I ",,PDepProvGM,2008,,,,,,PGJO,2008,,1983,,,,,1983,30721,,,,,,,,,,,MarkRAMPMO
Mark 0132 PMO 003,Mark,132,132,3,,1,PMO,"Howard, D  ",,PProvGTreas,2005,,,,,,PGSD,2006,,1991,,,,,1991,33647,,,,,,,,,,,MarkRAMPMO
Mark 0132 PMO 004,Mark,132,132,4,,1,PMO,"Gordon, R P ",,PProvGTreas,2014,,,,,,PGJD,2015,,1992,,,,,1992,34011,,,,,,,,,,,MarkRAMPMO
Mark 0132 PMO 005,Mark,132,132,5,,1,PMO,"Wright, I M ",,PProvGJW,2024,,,,,,,,,2006,,,,,2006,39121,,,,,,,,,,,MarkRAMPMO
Mark 0132 PMO 006,Mark,132,132,6,,1,PMO,"Gillingham, R K ",,PProvGSW,2022,,,,,,,,,"2004, 2013",,,,,2004,38393,,,,,,,,,,,MarkRAMPMO
Mark 0132 PMO 007,Mark,132,132,7,,1,PMO,"Wills, C  ",,ProvGJO,2025,,,,,,,,,2015,,,,,2015,42411,,,,,,,,,,,MarkRAMPMO
Mark 0132 PMO 008,Mark,132,132,8,,1,PMO,"Wiffen, B G ",,PProvGSO,2025,,,,,,,,,2016,,,,,2016,42775,,,,,,,,,,,MarkRAMPMO
Mark 0132 PMO 009,Mark,132,132,9,,1,PMO,"Adlem, M J ",,PProvGReg,2018,,,,,,,,,2009,,,,,2009,40220,,,,,,,,,,,MarkRAMPMO
Mark 0132 PMO 010,Mark,132,132,10,,1,PMO,"Eaton, D F ",,DepProvGM,2023,,,,,,PAGDC,2020,,1999,,,,,1999,36566,,,,,,,,,,,MarkRAMPMO
Mark 0132 PMO 011,Mark,132,132,11,,1,PMO,"Russell, F  ",,PProvGSW,2022,,,,,,PAGDC,2023,,2008,,,,,2008,39856,,,,,,,,,,,MarkRAMPMO
Mark 0132 PMO 012,Mark,132,132,12,,1,PMO,"Burt, M R ",,PProvGReg,2022,,,,,,PGJD,2022,,2007,,,,,2007,39492,,,,,,,,,,,MarkRAMPMO
Mark 0132 PMO 013,Mark,132,132,13,,1,PMO,"Kusminoff, E  ",,PProvGJW,2017,,,,,,PGJD,2023,,2005,,,,,2005,38757,,,,,,,,,,,MarkRAMPMO
Mark 0132 PMO 014,Mark,132,132,14,,1,PMO,"Moorley, C J ",,,,,,,,,,,,2010,,,,,2010,40584,,,,,,,,,,,MarkRAMPMO
Mark 0132 PMO 015,Mark,132,132,15,,1,PMO,"Cobb, M A ",,PProvGIG,2023,,,,,,,,,"2020, 2021",,,,,2020,44448,,,,,,,,,,,MarkRAMPMO
Mark 0132 PMO 016,Mark,132,132,16,,1,PMO,"Fairlie, R  ",,PProvGMO,2025,,,,,,,,,2014,,,,,2014,42047,,,,,,,,,,,MarkRAMPMO
Mark 0132 PMO 017,Mark,132,132,17,,1,PMO,"Wills, M K ",,PProvGSD,2023,,,,,,,,,2017,,,,,2017,43139,,,,,,,,,,,MarkRAMPMO
Mark 0132 PMO 018,Mark,132,132,18,,1,PMO,"Wayman, L  ",,,,,,,,,,,,2019,,,,,2019,43874,,,,,,,,,,,MarkRAMPMO
Mark 0132 PMO 019,Mark,132,132,19,,1,PMO,"Wood, R A ",,PProvGIG,2023,,,,,,,,,2022,,,,,2022,44966,,,,,,,,,,,MarkRAMPMO
Mark 0132 PMO 020,Mark,132,132,20,,1,PMO,"Campbell, I R ",,PProvGStB,2020,,,,,,,,,2018,,,,,2018,43510,,,,,,,,,,,MarkRAMPMO
Mark 0132 PMO 021,Mark,132,132,21,,1,PMO,"Palmer, A R ",,ProvAGStB,2024,,,,,,,,,2023,,,,,2023,45330,,,,,,,,,,,MarkRAMPMO
Mark 0132 PMO 022,Mark,132,132,22,,1,PMO,"Loft, M R A",,ProvGStwd,2025,,,,,,,,,"2024, 2025",,,,,2024,45701,,,,,,,,,,,MarkRAMPMO
Mark 0132 PMO 023,Mark,132,132,23,,1,PMO,"Painter, N B ",,,,,,,,,,,,2026,,,,,2026,,,,,,,,,,,,MarkRAMPMO
Mark 0133 Hon 001,Mark,133,133,1,,,Hon,"Prax, G I",2009,PDepProvGM,2008,,,,,,PGJO,2008,,,,,97049,,,,,,,,,,,,,,MarkRAMHonMem
Mark 0133 Hon 002,Mark,133,133,2,,,Hon,"Guiver, L A C",2010,PProvGSW,2008,,,,,,PGStB,2006,,,,,49369,,,,,,,,,,,,,,MarkRAMHonMem
Mark 0133 Hon 003,Mark,133,133,3,,,Hon,"Harris, W J W",2025,PProvGMO,2005,,,,,,PGSD,2014,,,,,52357,,,,,,,,,,,,,,MarkRAMHonMem
Mark 0133 Inst 001,Mark,133,133,1,,,Inst,,,,,,,,,,,,,,,February 11th 2026,,,,,,,,,,,,,,,DBLodges
Mark 0133 Mem 001,Mark,133,133,1,,,Mem,"Daw, A S",1978,,,,,,,,,,,,,,31197,,,,,,,,,,,,,,MarkRAMHonMem
Mark 0133 Mem 002,Mark,133,133,2,,,Mem,"Wolsey, A J",1982,PProvGJW,2012,,,,,,PGStB,2015,,,,,135390,,,,2018,,,,,,,,,,MarkRAMHonMem
Mark 0133 Mem 003,Mark,133,133,3,,,Mem,"Pomeroy, V H",1982,,,,,,,,ProvGM,2023,,,,,96105,,,,,,,,,,,,,,MarkRAMHonMem
Mark 0133 Mem 004,Mark,133,133,4,,,Mem,"Shepherd, J",1985,PProvGMO,2021,,,,,,,,,,,,109149,,,,,,,,,,,,,,MarkRAMHonMem
Mark 0133 Mem 005,Mark,133,133,5,,,Mem,"Biss, M E S P",1993,,,,,,,,,,,,,,1031137,,,,,,,,,,,,,,MarkRAMHonMem
Mark 0133 Mem 006,Mark,133,133,6,,,Mem,"Williams, T G",1995,PProvGSW,2020,,,,,,PAGStB,2025,,,,,1049206,,,,2018,,,,,,,,,,MarkRAMHonMem
Mark 0133 Mem 007,Mark,133,133,7,,,Mem,"Knowles, H G",1996,PProvGJD,2011,,,,,,,,,,,,1056784,,,,,,,,,,,,,,MarkRAMHonMem
Mark 0133 Mem 008,Mark,133,133,8,,,Mem,"Wood, N B",1998,PProvGJW,2022,,,,,,,,,,,,1067439,,,,,,,,,,,,,,MarkRAMHonMem
Mark 0133 Mem 009,Mark,133,133,9,,,Mem,"Hogben, M L",2007,PProvGJO,2024,,,,,,,,,,,,1222014,,,,2020,,,,,,,,,,MarkRAMHonMem
Mark 0133 Mem 010,Mark,133,133,10,,,Mem,"Baker, P J",2008,PProvGJW,2024,,,,,,,,,,,,1014735,,,,2022,,,,,,,,,,MarkRAMHonMem
Mark 0133 Mem 011,Mark,133,133,11,,,Mem,"Osment, C S",2010,PProvGSW,2025,,,,,,,,,,,,89949,,,,2021,,,,,,,,,,MarkRAMHonMem
Mark 0133 Mem 012,Mark,133,133,12,,,Mem,"Bond, T A",2011,ProvGSO,2025,,,,,,,,,,,,1236422,,,,,,,,,,,,,,MarkRAMHonMem
Mark 0133 Mem 013,Mark,133,133,13,,,Mem,"Smith, J P",2011,,,,,,,,,,,,,,1236950,,,,,,,,,,,,,,MarkRAMHonMem
Mark 0133 Mem 014,Mark,133,133,14,,,Mem,"Gawler, P R",2012,PProvGStwd,2025,,,,,,,,,,,,1219340,,,,2025,,,,,,,,,,MarkRAMHonMem
Mark 0133 Mem 015,Mark,133,133,15,,,Mem,"Brown, A J",2013,PProvGIG,2023,,,,,,,,,,,,1242211,,,,2020,,,,,,,,,,MarkRAMHonMem
Mark 0133 Mem 016,Mark,133,133,16,,,Mem,"Wise, A J",2013,PProvGStB,2023,,,,,,,,,,,,1242524,,,,,,,,,,,,,,MarkRAMHonMem
Mark 0133 Mem 017,Mark,133,133,17,,,Mem,"Gardner, L",2014,PProvGJD,2023,,,,,,,,,,,,1245194,,,,,,,,,,,,,,MarkRAMHonMem
Mark 0133 Mem 018,Mark,133,133,18,,,Mem,"Graham, T F",2016,,,,,,,,,,,,,,1250569,,,,2019,,,,,,,,,,MarkRAMHonMem
Mark 0133 Mem 019,Mark,133,133,19,,,Mem,"Marfell, S A",2017,PProvDepGSec,2024,,,,,,,,,,,,1252622,,,,,,,,,,,,,,MarkRAMHonMem
Mark 0133 Mem 020,Mark,133,133,20,,,Mem,"Turner, K M",2017,,,,,,,,,,,,,,1251099,,,,2026,,,,,,,,,,MarkRAMHonMem
Mark 0133 Mem 021,Mark,133,133,21,,,Mem,"Smith, J R",2018,,,,,,,,,,,,,,1255944,,,,,,,,,,,,,,MarkRAMHonMem
Mark 0133 Mem 022,Mark,133,133,22,,,Mem,"Wormald, T R",2018,ProvDepGChap,2025,,,,,,,,,,,,1255862,,,,2026,,,,,,,,,,MarkRAMHonMem
Mark 0133 Mem 023,Mark,133,133,23,,,Mem,"Avery, S R",2019,,,,,,,,,,,,,,1258709,,,,,,,,,,,,,,MarkRAMHonMem
Mark 0133 Mem 024,Mark,133,133,24,,,Mem,"Carter, J C",2021,ProvGAlm,2025,,,,,,,,,,,,1239990,,,,,,,,,,,,,,MarkRAMHonMem
Mark 0133 Mem 025,Mark,133,133,25,,,Mem,"Dodd, M P",2022,,,,,,,,,,,,,,1260896,,,,2026,,,,,,,,,,MarkRAMHonMem
Mark 0133 Mem 026,Mark,133,133,26,,,Mem,"Newman, J S",2023,,,,,,,,,,,,,,1263717,,,,2026,,,,,,,,,,MarkRAMHonMem
Mark 0133 Mem 027,Mark,133,133,27,,,Mem,"Britten, G R",2023,,,,,,,,,,,,,,1264084,,,,2023,,,,,,,,,,MarkRAMHonMem
Mark 0133 Mem 028,Mark,133,133,28,,,Mem,"Payne, D V",2023,,,,,,,,,,,,,,1258095,,,,2024,,,,,,,,,,MarkRAMHonMem
Mark 0133 Mem 029,Mark,133,133,29,,,Mem,"Green, T",2023,,,,,,,,,,,,,,1227664,,,,2026,,,,,,,,,,MarkRAMHonMem
Mark 0133 Mem 030,Mark,133,133,30,,,Mem,"Roberts, K W K",2023,,,,,,,,,,,,,,1266139,,,,2026,,,,,,,,,,MarkRAMHonMem
Mark 0133 Mem 031,Mark,133,133,31,,,Mem,"Tritton, B D",2024,ProvGReg,2022,,,,,,PAGDC,2026,,,,,1040780,,,,,,,,,,,,,,MarkRAMHonMem
Mark 0133 Mem 032,Mark,133,133,32,,,Mem,"Heald, G J",2024,,,,,,,,,,,,,,1258679,,,,2026,,,,,,,,,,MarkRAMHonMem
Mark 0133 Mem 033,Mark,133,133,33,,,Mem,"Grundonner, M P",2024,,,,,,,,,,,,,,1266477,,,,,,,,,,,,,,MarkRAMHonMem
Mark 0133 Mem 034,Mark,133,133,34,,,Mem,"Haskins, K P",2024,,,,,,,,,,,,,,1268826,,,,2026,,,,,,,,,,MarkRAMHonMem
Mark 0133 Mem 035,Mark,133,133,35,,,Mem,"Newman, O S",2024,,,,,,,,,,,,,,1266655,,,,2024,,,,,,,,,,MarkRAMHonMem
Mark 0133 Mem 036,Mark,133,133,36,,,Mem,"Culley, A E J",2025,,,,,,,,,,,,,,1272291,,,,2026,,,,,,,,,,MarkRAMHonMem
Mark 0133 Mem 037,Mark,133,133,37,,,Mem,"O'Keefe, L J",2025,,,,,,,,,,,,,,1253831,,,,2026,,,,,,,,,,MarkRAMHonMem
Mark 0133 Mem 038,Mark,133,133,38,,,Mem,"Monaghan, W J",2025,,,,,,,,,,,,,,1269603,,,,2025,,,,,,,,,,MarkRAMHonMem
Mark 0133 Mem 039,Mark,133,133,39,,,Mem,"Poole, J C",2026,,,,,,,,,,,,,,1272433,,,,,,,,,,,,,,MarkRAMHonMem
Mark 0133 Mem 040,Mark,133,133,40,,,Mem,"Dacey, G",2026,,,,,,,,,,,,,,1273386,,,,,,,,,,,,,,MarkRAMHonMem
Mark 0133 Off 001,Mark,133,133,1,WM,1,Off,"Turner, K M",,,,,,,,,,,,,,,1251099,,,,,,,,,,,,,,MarkRAMOff
Mark 0133 Off 002,Mark,133,133,2,SW,2,Off,"Dodd, M P",,,,,,,,,,,,,,,1260896,,,,,,,,,,,,,,MarkRAMOff
Mark 0133 Off 003,Mark,133,133,3,JW,3,Off,"Green, T",,,,,,,,,,,,,,,1227664,,,,,,,,,,,,,,MarkRAMOff
Mark 0133 Off 004,Mark,133,133,4,MO,4,Off,"Brown, A J",,,,,,,,,,,,,,,1242211,,,,,,,,,,,,,,MarkRAMOff
Mark 0133 Off 005,Mark,133,133,5,SO,5,Off,"Newman, J S",,,,,,,,,,,,,,,1263717,,,,,,,,,,,,,,MarkRAMOff
Mark 0133 Off 006,Mark,133,133,6,JO,6,Off,"Roberts, K W K",,,,,,,,,,,,,,,1266139,,,,,,,,,,,,,,MarkRAMOff
Mark 0133 Off 007,Mark,133,133,7,Chap,7,Off,"Wormald, T R",,,,,,,,,,,,,,,1255862,,,,,,,,,,,,,,MarkRAMOff
Mark 0133 Off 008,Mark,133,133,8,Treas,8,Off,"Payne, D V",,,,,,,,,,,,,,,1258095,,,,,,,,,,,,,,MarkRAMOff
Mark 0133 Off 009,Mark,133,133,9,RegMks,9,Off,"Gawler, P R",,,,,,,,,,,,,,,1219340,,,,,,,,,,,,,,MarkRAMOff
Mark 0133 Off 010,Mark,133,133,10,Sec,10,Off,"Britten, G R",,,,,,,,,,,,,,,1264084,,,,,,,,,,,,,,MarkRAMOff
Mark 0133 Off 011,Mark,133,133,11,DC,11,Off,"Williams, T G",,,,,,,,,,,,,,,1049206,,,,,,,,,,,,,,MarkRAMOff
Mark 0133 Off 012,Mark,133,133,12,Alm,12,Off,"Wolsey, A J",,,,,,,,,,,,,,,135390,,,,,,,,,,,,,,MarkRAMOff
Mark 0133 Off 013,Mark,133,133,13,ChStwd,13,Off,"Hogben, M L",,,,,,,,,,,,,,,1222014,,,,,,,,,,,,,,MarkRAMOff
Mark 0133 Off 014,Mark,133,133,14,SD,14,Off,"Heald, G J",,,,,,,,,,,,,,,1258679,,,,,,,,,,,,,,MarkRAMOff
Mark 0133 Off 015,Mark,133,133,15,JD,15,Off,"Haskins, K P",,,,,,,,,,,,,,,1268826,,,,,,,,,,,,,,MarkRAMOff
Mark 0133 Off 016,Mark,133,133,16,ADC,17,Off,"Baker, P J",,,,,,,,,,,,,,,1014735,,,,,,,,,,,,,,MarkRAMOff
Mark 0133 Off 017,Mark,133,133,17,IG,19,Off,"Graham, T F",,,,,,,,,,,,,,,1250569,,,,,,,,,,,,,,MarkRAMOff
Mark 0133 Off 018,Mark,133,133,18,Stwd,20,Off,"Newman, O S",,,,,,,,,,,,,,,1266655,,,,,,,,,,,,,,MarkRAMOff
Mark 0133 Off 019,Mark,133,133,19,Stwd,20,Off,"Monaghan, W J",,,,,,,,,,,,,,,1269603,,,,,,,,,,,,,,MarkRAMOff
Mark 0133 Off 020,Mark,133,133,20,Stwd,20,Off,"Culley, A E J",,,,,,,,,,,,,,,1272291,,,,,,,,,,,,,,MarkRAMOff
Mark 0133 Off 021,Mark,133,133,21,Stwd,20,Off,"O'Keefe, L J",,,,,,,,,,,,,,,1253831,,,,,,,,,,,,,,MarkRAMOff
Mark 0133 Off 022,Mark,133,133,22,Tyler,21,Off,"Osment, C S",,,,,,,,,,,,,,,89949,,,,,,,,,,,,,,MarkRAMOff
Mark 0133 PMI 001,Mark,133,133,1,,,PMI,"Tritton, B D",2024,ProvGReg,2022,,,,,,,,,2019/20/21,,,,,,,,126, ɫ,Re-j,,,,,,,MarkRAMPMI
Mark 0133 PMI 002,Mark,133,133,2,,,PMI,"Bond, T A ",2011,ProvGSO,2023,,,,,,,,,2016,,,,,,,,126, ɫ,,,,,,,,MarkRAMPMI
Mark 0133 PMO 001,Mark,133,133,1,,1,PMO,"Harris, W J W",,PProvGMO,2005,,,,,,PGSD,2014,,1997,,,,,1997,35837,,,,,,,,,,,MarkRAMPMO
Mark 0133 PMO 002,Mark,133,133,2,,1,PMO,"Pomeroy, V H ",,,,,,,,,ProvGM,2023,,1994,,,,,1994,34738,,,,,,,,,,,MarkRAMPMO
Mark 0133 PMO 003,Mark,133,133,3,,1,PMO,"Guiver, L A C",,PProvGSW,2008,,,,,,PGStB,2006,,1985,,,,,1985,31455,,,,,,,,,,,MarkRAMPMO
Mark 0133 PMO 004,Mark,133,133,4,,1,PMO,"McAllister, R J ",,,,,,,,,,,,2010,,,,,2010,40583,,,,,,,,,,,MarkRAMPMO
Mark 0133 PMO 005,Mark,133,133,5,,1,PMO,"Wolsey, A J ",,PProvGJW,2012,,,,,,PGStB,2015,,1995,,,,,1995,35102,,,,,,,,,,,MarkRAMPMO
Mark 0133 PMO 006,Mark,133,133,6,,1,PMO,"Johnson, A H ",,,,,,,,,,,,2007,,,,,2007,39491,,,,,,,,,,,MarkRAMPMO
Mark 0133 PMO 007,Mark,133,133,7,,1,PMO,"Wood, N B ",,PProvGJW,2022,,,,,,,,,2009,,,,,2009,40219,,,,,,,,,,,MarkRAMPMO
Mark 0133 PMO 008,Mark,133,133,8,,1,PMO,"Shepherd, J  ",,PProvGMO,2021,,,,,,,,,2012,,,,,2012,41318,,,,,,,,,,,MarkRAMPMO
Mark 0133 PMO 009,Mark,133,133,9,,1,PMO,"Williams, T G ",,PProvGSW,2020,,,,,,PAGStB,2025,,2005,,,,,2005,38756,,,,,,,,,,,MarkRAMPMO
Mark 0133 PMO 010,Mark,133,133,10,,1,PMO,"Baker, P J ",,PProvGJW,2024,,,,,,,,,2015,,,,,2015,42410,,,,,,,,,,,MarkRAMPMO
Mark 0133 PMO 011,Mark,133,133,11,,1,PMO,"Gawler, P R ",,PProvGStwd,2025,,,,,,,,,2023,,,,,2023,45336,,,,,,,,,,,MarkRAMPMO
Mark 0133 PMO 012,Mark,133,133,12,,1,PMO,"Hogben, M L ",,PProvGJO,2024,,,,,,,,,2018,,,,,2018,43509,,,,,,,,,,,MarkRAMPMO
Mark 0133 PMO 013,Mark,133,133,13,,1,PMO,"Holland, S A ",,,,,,,,,,,,2019,,,,,2019,43873,,,,,,,,,,,MarkRAMPMO
Mark 0133 PMO 014,Mark,133,133,14,,1,PMO,"Climo, A C ",,,,,,,,,,,,2016,,,,,2016,42774,,,,,,,,,,,MarkRAMPMO
Mark 0133 PMO 015,Mark,133,133,15,,1,PMO,"Carter, J C ",,ProvGAlm,2025,,,,,,,,,2025,,,,,2025,46064,,,,,,,,,,,MarkRAMPMO
Mark 0133 PMO 016,Mark,133,133,16,,1,PMO,"Wise, A J ",,PProvGStB,2023,,,,,,,,,2022,,,,,2022,44965,,,,,,,,,,,MarkRAMPMO
Mark 0133 PMO 017,Mark,133,133,17,,1,PMO,"Turner, K M ",,,,,,,,,,,,2026,,,,,2026,,,,,,,,,,,,MarkRAMPMO
Mark 0133 PMO 018,Mark,133,133,18,,1,PMO,"Marfell, S A ",,PProvDepGSec,2024,,,,,,,,,"2020, 2021",,,,,2020,44482,,,,,,,,,,,MarkRAMPMO
Mark 0133 PMO 019,Mark,133,133,19,,1,PMO,"Wormald, T R ",,ProvDepGChap,2025,,,,,,,,,2024,,,,,2024,45700,,,,,,,,,,,MarkRAMPMO
Mark 0133 PMO 020,Mark,133,133,20,,1,PMO,"Osment, C S ",,PProvGSW,2025,,,,,,,,,2017,,,,,2017,43145,,,,,,,,,,,MarkRAMPMO
Mark 0134 Inst 001,Mark,134,134,1,,,Inst,,,,,,,,,,,,,,,November 3rd 2025,,,,,,,,,,,,,,,DBLodges
Mark 0634 Hon 001,Mark,634,634,1,,,Hon,"Prax, G I",2008,PDepProvGM,2008,,,,,,PGJO,2008,,,,,97049,,,,,,,,,,,,,,MarkRAMHonMem
Mark 0634 Hon 002,Mark,634,634,2,,,Hon,"Shaw, F J",2012,,,,,,,,PProvGM,2015,,,,,108782,,,,,,,,,,,,,,MarkRAMHonMem
Mark 0634 Hon 003,Mark,634,634,3,,,Hon,"Guillemet, R M C",2025,PProvGSW,2011,,,,,,,,,,,,49351,,,,,,,,,,,,,,MarkRAMHonMem
Mark 0634 Hon 004,Mark,634,634,4,,,Hon,"Hollings, W C",2025,PProvGSW,2015,,,,,,,,,,,,57719,,,,,,,,,,,,,,MarkRAMHonMem
Mark 0634 Mem 001,Mark,634,634,1,,,Mem,"Schofield, V T",1975,PProvGSW,2025,,,,,,,,,,,,107004,,,,,,,,,,,,,,MarkRAMHonMem
Mark 0634 Mem 002,Mark,634,634,2,,,Mem,"Nixey, M T",1978,PProvGSW,2009,,,,,,PGStB,2016,,,,,88055,,,,2022,,,,,,,,,,MarkRAMHonMem
Mark 0634 Mem 003,Mark,634,634,3,,,Mem,"Sawtell, D W",1983,,,,,,,,,,,,,,106662,,,,,,,,,,,,,,MarkRAMHonMem
Mark 0634 Mem 004,Mark,634,634,4,,,Mem,"Laming, P M",1985,PProvGSW,2019,,,,,,PGStB,2023,,,,,70440,,,,,,,,,,,,,,MarkRAMHonMem
Mark 0634 Mem 005,Mark,634,634,5,,,Mem,"Smallman, A E",1993,PProvGSW,2021,,,,,,,,,,,,1026559,,,,,,,,,,,,,,MarkRAMHonMem
Mark 0634 Mem 006,Mark,634,634,6,,,Mem,"Parkes, R W",1994,PProvGSec,2025,,,,,,PAGDC,2022,,,,,1039178,,,,2013,,,,,,,,,,MarkRAMHonMem
Mark 0634 Mem 007,Mark,634,634,7,,,Mem,"Pearce, N R",1996,,,,,,,,,,,,,,1052585,,,,,,,,,,,,,,MarkRAMHonMem
Mark 0634 Mem 008,Mark,634,634,8,,,Mem,"Why, T R",1997,PProvGChap,2025,,,,,,,,,,,,1064034,,,,,,,,,,,,,,MarkRAMHonMem
Mark 0634 Mem 009,Mark,634,634,9,,,Mem,"Bowring, T J",1999,PProvGSW,2025,,,,,,,,,,,,1076578,,,,2022,,,,,,,,,,MarkRAMHonMem
Mark 0634 Mem 010,Mark,634,634,10,,,Mem,"Sanford, S M",2000,PProvGJW,2023,,,,,,,,,,,,1082402,,,,,,,,,,,,,,MarkRAMHonMem
Mark 0634 Mem 011,Mark,634,634,11,,,Mem,"Schofield, N L",2001,,,,,,,,,,,,,,1201626,,,,,,,,,,,,,,MarkRAMHonMem
Mark 0634 Mem 012,Mark,634,634,12,,,Mem,"Cartwright, A J",2003,PProvGSO,2024,,,,,,,,,,,,1209599,,,,,,,,,,,,,,MarkRAMHonMem
Mark 0634 Mem 013,Mark,634,634,13,,,Mem,"Meades, G T",2006,PProvGSO,2025,,,,,,,,,,,,1220932,,,,2024,,,,,,,,,,MarkRAMHonMem
Mark 0634 Mem 014,Mark,634,634,14,,,Mem,"Barrett, T M",2007,ProvGChStwd,2020,,,,,,PAGDC,2025,,,,,1223298,,,,2024,,,,,,,,,,MarkRAMHonMem
Mark 0634 Mem 015,Mark,634,634,15,,,Mem,"Copus, A W",2009,PProvGJD,2022,,,,,,,,,,,,1228611,,,,,,,,,,,,,,MarkRAMHonMem
Mark 0634 Mem 016,Mark,634,634,16,,,Mem,"McHugh, R G",2009,,,,,,,,,,,,,,1229599,,,,,,,,,,,,,,MarkRAMHonMem
Mark 0634 Mem 017,Mark,634,634,17,,,Mem,"Hansford, A M",2010,PProvGJW,2022,,,,,,,,,,,,51361,,,,2022,,,,,,,,,,MarkRAMHonMem
Mark 0634 Mem 018,Mark,634,634,18,,,Mem,"Prudames, I B",2010,,,,,,,,,,,,,,1232226,,,,,,,,,,,,,,MarkRAMHonMem
Mark 0634 Mem 019,Mark,634,634,19,,,Mem,"Tuck, K J",2011,ProvGSD,2025,,,,,,,,,,,,1235084,,,,,,,,,,,,,,MarkRAMHonMem
Mark 0634 Mem 020,Mark,634,634,20,,,Mem,"Webster, R B",2012,,,,,,,,,,,,,,1238505,,,,,,,,,,,,,,MarkRAMHonMem
Mark 0634 Mem 021,Mark,634,634,21,,,Mem,"Hicks, D J",2012,ProvGStB,2025,,,,,,,,,,,,1237912,,,,,,,,,,,,,,MarkRAMHonMem
Mark 0634 Mem 022,Mark,634,634,22,,,Mem,"Walker, J M",2013,,,,,,,,,,,,,,1241391,,,,2022,,,,,,,,,,MarkRAMHonMem
Mark 0634 Mem 023,Mark,634,634,23,,,Mem,"Fletcher, L",2014,PProvGSwdB,2025,,,,,,,,,,,,1244847,,,,2025,,,,,,,,,,MarkRAMHonMem
Mark 0634 Mem 024,Mark,634,634,24,,,Mem,"Crook, A I",2014,,,,,,,,,,,,,,1244052,,,,,,,,,,,,,,MarkRAMHonMem
Mark 0634 Mem 025,Mark,634,634,25,,,Mem,"Ford, M W J",2016,,,,,,,,,,,,,,1248126,,,,2022,,,,,,,,,,MarkRAMHonMem
Mark 0634 Mem 026,Mark,634,634,26,,,Mem,"Reed, N",2016,,,,,,,,,,,,,,1248986,,,,2025,,,,,,,,,,MarkRAMHonMem
Mark 0634 Mem 027,Mark,634,634,27,,,Mem,"Lucas, G F R",2017,,,,,,,,,,,,,,1250791,,,,2025,,,,,,,,,,MarkRAMHonMem
Mark 0634 Mem 028,Mark,634,634,28,,,Mem,"Tate, S A",2020,,,,,,,,,,,,,,1259270,,,,2025,,,,,,,,,,MarkRAMHonMem
Mark 0634 Mem 029,Mark,634,634,29,,,Mem,"Paisley, R A",2022,PProvGJW,2017,,,,,,PAGIG,2019,,,,,1206101,,,,,,,,,,,,,,MarkRAMHonMem
Mark 0634 Mem 030,Mark,634,634,30,,,Mem,"Fagan, R",2022,,,,,,,,,,,,,,1261525,,,,2025,,,,,,,,,,MarkRAMHonMem
Mark 0634 Mem 031,Mark,634,634,31,,,Mem,"Barrett, A M",2022,,,,,,,,,,,,,,1261940,,,,2025,,,,,,,,,,MarkRAMHonMem
Mark 0634 Mem 032,Mark,634,634,32,,,Mem,"Stone, R",2022,,,,,,,,,,,,,,1262807,,,,2025,,,,,,,,,,MarkRAMHonMem
Mark 0634 Mem 033,Mark,634,634,33,,,Mem,"Latham, K F",2023,,,,,,,,,,,,,,1265648,,,,2025,,,,,,,,,,MarkRAMHonMem
Mark 0634 Mem 034,Mark,634,634,34,,,Mem,"Walker, C J",2023,,,,,,,,,,,,,,1263763,,,,,,,,,,,,,,MarkRAMHonMem
Mark 0634 Mem 035,Mark,634,634,35,,,Mem,"Davies, S P",2023,,,,,,,,,,,,,,1264338,,,,2025,,,,,,,,,,MarkRAMHonMem
Mark 0634 Mem 036,Mark,634,634,36,,,Mem,"Macdonald, A",2024,,,,,,,,,,,,,,1266628,,,,,,,,,,,,,,MarkRAMHonMem
Mark 0634 Mem 037,Mark,634,634,37,,,Mem,"Barrett, L A",2025,,,,,,,,,,,,,,1269822,,,,2025,,,,,,,,,,MarkRAMHonMem
Mark 0634 Mem 038,Mark,634,634,38,,,Mem,"O'Dowd, K P",2025,,,,,,,,,,,,,,1205073,,,,2025,,,,,,,,,,MarkRAMHonMem
Mark 0634 Mem 039,Mark,634,634,39,,,Mem,"Fagan, A B",2025,,,,,,,,,,,,,,1271917,,,,2025,,,,,,,,,,MarkRAMHonMem
Mark 0634 Mem 040,Mark,634,634,40,,,Mem,"Samways, J P",2025,,,,,,,,,,,,,,1271010,,,,2025,,,,,,,,,,MarkRAMHonMem
Mark 0634 Mem 041,Mark,634,634,41,,,Mem,"Hughes, C G",2026,,,,,,,,,,,,,,1274332,,,,,,,,,,,,,,MarkRAMHonMem
Mark 0634 Mem 042,Mark,634,634,42,,,Mem,"Hughes, G",2026,,,,,,,,,,,,,,1273816,,,,,,,,,,,,,,MarkRAMHonMem
Mark 0634 Off 001,Mark,634,634,1,WM,1,Off,"Stone, R",,,,,,,,,,,,,,,1262807,,,,,,,,,,,,,,MarkRAMOff
Mark 0634 Off 002,Mark,634,634,2,SW,2,Off,"Reed, N",,,,,,,,,,,,,,,1248986,,,,,,,,,,,,,,MarkRAMOff
Mark 0634 Off 003,Mark,634,634,3,JW,3,Off,"Lucas, G F R",,,,,,,,,,,,,,,1250791,,,,,,,,,,,,,,MarkRAMOff
Mark 0634 Off 004,Mark,634,634,4,MO,4,Off,"Barrett, A M",,,,,,,,,,,,,,,1261940,,,,,,,,,,,,,,MarkRAMOff
Mark 0634 Off 005,Mark,634,634,5,SO,5,Off,"Fagan, R",,,,,,,,,,,,,,,1261525,,,,,,,,,,,,,,MarkRAMOff
Mark 0634 Off 006,Mark,634,634,6,JO,6,Off,"Tate, S A",,,,,,,,,,,,,,,1259270,,,,,,,,,,,,,,MarkRAMOff
Mark 0634 Off 007,Mark,634,634,7,Chap,7,Off,"Nixey, M T",,,,,,,,,,,,,,,88055,,,,,,,,,,,,,,MarkRAMOff
Mark 0634 Off 008,Mark,634,634,8,Treas,8,Off,"Parkes, R W",,,,,,,,,,,,,,,1039178,,,,,,,,,,,,,,MarkRAMOff
Mark 0634 Off 009,Mark,634,634,9,RegMks,9,Off,"Hansford, A M",,,,,,,,,,,,,,,51361,,,,,,,,,,,,,,MarkRAMOff
Mark 0634 Off 010,Mark,634,634,10,Sec,10,Off,"Walker, J M",,,,,,,,,,,,,,,1241391,,,,,,,,,,,,,,MarkRAMOff
Mark 0634 Off 011,Mark,634,634,11,DC,11,Off,"Barrett, T M",,,,,,,,,,,,,,,1223298,,,,,,,,,,,,,,MarkRAMOff
Mark 0634 Off 012,Mark,634,634,12,Alm,12,Off,"Bowring, T J",,,,,,,,,,,,,,,1076578,,,,,,,,,,,,,,MarkRAMOff
Mark 0634 Off 013,Mark,634,634,13,ChStwd,13,Off,"Ford, M W J",,,,,,,,,,,,,,,1248126,,,,,,,,,,,,,,MarkRAMOff
Mark 0634 Off 014,Mark,634,634,14,SD,14,Off,"Davies, S P",,,,,,,,,,,,,,,1264338,,,,,,,,,,,,,,MarkRAMOff
Mark 0634 Off 015,Mark,634,634,15,JD,15,Off,"Latham, K F",,,,,,,,,,,,,,,1265648,,,,,,,,,,,,,,MarkRAMOff
Mark 0634 Off 016,Mark,634,634,16,ADC,17,Off,"Meades, G T",,,,,,,,,,,,,,,1220932,,,,,,,,,,,,,,MarkRAMOff
Mark 0634 Off 017,Mark,634,634,17,Org,18,Off,"O'Dowd, K P",,,,,,,,,,,,,,,1205073,,,,,,,,,,,,,,MarkRAMOff
Mark 0634 Off 018,Mark,634,634,18,IG,19,Off,"Barrett, L A",,,,,,,,,,,,,,,1269822,,,,,,,,,,,,,,MarkRAMOff
Mark 0634 Off 019,Mark,634,634,19,Stwd,20,Off,"Fagan, A B",,,,,,,,,,,,,,,1271917,,,,,,,,,,,,,,MarkRAMOff
Mark 0634 Off 020,Mark,634,634,20,Stwd,20,Off,"Samways, J P",,,,,,,,,,,,,,,1271010,,,,,,,,,,,,,,MarkRAMOff
Mark 0634 Off 021,Mark,634,634,21,Tyler,21,Off,"Fletcher, L",,,,,,,,,,,,,,,1244847,,,,,,,,,,,,,,MarkRAMOff
Mark 0634 PMI 001,Mark,634,634,1,,,PMI,"Hansford, A M                                      ",2010,PProvGJW,2022,,,,,,,,,1999,,,,,,,,831,,,,,,,,,MarkRAMPMI
Mark 0634 PMI 002,Mark,634,634,2,,,PMI,"Paisley, R A ",2022,,,Y,,,,,PAGIG,2019,,2011,,,,,,,,126, ɫ,,,,,,,,MarkRAMPMI
Mark 0634 PMO 001,Mark,634,634,1,,1,PMO,"Nixey, M T ",,PProvGSW,2009,,,,,,PGStB,2016,,1989,,,,,1989,33210,,,,,,,,,,,MarkRAMPMO
Mark 0634 PMO 002,Mark,634,634,2,,1,PMO,"MacDougall, D S ",,,,,,,,,,,,2002,,,,,2002,37957,,,,,,,,,,,MarkRAMPMO
Mark 0634 PMO 003,Mark,634,634,3,,1,PMO,"Shewan, D C ",,,,,,,,,,,,1999,,,,,1999,36864,,,,,,,,,,,MarkRAMPMO
Mark 0634 PMO 004,Mark,634,634,4,,1,PMO,"Hollings, W C ",,PProvGSW,2015,,,,,,,,,1997,,,,,1997,36129,,,,,,,,,,,MarkRAMPMO
Mark 0634 PMO 005,Mark,634,634,5,,1,PMO,"Savage, T J H",,,,,,,,,,,,2000,,,,,2000,37228,,,,,,,,,,,MarkRAMPMO
Mark 0634 PMO 006,Mark,634,634,6,,1,PMO,"Laming, P M ",,PProvGSW,2019,,,,,,PGStB,2023,,1998,,,,,1998,36500,,,,,,,,,,,MarkRAMPMO
Mark 0634 PMO 007,Mark,634,634,7,,1,PMO,"Parkes, R W ",,PProvGSec,2025,,,,,,PAGDC,2022,,2008,,,,,2008,40154,,,,,,,,,,,MarkRAMPMO
Mark 0634 PMO 008,Mark,634,634,8,,1,PMO,"Sanford, S M ",,PProvGJW,2023,,,,,,,,,"2013, 2014",,,,,2013,41974,,,,,,,,,,,MarkRAMPMO
Mark 0634 PMO 009,Mark,634,634,9,,1,PMO,"Smallman, A E ",,PProvGSW,2021,,,,,,,,,2003,,,,,2003,38320,,,,,,,,,,,MarkRAMPMO
Mark 0634 PMO 010,Mark,634,634,10,,1,PMO,"Cartwright, A J ",,PProvGSO,2024,,,,,,,,,2009,,,,,2009,40518,,,,,,,,,,,MarkRAMPMO
Mark 0634 PMO 011,Mark,634,634,11,,1,PMO,"Schofield, V T ",,PProvGSW,2025,,,,,,,,,2012,,,,,2012,41610,,,,,,,,,,,MarkRAMPMO
Mark 0634 PMO 012,Mark,634,634,12,,1,PMO,"Matthews, S J ",,PProvGSW,2022,,,,,,,,,1994,,,,,1994,35037,,,,,,,,,,,MarkRAMPMO
Mark 0634 PMO 013,Mark,634,634,13,,1,PMO,"Barrett, T M ",,ProvGChStwd,2020,,,,,,PAGDC,2025,,2016,,,,,2016,43073,,,,,,,,,,,MarkRAMPMO
Mark 0634 PMO 014,Mark,634,634,14,,1,PMO,"Meades, G T ",,PProvGSO,2025,,,,,,,,,2015,,,,,2015,42709,,,,,,,,,,,MarkRAMPMO
Mark 0634 PMO 015,Mark,634,634,15,,1,PMO,"Copus, A W ",,PProvGJD,2022,,,,,,,,,"2019, 2021",,,,,2019,44473,,,,,,,,,,,MarkRAMPMO
Mark 0634 PMO 016,Mark,634,634,16,,1,PMO,"Stone, R  ",,,,,,,,,,,,2025,,,,,2025,,,,,,,,,,,,MarkRAMPMO
Mark 0634 PMO 017,Mark,634,634,17,,1,PMO,"Fletcher, L  ",,PProvGSwdB,2025,,,,,,,,,2023,,,,,2023,45628,,,,,,,,,,,MarkRAMPMO
Mark 0634 PMO 018,Mark,634,634,18,,1,PMO,"Hicks, D J ",,ProvGStB,2025,,,,,,,,,2024,,,,,2024,45992,,,,,,,,,,,MarkRAMPMO
Mark 0634 PMO 019,Mark,634,634,19,,1,PMO,"Tuck, K J ",,ProvGSD,2025,,,,,,,,,2022,,,,,2022,45264,,,,,,,,,,,MarkRAMPMO
Mark 0634 PMO 020,Mark,634,634,20,,1,PMO,"Bowring, T J ",,PProvGSW,2025,,,,,,,,,2018,,,,,2018,43801,,,,,,,,,,,MarkRAMPMO
Mark 0690 Hon 001,Mark,690,690,1,,,Hon,"Bryant, J C",1986,,,,,,,,,,,,,,16860,,,,,,,,,,,,,,MarkRAMHonMem
Mark 0690 Hon 002,Mark,690,690,2,,,Hon,"Chapman, R J",2008,,,,,,,,,,,,,,21359,,,,,,,,,,,,,,MarkRAMHonMem
Mark 0690 Inst 001,Mark,690,690,1,,,Inst,,,,,,,,,,,,,,,November 24th 2025,,,,,,,,,,,,,,,DBLodges
Mark 0690 Mem 001,Mark,690,690,1,,,Mem,"Lill, C J",1980,PProvGJW,2022,,,,,,,,,,,,73442,,,,2025,,,,,,,,,,MarkRAMHonMem
Mark 0690 Mem 002,Mark,690,690,2,,,Mem,"Rowe, J",1984,PDepProvGM,2017,,,,,,PGSD,2017,,,,,104666,,,,2021,,,,,,,,,,MarkRAMHonMem
Mark 0690 Mem 003,Mark,690,690,3,,,Mem,"Dare, S J",1985,PProvGSW,2006,,,,,,PGSD,2013,,,,,29778,,,,2023,,,,,,,,,,MarkRAMHonMem
Mark 0690 Mem 004,Mark,690,690,4,,,Mem,"Cox, M J",1994,,,,,,,,,,,,,,1036559,,,,,,,,,,,,,,MarkRAMHonMem
Mark 0690 Mem 005,Mark,690,690,5,,,Mem,"Brown, A F T",1998,PProvGSW,2024,,,,,,,,,,,,1066376,,,,2024,,,,,,,,,,MarkRAMHonMem
Mark 0690 Mem 006,Mark,690,690,6,,,Mem,"Bellamy, J E",2005,PProvGSW,2015,,,,,,PAGDC,2017,,,,,9030,,,,,,,,,,,,,,MarkRAMHonMem
Mark 0690 Mem 007,Mark,690,690,7,,,Mem,"Hussey, J T",2006,PProvGIG,2022,,,,,,,,,,,,1220616,,,,2017,,,,,,,,,,MarkRAMHonMem
Mark 0690 Mem 008,Mark,690,690,8,,,Mem,"Sims, G A",2008,PProvGSwdB,2022,,,,,,,,,,,,1226835,,,,,,,,,,,,,,MarkRAMHonMem
Mark 0690 Mem 009,Mark,690,690,9,,,Mem,"Snook, R",2008,,,,,,,,,,,,,,1225671,,,,,,,,,,,,,,MarkRAMHonMem
Mark 0690 Mem 010,Mark,690,690,10,,,Mem,"Bland, P J",2012,PProvGSW,2024,,,,,,,,,,,,1238506,,,,2022,,,,,,,,,,MarkRAMHonMem
Mark 0690 Mem 011,Mark,690,690,11,,,Mem,"Dorrington-Ward, S",2014,PProvGIG,2023,,,,,,,,,,,,1243535,,,,2024,,,,,,,,,,MarkRAMHonMem
Mark 0690 Mem 012,Mark,690,690,12,,,Mem,"Phillips, A S",2016,,,,,,,,,,,,,,1249513,,,,,,,,,,,,,,MarkRAMHonMem
Mark 0690 Mem 013,Mark,690,690,13,,,Mem,"Squire, S A",2017,,,,,,,,,,,,,,1251773,,,,2025,,,,,,,,,,MarkRAMHonMem
Mark 0690 Mem 014,Mark,690,690,14,,,Mem,"Jacobs, J",2018,,,,,,,,,,,,,,1254478,,,,2025,,,,,,,,,,MarkRAMHonMem
Mark 0690 Mem 015,Mark,690,690,15,,,Mem,"McGhee, D G",2019,PProvGSW,2024,,,,,,,,,,,,1211413,,,,,,,,,,,,,,MarkRAMHonMem
Mark 0690 Mem 016,Mark,690,690,16,,,Mem,"McReavie, C W",2021,,,Y,,,,,,,,,,,1260903,,,,2025,,,,,,,,,,MarkRAMHonMem
Mark 0690 Mem 017,Mark,690,690,17,,,Mem,"Waldron, P",2022,PProvGSW,2025,,,,,,PGSD,2019,,,,,1028245,,,,2025,,,,,,,,,,MarkRAMHonMem
Mark 0690 Mem 018,Mark,690,690,18,,,Mem,"Wood, C D",2024,,,,,,,,,,,,,,1250740,,,,2025,,,,,,,,,,MarkRAMHonMem
Mark 0690 Mem 019,Mark,690,690,19,,,Mem,"Stocks, A",2024,,,,,,,,,,,,,,1267674,,,,2025,,,,,,,,,,MarkRAMHonMem
Mark 0690 Mem 020,Mark,690,690,20,,,Mem,"Pimbley, J J",2025,,,,,,,,,,,,,,1271849,,,,2025,,,,,,,,,,MarkRAMHonMem
Mark 0690 Mem 021,Mark,690,690,21,,,Mem,"Deacon, C T",2025,,,,,,,,,,,,,,1027515,,,,2025,,,,,,,,,,MarkRAMHonMem
Mark 0690 Mem 022,Mark,690,690,22,,,Mem,"Saddington, J A",2025,,,,,,,,,,,,,,1270643,,,,2025,,,,,,,,,,MarkRAMHonMem
Mark 0690 Mem 023,Mark,690,690,23,,,Mem,"Craddock, D D",2025,,,,,,,,,,,,,,1074096,,,,2025,,,,,,,,,,MarkRAMHonMem
Mark 0690 Mem 024,Mark,690,690,24,,,Mem,"Barnes, C J",2025,,,,,,,,,,,,,,1271025,,,,2025,,,,,,,,,,MarkRAMHonMem
Mark 0690 Mem 025,Mark,690,690,25,,,Mem,"Knight, M R",2026,,,,,,,,,,,,,,1273481,,,,,,,,,,,,,,MarkRAMHonMem
Mark 0690 Mem 026,Mark,690,690,26,,,Mem,"Fowler, J V P",2026,,,,,,,,,,,,,,1274054,,,,,,,,,,,,,,MarkRAMHonMem
Mark 0690 Off 001,Mark,690,690,1,WM,1,Off,"Waldron, P",,,,,,,,,,,,,,,1028245,,,,,,,,,,,,,,MarkRAMOff
Mark 0690 Off 002,Mark,690,690,2,SW,2,Off,"Jacobs, J",,,,,,,,,,,,,,,1254478,,,,,,,,,,,,,,MarkRAMOff
Mark 0690 Off 003,Mark,690,690,3,JW,3,Off,"McReavie, C W",,,,,,,,,,,,,,,1260903,Y,,,,,,,,,,,,,MarkRAMOff
Mark 0690 Off 004,Mark,690,690,4,MO,4,Off,"Lill, C J",,,,,,,,,,,,,,,73442,,,,,,,,,,,,,,MarkRAMOff
Mark 0690 Off 005,Mark,690,690,5,SO,5,Off,"Wood, C D",,,,,,,,,,,,,,,1250740,,,,,,,,,,,,,,MarkRAMOff
Mark 0690 Off 006,Mark,690,690,6,JO,6,Off,"Brown, A F T",,,,,,,,,,,,,,,1066376,,,,,,,,,,,,,,MarkRAMOff
Mark 0690 Off 007,Mark,690,690,7,Chap,7,Off,"Rowe, J",,,,,,,,,,,,,,,104666,,,,,,,,,,,,,,MarkRAMOff
Mark 0690 Off 008,Mark,690,690,8,RegMks,9,Off,"Dorrington-Ward, S",,,,,,,,,,,,,,,1243535,,,,,,,,,,,,,,MarkRAMOff
Mark 0690 Off 009,Mark,690,690,9,Sec,10,Off,"Bland, P J",,,,,,,,,,,,,,,1238506,,,,,,,,,,,,,,MarkRAMOff
Mark 0690 Off 010,Mark,690,690,10,DC,11,Off,"Dare, S J",,,,,,,,,,,,,,,29778,,,,,,,,,,,,,,MarkRAMOff
Mark 0690 Off 011,Mark,690,690,11,Alm,12,Off,"Deacon, C T",,,,,,,,,,,,,,,1027515,,,,,,,,,,,,,,MarkRAMOff
Mark 0690 Off 012,Mark,690,690,12,ChStwd,13,Off,"Hussey, J T",,,,,,,,,,,,,,,1220616,,,,,,,,,,,,,,MarkRAMOff
Mark 0690 Off 013,Mark,690,690,13,SD,14,Off,"Craddock, D D",,,,,,,,,,,,,,,1074096,,,,,,,,,,,,,,MarkRAMOff
Mark 0690 Off 014,Mark,690,690,14,JD,15,Off,"Saddington, J A",,,,,,,,,,,,,,,1270643,,,,,,,,,,,,,,MarkRAMOff
Mark 0690 Off 015,Mark,690,690,15,IG,19,Off,"Barnes, C J",,,,,,,,,,,,,,,1271025,,,,,,,,,,,,,,MarkRAMOff
Mark 0690 Off 016,Mark,690,690,16,Stwd,20,Off,"Pimbley, J J",,,,,,,,,,,,,,,1271849,,,,,,,,,,,,,,MarkRAMOff
Mark 0690 Off 017,Mark,690,690,17,Stwd,20,Off,"Stocks, A",,,,,,,,,,,,,,,1267674,,,,,,,,,,,,,,MarkRAMOff
Mark 0690 Off 018,Mark,690,690,18,Tyler,21,Off,"Squire, S A",,,,,,,,,,,,,,,1251773,,,,,,,,,,,,,,MarkRAMOff
Mark 0690 PMI 001,Mark,690,690,1,,,PMI,"Waldron, P                           ",2022,,,Y,,,,,PGSD,2019,,2001,,,,,,,,1768,,,,,,,,,MarkRAMPMI
Mark 0690 PMO 001,Mark,690,690,1,,1,PMO,"Jessup, T A S",,,,,,,,,,,,1995,,,,,1995,35394,,,,,,,,,,,MarkRAMPMO
Mark 0690 PMO 002,Mark,690,690,2,,1,PMO,"Barnes, K H ",,PProvGSW,2008,,,,,,PGJO,2018,,1996,,,,,1996,35758,,,,,,,,,,,MarkRAMPMO
Mark 0690 PMO 003,Mark,690,690,3,,1,PMO,"Brown, A F T",,PProvGSW,2024,,,,,,,,,2006,,,,,2006,39412,,,,,,,,,,,MarkRAMPMO
Mark 0690 PMO 004,Mark,690,690,4,,1,PMO,"Lill, C J ",,PProvGJW,2022,,,,,,,,,2008,,,,,2008,40140,,,,,,,,,,,MarkRAMPMO
Mark 0690 PMO 005,Mark,690,690,5,,1,PMO,"Rowe, J  ",,PDepProvGM,2017,,,,,,PGSD,2017,,1991,,,,,1991,33931,,,,,,,,,,,MarkRAMPMO
Mark 0690 PMO 006,Mark,690,690,6,,1,PMO,"Dare, S J ",,PProvGSW,2006,,,,,,PGSD,2013,,1992,,,,,1992,34295,,,,,,,,,,,MarkRAMPMO
Mark 0690 PMO 007,Mark,690,690,7,,1,PMO,"Sims, A  ",,,,,,,,,,,,"2007, 2015",,,,,2007,39776,,,,,,,,,,,MarkRAMPMO
Mark 0690 PMO 008,Mark,690,690,8,,1,PMO,"Deacon, C T ",,,,,,,,,,,,2001,,,,,2001,37585,,,,,,,,,,,MarkRAMPMO
Mark 0690 PMO 009,Mark,690,690,9,,1,PMO,"Sims, G A ",,PProvGSwdB,2022,,,,,,,,,"2016, 2017",,,,,2017,43430,,,,,,,,,,,MarkRAMPMO
Mark 0690 PMO 010,Mark,690,690,10,,1,PMO,"Bellamy, J E ",,PProvGSW,2015,,,,,,PAGDC,2017,,2012,,,,,2012,41603,,,,,,,,,,,MarkRAMPMO
Mark 0690 PMO 011,Mark,690,690,11,,1,PMO,"Bland, P J ",,PProvGSW,2024,,,,,,,,,"2018, 2019, 2021",,,,,2018,43794,,,,,,,,,,,MarkRAMPMO
Mark 0690 PMO 012,Mark,690,690,12,,1,PMO,"Waldron, P  ",,PProvGSW,2025,,,,,,PGSD,2019,,2025,,,,,2025,,,,,,,,,,,,MarkRAMPMO
Mark 0690 PMO 013,Mark,690,690,13,,1,PMO,"Dorrington-Ward, S  ",,PProvGIG,2023,,,,,,,,,"2021, 2022",,,,,2021,44893,,,,,,,,,,,MarkRAMPMO
Mark 0690 PMO 014,Mark,690,690,14,,1,PMO,"McGhee, D G ",,PProvGSW,2024,,,,,,,,,"2023, 2024",,,,,2024,45985,,,,,,,,,,,MarkRAMPMO
Mark 0763 Inst 001,Mark,763,763,1,,,Inst,,,,,,,,,,,,,,,May 13th 2026,,,,,,,,,,,,,,,DBLodges
Mark 0763 Mem 001,Mark,763,763,1,,,Mem,"Bale, D W B",1971,PProvGTreas,2020,,,,,,PGJO,2018,,,,,5258,,,,2026,,,,,,,,,,MarkRAMHonMem
Mark 0763 Mem 002,Mark,763,763,2,,,Mem,"Thomas, B R",1977,,,,,,,,PAGStB,2009,,,,,120170,,,,,,,,,,,,,,MarkRAMHonMem
Mark 0763 Mem 003,Mark,763,763,3,,,Mem,"Hatch, G T",1999,PProvGSec,2018,,,,,,PAGDC,2016,,,,,1079298,,,,,,,,,,,,,,MarkRAMHonMem
Mark 0763 Mem 004,Mark,763,763,4,,,Mem,"Atfield, A J",2001,PProvGSW,2023,,,,,,PAGDC,2024,,,,,1202520,,,,2024,,,,,,,,,,MarkRAMHonMem
Mark 0763 Mem 005,Mark,763,763,5,,,Mem,"Fidler, B K",2001,PProvGMO,2023,,,,,,,,,,,,1202521,,,,2018,,,,,,,,,,MarkRAMHonMem
Mark 0763 Mem 006,Mark,763,763,6,,,Mem,"Spiller, D",2004,PProvGIG,2022,,,,,,,,,,,,1211734,,,,2026,,,,,,,,,,MarkRAMHonMem
Mark 0763 Mem 007,Mark,763,763,7,,,Mem,"Auburn, R I",2006,PProvGJO,2023,,,,,,,,,,,,1219206,,,,,,,,,,,,,,MarkRAMHonMem
Mark 0763 Mem 008,Mark,763,763,8,,,Mem,"Stevens, P J",2010,PProvGSO,2025,,,,,,,,,,,,1232237,,,,2018,,,,,,,,,,MarkRAMHonMem
Mark 0763 Mem 009,Mark,763,763,9,,,Mem,"Brownridge, R C",2014,PProvGJW,2022,,,,,,,,,,,,16646,,,,2018,,,,,,,,,,MarkRAMHonMem
Mark 0763 Mem 010,Mark,763,763,10,,,Mem,"Gillingham, R K",2017,PProvGSW,2022,,,,,,,,,,,,1001684,,,,2026,,,,,,,,,,MarkRAMHonMem
Mark 0763 Mem 011,Mark,763,763,11,,,Mem,"Bursey, R S",2018,PProvGStwd,2024,,,,,,,,,,,,1227233,,,,2026,,,,,,,,,,MarkRAMHonMem
Mark 0763 Mem 012,Mark,763,763,12,,,Mem,"Barker, M B",2019,ProvGStwd,2025,,,,,,,,,,,,1203077,,,,,,,,,,,,,,MarkRAMHonMem
Mark 0763 Mem 013,Mark,763,763,13,,,Mem,"Paul, A",2019,ProvGJD,2025,,,,,,,,,,,,1084135,,,,2026,,,,,,,,,,MarkRAMHonMem
Mark 0763 Mem 014,Mark,763,763,14,,,Mem,"Brown, P G",2020,PProvGJD,2025,,,,,,,,,,,,1259195,,,,2026,,,,,,,,,,MarkRAMHonMem
Mark 0763 Mem 015,Mark,763,763,15,,,Mem,"O'Brien, J D",2022,,,,,,,,,,,,,,1261529,,,,2026,,,,,,,,,,MarkRAMHonMem
Mark 0763 Mem 016,Mark,763,763,16,,,Mem,"Colborne, M J",2023,,,,,,,,,,,,,,1263478,,,,2026,,,,,,,,,,MarkRAMHonMem
Mark 0763 Mem 017,Mark,763,763,17,,,Mem,"Slattery, G",2023,,,,,,,,,,,,,,1265975,,,,2026,,,,,,,,,,MarkRAMHonMem
Mark 0763 Mem 018,Mark,763,763,18,,,Mem,"Wills, C C",2025,,,,,,,,,,,,,,1270281,,,,2026,,,,,,,,,,MarkRAMHonMem
Mark 0763 Mem 019,Mark,763,763,19,,,Mem,"Giddings, M W",2025,PProvGSW,2009,,,,,,,,,,,,44863,,,,,,,,,,,,,,MarkRAMHonMem
Mark 0763 Mem 020,Mark,763,763,20,,,Mem,"Fidler, G",2025,,,,,,,,,,,,,,1049640,,,,2026,,,,,,,,,,MarkRAMHonMem
Mark 0763 Mem 021,Mark,763,763,21,,,Mem,"Kennedy, C J",2025,,,,,,,,,,,,,,1269615,,,,2025,,,,,,,,,,MarkRAMHonMem
Mark 0763 Mem 022,Mark,763,763,22,,,Mem,"White, M A J",2026,,,,,,,,,,,,,,1273351,,,,,,,,,,,,,,MarkRAMHonMem
Mark 0763 Off 001,Mark,763,763,1,WM,1,Off,"O'Brien, J D",,,,,,,,,,,,,,,1261529,,,,,,,,,,,,,,MarkRAMOff
Mark 0763 Off 002,Mark,763,763,2,SW,2,Off,"Brown, P G",,,,,,,,,,,,,,,1259195,,,,,,,,,,,,,,MarkRAMOff
Mark 0763 Off 003,Mark,763,763,3,JW,3,Off,"Bursey, R S",,,,,,,,,,,,,,,1227233,,,,,,,,,,,,,,MarkRAMOff
Mark 0763 Off 004,Mark,763,763,4,MO,4,Off,"Colborne, M J",,,,,,,,,,,,,,,1263478,,,,,,,,,,,,,,MarkRAMOff
Mark 0763 Off 005,Mark,763,763,5,SO,5,Off,"Slattery, G",,,,,,,,,,,,,,,1265975,,,,,,,,,,,,,,MarkRAMOff
Mark 0763 Off 006,Mark,763,763,6,JO,6,Off,"Wills, C C",,,,,,,,,,,,,,,1270281,,,,,,,,,,,,,,MarkRAMOff
Mark 0763 Off 007,Mark,763,763,7,RegMks,9,Off,"Spiller, D",,,,,,,,,,,,,,,1211734,,,,,,,,,,,,,,MarkRAMOff
Mark 0763 Off 008,Mark,763,763,8,Sec,10,Off,"Stevens, P J",,,,,,,,,,,,,,,1232237,,,,,,,,,,,,,,MarkRAMOff
Mark 0763 Off 009,Mark,763,763,9,DC,11,Off,"Bale, D W B",,,,,,,,,,,,,,,5258,,,,,,,,,,,,,,MarkRAMOff
Mark 0763 Off 010,Mark,763,763,10,Alm,12,Off,"Atfield, A J",,,,,,,,,,,,,,,1202520,,,,,,,,,,,,,,MarkRAMOff
Mark 0763 Off 011,Mark,763,763,11,ChStwd,13,Off,"Brownridge, R C",,,,,,,,,,,,,,,16646,,,,,,,,,,,,,,MarkRAMOff
Mark 0763 Off 012,Mark,763,763,12,SD,14,Off,"Fidler, B K",,,,,,,,,,,,,,,1202521,,,,,,,,,,,,,,MarkRAMOff
Mark 0763 Off 013,Mark,763,763,13,JD,15,Off,"Fidler, G",,,,,,,,,,,,,,,1049640,,,,,,,,,,,,,,MarkRAMOff
Mark 0763 Off 014,Mark,763,763,14,ADC,17,Off,"Gillingham, R K",,,,,,,,,,,,,,,1001684,,,,,,,,,,,,,,MarkRAMOff
Mark 0763 Off 015,Mark,763,763,15,IG,19,Off,"Kennedy, C J",,,,,,,,,,,,,,,1269615,,,,,,,,,,,,,,MarkRAMOff
Mark 0763 Off 016,Mark,763,763,16,Tyler,21,Off,"Paul, A",,,,,,,,,,,,,,,1084135,,,,,,,,,,,,,,MarkRAMOff
Mark 0763 PMI 001,Mark,763,763,1,,,PMI,"Thomas, B R",1977,,,Y,,,,,PAGStB,2009,,1995,,,,,,,,1038, ɫ,,,,,,,,MarkRAMPMI
Mark 0763 PMI 002,Mark,763,763,2,,,PMI,"Brownridge, R C",2014,PProvGJW,2022,,,,,,,,,2006,,,,,,,,1163,,j,,,,,,,MarkRAMPMI
Mark 0763 PMO 001,Mark,763,763,1,,1,PMO,"Giddings, M W ",,PProvGSW,2009,,,,,,,,,1991,,,,,1991,33730,,,,,,,,,,,MarkRAMPMO
Mark 0763 PMO 002,Mark,763,763,2,,1,PMO,"Roddick, T K ",,,,,,,,,,,,2001,,,,,2001,37384,,,,,,,,,,,MarkRAMPMO
Mark 0763 PMO 003,Mark,763,763,3,,1,PMO,"Brooks, J D P",,,,,,,,,,,,2007,,,,,2007,39582,,,,,,,,,,,MarkRAMPMO
Mark 0763 PMO 004,Mark,763,763,4,,1,PMO,"Hatch, G T ",,PProvGSec,2018,,,,,,PAGDC,2016,,2008,,,,,2008,39939,,,,,,,,,,,MarkRAMPMO
Mark 0763 PMO 005,Mark,763,763,5,,1,PMO,"Morris, R A ",,,,,,,,,,,,"2005, 2006",,,,,2005,38845,,,,,,,,,,,MarkRAMPMO
Mark 0763 PMO 006,Mark,763,763,6,,1,PMO,"Fidler, B K ",,PProvGMO,2023,,,,,,,,,"2011, 2012",,,,,2011,41038,,,,,,,,,,,MarkRAMPMO
Mark 0763 PMO 007,Mark,763,763,7,,1,PMO,"Atfield, A J ",,PProvGSW,2023,,,,,,PAGDC,2024,,2010,,,,,2010,40674,,,,,,,,,,,MarkRAMPMO
Mark 0763 PMO 008,Mark,763,763,8,,1,PMO,"Matthews, R E V",,PProvGInspWks,2022,,,,,,,,,"2016, 2017",,,,,2016,42865,,,,,,,,,,,MarkRAMPMO
Mark 0763 PMO 009,Mark,763,763,9,,1,PMO,"Bursey, R S ",,PProvGStwd,2024,,,,,,,,,2022,,,,,2022,45056,,,,,,,,,,,MarkRAMPMO
Mark 0763 PMO 010,Mark,763,763,10,,1,PMO,"Stevens, P J ",,PProvGSO,2025,,,,,,,,,"2014, 2015",,,,,2014,42137,,,,,,,,,,,MarkRAMPMO
Mark 0763 PMO 011,Mark,763,763,11,,1,PMO,"Auburn, R I ",,PProvGJO,2023,,,,,,,,,2013,,,,,2013,41773,,,,,,,,,,,MarkRAMPMO
Mark 0763 PMO 012,Mark,763,763,12,,1,PMO,"Paul, A  ",,ProvGJD,2025,,,,,,,,,2023,,,,,2023,45420,,,,,,,,,,,MarkRAMPMO
Mark 0763 PMO 013,Mark,763,763,13,,1,PMO,"Barker, M B ",,ProvGStwd,2025,,,,,,,,,2024,,,,,2024,45791,,,,,,,,,,,MarkRAMPMO
Mark 0763 PMO 014,Mark,763,763,14,,1,PMO,"Gillingham, R K ",,PProvGSW,2022,,,,,,,,,"2019, 2021",,,,,2019,44510,,,,,,,,,,,MarkRAMPMO
Mark 0763 PMO 015,Mark,763,763,15,,1,PMO,"O'Brien, J D ",,,,,,,,,,,,"2025, 2026",,,,,2025,46155,,,,,,,,,,,MarkRAMPMO
Mark 1095 Hon 001,Mark,1095,1095,1,,,Hon,"Prax, G I",2009,PDepProvGM,2008,,,,,,PGJO,2008,,,,,97049,,,,,,,,,,,,,,MarkRAMHonMem
Mark 1095 Hon 002,Mark,1095,1095,2,,,Hon,"Hambidge, G F",2016,PProvDepGSec,2015,,,,,,PGJO,2014,,,,,50736,,,,,,,,,,,,,,MarkRAMHonMem
Mark 1095 Hon 003,Mark,1095,1095,3,,,Hon,"Shaw, F J",2019,,,,,,,,PProvGM,2015,,,,,108782,,,,,,,,,,,,,,MarkRAMHonMem
Mark 1095 Hon 004,Mark,1095,1095,4,,,Hon,"Mayo, R J",2023,PProvGSW,2021,,,,,,,,,,,,1023548,,,,,,,,,,,,,,MarkRAMHonMem
Mark 1095 Hon 005,Mark,1095,1095,5,,,Hon,"Pike, M J",2024,PProvGSW,2011,,,,,,,,,,,,95213,,,,,,,,,,,,,,MarkRAMHonMem
Mark 1095 Inst 001,Mark,1095,1095,1,,,Inst,,,,,,,,,,,,,,,March 20th 2026,,,,,,,,,,,,,,,DBLodges
Mark 1095 Mem 001,Mark,1095,1095,1,,,Mem,"Falconer, W A",1982,PProvGSW,2016,,,,,,PGStB,2021,,,,,38764,,,,2024,,,,,,,,,,MarkRAMHonMem
Mark 1095 Mem 002,Mark,1095,1095,2,,,Mem,"Booth, R H",1983,PProvGSW,2017,,,,,,,,,,,,12607,,,,2025,,,,,,,,,,MarkRAMHonMem
Mark 1095 Mem 003,Mark,1095,1095,3,,,Mem,"Dawson, R F",1999,PProvGSwdB,2022,,,,,,,,,,,,1073070,,,,2018,,,,,,,,,,MarkRAMHonMem
Mark 1095 Mem 004,Mark,1095,1095,4,,,Mem,"Spicer, J H",2000,PProvGJW,2023,,,,,,,,,,,,1200894,,,,2026,,,,,,,,,,MarkRAMHonMem
Mark 1095 Mem 005,Mark,1095,1095,5,,,Mem,"House, N M D",2004,PProvGTreas,2024,,,,,,PAGDC,2024,,,,,1211743,,,,2026,,,,,,,,,,MarkRAMHonMem
Mark 1095 Mem 006,Mark,1095,1095,6,,,Mem,"Baker, M W",2005,PProvGSwdB,2021,,,,,,,,,,,,1218295,,,,2023,,,,,,,,,,MarkRAMHonMem
Mark 1095 Mem 007,Mark,1095,1095,7,,,Mem,"Dilliway, M L",2007,PProvGJD,2024,,,,,,,,,,,,1063514,,,,,,,,,,,,,,MarkRAMHonMem
Mark 1095 Mem 008,Mark,1095,1095,8,,,Mem,"Bond, P R G",2009,ProvGChap,2024,,,,,,,,,,,,1228320,,,,2025,,,,,,,,,,MarkRAMHonMem
Mark 1095 Mem 009,Mark,1095,1095,9,,,Mem,"Sandall, D L",2010,ProvGSec,2025,,,,,,,,,,,,1233957,,,,2023,,,,,,,,,,MarkRAMHonMem
Mark 1095 Mem 010,Mark,1095,1095,10,,,Mem,"Bunter, G T",2010,PProvGJO,2025,,,,,,,,,,,,1232600,,,,,,,,,,,,,,MarkRAMHonMem
Mark 1095 Mem 011,Mark,1095,1095,11,,,Mem,"Samways, C B",2016,,,,,,,,,,,,,,1247974,,,,,,,,,,,,,,MarkRAMHonMem
Mark 1095 Mem 012,Mark,1095,1095,12,,,Mem,"Sandall, C B",2019,,,,,,,,,,,,,,1257200,,,,2026,,,,,,,,,,MarkRAMHonMem
Mark 1095 Mem 013,Mark,1095,1095,13,,,Mem,"Taylor, R Z",2019,,,,,,,,,,,,,,1259034,,,,,,,,,,,,,,MarkRAMHonMem
Mark 1095 Mem 014,Mark,1095,1095,14,,,Mem,"Lacey-Clarke, N B L",2021,,,,,,,,,,,,,,1260702,,,,,,,,,,,,,,MarkRAMHonMem
Mark 1095 Mem 015,Mark,1095,1095,15,,,Mem,"Jackson, R",2022,,,,,,,,,,,,,,1263234,,,,2026,,,,,,,,,,MarkRAMHonMem
Mark 1095 Mem 016,Mark,1095,1095,16,,,Mem,"Legg, T R H",2022,,,,,,,,,,,,,,1257943,,,,2026,,,,,,,,,,MarkRAMHonMem
Mark 1095 Mem 017,Mark,1095,1095,17,,,Mem,"Groves, S",2023,,,,,,,,,,,,,,1251749,,,,2026,,,,,,,,,,MarkRAMHonMem
Mark 1095 Mem 018,Mark,1095,1095,18,,,Mem,"Buckingham, P A",2023,,,,,,,,,,,,,,1265489,,,,2026,,,,,,,,,,MarkRAMHonMem
Mark 1095 Mem 019,Mark,1095,1095,19,,,Mem,"Barker, S F",2023,,,,,,,,,,,,,,1266053,,,,2026,,,,,,,,,,MarkRAMHonMem
Mark 1095 Mem 020,Mark,1095,1095,20,,,Mem,"Ongley, A D",2024,,,,,,,,,,,,,,1268647,,,,2026,,,,,,,,,,MarkRAMHonMem
Mark 1095 Mem 021,Mark,1095,1095,21,,,Mem,"Ongley, R F",2024,,,,,,,,,,,,,,1268648,,,,2025,,,,,,,,,,MarkRAMHonMem
Mark 1095 Mem 022,Mark,1095,1095,22,,,Mem,"Prideaux-Aspinall, S J",2024,,,,,,,,,,,,,,1269221,,,,,,,,,,,,,,MarkRAMHonMem
Mark 1095 Off 001,Mark,1095,1095,1,WM,1,Off,"Sandall, C B",,,,,,,,,,,,,,,1257200,,,,,,,,,,,,,,MarkRAMOff
Mark 1095 Off 002,Mark,1095,1095,2,SW,2,Off,"House, N M D",,,,,,,,,,,,,,,1211743,,,,,,,,,,,,,,MarkRAMOff
Mark 1095 Off 003,Mark,1095,1095,3,JW,3,Off,"Legg, T R H",,,,,,,,,,,,,,,1257943,,,,,,,,,,,,,,MarkRAMOff
Mark 1095 Off 004,Mark,1095,1095,4,MO,4,Off,"Spicer, J H",,,,,,,,,,,,,,,1200894,,,,,,,,,,,,,,MarkRAMOff
Mark 1095 Off 005,Mark,1095,1095,5,SO,5,Off,"Groves, S",,,,,,,,,,,,,,,1251749,,,,,,,,,,,,,,MarkRAMOff
Mark 1095 Off 006,Mark,1095,1095,6,JO,6,Off,"Barker, S F",,,,,,,,,,,,,,,1266053,,,,,,,,,,,,,,MarkRAMOff
Mark 1095 Off 007,Mark,1095,1095,7,Chap,7,Off,"Bond, P R G",,,,,,,,,,,,,,,1228320,,,,,,,,,,,,,,MarkRAMOff
Mark 1095 Off 008,Mark,1095,1095,8,Treas,8,Off,"Jackson, R",,,,,,,,,,,,,,,1263234,,,,,,,,,,,,,,MarkRAMOff
Mark 1095 Off 009,Mark,1095,1095,9,RegMks,9,Off,"Booth, R H",,,,,,,,,,,,,,,12607,,,,,,,,,,,,,,MarkRAMOff
Mark 1095 Off 010,Mark,1095,1095,10,Sec,10,Off,"Sandall, D L",,,,,,,,,,,,,,,1233957,,,,,,,,,,,,,,MarkRAMOff
Mark 1095 Off 011,Mark,1095,1095,11,DC,11,Off,"Baker, M W",,,,,,,,,,,,,,,1218295,,,,,,,,,,,,,,MarkRAMOff
Mark 1095 Off 012,Mark,1095,1095,12,Alm,12,Off,"Falconer, W A",,,,,,,,,,,,,,,38764,,,,,,,,,,,,,,MarkRAMOff
Mark 1095 Off 013,Mark,1095,1095,13,SD,14,Off,"Ongley, A D",,,,,,,,,,,,,,,1268647,,,,,,,,,,,,,,MarkRAMOff
Mark 1095 Off 014,Mark,1095,1095,14,JD,15,Off,"Ongley, R F",,,,,,,,,,,,,,,1268648,,,,,,,,,,,,,,MarkRAMOff
Mark 1095 Off 015,Mark,1095,1095,15,IG,19,Off,"Buckingham, P A",,,,,,,,,,,,,,,1265489,,,,,,,,,,,,,,MarkRAMOff
Mark 1095 Off 016,Mark,1095,1095,16,Tyler,21,Off,"Dawson, R F",,,,,,,,,,,,,,,1073070,,,,,,,,,,,,,,MarkRAMOff
Mark 1095 PMO 001,Mark,1095,1095,1,,1,PMO,"Mayo, R J ",,PProvGSW,2021,,,,,,,,,2003,,,,,2003,38065,,,,,,,,,,,MarkRAMPMO
Mark 1095 PMO 002,Mark,1095,1095,2,,1,PMO,"Dilliway, M L ",,PProvGJD,2024,,,,,,,,,2012,,,,,2012,41348,,,,,,,,,,,MarkRAMPMO
Mark 1095 PMO 003,Mark,1095,1095,3,,1,PMO,"Morton, P S ",,,,,,,,,,,,2006,,,,,2006,39157,,,,,,,,,,,MarkRAMPMO
Mark 1095 PMO 004,Mark,1095,1095,4,,1,PMO,"Spicer, J H ",,PProvGJW,2023,,,,,,,,,2009,,,,,2009,40257,,,,,,,,,,,MarkRAMPMO
Mark 1095 PMO 005,Mark,1095,1095,5,,1,PMO,"House, N M D",,PProvGTreas,2024,,,,,,PAGDC,2024,,2010,,,,,2010,40620,,,,,,,,,,,MarkRAMPMO
Mark 1095 PMO 006,Mark,1095,1095,6,,1,PMO,"Baker, M W ",,PProvGSwdB,2021,,,,,,,,,2014,,,,,2014,42083,,,,,,,,,,,MarkRAMPMO
Mark 1095 PMO 007,Mark,1095,1095,7,,1,PMO,"Bond, P R G",,ProvGChap,2024,,,,,,,,,"2015, 2021, 2022",,,,,2015,42447,,,,,,,,,,,MarkRAMPMO
Mark 1095 PMO 008,Mark,1095,1095,8,,1,PMO,"Weeks, R B L",,,,,,,,,,,,2016,,,,,2016,42811,,,,,,,,,,,MarkRAMPMO
Mark 1095 PMO 009,Mark,1095,1095,9,,1,PMO,"Bunter, G T ",,PProvGJO,2025,,,,,,,,,"2017, 2023, 2024",,,,,2017,43175,,,,,,,,,,,MarkRAMPMO
Mark 1095 PMO 010,Mark,1095,1095,10,,1,PMO,"Sandall, D L ",,ProvGSec,2025,,,,,,,,,2019,,,,,2019,44456,,,,,,,,,,,MarkRAMPMO
Mark 1095 PMO 011,Mark,1095,1095,11,,1,PMO,"Harrold, M I ",,,,,,,,,,,,2018,,,,,2018,43539,,,,,,,,,,,MarkRAMPMO
Mark 1095 PMO 012,Mark,1095,1095,12,,1,PMO,"Samways, C B ",,,,,,,,,,,,2025,,,,,2025,46101,,,,,,,,,,,MarkRAMPMO
Mark 1095 PMO 013,Mark,1095,1095,13,,1,PMO,"Sandall, C B ",,,,,,,,,,,,2026,,,,,2026,,,,,,,,,,,,MarkRAMPMO
Mark 1095 PMO 014,Mark,1095,1095,14,,1,PMO,"Booth, R H ",,PProvGSW,2017,,,,,,,,,1999,,,,,1999,36602,,,,,,,,,,,MarkRAMPMO
Mark 1095 PMO 015,Mark,1095,1095,15,,1,PMO,"Falconer, W A ",,PProvGSW,2016,,,,,,PGStB,2021,,1997,,,,,1997,35874,,,,,,,,,,,MarkRAMPMO
Mark 1095 PMO 016,Mark,1095,1095,16,,1,PMO,"Hansford, A M ",,PProvGJW,2022,,,,,,,,,2004,,,,,2004,38429,,,,,,,,,,,MarkRAMPMO
Mark 1095 PMO 017,Mark,1095,1095,17,,1,PMO,"Pike, M J ",,PProvGSW,2011,,,,,,,,,2002,,,,,2002,37694,,,,,,,,,,,MarkRAMPMO
Mark 1163 Hon 001,Mark,1163,1163,1,,,Hon,"Hoare, K G",2010,,,,,,,,PGStB,2002,,,,,56761,,,,,,,,,,,,,,MarkRAMHonMem
Mark 1163 Hon 002,Mark,1163,1163,2,,,Hon,"Jones, T M",2018,PProvGJW,2012,,,,,,,,,,,,66148,,,,,,,,,,,,,,MarkRAMHonMem
Mark 1163 Hon 003,Mark,1163,1163,3,,,Hon,"Burns, D G",2024,PProvGSW,2018,,,,,,,,,,,,17911,,,,,,,,,,,,,,MarkRAMHonMem
Mark 1163 Inst 001,Mark,1163,1163,1,,,Inst,,,,,,,,,,,,,,,October 27th 2025,,,,,,,,,,,,,,,DBLodges
Mark 1163 Mem 001,Mark,1163,1163,1,,,Mem,"Smith, A E",1980,PProvGSW,2020,,,,,,,,,,,,111651,,,,,,,,,,,,,,MarkRAMHonMem
Mark 1163 Mem 002,Mark,1163,1163,2,,,Mem,"Read, P M",1993,PProvGSW,2022,,,,,,,,,,,,1028492,,,,2018,,,,,,,,,,MarkRAMHonMem
Mark 1163 Mem 003,Mark,1163,1163,3,,,Mem,"Watton, G",1998,PProvGInspWks,2016,,,,,,,,,,,,1070895,,,,2025,,,,,,,,,,MarkRAMHonMem
Mark 1163 Mem 004,Mark,1163,1163,4,,,Mem,"Finlayson, I A F",1998,PProvGJO,2022,,,,,,,,,,,,1070892,,,,,,,,,,,,,,MarkRAMHonMem
Mark 1163 Mem 005,Mark,1163,1163,5,,,Mem,"Clark, J M",1999,PProvGReg,2023,,,,,,,,,,,,1076606,,,,,,,,,,,,,,MarkRAMHonMem
Mark 1163 Mem 006,Mark,1163,1163,6,,,Mem,"Read, J W",2002,PProvGSW,2024,,,,,,PGStB,2026,,,,,1206955,,,,2021,,,,,,,,,,MarkRAMHonMem
Mark 1163 Mem 007,Mark,1163,1163,7,,,Mem,"East, R G",2003,PProvGMO,2025,,,,,,,,,,,,1210236,,,,2021,,,,,,,,,,MarkRAMHonMem
Mark 1163 Mem 008,Mark,1163,1163,8,,,Mem,"Neal, J W",2005,PProvGIG,2022,,,,,,,,,,,,1215816,,,,2021,,,,,,,,,,MarkRAMHonMem
Mark 1163 Mem 009,Mark,1163,1163,9,,,Mem,"Morum, G J",2009,PProvGJD,2024,,,,,,,,,,,,1229042,,,,2025,,,,,,,,,,MarkRAMHonMem
Mark 1163 Mem 010,Mark,1163,1163,10,,,Mem,"Boylin, D",2011,PProvGSW,2016,,,,,,PGStB,2021,,,,,13660,,,,2017,,,,,,,,,,MarkRAMHonMem
Mark 1163 Mem 011,Mark,1163,1163,11,,,Mem,"Morris, A S",2013,PProvGIG,2022,,,,,,,,,,,,84499,,,,2023,,,,,,,,,,MarkRAMHonMem
Mark 1163 Mem 012,Mark,1163,1163,12,,,Mem,"Claxton, J C",2014,ProvGStwd,2025,,,,,,,,,,,,1244811,,,,,,,,,,,,,,MarkRAMHonMem
Mark 1163 Mem 013,Mark,1163,1163,13,,,Mem,"Smith, R I",2014,,,,,,,,,,,,,,1244812,,,,,,,,,,,,,,MarkRAMHonMem
Mark 1163 Mem 014,Mark,1163,1163,14,,,Mem,"Morum, S L",2018,,,,,,,,,,,,,,1255852,,,,2023,,,,,,,,,,MarkRAMHonMem
Mark 1163 Mem 015,Mark,1163,1163,15,,,Mem,"Crabb, P M",2018,,,,,,,,,,,,,,1255851,,,,2025,,,,,,,,,,MarkRAMHonMem
Mark 1163 Mem 016,Mark,1163,1163,16,,,Mem,"Martin, D J",2019,,,,,,,,,,,,,,1256298,,,,2025,,,,,,,,,,MarkRAMHonMem
Mark 1163 Mem 017,Mark,1163,1163,17,,,Mem,"Gaffikin, D A J",2022,,,,,,,,,,,,,,1261527,,,,2025,,,,,,,,,,MarkRAMHonMem
Mark 1163 Mem 018,Mark,1163,1163,18,,,Mem,"Watton, W G",2023,PProvGIG,2022,,,,,,,,,,,,1052461,,,,2025,,,,,,,,,,MarkRAMHonMem
Mark 1163 Mem 019,Mark,1163,1163,19,,,Mem,"Payne, D J",2023,,,,,,,,,,,,,,1264376,,,,2025,,,,,,,,,,MarkRAMHonMem
Mark 1163 Mem 020,Mark,1163,1163,20,,,Mem,"Larkin, A J",2023,,,,,,,,,,,,,,1262374,,,,2025,,,,,,,,,,MarkRAMHonMem
Mark 1163 Mem 021,Mark,1163,1163,21,,,Mem,"Pereira, A J",2023,,,,,,,,,,,,,,1265095,,,,2025,,,,,,,,,,MarkRAMHonMem
Mark 1163 Mem 022,Mark,1163,1163,22,,,Mem,"Kerby, R T",2024,,,,,,,,,,,,,,1217084,,,,,,,,,,,,,,MarkRAMHonMem
Mark 1163 Mem 023,Mark,1163,1163,23,,,Mem,"Tyler, G L",2024,,,,,,,,,,,,,,1268280,,,,2024,,,,,,,,,,MarkRAMHonMem
Mark 1163 Mem 024,Mark,1163,1163,24,,,Mem,"Beel, D C",2024,,,,,,,,,,,,,,1266896,,,,2024,,,,,,,,,,MarkRAMHonMem
Mark 1163 Mem 025,Mark,1163,1163,25,,,Mem,"Payne, D S",2024,,,,,,,,,,,,,,1252340,,,,2025,,,,,,,,,,MarkRAMHonMem
Mark 1163 Mem 026,Mark,1163,1163,26,,,Mem,"Probert, P F",2025,,,,,,,,PGJD,2017,,,,,1009318,,,,,,,,,,,,,,MarkRAMHonMem
Mark 1163 Mem 027,Mark,1163,1163,27,,,Mem,"Turner, L H",2025,,,,,,,,,,,,,,1213080,,,,,,,,,,,,,,MarkRAMHonMem
Mark 1163 Mem 028,Mark,1163,1163,28,,,Mem,"Graham, C M",2025,,,,,,,,,,,,,,1271389,,,,2025,,,,,,,,,,MarkRAMHonMem
Mark 1163 Mem 029,Mark,1163,1163,29,,,Mem,"Lynch, M S",2025,,,,,,,,,,,,,,1271388,,,,,,,,,,,,,,MarkRAMHonMem
Mark 1163 Mem 030,Mark,1163,1163,30,,,Mem,"Duffin, A W",2025,,,,,,,,,,,,,,1246158,,,,,,,,,,,,,,MarkRAMHonMem
Mark 1163 Mem 031,Mark,1163,1163,31,,,Mem,"Claxton, S J",2025,,,,,,,,,,,,,,1270353,,,,2025,,,,,,,,,,MarkRAMHonMem
Mark 1163 Mem 032,Mark,1163,1163,32,,,Mem,"Claxton, D J",2025,,,,,,,,,,,,,,1254194,,,,2025,,,,,,,,,,MarkRAMHonMem
Mark 1163 Mem 033,Mark,1163,1163,33,,,Mem,"Chisholm, A J",2025,,,,,,,,,,,,,,1269964,,,,,,,,,,,,,,MarkRAMHonMem
Mark 1163 Mem 034,Mark,1163,1163,34,,,Mem,"Whitely, S A",2025,,,,,,,,,,,,,,1271252,,,,2025,,,,,,,,,,MarkRAMHonMem
Mark 1163 Mem 035,Mark,1163,1163,35,,,Mem,"Moss, R",2026,,,,,,,,,,,,,,1273567,,,,,,,,,,,,,,MarkRAMHonMem
Mark 1163 Mem 036,Mark,1163,1163,36,,,Mem,"Mearns, P",2026,,,,,,,,PAGSwdB,2018,,,,,1200798,,,,,,,,,,,,,,MarkRAMHonMem
Mark 1163 Mem 037,Mark,1163,1163,37,,,Mem,"Pearson, J A",2026,,,,,,,,,,,,,,1274453,,,,,,,,,,,,,,MarkRAMHonMem
Mark 1163 Off 001,Mark,1163,1163,1,WM,1,Off,"Crabb, P M",,,,,,,,,,,,,,,1255851,,,,,,,,,,,,,,MarkRAMOff
Mark 1163 Off 002,Mark,1163,1163,2,SW,2,Off,"Martin, D J",,,,,,,,,,,,,,,1256298,,,,,,,,,,,,,,MarkRAMOff
Mark 1163 Off 003,Mark,1163,1163,3,JW,3,Off,"Payne, D S",,,,,,,,,,,,,,,1252340,,,,,,,,,,,,,,MarkRAMOff
Mark 1163 Off 004,Mark,1163,1163,4,MO,4,Off,"Larkin, A J",,,,,,,,,,,,,,,1262374,,,,,,,,,,,,,,MarkRAMOff
Mark 1163 Off 005,Mark,1163,1163,5,SO,5,Off,"Watton, W G",,,,,,,,,,,,,,,1052461,,,,,,,,,,,,,,MarkRAMOff
Mark 1163 Off 006,Mark,1163,1163,6,JO,6,Off,"Gaffikin, D A J",,,,,,,,,,,,,,,1261527,,,,,,,,,,,,,,MarkRAMOff
Mark 1163 Off 007,Mark,1163,1163,7,Chap,7,Off,"Morris, A S",,,,,,,,,,,,,,,84499,,,,,,,,,,,,,,MarkRAMOff
Mark 1163 Off 008,Mark,1163,1163,8,Treas,8,Off,"Read, J W",,,,,,,,,,,,,,,1206955,,,,,,,,,,,,,,MarkRAMOff
Mark 1163 Off 009,Mark,1163,1163,9,RegMks,9,Off,"Graham, C M",,,,,,,,,,,,,,,1271389,,,,,,,,,,,,,,MarkRAMOff
Mark 1163 Off 010,Mark,1163,1163,10,Sec,10,Off,"Read, P M",,,,,,,,,,,,,,,1028492,,,,,,,,,,,,,,MarkRAMOff
Mark 1163 Off 011,Mark,1163,1163,11,DC,11,Off,"East, R G",,,,,,,,,,,,,,,1210236,,,,,,,,,,,,,,MarkRAMOff
Mark 1163 Off 012,Mark,1163,1163,12,Alm,12,Off,"Neal, J W",,,,,,,,,,,,,,,1215816,,,,,,,,,,,,,,MarkRAMOff
Mark 1163 Off 013,Mark,1163,1163,13,ChStwd,13,Off,"Morum, S L",,,,,,,,,,,,,,,1255852,,,,,,,,,,,,,,MarkRAMOff
Mark 1163 Off 014,Mark,1163,1163,14,SD,14,Off,"Pereira, A J",,,,,,,,,,,,,,,1265095,,,,,,,,,,,,,,MarkRAMOff
Mark 1163 Off 015,Mark,1163,1163,15,JD,15,Off,"Payne, D J",,,,,,,,,,,,,,,1264376,,,,,,,,,,,,,,MarkRAMOff
Mark 1163 Off 016,Mark,1163,1163,16,ADC,17,Off,"Morum, G J",,,,,,,,,,,,,,,1229042,,,,,,,,,,,,,,MarkRAMOff
Mark 1163 Off 017,Mark,1163,1163,17,Org,18,Off,"Boylin, D",,,,,,,,,,,,,,,13660,,,,,,,,,,,,,,MarkRAMOff
Mark 1163 Off 018,Mark,1163,1163,18,IG,19,Off,"Claxton, S J",,,,,,,,,,,,,,,1270353,,,,,,,,,,,,,,MarkRAMOff
Mark 1163 Off 019,Mark,1163,1163,19,Stwd,20,Off,"Claxton, D J",,,,,,,,,,,,,,,1254194,,,,,,,,,,,,,,MarkRAMOff
Mark 1163 Off 020,Mark,1163,1163,20,Stwd,20,Off,"Tyler, G L",,,,,,,,,,,,,,,1268280,,,,,,,,,,,,,,MarkRAMOff
Mark 1163 Off 021,Mark,1163,1163,21,Stwd,20,Off,"Beel, D C",,,,,,,,,,,,,,,1266896,,,,,,,,,,,,,,MarkRAMOff
Mark 1163 Off 022,Mark,1163,1163,22,Stwd,20,Off,"Whitely, S A",,,,,,,,,,,,,,,1271252,,,,,,,,,,,,,,MarkRAMOff
Mark 1163 Off 023,Mark,1163,1163,23,Tyler,21,Off,"Watton, G",,,,,,,,,,,,,,,1070895,,,,,,,,,,,,,,MarkRAMOff
Mark 1163 PMI 001,Mark,1163,1163,1,,,PMI,"Boylin, D                              ",1997,,,Y,,,,,PGStB,2021,,1982,,,,,,,,381,,,,,,,,,MarkRAMPMI
Mark 1163 PMI 002,Mark,1163,1163,2,,,PMI,"Kerby, R T ",2024,PProvGMO,2022,,,,,,,,,2011/2012,,,,,,,,1071,,,,,,,,,MarkRAMPMI
Mark 1163 PMI 003,Mark,1163,1163,3,,,PMI,"Probert, P F ",2025,,,Y,,,,,PGJD,2017,,2002,,,,,,,,224,,,,,,,,,MarkRAMPMI
Mark 1163 PMI 004,Mark,1163,1163,4,,,PMI,"Turner, L H ",2025,PProvGSW,2024,,,,,,,,,2012/2013,,,,,,,,381,,,,,,,,,MarkRAMPMI
Mark 1163 PMI 005,Mark,1163,1163,5,,,PMI,"Mearns, P ",2026,,,Y,,,,,PAGSwdB,2018,,2008,,,,,,,,1,,,,,,,,,MarkRAMPMI
Mark 1163 PMO 001,Mark,1163,1163,1,,1,PMO,"Wilson, G B ",,,,,,,,,,,,2003,,,,,2003,38285,,,,,,,,,,,MarkRAMPMO
Mark 1163 PMO 002,Mark,1163,1163,2,,1,PMO,"Read, P M ",,PProvGSW,2022,,,,,,,,,2004,,,,,2004,38649,,,,,,,,,,,MarkRAMPMO
Mark 1163 PMO 003,Mark,1163,1163,3,,1,PMO,"Finlayson, I A F",,PProvGJO,2022,,,,,,,,,2008,,,,,2008,40112,,,,,,,,,,,MarkRAMPMO
Mark 1163 PMO 004,Mark,1163,1163,4,,1,PMO,"Watton, G  ",,PProvGInspWks,2016,,,,,,,,,"2009, 2023",,,,,2009,40476,,,,,,,,,,,MarkRAMPMO
Mark 1163 PMO 005,Mark,1163,1163,5,,1,PMO,"Clark, J M ",,PProvGReg,2023,,,,,,,,,2012,,,,,2012,41575,,,,,,,,,,,MarkRAMPMO
Mark 1163 PMO 006,Mark,1163,1163,6,,1,PMO,"Smith, A E ",,PProvGSW,2020,,,,,,,,,2002,,,,,2002,37921,,,,,,,,,,,MarkRAMPMO
Mark 1163 PMO 007,Mark,1163,1163,7,,1,PMO,"Read, J W ",,PProvGSW,2024,,,,,,PGStB,2026,,"2013, 2015, 2016",,,,,2013,41939,,,,,,,,,,,MarkRAMPMO
Mark 1163 PMO 008,Mark,1163,1163,8,,1,PMO,"East, R G ",,PProvGMO,2025,,,,,,,,,2014,,,,,2014,42303,,,,,,,,,,,MarkRAMPMO
Mark 1163 PMO 009,Mark,1163,1163,9,,1,PMO,"Morum, G J ",,PProvGJD,2024,,,,,,,,,"2017, 2022",,,,,2017,43395,,,,,,,,,,,MarkRAMPMO
Mark 1163 PMO 010,Mark,1163,1163,10,,1,PMO,"Claxton, J C ",,ProvGStwd,2025,,,,,,,,,2024,,,,,2024,45957,,,,,,,,,,,MarkRAMPMO
Mark 1163 PMO 011,Mark,1163,1163,11,,1,PMO,"Crabb, P M ",,,,,,,,,,,,2025,,,,,2025,,,,,,,,,,,,MarkRAMPMO
Mark 1163 PMO 012,Mark,1163,1163,12,,1,PMO,"Watton, R K ",,,,,,,,,,,,1994,,,,,1994,34995,,,,,,,,,,,MarkRAMPMO
Mark 1163 PMO 013,Mark,1163,1163,13,,1,PMO,"Brownridge, R C ",,PProvGJW,2022,,,,,,,,,2006,,,,,2006,39377,,,,,,,,,,,MarkRAMPMO
Mark 1163 PMO 014,Mark,1163,1163,14,,1,PMO,"Burns, D G ",,PProvGSW,2018,,,,,,,,,2000,,,,,2000,37186,,,,,,,,,,,MarkRAMPMO
Mark 1163 PMO 015,Mark,1163,1163,15,,1,PMO,"Cox, R  ",,,,,,,,,,,,1997,,,,,1997,36094,,,,,,,,,,,MarkRAMPMO
Mark 1163 PMO 016,Mark,1163,1163,16,,1,PMO,"Jones, T M ",,PProvGJW,2012,,,,,,,,,1996,,,,,1996,35730,,,,,,,,,,,MarkRAMPMO
Mark 1163 PMO 017,Mark,1163,1163,17,,1,PMO,"Morris, A S ",,PProvGIG,2022,,,,,,,,,"2019, 2021",,,,,2019,44494,,,,,,,,,,,MarkRAMPMO
Mark 1477 Hon 001,Mark,1477,1477,1,,,Hon,"Shaw, F J",2015,,,,,,,,PProvGM,2015,,,,,108782,,,,,,,,,,,,,,MarkRAMHonMem
Mark 1477 Inst 001,Mark,1477,1477,1,,,Inst,,,,,,,,,,,,,,,February 2nd 2026,,,,,,,,,,,,,,,DBLodges
Mark 1477 Mem 001,Mark,1477,1477,1,,,Mem,"Bristow, G W",1977,,,,,,,,PAGSwdB,2005,,,,,15117,,,,,,,,,,,,,,MarkRAMHonMem
Mark 1477 Mem 002,Mark,1477,1477,2,,,Mem,"Carter, R B H",1983,PProvGSW,2014,,,,,,PAGDC,2022,,,,,20133,,,,,,,,,,,,,,MarkRAMHonMem
Mark 1477 Mem 003,Mark,1477,1477,3,,,Mem,"Case, T D",1991,PProvGSW,2021,,,,,,PGStB,2023,,,,,1009548,,,,2015,,,,,,,,,,MarkRAMHonMem
Mark 1477 Mem 004,Mark,1477,1477,4,,,Mem,"Sharpe, M J",1994,PProvGSW,2022,,,,,,,,,,,,1037184,,,,,,,,,,,,,,MarkRAMHonMem
Mark 1477 Mem 005,Mark,1477,1477,5,,,Mem,"Harrison, J D",1997,ProvGSW,2025,,,,,,,,,,,,1061836,,,,2019,,,,,,,,,,MarkRAMHonMem
Mark 1477 Mem 006,Mark,1477,1477,6,,,Mem,"Harris, S R",1999,PProvGJW,2023,,,,,,,,,,,,1077623,,,,2023,,,,,,,,,,MarkRAMHonMem
Mark 1477 Mem 007,Mark,1477,1477,7,,,Mem,"Bridge, G N",2003,PProvDepGChap,2025,,,,,,,,,,,,1210247,,,,2025,,,,,,,,,,MarkRAMHonMem
Mark 1477 Mem 008,Mark,1477,1477,8,,,Mem,"Davis, M D",2006,ProvGTreas,2025,,,,,,,,,,,,1221172,,,,2025,,,,,,,,,,MarkRAMHonMem
Mark 1477 Mem 009,Mark,1477,1477,9,,,Mem,"Ballard, C T",2006,PProvGJW,2024,,,,,,,,,,,,1220429,,,,,,,,,,,,,,MarkRAMHonMem
Mark 1477 Mem 010,Mark,1477,1477,10,,,Mem,"Rice, A C",2008,PProvAGStB,2023,,,,,,,,,,,,1227798,,,,2022,,,,,,,,,,MarkRAMHonMem
Mark 1477 Mem 011,Mark,1477,1477,11,,,Mem,"Byrne, C P",2010,ProvGSwdB,2025,,,,,,,,,,,,1233599,,,,2020,,,,,,,,,,MarkRAMHonMem
Mark 1477 Mem 012,Mark,1477,1477,12,,,Mem,"Hughes, M J",2011,,,,,,,,,,,,,,1237059,,,,,,,,,,,,,,MarkRAMHonMem
Mark 1477 Mem 013,Mark,1477,1477,13,,,Mem,"Ilott, P F",2012,PProvAGStB,2024,,,,,,,,,,,,1232679,,,,2024,,,,,,,,,,MarkRAMHonMem
Mark 1477 Mem 014,Mark,1477,1477,14,,,Mem,"Sollazzo, F E",2017,,,,,,,,,,,,,,1252623,,,,2026,,,,,,,,,,MarkRAMHonMem
Mark 1477 Mem 015,Mark,1477,1477,15,,,Mem,"Hirons, M R",2017,,,,,,,,,,,,,,1251986,,,,,,,,,,,,,,MarkRAMHonMem
Mark 1477 Mem 016,Mark,1477,1477,16,,,Mem,"Prax, G I",2019,PDepProvGM,2008,,,,,,PGJO,2008,,,,,97049,,,,2026,,,,,,,,,,MarkRAMHonMem
Mark 1477 Mem 017,Mark,1477,1477,17,,,Mem,"Langford, R J",2021,,,,,,,,,,,,,,1035611,,,,,,,,,,,,,,MarkRAMHonMem
Mark 1477 Mem 018,Mark,1477,1477,18,,,Mem,"Craner, D",2021,,,,,,,,,,,,,,1256616,,,,2026,,,,,,,,,,MarkRAMHonMem
Mark 1477 Mem 019,Mark,1477,1477,19,,,Mem,"Curtin, A",2022,,,,,,,,,,,,,,1263594,,,,2026,,,,,,,,,,MarkRAMHonMem
Mark 1477 Mem 020,Mark,1477,1477,20,,,Mem,"Fanner, K W J",2023,,,,,,,,,,,,,,1265392,,,,,,,,,,,,,,MarkRAMHonMem
Mark 1477 Mem 021,Mark,1477,1477,21,,,Mem,"Harvey, M B",2024,,,,,,,,,,,,,,1269977,,,,2026,,,,,,,,,,MarkRAMHonMem
Mark 1477 Mem 022,Mark,1477,1477,22,,,Mem,"Kusminoff, E",2024,PProvGJW,2017,,,,,,PGJD,2023,,,,,1045171,,,,,,,,,,,,,,MarkRAMHonMem
Mark 1477 Mem 023,Mark,1477,1477,23,,,Mem,"Turner, B D",2024,,,,,,,,,,,,,,1269480,,,,2026,,,,,,,,,,MarkRAMHonMem
Mark 1477 Mem 024,Mark,1477,1477,24,,,Mem,"Leddin, P D",2024,,,,,,,,,,,,,,1268931,,,,2025,,,,,,,,,,MarkRAMHonMem
Mark 1477 Mem 025,Mark,1477,1477,25,,,Mem,"Beatty, M J",2024,,,,,,,,,,,,,,1269972,,,,2026,,,,,,,,,,MarkRAMHonMem
Mark 1477 Mem 026,Mark,1477,1477,26,,,Mem,"Vaughan, D J",2025,,,,,,,,,,,,,,1241751,,,,,,,,,,,,,,MarkRAMHonMem
Mark 1477 Mem 027,Mark,1477,1477,27,,,Mem,"Reis De Lima, D",2025,,,,,,,,,,,,,,1271702,,,,2026,,,,,,,,,,MarkRAMHonMem
Mark 1477 Mem 028,Mark,1477,1477,28,,,Mem,"Paul, A",2025,ProvGJD,2025,,,,,,,,,,,,1084135,,,,2026,,,,,,,,,,MarkRAMHonMem
Mark 1477 Mem 029,Mark,1477,1477,29,,,Mem,"Harvey, A P",2025,,,,,,,,,,,,,,1271142,,,,2026,,,,,,,,,,MarkRAMHonMem
Mark 1477 Mem 030,Mark,1477,1477,30,,,Mem,"Hawkins, S M",2026,,,,,,,,,,,,,,1274217,,,,,,,,,,,,,,MarkRAMHonMem
Mark 1477 Off 001,Mark,1477,1477,1,WM,1,Off,"Sollazzo, F E",,,,,,,,,,,,,,,1252623,,,,,,,,,,,,,,MarkRAMOff
Mark 1477 Off 002,Mark,1477,1477,2,SW,2,Off,"Craner, D",,,,,,,,,,,,,,,1256616,,,,,,,,,,,,,,MarkRAMOff
Mark 1477 Off 003,Mark,1477,1477,3,JW,3,Off,"Paul, A",,,,,,,,,,,,,,,1084135,,,,,,,,,,,,,,MarkRAMOff
Mark 1477 Off 004,Mark,1477,1477,4,MO,4,Off,"Prax, G I",,,,,,,,,,,,,,,97049,,,,,,,,,,,,,,MarkRAMOff
Mark 1477 Off 005,Mark,1477,1477,5,SO,5,Off,"Curtin, A",,,,,,,,,,,,,,,1263594,,,,,,,,,,,,,,MarkRAMOff
Mark 1477 Off 006,Mark,1477,1477,6,JO,6,Off,"Harvey, M B",,,,,,,,,,,,,,,1269977,,,,,,,,,,,,,,MarkRAMOff
Mark 1477 Off 007,Mark,1477,1477,7,Chap,7,Off,"Ilott, P F",,,,,,,,,,,,,,,1232679,,,,,,,,,,,,,,MarkRAMOff
Mark 1477 Off 008,Mark,1477,1477,8,Treas,8,Off,"Harrison, J D",,,,,,,,,,,,,,,1061836,,,,,,,,,,,,,,MarkRAMOff
Mark 1477 Off 009,Mark,1477,1477,9,RegMks,9,Off,"Beatty, M J",,,,,,,,,,,,,,,1269972,,,,,,,,,,,,,,MarkRAMOff
Mark 1477 Off 010,Mark,1477,1477,10,Sec,10,Off,"Harris, S R",,,,,,,,,,,,,,,1077623,,,,,,,,,,,,,,MarkRAMOff
Mark 1477 Off 011,Mark,1477,1477,11,DC,11,Off,"Case, T D",,,,,,,,,,,,,,,1009548,,,,,,,,,,,,,,MarkRAMOff
Mark 1477 Off 012,Mark,1477,1477,12,Alm,12,Off,"Bridge, G N",,,,,,,,,,,,,,,1210247,,,,,,,,,,,,,,MarkRAMOff
Mark 1477 Off 013,Mark,1477,1477,13,ChStwd,13,Off,"Byrne, C P",,,,,,,,,,,,,,,1233599,,,,,,,,,,,,,,MarkRAMOff
Mark 1477 Off 014,Mark,1477,1477,14,SD,14,Off,"Harvey, A P",,,,,,,,,,,,,,,1271142,,,,,,,,,,,,,,MarkRAMOff
Mark 1477 Off 015,Mark,1477,1477,15,JD,15,Off,"Turner, B D",,,,,,,,,,,,,,,1269480,,,,,,,,,,,,,,MarkRAMOff
Mark 1477 Off 016,Mark,1477,1477,16,ADC,17,Off,"Davis, M D",,,,,,,,,,,,,,,1221172,,,,,,,,,,,,,,MarkRAMOff
Mark 1477 Off 017,Mark,1477,1477,17,Org,18,Off,"Rice, A C",,,,,,,,,,,,,,,1227798,,,,,,,,,,,,,,MarkRAMOff
Mark 1477 Off 018,Mark,1477,1477,18,IG,19,Off,"Reis De Lima, D",,,,,,,,,,,,,,,1271702,,,,,,,,,,,,,,MarkRAMOff
Mark 1477 Off 019,Mark,1477,1477,19,Tyler,21,Off,"Leddin, P D",,,,,,,,,,,,,,,1268931,,,,,,,,,,,,,,MarkRAMOff
Mark 1477 PMI 001,Mark,1477,1477,1,,,PMI,"Bristow, G W ",1977,,,Y,,,,,PAGSwdB,2005,,1973,,,,,,,,534,,,,,,,,,MarkRAMPMI
Mark 1477 PMI 002,Mark,1477,1477,2,,,PMI,"Prax, G I                              ",2019,,,Y,,,,,PGJO,2008,,1983,,,,,,,,132,,,,,,,,,MarkRAMPMI
Mark 1477 PMI 003,Mark,1477,1477,3,,,PMI,"Paul, A ",2025,ProvGJD,2025,,,,,,,,,2023,,,,,,,,763,,,,,,,,,MarkRAMPMI
Mark 1477 PMI 004,Mark,1477,1477,4,,,PMI,"Vaughan, D J ",2025,PProvGSD,2024,,,,,,,,,2018,,,,,,,,867,,,,,,,,,MarkRAMPMI
Mark 1477 PMO 001,Mark,1477,1477,1,,1,PMO,"Wilson, D  ",,,,,,,,,,,,2000,,,,,2000,36927,,,,,,,,,,,MarkRAMPMO
Mark 1477 PMO 002,Mark,1477,1477,2,,1,PMO,"Case, T D ",,PProvGSW,2021,,,,,,PGStB,2023,,2008,,,,,2008,39846,,,,,,,,,,,MarkRAMPMO
Mark 1477 PMO 003,Mark,1477,1477,3,,1,PMO,"Orton, K A ",,,,,,,,,,,,2010,,,,,2010,40581,,,,,,,,,,,MarkRAMPMO
Mark 1477 PMO 004,Mark,1477,1477,4,,1,PMO,"Winslade, M D ",,,,,,,,,,,,"2012, 2013",,,,,2012,41309,,,,,,,,,,,MarkRAMPMO
Mark 1477 PMO 005,Mark,1477,1477,5,,1,PMO,"Carter, R B H",,PProvGSW,2014,,,,,,PAGDC,2022,,1996,,,,,1996,35464,,,,,,,,,,,MarkRAMPMO
Mark 1477 PMO 006,Mark,1477,1477,6,,1,PMO,"Ballard, C T ",,PProvGJW,2024,,,,,,,,,2015,,,,,2015,42401,,,,,,,,,,,MarkRAMPMO
Mark 1477 PMO 007,Mark,1477,1477,7,,1,PMO,"Harris, S R ",,PProvGJW,2023,,,,,,,,,2006,,,,,2006,39118,,,,,,,,,,,MarkRAMPMO
Mark 1477 PMO 008,Mark,1477,1477,8,,1,PMO,"Sharpe, M J ",,PProvGSW,2022,,,,,,,,,2005,,,,,2005,38754,,,,,,,,,,,MarkRAMPMO
Mark 1477 PMO 009,Mark,1477,1477,9,,1,PMO,"Rice, A C ",,PProvAGStB,2023,,,,,,,,,"2020, 2021",,,,,2021,44599,,,,,,,,,,,MarkRAMPMO
Mark 1477 PMO 010,Mark,1477,1477,10,,1,PMO,"Kusminoff, E  ",,PProvGJW,2017,,,,,,PGJD,2023,,2025,,,,,2025,46055,,,,,,,,,,,MarkRAMPMO
Mark 1477 PMO 011,Mark,1477,1477,11,,1,PMO,"Harrison, J D ",,ProvGSW,2025,,,,,,,,,2017,,,,,2017,43136,,,,,,,,,,,MarkRAMPMO
Mark 1477 PMO 012,Mark,1477,1477,12,,1,PMO,"Davis, M D ",,ProvGTreas,2025,,,,,,,,,2018,,,,,2018,43500,,,,,,,,,,,MarkRAMPMO
Mark 1477 PMO 013,Mark,1477,1477,13,,1,PMO,"Gomm, J G ",,,,,,,,,,,,2024,,,,,2024,45691,,,,,,,,,,,MarkRAMPMO
Mark 1477 PMO 014,Mark,1477,1477,14,,1,PMO,"Bridge, G N ",,PProvDepGChap,2025,,,,,,,,,2023,,,,,2023,45327,,,,,,,,,,,MarkRAMPMO
Mark 1477 PMO 015,Mark,1477,1477,15,,1,PMO,"Ilott, P F ",,PProvAGStB,2024,,,,,,,,,2022,,,,,2022,44963,,,,,,,,,,,MarkRAMPMO
Mark 1477 PMO 016,Mark,1477,1477,16,,1,PMO,"Byrne, C P ",,ProvGSwdB,2025,,,,,,,,,2019,,,,,2019,43864,,,,,,,,,,,MarkRAMPMO
Mark 1477 PMO 017,Mark,1477,1477,17,,1,PMO,"Sollazzo, F E ",,,,,,,,,,,,2026,,,,,2026,,,,,,,,,,,,MarkRAMPMO
Mark 1572 Inst 001,Mark,1572,1572,1,,,Inst,,,,,,,,,,,,,,,November 1st 2025,,,,,,,,,,,,,,,DBLodges
Mark 1572 Mem 001,Mark,1572,1572,1,,,Mem,"Hoare, K G",1981,,,,,,,,PGStB,2002,,,,,56761,,,,,,,,,,,,,,MarkRAMHonMem
Mark 1572 Mem 002,Mark,1572,1572,2,,,Mem,"Shaw, F J",1984,,,,,,,,PProvGM,2015,,,,,108782,,,,,,,,,,,,,,MarkRAMHonMem
Mark 1572 Mem 003,Mark,1572,1572,3,,,Mem,"Prax, G I",1985,PDepProvGM,2008,,,,,,PGJO,2008,,,,,97049,,,,,,,,,,,,,,MarkRAMHonMem
Mark 1572 Mem 004,Mark,1572,1572,4,,,Mem,"Gordon, R P",1992,PProvGTreas,2014,,,,,,PGJD,2015,,,,,46597,,,,,,,,,,,,,,MarkRAMHonMem
Mark 1572 Mem 005,Mark,1572,1572,5,,,Mem,"Wolsey, A J",1995,PProvGJW,2012,,,,,,PGStB,2015,,,,,135390,,,,2022,,,,,,,,,,MarkRAMHonMem
Mark 1572 Mem 006,Mark,1572,1572,6,,,Mem,"Bugler, R A L",1997,PProvGChStwd,2015,,,,,,PGSD,2017,,,,,17188,,,,2019,,,,,,,,,,MarkRAMHonMem
Mark 1572 Mem 007,Mark,1572,1572,7,,,Mem,"Dare, S J",1998,PProvGSW,2006,,,,,,PGSD,2013,,,,,29778,,,,2019,,,,,,,,,,MarkRAMHonMem
Mark 1572 Mem 008,Mark,1572,1572,8,,,Mem,"Voysey, F W",1998,PProvGSW,2000,,,,,,PGStB,2007,,,,,126230,,,,,,,,,,,,,,MarkRAMHonMem
Mark 1572 Mem 009,Mark,1572,1572,9,,,Mem,"Eaton, D F",1999,DepProvGM,2023,,,,,,PAGDC,2020,,,,,1018468,,,,2025,,,,,,,,,,MarkRAMHonMem
Mark 1572 Mem 010,Mark,1572,1572,10,,,Mem,"Burt, D B F",2000,PProvGJW,2014,,,,,,PGJD,2024,,,,,18138,,,,,,,,,,,,,,MarkRAMHonMem
Mark 1572 Mem 011,Mark,1572,1572,11,,,Mem,"Parkes, B E",2004,PProvGSW,2010,,,,,,PAGDC,2011,,,,,91507,,,,,,,,,,,,,,MarkRAMHonMem
Mark 1572 Mem 012,Mark,1572,1572,12,,,Mem,"Hambidge, G F",2004,PProvDepGSec,2015,,,,,,PGJO,2014,,,,,50736,,,,,,,,,,,,,,MarkRAMHonMem
Mark 1572 Mem 013,Mark,1572,1572,13,,,Mem,"Kusminoff, E",2005,PProvGJW,2017,,,,,,PGJD,2023,,,,,1045171,,,,,,,,,,,,,,MarkRAMHonMem
Mark 1572 Mem 014,Mark,1572,1572,14,,,Mem,"Sharpe, M J",2005,PProvGSW,2022,,,,,,,,,,,,1037184,,,,,,,,,,,,,,MarkRAMHonMem
Mark 1572 Mem 015,Mark,1572,1572,15,,,Mem,"Burt, M R",2007,PProvGReg,2022,,,,,,PGJD,2022,,,,,1062967,,,,,,,,,,,,,,MarkRAMHonMem
Mark 1572 Mem 016,Mark,1572,1572,16,,,Mem,"Micklefield, R F",2008,PProvGDC,2019,,,,,,PGJD,2019,,,,,144701,,,,,,,,,,,,,,MarkRAMHonMem
Mark 1572 Mem 017,Mark,1572,1572,17,,,Mem,"Warwick, M H",2009,PProvGStwd,2012,,,,,,,,,,,,1080598,,,,,,,,,,,,,,MarkRAMHonMem
Mark 1572 Mem 018,Mark,1572,1572,18,,,Mem,"Russell, F",2009,PProvGSW,2022,,,,,,PAGDC,2023,,,,,1084597,,,,2025,,,,,,,,,,MarkRAMHonMem
Mark 1572 Mem 019,Mark,1572,1572,19,,,Mem,"Case, T D",2009,PProvGSW,2021,,,,,,PGStB,2023,,,,,1009548,,,,2025,,,,,,,,,,MarkRAMHonMem
Mark 1572 Mem 020,Mark,1572,1572,20,,,Mem,"Cains, F A",2009,PProvGJW,2017,,,,,,PGStB,2020,,,,,1058809,,,,2018,,,,,,,,,,MarkRAMHonMem
Mark 1572 Mem 021,Mark,1572,1572,21,,,Mem,"Probert, P F",2010,,,,,,,,PGJD,2017,,,,,1009318,,,,,,,,,,,,,,MarkRAMHonMem
Mark 1572 Mem 022,Mark,1572,1572,22,,,Mem,"Brookes, L T",2011,PProvGChap,2015,,,,,,PGSD,2019,,,,,154222,,,,,,,,,,,,,,MarkRAMHonMem
Mark 1572 Mem 023,Mark,1572,1572,23,,,Mem,"House, N M D",2011,PProvGTreas,2024,,,,,,PAGDC,2024,,,,,1211743,,,,2025,,,,,,,,,,MarkRAMHonMem
Mark 1572 Mem 024,Mark,1572,1572,24,,,Mem,"Pomeroy, V H",2013,,,,,,,,ProvGM,2023,,,,,96105,,,,,,,,,,,,,,MarkRAMHonMem
Mark 1572 Mem 025,Mark,1572,1572,25,,,Mem,"Bellamy, J E",2014,PProvGSW,2015,,,,,,PAGDC,2017,,,,,9030,,,,2025,,,,,,,,,,MarkRAMHonMem
Mark 1572 Mem 026,Mark,1572,1572,26,,,Mem,"Moorley, C J",2014,,,,,,,,,,,,,,1055648,,,,,,,,,,,,,,MarkRAMHonMem
Mark 1572 Mem 027,Mark,1572,1572,27,,,Mem,"Burton, B G",2015,PProvGJW,2016,,,,,,PAGDC,2018,,,,,1044986,,,,,,,,,,,,,,MarkRAMHonMem
Mark 1572 Mem 028,Mark,1572,1572,28,,,Mem,"Glazier, G R",2015,,,,,,,,PGSD,2022,,,,,45576,,,,,,,,,,,,,,MarkRAMHonMem
Mark 1572 Mem 029,Mark,1572,1572,29,,,Mem,"Ballard, C T",2015,PProvGJW,2024,,,,,,,,,,,,1220429,,,,,,,,,,,,,,MarkRAMHonMem
Mark 1572 Mem 030,Mark,1572,1572,30,,,Mem,"Rowe, J",2016,PDepProvGM,2017,,,,,,PGSD,2017,,,,,104666,,,,,,,,,,,,,,MarkRAMHonMem
Mark 1572 Mem 031,Mark,1572,1572,31,,,Mem,"Bond, T A",2017,ProvGSO,2025,,,,,,,,,,,,1236422,,,,2022,,,,,,,,,,MarkRAMHonMem
Mark 1572 Mem 032,Mark,1572,1572,32,,,Mem,"Barrett, T M",2017,ProvGChStwd,2020,,,,,,PAGDC,2025,,,,,1223298,,,,,,,,,,,,,,MarkRAMHonMem
Mark 1572 Mem 033,Mark,1572,1572,33,,,Mem,"Matthews, R E V",2017,PProvGInspWks,2022,,,,,,,,,,,,79168,,,,,,,,,,,,,,MarkRAMHonMem
Mark 1572 Mem 034,Mark,1572,1572,34,,,Mem,"Osment, C S",2018,PProvGSW,2025,,,,,,,,,,,,89949,,,,2023,,,,,,,,,,MarkRAMHonMem
Mark 1572 Mem 035,Mark,1572,1572,35,,,Mem,"Nixey, M T",2018,PProvGSW,2009,,,,,,PGStB,2016,,,,,88055,,,,2025,,,,,,,,,,MarkRAMHonMem
Mark 1572 Mem 036,Mark,1572,1572,36,,,Mem,"Davis, M D",2018,ProvGTreas,2025,,,,,,,,,,,,1221172,,,,,,,,,,,,,,MarkRAMHonMem
Mark 1572 Mem 037,Mark,1572,1572,37,,,Mem,"Stevens, P J",2018,PProvGSO,2025,,,,,,,,,,,,1232237,,,,,,,,,,,,,,MarkRAMHonMem
Mark 1572 Mem 038,Mark,1572,1572,38,,,Mem,"Wills, C",2018,ProvGJO,2025,,,,,,,,,,,,1218213,,,,2021,,,,,,,,,,MarkRAMHonMem
Mark 1572 Mem 039,Mark,1572,1572,39,,,Mem,"Wills, M K",2018,PProvGSD,2023,,,,,,,,,,,,1223379,,,,2025,,,,,,,,,,MarkRAMHonMem
Mark 1572 Mem 040,Mark,1572,1572,40,,,Mem,"Bugler, C J",2018,ProvGDC,2024,,,,,,,,,,,,1220844,,,,2025,,,,,,,,,,MarkRAMHonMem
Mark 1572 Mem 041,Mark,1572,1572,41,,,Mem,"Harrison, J D",2022,ProvGSW,2025,,,,,,,,,,,,1061836,,,,2025,,,,,,,,,,MarkRAMHonMem
Mark 1572 Mem 042,Mark,1572,1572,42,,,Mem,"Gibson, M",2022,,,Y,,,,,,,,,,,1251627,,,,2023,,,,,,,,,,MarkRAMHonMem
Mark 1572 Mem 043,Mark,1572,1572,43,,,Mem,"Parkes, M R",2023,PProvGJW,2025,,,,,,,,,,,,1238035,,,,2025,,,,,,,,,,MarkRAMHonMem
Mark 1572 Mem 044,Mark,1572,1572,44,,,Mem,"Parkes, R W",2023,PProvGSec,2025,,,,,,PAGDC,2022,,,,,1039178,,,,,,,,,,,,,,MarkRAMHonMem
Mark 1572 Mem 045,Mark,1572,1572,45,,,Mem,"Curtis, M J",2023,ProvGInspWks,2024,,,,,,,,,,,,1239134,,,,2025,,,,,,,,,,MarkRAMHonMem
Mark 1572 Mem 046,Mark,1572,1572,46,,,Mem,"Waters, N F",2024,PProvGSW,2001,,,,,,PGSD,2023,,,,,128651,,,,,,,,,,,,,,MarkRAMHonMem
Mark 1572 Mem 047,Mark,1572,1572,47,,,Mem,"Fuller, T R",2024,PProvAGDC,2025,,,,,,,,,,,,1237167,,,,,,,,,,,,,,MarkRAMHonMem
Mark 1572 Mem 048,Mark,1572,1572,48,,,Mem,"McGhee, D G",2024,PProvGSW,2024,,,,,,,,,,,,1211413,,,,,,,,,,,,,,MarkRAMHonMem
Mark 1572 Mem 049,Mark,1572,1572,49,,,Mem,"Harper, W B",2024,PProvGSW,2025,,,,,,PAGDC,2026,,,,,1211828,,,,,,,,,,,,,,MarkRAMHonMem
Mark 1572 Mem 050,Mark,1572,1572,50,,,Mem,"Paul, A",2024,ProvGJD,2025,,,,,,,,,,,,1084135,,,,,,,,,,,,,,MarkRAMHonMem
Mark 1572 Mem 051,Mark,1572,1572,51,,,Mem,"Byrne, C P",2024,ProvGSwdB,2025,,,,,,,,,,,,1233599,,,,,,,,,,,,,,MarkRAMHonMem
Mark 1572 Mem 052,Mark,1572,1572,52,,,Mem,"Barker, M B",2024,ProvGStwd,2025,,,,,,,,,,,,1203077,,,,,,,,,,,,,,MarkRAMHonMem
Mark 1572 Mem 053,Mark,1572,1572,53,,,Mem,"Loft, M R A",2025,ProvGStwd,2025,,,,,,,,,,,,1255269,,,,,,,,,,,,,,MarkRAMHonMem
Mark 1572 Mem 054,Mark,1572,1572,54,,,Mem,"Greenland, D C",2025,,,,,,,,PGJD,2012,,,,,149529,,,,,,,,,,,,,,MarkRAMHonMem
Mark 1572 Mem 055,Mark,1572,1572,55,,,Mem,"Day, D J",2025,,,,,,,,,,,,,,1246315,,,,,,,,,,,,,,MarkRAMHonMem
Mark 1572 Off 001,Mark,1572,1572,1,WM,1,Off,"Eaton, D F",,,,,,,,,,,,,,,1018468,,,,,,,,,,,,,,MarkRAMOff
Mark 1572 Off 002,Mark,1572,1572,2,SW,2,Off,"Russell, F",,,,,,,,,,,,,,,1084597,,,,,,,,,,,,,,MarkRAMOff
Mark 1572 Off 003,Mark,1572,1572,3,JW,3,Off,"House, N M D",,,,,,,,,,,,,,,1211743,,,,,,,,,,,,,,MarkRAMOff
Mark 1572 Off 004,Mark,1572,1572,4,MO,4,Off,"Case, T D",,,,,,,,,,,,,,,1009548,,,,,,,,,,,,,,MarkRAMOff
Mark 1572 Off 005,Mark,1572,1572,5,SO,5,Off,"Bellamy, J E",,,,,,,,,,,,,,,9030,,,,,,,,,,,,,,MarkRAMOff
Mark 1572 Off 006,Mark,1572,1572,6,JO,6,Off,"Bugler, C J",,,,,,,,,,,,,,,1220844,,,,,,,,,,,,,,MarkRAMOff
Mark 1572 Off 007,Mark,1572,1572,7,Chap,7,Off,"Cains, F A",,,,,,,,,,,,,,,1058809,,,,,,,,,,,,,,MarkRAMOff
Mark 1572 Off 008,Mark,1572,1572,8,Treas,8,Off,"Gibson, M",,,,,,,,,,,,,,,1251627,Y,,,,,,,,,,,,,MarkRAMOff
Mark 1572 Off 009,Mark,1572,1572,9,RegMks,9,Off,"Wolsey, A J",,,,,,,,,,,,,,,135390,,,,,,,,,,,,,,MarkRAMOff
Mark 1572 Off 010,Mark,1572,1572,10,Sec,10,Off,"Bond, T A",,,,,,,,,,,,,,,1236422,,,,,,,,,,,,,,MarkRAMOff
Mark 1572 Off 011,Mark,1572,1572,11,DC,11,Off,"Dare, S J",,,,,,,,,,,,,,,29778,,,,,,,,,,,,,,MarkRAMOff
Mark 1572 Off 012,Mark,1572,1572,12,Alm,12,Off,"Wills, C",,,,,,,,,,,,,,,1218213,,,,,,,,,,,,,,MarkRAMOff
Mark 1572 Off 013,Mark,1572,1572,13,ChStwd,13,Off,"Bugler, R A L",,,,,,,,,,,,,,,17188,,,,,,,,,,,,,,MarkRAMOff
Mark 1572 Off 014,Mark,1572,1572,14,SD,14,Off,"Nixey, M T",,,,,,,,,,,,,,,88055,,,,,,,,,,,,,,MarkRAMOff
Mark 1572 Off 015,Mark,1572,1572,15,JD,15,Off,"Wills, M K",,,,,,,,,,,,,,,1223379,,,,,,,,,,,,,,MarkRAMOff
Mark 1572 Off 016,Mark,1572,1572,16,ASec,16,Off,"Parkes, M R",,,,,,,,,,,,,,,1238035,,,,,,,,,,,,,,MarkRAMOff
Mark 1572 Off 017,Mark,1572,1572,17,ADC,17,Off,"Osment, C S",,,,,,,,,,,,,,,89949,,,,,,,,,,,,,,MarkRAMOff
Mark 1572 Off 018,Mark,1572,1572,18,IG,19,Off,"Curtis, M J",,,,,,,,,,,,,,,1239134,,,,,,,,,,,,,,MarkRAMOff
Mark 1572 Off 019,Mark,1572,1572,19,Tyler,21,Off,"Harrison, J D",,,,,,,,,,,,,,,1061836,,,,,,,,,,,,,,MarkRAMOff
Mark 1572 PMO 001,Mark,1572,1572,1,,1,PMO,"Brookes, L T ",,PProvGChap,2015,,,,,,PGSD,2019,,2007,,,,,2007,39753,,,,,,,,,,,MarkRAMPMO
Mark 1572 PMO 002,Mark,1572,1572,2,,1,PMO,"Kusminoff, E  ",,PProvGJW,2017,,,,,,PGJD,2023,,2018,,,,,2018,43771,,,,,,,,,,,MarkRAMPMO
Mark 1572 PMO 003,Mark,1572,1572,3,,1,PMO,"Dare, S J ",,PProvGSW,2006,,,,,,PGSD,2013,,2015,,,,,2015,42679,,,,,,,,,,,MarkRAMPMO
Mark 1572 PMO 004,Mark,1572,1572,4,,1,PMO,"Bugler, R A L",,PProvGChStwd,2015,,,,,,PGSD,2017,,2017,,,,,2017,43407,,,,,,,,,,,MarkRAMPMO
Mark 1572 PMO 005,Mark,1572,1572,5,,1,PMO,"Shaw, F J ",,,,,,,,,PProvGM,2015,,1999,,,,,1999,36719,,,,,,,,,,,MarkRAMPMO
Mark 1572 PMO 006,Mark,1572,1572,6,,1,PMO,"Micklefield, R F ",,PProvGDC,2019,,,,,,PGJD,2019,,2022,,,,,2022,45234,,,,,,,,,,,MarkRAMPMO
Mark 1572 PMO 007,Mark,1572,1572,7,,1,PMO,"Eaton, D F ",,DepProvGM,2023,,,,,,PAGDC,2020,,2025,,,,,2025,,,,,,,,,,,,MarkRAMPMO
Mark 1572 PMO 008,Mark,1572,1572,8,,1,PMO,"Parkes, B E ",,PProvGSW,2010,,,,,,PAGDC,2011,,2021,,,,,2021,44904,,,,,,,,,,,MarkRAMPMO
Mark 1572 PMO 009,Mark,1572,1572,9,,1,PMO,"Gibson, M  ",,,,,,,,,,,,2023,,,,,2023,45119,,,,,,,,,,,MarkRAMPMO
Mark 1572 PMO 010,Mark,1572,1572,10,,1,PMO,"Burt, D B F",,PProvGJW,2014,,,,,,PGJD,2024,,2023,,,,,2023,45598,,,,,,,,,,,MarkRAMPMO
Mark 1572 PMO 011,Mark,1572,1572,11,,1,PMO,"Bale, D W B",,PProvGTreas,2020,,,,,,PGJO,2018,,1990,,,,,1990,33551,,,,,,,,,,,MarkRAMPMO
Mark 1572 PMO 012,Mark,1572,1572,12,,1,PMO,"Burt, M R ",,PProvGReg,2022,,,,,,PGJD,2022,,2024,,,,,2024,45962,,,,,,,,,,,MarkRAMPMO
Mark 1572 PMO 013,Mark,1572,1572,13,,1,PMO,"Harris, W J W",,PProvGMO,2005,,,,,,PGSD,2014,,2019,,,,,2019,44506,,,,,,,,,,,MarkRAMPMO
Mark 1572 PMO 014,Mark,1572,1572,14,,1,PMO,"Prax, G I ",,PDepProvGM,2008,,,,,,PGJO,2008,,2008,,,,,2008,40124,,,,,,,,,,,MarkRAMPMO
Mark 1635 Hon 001,Mark,1635,1635,1,,,Hon,"Dring, A",2004,,,,,,,,,,,,,,34497,,,,,,,,,,,,,,MarkRAMHonMem
Mark 1635 Hon 002,Mark,1635,1635,2,,,Hon,"Shaw, F J",2016,,,,,,,,PProvGM,2015,,,,,108782,,,,,,,,,,,,,,MarkRAMHonMem
Mark 1635 Hon 003,Mark,1635,1635,3,,,Hon,"Le Cornu, P J",2019,PProvGSW,2010,,,,,,,,,,,,71673,,,,,,,,,,,,,,MarkRAMHonMem
Mark 1635 Inst 001,Mark,1635,1635,1,,,Inst,,,,,,,,,,,,,,,October 7th 2025,,,,,,,,,,,,,,,DBLodges
Mark 1635 Mem 001,Mark,1635,1635,1,,,Mem,"Burton, B G",1995,PProvGJW,2016,,,,,,PAGDC,2018,,,,,1044986,,,,2008,,,,,,,,,,MarkRAMHonMem
Mark 1635 Mem 002,Mark,1635,1635,2,,,Mem,"Parkes, B E",1997,PProvGSW,2010,,,,,,PAGDC,2011,,,,,91507,,,,2018,,,,,,,,,,MarkRAMHonMem
Mark 1635 Mem 003,Mark,1635,1635,3,,,Mem,"Chislett, S L",1998,PProvGJO,2022,,,,,,,,,,,,1067544,,,,,,,,,,,,,,MarkRAMHonMem
Mark 1635 Mem 004,Mark,1635,1635,4,,,Mem,"Smith, K S W",2000,ProvGMO,2025,,,,,,,,,,,,1082461,,,,2022,,,,,,,,,,MarkRAMHonMem
Mark 1635 Mem 005,Mark,1635,1635,5,,,Mem,"Talbot, P B",2005,ProvGJW,2025,,,,,,,,,,,,1218855,,,,2021,,,,,,,,,,MarkRAMHonMem
Mark 1635 Mem 006,Mark,1635,1635,6,,,Mem,"Matthews, S J",2007,PProvGSW,2022,,,,,,,,,,,,79184,,,,2021,,,,,,,,,,MarkRAMHonMem
Mark 1635 Mem 007,Mark,1635,1635,7,,,Mem,"Sullivan, I R",2014,PProvGStwd,2025,,,,,,,,,,,,1201984,,,,,,,,,,,,,,MarkRAMHonMem
Mark 1635 Mem 008,Mark,1635,1635,8,,,Mem,"Willcock, D J W",2014,PProvGJO,2006,,,,,,PGSwdB,2013,,,,,132798,,,,2025,,,,,,,,,,MarkRAMHonMem
Mark 1635 Mem 009,Mark,1635,1635,9,,,Mem,"Darling, J C H",2014,ProvGIG,2025,,,,,,,,,,,,141169,,,,2025,,,,,,,,,,MarkRAMHonMem
Mark 1635 Mem 010,Mark,1635,1635,10,,,Mem,"Bromberg, T H",2015,,,,,,,,,,,,,,1247667,,,,2023,,,,,,,,,,MarkRAMHonMem
Mark 1635 Mem 011,Mark,1635,1635,11,,,Mem,"Porter, J R",2016,PProvGIG,2025,,,,,,,,,,,,1249514,,,,2025,,,,,,,,,,MarkRAMHonMem
Mark 1635 Mem 012,Mark,1635,1635,12,,,Mem,"Thorne, J",2016,,,,,,,,,,,,,,1250460,,,,2025,,,,,,,,,,MarkRAMHonMem
Mark 1635 Mem 013,Mark,1635,1635,13,,,Mem,"Shute, C J",2018,,,,,,,,,,,,,,1254262,,,,2025,,,,,,,,,,MarkRAMHonMem
Mark 1635 Mem 014,Mark,1635,1635,14,,,Mem,"Bennett, S J",2018,,,,,,,,,,,,,,1255861,,,,,,,,,,,,,,MarkRAMHonMem
Mark 1635 Mem 015,Mark,1635,1635,15,,,Mem,"Baker, G M",2022,,,,,,,,,,,,,,1261530,,,,2023,,,,,,,,,,MarkRAMHonMem
Mark 1635 Mem 016,Mark,1635,1635,16,,,Mem,"Palacio, J",2024,,,,,,,,,,,,,,1269291,,,,2025,,,,,,,,,,MarkRAMHonMem
Mark 1635 Mem 017,Mark,1635,1635,17,,,Mem,"Cady, P T",2024,,,,,,,,,,,,,,1268816,,,,2025,,,,,,,,,,MarkRAMHonMem
Mark 1635 Mem 018,Mark,1635,1635,18,,,Mem,"Atendido, R",2025,,,,,,,,,,,,,,1271401,,,,,,,,,,,,,,MarkRAMHonMem
Mark 1635 Mem 019,Mark,1635,1635,19,,,Mem,"Playford, R J",2026,,,,,,,,,,,,,,1273897,,,,,,,,,,,,,,MarkRAMHonMem
Mark 1635 Off 001,Mark,1635,1635,1,WM,1,Off,"Thorne, J",,,,,,,,,,,,,,,1250460,,,,,,,,,,,,,,MarkRAMOff
Mark 1635 Off 002,Mark,1635,1635,2,SW,2,Off,"Shute, C J",,,,,,,,,,,,,,,1254262,,,,,,,,,,,,,,MarkRAMOff
Mark 1635 Off 003,Mark,1635,1635,3,JW,3,Off,"Willcock, D J W",,,,,,,,,,,,,,,132798,,,,,,,,,,,,,,MarkRAMOff
Mark 1635 Off 004,Mark,1635,1635,4,SO,5,Off,"Darling, J C H",,,,,,,,,,,,,,,141169,,,,,,,,,,,,,,MarkRAMOff
Mark 1635 Off 005,Mark,1635,1635,5,JO,6,Off,"Porter, J R",,,,,,,,,,,,,,,1249514,,,,,,,,,,,,,,MarkRAMOff
Mark 1635 Off 006,Mark,1635,1635,6,Chap,7,Off,"Matthews, S J",,,,,,,,,,,,,,,79184,,,,,,,,,,,,,,MarkRAMOff
Mark 1635 Off 007,Mark,1635,1635,7,Treas,8,Off,"Talbot, P B",,,,,,,,,,,,,,,1218855,,,,,,,,,,,,,,MarkRAMOff
Mark 1635 Off 008,Mark,1635,1635,8,Sec,10,Off,"Burton, B G",,,,,,,,,,,,,,,1044986,,,,,,,,,,,,,,MarkRAMOff
Mark 1635 Off 009,Mark,1635,1635,9,DC,11,Off,"Smith, K S W",,,,,,,,,,,,,,,1082461,,,,,,,,,,,,,,MarkRAMOff
Mark 1635 Off 010,Mark,1635,1635,10,Alm,12,Off,"Parkes, B E",,,,,,,,,,,,,,,91507,,,,,,,,,,,,,,MarkRAMOff
Mark 1635 Off 011,Mark,1635,1635,11,SD,14,Off,"Baker, G M",,,,,,,,,,,,,,,1261530,,,,,,,,,,,,,,MarkRAMOff
Mark 1635 Off 012,Mark,1635,1635,12,JD,15,Off,"Cady, P T",,,,,,,,,,,,,,,1268816,,,,,,,,,,,,,,MarkRAMOff
Mark 1635 Off 013,Mark,1635,1635,13,IG,19,Off,"Palacio, J",,,,,,,,,,,,,,,1269291,,,,,,,,,,,,,,MarkRAMOff
Mark 1635 Off 014,Mark,1635,1635,14,Tyler,21,Off,"Bromberg, T H",,,,,,,,,,,,,,,1247667,,,,,,,,,,,,,,MarkRAMOff
Mark 1635 PMI 001,Mark,1635,1635,1,,,PMI,"Matthews, S J                             ",2007,PProvGSW,2022,,,,,,,,,1994,,,,,,,,634,,,,,,,,,MarkRAMPMI
Mark 1635 PMO 001,Mark,1635,1635,1,,1,PMO,"Le Cornu, P J ",,PProvGSW,2010,,,,,,,,,"1990, 2004",,,,,1990,33512,,,,,,,,,,,MarkRAMPMO
Mark 1635 PMO 002,Mark,1635,1635,2,,1,PMO,"Bailey, D  ",,,,,,,,,,,,2009,,,,,2009,40456,,,,,,,,,,,MarkRAMPMO
Mark 1635 PMO 003,Mark,1635,1635,3,,1,PMO,"Griffin, G J A",,PProvGSW,2014,,,,,,,,,1996,,,,,1996,35710,,,,,,,,,,,MarkRAMPMO
Mark 1635 PMO 004,Mark,1635,1635,4,,1,PMO,"Nailer, A J ",,,,,,,,,,,,2002,,,,,2002,37894,,,,,,,,,,,MarkRAMPMO
Mark 1635 PMO 005,Mark,1635,1635,5,,1,PMO,"Smith, K S W",,ProvGMO,2025,,,,,,,,,"2015, 2016",,,,,2015,42647,,,,,,,,,,,MarkRAMPMO
Mark 1635 PMO 006,Mark,1635,1635,6,,1,PMO,"Chislett, S L ",,PProvGJO,2022,,,,,,,,,2006,,,,,2006,39357,,,,,,,,,,,MarkRAMPMO
Mark 1635 PMO 007,Mark,1635,1635,7,,1,PMO,"Willcock, D J W",,PProvGJO,2006,,,,,,PGSwdB,2013,,1991,,,,,1991,33884,,,,,,,,,,,MarkRAMPMO
Mark 1635 PMO 008,Mark,1635,1635,8,,1,PMO,"Southam, R A E",,,,,,,,,,,,2014,,,,,2014,42283,,,,,,,,,,,MarkRAMPMO
Mark 1635 PMO 009,Mark,1635,1635,9,,1,PMO,"Parkes, B E ",,PProvGSW,2010,,,,,,PAGDC,2011,,2008,,,,,2008,40092,,,,,,,,,,,MarkRAMPMO
Mark 1635 PMO 010,Mark,1635,1635,10,,1,PMO,"Skipp, R  ",,,,,,,,,,,,2010,,,,,2010,40820,,,,,,,,,,,MarkRAMPMO
Mark 1635 PMO 011,Mark,1635,1635,11,,1,PMO,"Talbot, P B ",,ProvGJW,2025,,,,,,,,,2013,,,,,2013,41919,,,,,,,,,,,MarkRAMPMO
Mark 1635 PMO 012,Mark,1635,1635,12,,1,PMO,"Sullivan, I R ",,PProvGStwd,2025,,,,,,,,,"2023, 2024",,,,,2023,45566,,,,,,,,,,,MarkRAMPMO
Mark 1635 PMO 013,Mark,1635,1635,13,,1,PMO,"Porter, J R ",,PProvGIG,2025,,,,,,,,,2022,,,,,2022,45202,,,,,,,,,,,MarkRAMPMO
Mark 1635 PMO 014,Mark,1635,1635,14,,1,PMO,"Thorne, J  ",,,,,,,,,,,,2025,,,,,2025,,,,,,,,,,,,MarkRAMPMO
Mark 1635 PMO 015,Mark,1635,1635,15,,1,PMO,"Burton, B G ",,PProvGJW,2016,,,,,,PAGDC,2018,,2003,,,,,2003,38265,,,,,,,,,,,MarkRAMPMO
Mark 1635 PMO 016,Mark,1635,1635,16,,1,PMO,"Darling, J C H",,ProvGIG,2025,,,,,,,,,"2019, 2021",,,,,2021,44838,,,,,,,,,,,MarkRAMPMO
Mark 1635 PMO 017,Mark,1635,1635,17,,1,PMO,"Bridger, E W C",,,,,,,,,,,,"2017, 2018",,,,,2017,43375,,,,,,,,,,,MarkRAMPMO
Mark 1925 Hon 001,Mark,1925,1925,1,,,Hon,"Adlem, M J",2011,PProvGReg,2018,,,,,,,,,,,,1063272,,,,,,,,,,,,,,MarkRAMHonMem
Mark 1925 Hon 002,Mark,1925,1925,2,,,Hon,"Wolsey, A J",2011,PProvGJW,2012,,,,,,PGStB,2015,,,,,135390,,,,,,,,,,,,,,MarkRAMHonMem
Mark 1925 Hon 003,Mark,1925,1925,3,,,Hon,"Williams, T G",2011,PProvGSW,2020,,,,,,PAGStB,2025,,,,,1049206,,,,,,,,,,,,,,MarkRAMHonMem
Mark 1925 Hon 004,Mark,1925,1925,4,,,Hon,"Hambidge, G F",2011,PProvDepGSec,2015,,,,,,PGJO,2014,,,,,50736,,,,,,,,,,,,,,MarkRAMHonMem
Mark 1925 Hon 005,Mark,1925,1925,5,,,Hon,"Burt, M R",2011,PProvGReg,2022,,,,,,PGJD,2022,,,,,1062967,,,,,,,,,,,,,,MarkRAMHonMem
Mark 1925 Hon 006,Mark,1925,1925,6,,,Hon,"Shaw, F J",2011,,,,,,,,PProvGM,2015,,,,,108782,,,,,,,,,,,,,,MarkRAMHonMem
Mark 1925 Hon 007,Mark,1925,1925,7,,,Hon,"Griffin, G J A",2011,PProvGSW,2014,,,,,,,,,,,,48598,,,,,,,,,,,,,,MarkRAMHonMem
Mark 1925 Hon 008,Mark,1925,1925,8,,,Hon,"Lill, C J",2011,PProvGJW,2022,,,,,,,,,,,,73442,,,,,,,,,,,,,,MarkRAMHonMem
Mark 1925 Mem 001,Mark,1925,1925,1,,,Mem,"Willcock, D J W",2011,PProvGJO,2006,,,,,,PGSwdB,2013,,,,,132798,,,,,,,,,,,,,,MarkRAMHonMem
Mark 1925 Mem 002,Mark,1925,1925,2,,,Mem,"Parkes, R W",2011,PProvGSec,2025,,,,,,PAGDC,2022,,,,,1039178,,,,2025,,,,,,,,,,MarkRAMHonMem
Mark 1925 Mem 003,Mark,1925,1925,3,,,Mem,"Pomeroy, V H",2011,,,,,,,,ProvGM,2023,,,,,96105,,,,,,,,,,,,,,MarkRAMHonMem
Mark 1925 Mem 004,Mark,1925,1925,4,,,Mem,"Jessopp, T F",2011,PProvGJW,2023,,,,,,PGStwd,2026,,,,,1060536,,,,2026,,,,,,,,,,MarkRAMHonMem
Mark 1925 Mem 005,Mark,1925,1925,5,,,Mem,"Micklefield, R F",2011,PProvGDC,2019,,,,,,PGJD,2019,,,,,144701,,,,2021,,,,,,,,,,MarkRAMHonMem
Mark 1925 Mem 006,Mark,1925,1925,6,,,Mem,"Howard, D",2011,PProvGTreas,2005,,,,,,PGSD,2006,,,,,59286,,,,,,,,,,,,,,MarkRAMHonMem
Mark 1925 Mem 007,Mark,1925,1925,7,,,Mem,"Russell, F",2011,PProvGSW,2022,,,,,,PAGDC,2023,,,,,1084597,,,,2023,,,,,,,,,,MarkRAMHonMem
Mark 1925 Mem 008,Mark,1925,1925,8,,,Mem,"Burt, D B F",2011,PProvGJW,2014,,,,,,PGJD,2024,,,,,18138,,,,2021,,,,,,,,,,MarkRAMHonMem
Mark 1925 Mem 009,Mark,1925,1925,9,,,Mem,"Harper, W B",2011,PProvGSW,2025,,,,,,PAGDC,2026,,,,,1211828,,,,,,,,,,,,,,MarkRAMHonMem
Mark 1925 Mem 010,Mark,1925,1925,10,,,Mem,"Cains, F A",2011,PProvGJW,2017,,,,,,PGStB,2020,,,,,1058809,,,,,,,,,,,,,,MarkRAMHonMem
Mark 1925 Mem 011,Mark,1925,1925,11,,,Mem,"Eaton, D F",2011,DepProvGM,2023,,,,,,PAGDC,2020,,,,,1018468,,,,,,,,,,,,,,MarkRAMHonMem
Mark 1925 Mem 012,Mark,1925,1925,12,,,Mem,"Case, T D",2011,PProvGSW,2021,,,,,,PGStB,2023,,,,,1009548,,,,2026,,,,,,,,,,MarkRAMHonMem
Mark 1925 Mem 013,Mark,1925,1925,13,,,Mem,"Dare, S J",2011,PProvGSW,2006,,,,,,PGSD,2013,,,,,29778,,,,,,,,,,,,,,MarkRAMHonMem
Mark 1925 Mem 014,Mark,1925,1925,14,,,Mem,"Lewis, M J",2012,PProvGMO,2024,,,,,,,,,,,,73125,,,,2023,,,,,,,,,,MarkRAMHonMem
Mark 1925 Mem 015,Mark,1925,1925,15,,,Mem,"House, N M D",2012,PProvGTreas,2024,,,,,,PAGDC,2024,,,,,1211743,,,,2026,,,,,,,,,,MarkRAMHonMem
Mark 1925 Mem 016,Mark,1925,1925,16,,,Mem,"Paisley, R A",2013,PProvGJW,2017,,,,,,PAGIG,2019,,,,,1206101,,,,,,,,,,,,,,MarkRAMHonMem
Mark 1925 Mem 017,Mark,1925,1925,17,,,Mem,"Stuart-Paul, R I",2015,PProvGSO,2023,,,,,,,,,,,,1210898,,,,,,,,,,,,,,MarkRAMHonMem
Mark 1925 Mem 018,Mark,1925,1925,18,,,Mem,"Wills, C",2016,ProvGJO,2025,,,,,,,,,,,,1218213,,,,,,,,,,,,,,MarkRAMHonMem
Mark 1925 Mem 019,Mark,1925,1925,19,,,Mem,"Muir, P M",2018,,,,,,,,PAGDC,2018,,,,,160214,,,,2026,,,,,,,,,,MarkRAMHonMem
Mark 1925 Mem 020,Mark,1925,1925,20,,,Mem,"Aston, E W J",2018,PProvGSwdB,2022,,,,,,,,,,,,1230320,,,,,,,,,,,,,,MarkRAMHonMem
Mark 1925 Mem 021,Mark,1925,1925,21,,,Mem,"Harrison, J D",2018,ProvGSW,2025,,,,,,,,,,,,1061836,,,,2026,,,,,,,,,,MarkRAMHonMem
Mark 1925 Mem 022,Mark,1925,1925,22,,,Mem,"Jessopp, R M F",2023,PProvGSwdB,2024,,,,,,,,,,,,1232192,,,,2026,,,,,,,,,,MarkRAMHonMem
Mark 1925 Mem 023,Mark,1925,1925,23,,,Mem,"Starkey, P A",2023,PProvGStwd,2023,,,,,,,,,,,,1233862,,,,2026,,,,,,,,,,MarkRAMHonMem
Mark 1925 Mem 024,Mark,1925,1925,24,,,Mem,"Bland, P J",2025,PProvGSW,2024,,,,,,,,,,,,1238506,,,,2026,,,,,,,,,,MarkRAMHonMem
Mark 1925 Mem 025,Mark,1925,1925,25,,,Mem,"Tuck, K J",2025,ProvGSD,2025,,,,,,,,,,,,1235084,,,,2026,,,,,,,,,,MarkRAMHonMem
Mark 1925 Mem 026,Mark,1925,1925,26,,,Mem,"Sullivan, I R",2025,PProvGStwd,2025,,,,,,,,,,,,1201984,,,,2026,,,,,,,,,,MarkRAMHonMem
Mark 1925 Mem 027,Mark,1925,1925,27,,,Mem,"Darling, J C H",2025,ProvGIG,2025,,,,,,,,,,,,141169,,,,2026,,,,,,,,,,MarkRAMHonMem
Mark 1925 Mem 028,Mark,1925,1925,28,,,Mem,"Loft, M R A",2025,ProvGStwd,2025,,,,,,,,,,,,1255269,,,,2026,,,,,,,,,,MarkRAMHonMem
Mark 1925 Off 001,Mark,1925,1925,1,WM,1,Off,"Parkes, R W",,,,,,,,,,,,,,,1039178,,,,,,,,,,,,,,MarkRAMOff
Mark 1925 Off 002,Mark,1925,1925,2,SW,2,Off,"House, N M D",,,,,,,,,,,,,,,1211743,,,,,,,,,,,,,,MarkRAMOff
Mark 1925 Off 003,Mark,1925,1925,3,JW,3,Off,"Case, T D",,,,,,,,,,,,,,,1009548,,,,,,,,,,,,,,MarkRAMOff
Mark 1925 Off 004,Mark,1925,1925,4,MO,4,Off,"Jessopp, T F",,,,,,,,,,,,,,,1060536,,,,,,,,,,,,,,MarkRAMOff
Mark 1925 Off 005,Mark,1925,1925,5,SO,5,Off,"Starkey, P A",,,,,,,,,,,,,,,1233862,,,,,,,,,,,,,,MarkRAMOff
Mark 1925 Off 006,Mark,1925,1925,6,JO,6,Off,"Jessopp, R M F",,,,,,,,,,,,,,,1232192,,,,,,,,,,,,,,MarkRAMOff
Mark 1925 Off 007,Mark,1925,1925,7,Chap,7,Off,"Burt, D B F",,,,,,,,,,,,,,,18138,,,,,,,,,,,,,,MarkRAMOff
Mark 1925 Off 008,Mark,1925,1925,8,Treas,8,Off,"Micklefield, R F",,,,,,,,,,,,,,,144701,,,,,,,,,,,,,,MarkRAMOff
Mark 1925 Off 009,Mark,1925,1925,9,RegMks,9,Off,"Muir, P M",,,,,,,,,,,,,,,160214,,,,,,,,,,,,,,MarkRAMOff
Mark 1925 Off 010,Mark,1925,1925,10,Sec,10,Off,"Lewis, M J",,,,,,,,,,,,,,,73125,,,,,,,,,,,,,,MarkRAMOff
Mark 1925 Off 011,Mark,1925,1925,11,DC,11,Off,"Harrison, J D",,,,,,,,,,,,,,,1061836,,,,,,,,,,,,,,MarkRAMOff
Mark 1925 Off 012,Mark,1925,1925,12,ChStwd,13,Off,"Russell, F",,,,,,,,,,,,,,,1084597,,,,,,,,,,,,,,MarkRAMOff
Mark 1925 Off 013,Mark,1925,1925,13,SD,14,Off,"Tuck, K J",,,,,,,,,,,,,,,1235084,,,,,,,,,,,,,,MarkRAMOff
Mark 1925 Off 014,Mark,1925,1925,14,JD,15,Off,"Sullivan, I R",,,,,,,,,,,,,,,1201984,,,,,,,,,,,,,,MarkRAMOff
Mark 1925 Off 015,Mark,1925,1925,15,ADC,17,Off,"Bland, P J",,,,,,,,,,,,,,,1238506,,,,,,,,,,,,,,MarkRAMOff
Mark 1925 Off 016,Mark,1925,1925,16,IG,19,Off,"Loft, M R A",,,,,,,,,,,,,,,1255269,,,,,,,,,,,,,,MarkRAMOff
Mark 1925 Off 017,Mark,1925,1925,17,Tyler,21,Off,"Darling, J C H",,,,,,,,,,,,,,,141169,,,,,,,,,,,,,,MarkRAMOff
Mark 1925 PMI 001,Mark,1925,1925,1,,,PMI,"Case, T D ",2011,,,Y,,,,,PGStB,2023,,2008,,,,,,,,1477,,,f,,,,,,MarkRAMPMI
Mark 1925 PMI 002,Mark,1925,1925,2,,,PMI,"Eaton, D F ",2011,,,Y,,,,,PAGDC,2020,,1999,,,,,,,,132,,,f,,,,,,MarkRAMPMI
Mark 1925 PMI 003,Mark,1925,1925,3,,,PMI,"Howard, D ",2011,,,Y,,,,,PGSD,2006,,1991,,,,,,,,132,,,f,,,,,,MarkRAMPMI
Mark 1925 PMI 004,Mark,1925,1925,4,,,PMI,"Parkes, R W ",2011,,,Y,,,,,PAGDC,2022,,2008,,,,,,,,634,,,f,,,,,,MarkRAMPMI
Mark 1925 PMI 005,Mark,1925,1925,5,,,PMI,"Pomeroy, V H ",2011,,,Y,,,,,ProvGM,2023,,1994,,,,,,,,133,,,f,,,,,,MarkRAMPMI
Mark 1925 PMI 006,Mark,1925,1925,6,,,PMI,"Jessopp, T F ",2011,,,Y,,,,,GStwd,2025,,2010,,,,,,,,99,,,,,,,,,MarkRAMPMI
Mark 1925 PMI 007,Mark,1925,1925,7,,,PMI,"House, N M D ",2012,,,Y,,,,,PAGDC,2024,,2010,,,,,,,,1163,,,,,,,,,MarkRAMPMI
Mark 1925 PMI 008,Mark,1925,1925,8,,,PMI,"Lewis, M J ",2012,PProvGMO,2024,,,,,,,,,2010,,,,,,,,99,,,,,,,,,MarkRAMPMI
Mark 1925 PMI 009,Mark,1925,1925,9,,,PMI,"Paisley, R A ",2013,,,Y,,,,,PAGIG,2019,,2011,,,,,,,,126,,,,,,,,,MarkRAMPMI
Mark 1925 PMI 010,Mark,1925,1925,10,,,PMI,"Stuart-Paul, R I  KBE",2015,PProvGSO,2023,,,,,,,,,2014,,,,,,,,99,,,,,,,,,MarkRAMPMI
Mark 1925 PMI 011,Mark,1925,1925,11,,,PMI,"Wills, C ",2016,ProvGJO,2025,,,,,,,,,2015,,,,,,,,132,,,,,,,,,MarkRAMPMI
Mark 1925 PMI 012,Mark,1925,1925,12,,,PMI,"Aston, E W J ",2018,PProvGSwdB,2022,,,,,,,,,2016,,,,,,,,121,,,,,,,,,MarkRAMPMI
Mark 1925 PMI 013,Mark,1925,1925,13,,,PMI,"Harrison, J D ",2018,ProvGSW,2024,,,,,,,,,2017,,,,,,,,1477,,,,,,,,,MarkRAMPMI
Mark 1925 PMI 014,Mark,1925,1925,14,,,PMI,"Muir, P M ",2018,,,Y,,,,,PAGDC,2018,,2003,,,,,,,,1124,,,,,,,,,MarkRAMPMI
Mark 1925 PMI 015,Mark,1925,1925,15,,,PMI,"Jessopp, R M F ",2023,PProvGSwdB,2024,,,,,,,,,2018,,,,,,,,99,,,,,,,,,MarkRAMPMI
Mark 1925 PMI 016,Mark,1925,1925,16,,,PMI,"Starkey, P A ",2023,PProvGStwd,2023,,,,,,,,,2020,,,,,,,,99,,,,,,,,,MarkRAMPMI
Mark 1925 PMI 017,Mark,1925,1925,17,,,PMI,"Bland, P J ",2025,PProvGSW,2024,,,,,,,,,2018/2019/2021,,,,,,,,690,,,,,,,,,MarkRAMPMI
Mark 1925 PMI 018,Mark,1925,1925,18,,,PMI,"Sullivan, I R ",2025,PProvGSwd,2025,,,,,,,,,2023/2024,,,,,,,,1635,,,,,,,,,MarkRAMPMI
Mark 1925 PMI 019,Mark,1925,1925,19,,,PMI,"Tuck, K J ",2025,ProvGSD,2025,,,,,,,,,2022,,,,,,,,634,,,,,,,,,MarkRAMPMI
Mark 1925 PMO 001,Mark,1925,1925,1,,1,PMO,"Burt, D B F",,PProvGJW,2014,,,,,,PGJD,2024,,2014,,,,,2014,42158,,,,,,,,,,,MarkRAMPMO
Mark 1925 PMO 002,Mark,1925,1925,2,,1,PMO,"Burton, B G ",,PProvGJW,2016,,,,,,PAGDC,2018,,2017,,,,,2017,43257,,,,,,,,,,,MarkRAMPMO
Mark 1925 PMO 003,Mark,1925,1925,3,,1,PMO,"Russell, F  ",,PProvGSW,2022,,,,,,PAGDC,2023,,"2021, 2022",,,,,2021,44713,,,,,,,,,,,MarkRAMPMO
Mark 1925 PMO 004,Mark,1925,1925,4,,1,PMO,"Dare, S J ",,PProvGSW,2006,,,,,,PGSD,2013,,2015,,,,,2015,42522,,,,,,,,,,,MarkRAMPMO
Mark 1925 PMO 005,Mark,1925,1925,5,,1,PMO,"Micklefield, R F ",,PProvGDC,2019,,,,,,PGJD,2019,,2019,,,,,2019,44524,,,,,,,,,,,MarkRAMPMO
Mark 1925 PMO 006,Mark,1925,1925,6,,1,PMO,"Harper, W B ",,PProvGSW,2025,,,,,,PAGDC,2026,,2024,,,,,2024,45812,,,,,,,,,,,MarkRAMPMO
Mark 1925 PMO 007,Mark,1925,1925,7,,1,PMO,"Cains, F A ",,PProvGJW,2017,,,,,,PGStB,2020,,2016,,,,,2016,42893,,,,,,,,,,,MarkRAMPMO
Mark 1925 PMO 008,Mark,1925,1925,8,,1,PMO,"Parkes, R W ",,PProvGSec,2025,,,,,,PAGDC,2022,,2025,,,,,2025,,,,,,,,,,,,MarkRAMPMO
Mark 1925 PMO 009,Mark,1925,1925,9,,1,PMO,"Willcock, D J W",,PProvGJO,2006,,,,,,PGSwdB,2013,,2013,,,,,2013,41794,,,,,,,,,,,MarkRAMPMO
Mark 2053 Hon 001,Mark,2053,2053,1,,,Hon,"Quinn, T",2023,,,,,,,,ProvGM,2019,,,,,1004117,,,,,,,,,,,,,,MarkRAMHonMem
Mark 2053 Hon 002,Mark,2053,2053,2,,,Hon,"Atfield, A J",2023,PProvGSW,2023,,,,,,PAGDC,2024,,,,,1202520,,,,,,,,,,,,,,MarkRAMHonMem
Mark 2053 Hon 003,Mark,2053,2053,3,,,Hon,"Barrett, T M",2023,ProvGChStwd,2020,,,,,,PAGDC,2025,,,,,1223298,,,,,,,,,,,,,,MarkRAMHonMem
Mark 2053 Hon 004,Mark,2053,2053,4,,,Hon,"Why, T R",2023,PProvGChap,2025,,,,,,,,,,,,1064034,,,,,,,,,,,,,,MarkRAMHonMem
Mark 2053 Hon 005,Mark,2053,2053,5,,,Hon,"Read, P M",2023,PProvGSW,2022,,,,,,,,,,,,1028492,,,,,,,,,,,,,,MarkRAMHonMem
Mark 2053 Hon 006,Mark,2053,2053,6,,,Hon,"Jessopp, T F",2023,PProvGJW,2023,,,,,,PGStwd,2026,,,,,1060536,,,,,,,,,,,,,,MarkRAMHonMem
Mark 2053 Hon 007,Mark,2053,2053,7,,,Hon,"Burt, M R",2023,PProvGReg,2022,,,,,,PGJD,2022,,,,,1062967,,,,,,,,,,,,,,MarkRAMHonMem
Mark 2053 Hon 008,Mark,2053,2053,8,,,Hon,"Talbot, P B",2023,ProvGJW,2025,,,,,,,,,,,,1218855,,,,,,,,,,,,,,MarkRAMHonMem
Mark 2053 Hon 009,Mark,2053,2053,9,,,Hon,"Carter, R B H",2023,PProvGSW,2014,,,,,,PAGDC,2022,,,,,20133,,,,,,,,,,,,,,MarkRAMHonMem
Mark 2053 Hon 010,Mark,2053,2053,10,,,Hon,"Cobb, M A",2023,PProvGIG,2023,,,,,,,,,,,,1209726,,,,,,,,,,,,,,MarkRAMHonMem
Mark 2053 Hon 011,Mark,2053,2053,11,,,Hon,"Deacon, G J",2023,,,,,,,,ProvGM,2016,,,,,31839,,,,,,,,,,,,,,MarkRAMHonMem
Mark 2053 Hon 012,Mark,2053,2053,12,,,Hon,"House, N M D",2023,PProvGTreas,2024,,,,,,PAGDC,2024,,,,,1211743,,,,,,,,,,,,,,MarkRAMHonMem
Mark 2053 Hon 013,Mark,2053,2053,13,,,Hon,"Harrison, J D",2023,ProvGSW,2025,,,,,,,,,,,,1061836,,,,,,,,,,,,,,MarkRAMHonMem
Mark 2053 Hon 014,Mark,2053,2053,14,,,Hon,"Willcock, D J W",2024,PProvGJO,2006,,,,,,PGSwdB,2013,,,,,132798,,,,,,,,,,,,,,MarkRAMHonMem
Mark 2053 Inst 001,Mark,2053,2053,1,,,Inst,,,,,,,,,,,,,,,July 16th 2025,,,,,,,,,,,,,,,DBLodges
Mark 2053 Mem 001,Mark,2053,2053,1,,,Mem,"Wills, M K",2023,PProvGSD,2023,,,,,,,,,,,,1223379,,,,2025,,,,,,,,,,MarkRAMHonMem
Mark 2053 Mem 002,Mark,2053,2053,2,,,Mem,"Shaw, F J",2023,,,,,,,,PProvGM,2015,,,,,108782,,,,2024,,,,,,,,,,MarkRAMHonMem
Mark 2053 Mem 003,Mark,2053,2053,3,,,Mem,"Russell, F",2023,PProvGSW,2022,,,,,,PAGDC,2023,,,,,1084597,,,,2025,,,,,,,,,,MarkRAMHonMem
Mark 2053 Mem 004,Mark,2053,2053,4,,,Mem,"Tritton, B D",2023,ProvGReg,2022,,,,,,PAGDC,2026,,,,,1040780,,,,2025,,,,,,,,,,MarkRAMHonMem
Mark 2053 Mem 005,Mark,2053,2053,5,,,Mem,"Ward, D H",2023,PProvGJD,2025,,,,,,,,,,,,1250244,,,,2023,,,,,,,,,,MarkRAMHonMem
Mark 2053 Mem 006,Mark,2053,2053,6,,,Mem,"Parkes, R W",2023,PProvGSec,2025,,,,,,PAGDC,2022,,,,,1039178,,,,2024,,,,,,,,,,MarkRAMHonMem
Mark 2053 Mem 007,Mark,2053,2053,7,,,Mem,"Quant, S P",2023,,,,,,,,PGJD,2013,,,,,98383,,,,,,,,,,,,,,MarkRAMHonMem
Mark 2053 Mem 008,Mark,2053,2053,8,,,Mem,"Pomeroy, V H",2023,,,,,,,,ProvGM,2023,,,,,96105,,,,,,,,,,,,,,MarkRAMHonMem
Mark 2053 Mem 009,Mark,2053,2053,9,,,Mem,"Sandall, D L",2023,ProvGSec,2025,,,,,,,,,,,,1233957,,,,2025,,,,,,,,,,MarkRAMHonMem
Mark 2053 Mem 010,Mark,2053,2053,10,,,Mem,"Parkes, M R",2023,PProvGJW,2025,,,,,,,,,,,,1238035,,,,2023,,,,,,,,,,MarkRAMHonMem
Mark 2053 Mem 011,Mark,2053,2053,11,,,Mem,"Fagan, R",2023,,,,,,,,,,,,,,1261525,,,,2025,,,,,,,,,,MarkRAMHonMem
Mark 2053 Mem 012,Mark,2053,2053,12,,,Mem,"Muir, P M",2023,,,,,,,,PAGDC,2018,,,,,160214,,,,,,,,,,,,,,MarkRAMHonMem
Mark 2053 Mem 013,Mark,2053,2053,13,,,Mem,"Osment, C S",2023,PProvGSW,2025,,,,,,,,,,,,89949,,,,2025,,,,,,,,,,MarkRAMHonMem
Mark 2053 Mem 014,Mark,2053,2053,14,,,Mem,"Auburn, R I",2023,PProvGJO,2023,,,,,,,,,,,,1219206,,,,2023,,,,,,,,,,MarkRAMHonMem
Mark 2053 Mem 015,Mark,2053,2053,15,,,Mem,"Bugler, C J",2023,ProvGDC,2024,,,,,,,,,,,,1220844,,,,2023,,,,,,,,,,MarkRAMHonMem
Mark 2053 Mem 016,Mark,2053,2053,16,,,Mem,"Burt, D B F",2023,PProvGJW,2014,,,,,,PGJD,2024,,,,,18138,,,,2023,,,,,,,,,,MarkRAMHonMem
Mark 2053 Mem 017,Mark,2053,2053,17,,,Mem,"Eaton, D F",2023,DepProvGM,2023,,,,,,PAGDC,2020,,,,,1018468,,,,,,,,,,,,,,MarkRAMHonMem
Mark 2053 Mem 018,Mark,2053,2053,18,,,Mem,"Fairlie, R",2023,PProvGMO,2025,,,,,,,,,,,,1211330,,,,,,,,,,,,,,MarkRAMHonMem
Mark 2053 Mem 019,Mark,2053,2053,19,,,Mem,"Brookes, L T",2023,PProvGChap,2015,,,,,,PGSD,2019,,,,,154222,,,,,,,,,,,,,,MarkRAMHonMem
Mark 2053 Mem 020,Mark,2053,2053,20,,,Mem,"King, M D",2023,,,,,,,,,,,,,,1257140,,,,2024,,,,,,,,,,MarkRAMHonMem
Mark 2053 Mem 021,Mark,2053,2053,21,,,Mem,"Laming, P M",2023,PProvGSW,2019,,,,,,PGStB,2023,,,,,70440,,,,,,,,,,,,,,MarkRAMHonMem
Mark 2053 Mem 022,Mark,2053,2053,22,,,Mem,"Micklefield, R F",2023,PProvGDC,2019,,,,,,PGJD,2019,,,,,144701,,,,,,,,,,,,,,MarkRAMHonMem
Mark 2053 Mem 023,Mark,2053,2053,23,,,Mem,"James, S A",2023,PProvGSW,2023,,,,,,PAGDC,2026,,,,,1077814,,,,2023,,,,,,,,,,MarkRAMHonMem
Mark 2053 Mem 024,Mark,2053,2053,24,,,Mem,"Mantle, E",2024,,,,,,,,,,,,,,1268875,,,,2025,,,,,,,,,,MarkRAMHonMem
Mark 2053 Mem 025,Mark,2053,2053,25,,,Mem,"Belding, A R M",2025,,,,,,,,,,,,,,1270426,,,,2025,,,,,,,,,,MarkRAMHonMem
Mark 2053 Mem 026,Mark,2053,2053,26,,,Mem,"Root, P D",2026,,,,,,,,,,,,,,1273084,,,,,,,,,,,,,,MarkRAMHonMem
Mark 2053 Mem 027,Mark,2053,2053,27,,,Mem,"Jolliffe, M J",2026,,,,,,,,,,,,,,1077815,,,,,,,,,,,,,,MarkRAMHonMem
Mark 2053 Off 001,Mark,2053,2053,1,WM,1,Off,"Tritton, B D",,,,,,,,,,,,,,,1040780,,,,,,,,,,,,,,MarkRAMOff
Mark 2053 Off 002,Mark,2053,2053,2,SW,2,Off,"Russell, F",,,,,,,,,,,,,,,1084597,,,,,,,,,,,,,,MarkRAMOff
Mark 2053 Off 003,Mark,2053,2053,3,MO,4,Off,"Wills, M K",,,,,,,,,,,,,,,1223379,,,,,,,,,,,,,,MarkRAMOff
Mark 2053 Off 004,Mark,2053,2053,4,SO,5,Off,"Fagan, R",,,,,,,,,,,,,,,1261525,,,,,,,,,,,,,,MarkRAMOff
Mark 2053 Off 005,Mark,2053,2053,5,JO,6,Off,"Osment, C S",,,,,,,,,,,,,,,89949,,,,,,,,,,,,,,MarkRAMOff
Mark 2053 Off 006,Mark,2053,2053,6,Chap,7,Off,"Burt, D B F",,,,,,,,,,,,,,,18138,,,,,,,,,,,,,,MarkRAMOff
Mark 2053 Off 007,Mark,2053,2053,7,Treas,8,Off,"Parkes, M R",,,,,,,,,,,,,,,1238035,,,,,,,,,,,,,,MarkRAMOff
Mark 2053 Off 008,Mark,2053,2053,8,RegMks,9,Off,"James, S A",,,,,,,,,,,,,,,1077814,,,,,,,,,,,,,,MarkRAMOff
Mark 2053 Off 009,Mark,2053,2053,9,Sec,10,Off,"Parkes, R W",,,,,,,,,,,,,,,1039178,,,,,,,,,,,,,,MarkRAMOff
Mark 2053 Off 010,Mark,2053,2053,10,DC,11,Off,"Auburn, R I",,,,,,,,,,,,,,,1219206,,,,,,,,,,,,,,MarkRAMOff
Mark 2053 Off 011,Mark,2053,2053,11,Alm,12,Off,"Ward, D H",,,,,,,,,,,,,,,1250244,,,,,,,,,,,,,,MarkRAMOff
Mark 2053 Off 012,Mark,2053,2053,12,ChStwd,13,Off,"Bugler, C J",,,,,,,,,,,,,,,1220844,,,,,,,,,,,,,,MarkRAMOff
Mark 2053 Off 013,Mark,2053,2053,13,SD,14,Off,"Sandall, D L",,,,,,,,,,,,,,,1233957,,,,,,,,,,,,,,MarkRAMOff
Mark 2053 Off 014,Mark,2053,2053,14,JD,15,Off,"Mantle, E",,,,,,,,,,,,,,,1268875,,,,,,,,,,,,,,MarkRAMOff
Mark 2053 Off 015,Mark,2053,2053,15,ASec,16,Off,"Shaw, F J",,,,,,,,,,,,,,,108782,,,,,,,,,,,,,,MarkRAMOff
Mark 2053 Off 016,Mark,2053,2053,16,IG,19,Off,"Belding, A R M",,,,,,,,,,,,,,,1270426,,,,,,,,,,,,,,MarkRAMOff
Mark 2053 Off 017,Mark,2053,2053,17,Tyler,21,Off,"King, M D",,,,,,,,,,,,,,,1257140,,,,,,,,,,,,,,MarkRAMOff
Mark 2053 PMI 001,Mark,2053,2053,1,,,PMI,"Auburn, R I ",2023,PProvGJO,2023,,,,,,,,,,,,,,,,,,,,f,,,,,,MarkRAMPMI
Mark 2053 PMI 002,Mark,2053,2053,2,,,PMI,"Brookes, L T ",2023,,,Y,,,,,PGSD,2019,,2007,,,,,,,,99,,,f,,,,,,MarkRAMPMI
Mark 2053 PMI 003,Mark,2053,2053,3,,,PMI,"Bugler, C J ",2023,ProvGDC,2024,,,,,,,,,2018,,,,,,,,121,,,f,,,,,,MarkRAMPMI
Mark 2053 PMI 004,Mark,2053,2053,4,,,PMI,"Burt, D B F ",2023,,,Y,,,,,PGJD,2024,,2001,,,,,,,,99,,,f,,,,,,MarkRAMPMI
Mark 2053 PMI 005,Mark,2053,2053,5,,,PMI,"Eaton, D F ",2023,,,,,,,,PAGDC,2020,,1999,,,,,,,,132,,,f,,,,,,MarkRAMPMI
Mark 2053 PMI 006,Mark,2053,2053,6,,,PMI,"James, S A ",2023,PProvGSW,2023,Y,,,,,,,,2008,,,,,,,,121,,,f,,,,,,MarkRAMPMI
Mark 2053 PMI 007,Mark,2053,2053,7,,,PMI,"Laming, P M ",2023,,,Y,,,,,PGStB,2023,,1999,,,,,,,,634,,,f,,,,,,MarkRAMPMI
Mark 2053 PMI 008,Mark,2053,2053,8,,,PMI,"Micklefield, R F ",2023,,,Y,,,,,PGJD,2019,,2022,,,,,,,,99,,,f,,,,,,MarkRAMPMI
Mark 2053 PMI 009,Mark,2053,2053,9,,,PMI,"Muir, P M ",2023,,,Y,,,,,PAGDC,2018,,2003,,,,,,,,1124,,,f,,,,,,MarkRAMPMI
Mark 2053 PMI 010,Mark,2053,2053,10,,,PMI,"Osment, C S ",2023,PProvGSW,2025,,,,,,,,,2017,,,,,,,,133,,,f,,,,,,MarkRAMPMI
Mark 2053 PMI 011,Mark,2053,2053,11,,,PMI,"Parkes, M R ",2023,PProvGJW,2025,,,,,,,,,2023,,,,,,,,99,,,f,,,,,,MarkRAMPMI
Mark 2053 PMI 012,Mark,2053,2053,12,,,PMI,"Parkes, R W ",2023,,,Y,,,,,PAGDC,2022,,2008,,,,,,,,634,,,f,,,,,,MarkRAMPMI
Mark 2053 PMI 013,Mark,2053,2053,13,,,PMI,"Quant, S P ",2023,,,Y,,,,,PGJD,2013,,2012,,,,,,,,1183,,,f,,,,,,MarkRAMPMI
Mark 2053 PMI 014,Mark,2053,2053,14,,,PMI,"Russell, F ",2023,,,Y,,,,,PAGDC,2023,,2008,,,,,,,,132,,,f,,,,,,MarkRAMPMI
Mark 2053 PMI 015,Mark,2053,2053,15,,,PMI,"Sandall, D L ",2023,ProvGSec,2025,,,,,,,,,2019,,,,,,,,1095,,,f,,,,,,MarkRAMPMI
Mark 2053 PMI 016,Mark,2053,2053,16,,,PMI,"Shaw, F J ",2023,,,Y,,,,,PProvGM,2015,,1984,,,,,,,,132,,,f,,,,,,MarkRAMPMI
Mark 2053 PMI 017,Mark,2053,2053,17,,,PMI,"Tritton, B D ",2023,ProvGReg,2022,,,,,,,,,2019,,,,,,,,126,,,f,,,,,,MarkRAMPMI
Mark 2053 PMI 018,Mark,2053,2053,18,,,PMI,"Ward, D H ",2023,ProvAGDC,2025,,,,,,,,,2022,,,,,,,,126,,,f,,,,,,MarkRAMPMI
Mark 2053 PMI 019,Mark,2053,2053,19,,,PMI,"Wills, M K ",2023,PProvGSD,2023,,,,,,,,,2017,,,,,,,,132,,,f,,,,,,MarkRAMPMI
Mark 2053 PMO 001,Mark,2053,2053,1,,1,PMO,"Fairlie, R  ",,PProvGMO,2025,,,,,,,,,2024,,,,,2024,45854,,,,,,,,,,,MarkRAMPMO
Mark 2053 PMO 002,Mark,2053,2053,2,,1,PMO,"Tritton, B D ",,ProvGReg,2022,,,,,,PAGDC,2026,,2025,,,,,2025,,,,,,,,,,,,MarkRAMPMO
Mark 2053 PMO 003,Mark,2053,2053,3,,1,PMO,"Pomeroy, V H ",,,,,,,,,ProvGM,2023,,2023,,,,,2023,45490,,,,,,,,,,,MarkRAMPMO
OSC 0103 Hon 063,OSC,103,103,63,,,Hon,"Sweeney, AC - VI PGS",,,,,,,,,,,,,,,,,,,,,,,,,,,,,Returns
OSC 0103 Hon 064,OSC,103,103,64,,,Hon,"Currans, I S - VI GS",,,,,,,,,,,,,,,,,,,,,,,,,,,,,Returns
OSC 0103 Hon 065,OSC,103,103,65,,,Hon,"Spencer, F C - VI DGS",,,,,,,,,,,,,,,,,,,,,,,,,,,,,Returns
OSC 0103 Hon 066,OSC,103,103,66,,,Hon,"Campbell, I M - V PrGS Hants&IofW",,,,,,,,,,,,,,,,,,,,,,,,,,,,,Returns
OSC 0103 Hon 067,OSC,103,103,67,,,Hon,"Vickry, A D - V PrGS Devon &Cornwall",,,,,,,,,,,,,,,,,,,,,,,,,,,,,Returns
OSC 0103 Hon 068,OSC,103,103,68,,,Hon,T Conroy V DPGS Devon&Cornwall,,,,,,,,,,,,,,,,,,,,,,,,,,,,,Returns
OSC 0103 Hon 069,OSC,103,103,69,,,Hon,"Roberts, LtCol J C - V PGLect",,,,,,,,,,,,,,,,,,,,,,,,,,,,,Returns
OSC 0103 Hon 070,OSC,103,103,70,,,Hon,"Hambidge, G F - V PGI Dorset",,,,,,,,,,,,,,,,,,,,,,,,,,,,,Returns
OSC 0103 Hon 071,OSC,103,103,71,,,Hon,"LE Bourne, JP V PGReg",,,,,,,,,,,,,,,,,,,,,,,,,,,,,Returns
OSC 0103 Hon 072,OSC,103,103,72,,,Hon,"Weston, P F - IV ",,,,,,,,,,,,,,,,,,,,,,,,,,,,,Returns
OSC 0103 Inst 001,OSC,103,103,1,,,Inst,,,,,,,,,,,,,,,April 8th 2026,,,,,,,,,,,,,,,DBLodges
OSC 0103 Mem 037,OSC,103,103,37,,,Mem,"Sullivan, I R",,,,,,,,,,,,,,,,,,,,,†,,f,2015,a,,Fifth Grade,,Returns
OSC 0103 Mem 038,OSC,103,103,38,,,Mem,"Batchelor, R C W ",,,,,,,,,,,,,,,,,,,,,,,f,2015,,,Fifth Grade,,Returns
OSC 0103 Mem 039,OSC,103,103,39,,,Mem,"Brookes, L T",,,,,,,,,,,,,,,,,,,,,†,,f,2015,a,,Fifth Grade,,Returns
OSC 0103 Mem 040,OSC,103,103,40,,,Mem,"Penrose, M S ",,,,,,,,,,,,,,,,,,,,,,,f,2015,,,Fifth Grade,,Returns
OSC 0103 Mem 041,OSC,103,103,41,,,Mem,"Willcock, D J W ",,,,,,,,,,,,,,,,,,,,,†,,f,2015,a,,Fifth Grade,,Returns
OSC 0103 Mem 043,OSC,103,103,43,,,Mem,"Parkes, B E",,,,,,,,,,,,,,,,,,,,,†,,f,2015,,,Fourth Grade,,Returns
OSC 0103 Mem 044,OSC,103,103,44,,,Mem,"Phipps, P",,,,,,,,,,,,,,,,,,,,,†,,f,2015,,,Fourth Grade,,Returns
OSC 0103 Mem 045,OSC,103,103,45,,,Mem,"Bevan, A",,,,,,,,,,,,,,,,,,,,,†,,f,2015,,,Fourth Grade,,Returns
OSC 0103 Mem 046,OSC,103,103,46,,,Mem,"Chisholm,  B G",,,,,,,,,,,,,,,,,,,,,†,,f,2015,,,Fourth Grade,,Returns
OSC 0103 Mem 048,OSC,103,103,48,,,Mem,"Franklin, G S",,,,,,,,,,,,,,,,,,,,,†,,,2015,a,,Third Grade,,Returns
OSC 0103 Mem 049,OSC,103,103,49,,,Mem,"Micklefield, R F",,,,,,,,,,,,,,,,,,,,,†,,,2015,a,,Third Grade,,Returns
OSC 0103 Mem 050,OSC,103,103,50,,,Mem,"Ballard, C T",,,,,,,,,,,,,,,,,,,,,†,,,2016,a,,Third Grade,,Returns
OSC 0103 Mem 051,OSC,103,103,51,,,Mem,"Noke, P",,,,,,,,,,,,,,,,,,,,,,,,2019,,,Third Grade,,Returns
OSC 0103 Mem 052,OSC,103,103,52,,,Mem,"Banin, D J ",,,,,,,,,,,,,,,,,,,,,,,,2021,,,Third Grade,,Returns
OSC 0103 Mem 053,OSC,103,103,53,,,Mem,"Mackie, A B ",,,,,,,,,,,,,,,,,,,,,,,,2024,,,Third Grade,,Returns
OSC 0103 Mem 054,OSC,103,103,54,,,Mem,"Eaton, D F ",,,,,,,,,,,,,,,,,,,,,,,,2022,,,Third Grade,,Returns
OSC 0103 Mem 055,OSC,103,103,55,,,Mem,"Bull, M M ",,,,,,,,,,,,,,,,,,,,,,,,2025,,,Third Grade,,Returns
OSC 0103 Mem 057,OSC,103,103,57,,,Mem,"Muir, P M ",,,,,,,,,,,,,,,,,,,,,,,,2019,,,Second Grade,,Returns
OSC 0103 Mem 058,OSC,103,103,58,,,Mem,"Donaghue, J",,,,,,,,,,,,,,,,,,,,,,,,2023,,,Second Grade,,Returns
OSC 0103 Mem 060,OSC,103,103,60,,,Mem,"Merritt, R W ",,,,,,,,,,,,,,,,,,,,,,,,2024,,,First Grade,,Returns
OSC 0103 Mem 061,OSC,103,103,61,,,Mem,"Hann, D M ",,,,,,,,,,,,,,,,,,,,,,,,2026,,,First Grade,,Returns
OSC 0103 Mem 062,OSC,103,103,62,,,Mem,"Pike, A C ",,,,,,,,,,,,,,,,,,,,,,,,2026,,,First Grade,,Returns
OSC 0103 Off 002,OSC,103,103,2,President,,Off,"Micklefied, R F",,,,,,,,,,,,,,,,,,,,,,,,,,,,,Returns
OSC 0103 Off 003,OSC,103,103,3,Primus (L),,Off,"Noke, P",,,,,,,,,,,,,,,,,,,,,,,,,,,,,Returns
OSC 0103 Off 004,OSC,103,103,4,Primus (O),,Off,"Banin, D",,,,,,,,,,,,,,,,,,,,,,,,,,,,,Returns
OSC 0103 Off 005,OSC,103,103,5,Episcopus,,Off,"Batchelor, R C W",,,,,,,,,,,,,,,,,,,,,,,,,,,,,Returns
OSC 0103 Off 006,OSC,103,103,6,Registrar,,Off,"Muir, P M",,,,,,,,,,,,,,,,,,,,,,,,,,,,,Returns
OSC 0103 Off 007,OSC,103,103,7,Treasurer,,Off,"Ballard, C T",,,,,,,,,,,,,,,,,,,,,,,,,,,,,Returns
OSC 0103 Off 008,OSC,103,103,8,Recorder,,Off,"Franklin, G S",,,,,,,,,,,,,,,,,,,,,,,,,,,,,Returns
OSC 0103 Off 009,OSC,103,103,9,D.C.,,Off,"Brookes, L T",,,,,,,,,,,,,,,,,,,,,,,,,,,,,Returns
OSC 0103 Off 010,OSC,103,103,10,Lecturer (1),,Off,"Eaton, D F",,,,,,,,,,,,,,,,,,,,,,,,,,,,,Returns
OSC 0103 Off 011,OSC,103,103,11,Lecturer (2),,Off,"Donaghue, J",,,,,,,,,,,,,,,,,,,,,,,,,,,,,Returns
OSC 0103 Off 012,OSC,103,103,12,Lecturer (3),,Off,"Merritt, R W",,,,,,,,,,,,,,,,,,,,,,,,,,,,,Returns
OSC 0103 Off 013,OSC,103,103,13,Lecturer (4),,Off,"Mackie, A B",,,,,,,,,,,,,,,,,,,,,,,,,,,,,Returns
OSC 0103 Off 014,OSC,103,103,14,A.D.C.,,Off,"Parkes, B E",,,,,,,,,,,,,,,,,,,,,,,,,,,,,Returns
OSC 0103 Off 015,OSC,103,103,15,Organist,,Off,Vacant,,,,,,,,,,,,,,,,,,,,,,,,,,,,,Returns
OSC 0103 Off 016,OSC,103,103,16,Herald,,Off,"Hann, D M",,,,,,,,,,,,,,,,,,,,,,,,,,,,,Returns
OSC 0103 Off 017,OSC,103,103,17,Guarder,,Off,"Pike, A C",,,,,,,,,,,,,,,,,,,,,,,,,,,,,Returns
OSC 0103 Off 018,OSC,103,103,18,Steward,,Off,Vacant,,,,,,,,,,,,,,,,,,,,,,,,,,,,,Returns
OSC 0103 Off 019,OSC,103,103,19,Steward,,Off,Vacant,,,,,,,,,,,,,,,,,,,,,,,,,,,,,Returns
OSC 0103 Off 020,OSC,103,103,20,Steward,,Off,Vacant,,,,,,,,,,,,,,,,,,,,,,,,,,,,,Returns
OSC 0103 Off 021,OSC,103,103,21,Steward,,Off,Vacant,,,,,,,,,,,,,,,,,,,,,,,,,,,,,Returns
OSC 0103 Off 022,OSC,103,103,22,Watchman,,Off,Vacant,,,,,,,,,,,,,,,,,,,,,,,,,,,,,Returns
OSC 0103 Off 023,OSC,103,103,23,Guest Organist,,Off,,,,,,,,,,,,,,,,,,,,,,,,,,,,,,Returns
OSC 0103 PMI 032,OSC,103,103,32,,,PMI,"Sullivan, I R",,PGS Som/Dorset,2015,,,,,,,,,2015,,,,,,,,,,,,2015,,,,,Returns
OSC 0103 PMI 033,OSC,103,103,33,,,PMI,"Batchelor, R C W ",,P.G.S. Hants/I0fW,,,,,,,,,,,,,,,,,,,,,,2015,,,,,Returns
OSC 0103 PMI 034,OSC,103,103,34,,,PMI,"Penrose, M S ",,APGS Somerset,,,,,,,,,,,,,,,,,,,,,,2015,,,,,Returns
OSC 0103 PMI 035,OSC,103,103,35,,,PMI,"Bull, M M",,Stwd Kent,2023,,,,,,,,,2025,,,,,,,,,,,,2025,,,,,Returns
OSC 0103 PMO 024,OSC,103,103,24,,,PMO,"Brookes, L T",,A.G.S.,2018,,,,,,,,,2015,,,,,,,,,,f,,2015,a,,,,Returns
OSC 0103 PMO 025,OSC,103,103,25,,,PMO,"Parkes, B E",,,,,,,,,,,,2015,,,,,,,,,,f,,2015,,,,,Returns
OSC 0103 PMO 026,OSC,103,103,26,,,PMO,"Willcock, D J W ",,Recorder,2018,,,,,,,,,2016,,,,,,,,,,f,,2015,a,,,,Returns
OSC 0103 PMO 027,OSC,103,103,27,,,PMO,"Phipps, P",,A.D.C,2018,,,,,,,,,2017,,,,,,,,,,f,,2015,,,,,Returns
OSC 0103 PMO 028,OSC,103,103,28,,,PMO,"Chisholm,  B G",,,,,,,,,,,,2021/2022,,,,,,,,,,f,,2015,,,,,Returns
OSC 0103 PMO 029,OSC,103,103,29,,,PMO,"Franklin, G S",,Lecturer,2025,,,,,,,,,2023,,,,,,,,,,,,2015,a,,,,Returns
OSC 0103 PMO 030,OSC,103,103,30,,,PMO,"Ballard, C T",,Herald,2025,,,,,,,,,2024,,,,,,,,,,,,2016,a,,,,Returns
OSC 0103 PMO 031,OSC,103,103,31,,,PMO,"Micklefield, R F",,St.B,2024,,,,,,,,,2025/2026,,,,,,,,,,,,2015,a,,,,Returns
OSC 0103 SecEMail 001,OSC,103,103,1,,,SecEMail,,,,,,,,,,,,,,,,,,,,,,,,,,,,,,Returns
OSC 0116 Hon 046,OSC,116,116,46,,,Hon,"Currans, I S  - VI GS",,,,,,,,,,,,,,,,,,,,,,,,,,,,,Returns
OSC 0116 Hon 047,OSC,116,116,47,,,Hon,"Sweeney, A C - VI PGS",,,,,,,,,,,,,,,,,,,,,,,,,,,,,Returns
OSC 0116 Hon 048,OSC,116,116,48,,,Hon,"Spencer, F C - VI DepGS",,,,,,,,,,,,,,,,,,,,,,,,,,,,,Returns
OSC 0116 Hon 049,OSC,116,116,49,,,Hon,"Slater, M E - VI",,,,,,,,,,,,,,,,,,,,,,,,,,,,,Returns
OSC 0116 Hon 050,OSC,116,116,50,,,Hon,"Hambidge, G F - V (F) ",,,,,,,,,,,,,,,,,,,,,,,,,,,,,Returns
OSC 0116 Hon 051,OSC,116,116,51,,,Hon,"Batchelor, R C W - V (F)",,,,,,,,,,,,,,,,,,,,,,,,,,,,,Returns
OSC 0116 Hon 052,OSC,116,116,52,,,Hon,"Duff, I P - V",,,,,,,,,,,,,,,,,,,,,,,,,,,,,Returns
OSC 0116 Hon 053,OSC,116,116,53,,,Hon,"Bourne, L E - JP V",,,,,,,,,,,,,,,,,,,,,,,,,,,,,Returns
OSC 0116 Hon 054,OSC,116,116,54,,,Hon,"Roberts, J C - V",,,,,,,,,,,,,,,,,,,,,,,,,,,,,Returns
OSC 0116 Hon 055,OSC,116,116,55,,,Hon,"Bowle, C J - V",,,,,,,,,,,,,,,,,,,,,,,,,,,,,Returns
OSC 0116 Inst 001,OSC,116,116,1,,,Inst,,,,,,,,,,,,,,,November 3rd 2025,,,,,,,,,,,,,,,DBLodges
OSC 0116 Mem 030,OSC,116,116,30,,,Mem,"Sullivan, I R",,,,,,,,,,,,,,,,,,,,,†,,f,2017,a,,Fifth Grade,,Returns
OSC 0116 Mem 031,OSC,116,116,31,,,Mem,"Brookes, L T",,,,,,,,,,,,,,,,,,,,,†,,f,2017,a,,Fifth Grade,,Returns
OSC 0116 Mem 032,OSC,116,116,32,,,Mem,"Burt, M R",,,,,,,,,,,,,,,,,,,,,†,,f,2017,a,,Fifth Grade,,Returns
OSC 0116 Mem 034,OSC,116,116,34,,,Mem,"Bevan, A",,,,,,,,,,,,,,,,,,,,,†,,f,2017,,,Fourth Grade,,Returns
OSC 0116 Mem 035,OSC,116,116,35,,,Mem,"Burt, D B F",,,,,,,,,,,,,,,,,,,,,†,,f,2017,,,Fourth Grade,,Returns
OSC 0116 Mem 036,OSC,116,116,36,,,Mem,"Phipps, P",,,,,,,,,,,,,,,,,,,,,†,,f,2017,,,Fourth Grade,,Returns
OSC 0116 Mem 037,OSC,116,116,37,,,Mem,"Harvey, C",,,,,,,,,,,,,,,,,,,,,†,,f,2017,a,,Fourth Grade,,Returns
OSC 0116 Mem 038,OSC,116,116,38,,,Mem,"Parkes, B E",,,,,,,,,,,,,,,,,,,,,†,,f,2017,,,Fourth Grade,,Returns
OSC 0116 Mem 039,OSC,116,116,39,,,Mem,"Wills, T L",,,,,,,,,,,,,,,,,,,,,†,,f,2017,a,,Fourth Grade,,Returns
OSC 0116 Mem 040,OSC,116,116,40,,,Mem,"Gawler, P R",,,,,,,,,,,,,,,,,,,,,†,,f,2017,a,,Fourth Grade,,Returns
OSC 0116 Mem 042,OSC,116,116,42,,,Mem,"Franklin, G S",,,,,,,,,,,,,,,,,,,,,†,,f,2017,a,,Third Grade,,Returns
OSC 0116 Mem 043,OSC,116,116,43,,,Mem,"Cox, R",,,,,,,,,,,,,,,,,,,,,,,,2023,,,Third Grade,,Returns
OSC 0116 Mem 044,OSC,116,116,44,,,Mem,"Banin, D",,,,,,,,,,,,,,,,,,,,,,,,2024,,,Third Grade,,Returns
OSC 0116 Mem 045,OSC,116,116,45,,,Mem,"Maraspin, L",,,,,,,,,,,,,,,,,,,,,,,,2025,,,Third Grade,,Returns
OSC 0116 Off 002,OSC,116,116,2,President,,Off,"Brookes, L T",,,,,,,,,,,,,,,,,,,,,,,,,,,,,Returns
OSC 0116 Off 003,OSC,116,116,3,Primus (L),,Off,"Gawler, P R",,,,,,,,,,,,,,,,,,,,,,,,,,,,,Returns
OSC 0116 Off 004,OSC,116,116,4,Primus (O),,Off,"Harvey, C",,,,,,,,,,,,,,,,,,,,,,,,,,,,,Returns
OSC 0116 Off 005,OSC,116,116,5,Episcopus,,Off,"Phipps, P",,,,,,,,,,,,,,,,,,,,,,,,,,,,,Returns
OSC 0116 Off 006,OSC,116,116,6,Registrar,,Off,"Parkes, B E",,,,,,,,,,,,,,,,,,,,,,,,,,,,,Returns
OSC 0116 Off 007,OSC,116,116,7,Treasurer,,Off,"Wills, T L",,,,,,,,,,,,,,,,,,,,,,,,,,,,,Returns
OSC 0116 Off 008,OSC,116,116,8,Recorder,,Off,"Sullivan, I R",,,,,,,,,,,,,,,,,,,,,,,,,,,,,Returns
OSC 0116 Off 009,OSC,116,116,9,D.C.,,Off,"Burt, M R",,,,,,,,,,,,,,,,,,,,,,,,,,,,,Returns
OSC 0116 Off 010,OSC,116,116,10,Lecturer (1),,Off,"Burt, D B F",,,,,,,,,,,,,,,,,,,,,,,,,,,,,Returns
OSC 0116 Off 011,OSC,116,116,11,Lecturer (2),,Off,"Banin, D J",,,,,,,,,,,,,,,,,,,,,,,,,,,,,Returns
OSC 0116 Off 012,OSC,116,116,12,Lecturer (3),,Off,"Bevan, A",,,,,,,,,,,,,,,,,,,,,,,,,,,,,Returns
OSC 0116 Off 013,OSC,116,116,13,Lecturer (4),,Off,"Maraspin, L",,,,,,,,,,,,,,,,,,,,,,,,,,,,,Returns
OSC 0116 Off 014,OSC,116,116,14,A.D.C.,,Off,"Bevan, A",,,,,,,,,,,,,,,,,,,,,,,,,,,,,Returns
OSC 0116 Off 015,OSC,116,116,15,Organist,,Off,"Burt, M R",,,,,,,,,,,,,,,,,,,,,,,,,,,,,Returns
OSC 0116 Off 016,OSC,116,116,16,Herald,,Off,"Cox, R",,,,,,,,,,,,,,,,,,,,,,,,,,,,,Returns
OSC 0116 Off 017,OSC,116,116,17,Guarder,,Off,"Franklin, G S",,,,,,,,,,,,,,,,,,,,,,,,,,,,,Returns
OSC 0116 Off 018,OSC,116,116,18,Steward,,Off,,,,,,,,,,,,,,,,,,,,,,,,,,,,,,Returns
OSC 0116 Off 019,OSC,116,116,19,Steward,,Off,,,,,,,,,,,,,,,,,,,,,,,,,,,,,,Returns
OSC 0116 Off 020,OSC,116,116,20,Steward,,Off,,,,,,,,,,,,,,,,,,,,,,,,,,,,,,Returns
OSC 0116 Off 021,OSC,116,116,21,Steward,,Off,,,,,,,,,,,,,,,,,,,,,,,,,,,,,,Returns
OSC 0116 Off 022,OSC,116,116,22,Watchman,,Off,,,,,,,,,,,,,,,,,,,,,,,,,,,,,,Returns
OSC 0116 Off 023,OSC,116,116,23,Guest Organist,,Off,,,,,,,,,,,,,,,,,,,,,,,,,,,,,,Returns
OSC 0116 PMO 024,OSC,116,116,24,,,PMO,"Sullivan, I R",,PGS,2015,,,,,,,,,2017,,,,,,,,,,,,,a,,,,Returns
OSC 0116 PMO 025,OSC,116,116,25,,,PMO,"Frostick, D J B",,,,,,,,,,,,2017/2018,,,,,,,,,,,,,,,,,Returns
OSC 0116 PMO 026,OSC,116,116,26,,,PMO,"Bevan, A",,,,,,,,,,,,2018/2019,,,,,,,,,,,,,,,,,Returns
OSC 0116 PMO 027,OSC,116,116,27,,,PMO,"Gawler, P R",,,,,,,,,,,,2020/2022,,,,,,,,,,,,,,,,,Returns
OSC 0116 PMO 028,OSC,116,116,28,,,PMO,"Wills, T",,,,,,,,,,,,2022/2023,,,,,,,,,,,,,,,,,Returns
OSC 0116 SecEMail 001,OSC,116,116,1,,,SecEMail,,,,,,,,,,,,,,,,,,,,,,,,,,,,,,Returns
OSC 0999 Hon 062,OSC,999,3TI,62,,,Hon,"Hambidge, G F - V. P.G.Insp.",,,,,,,,,,,,,,,,,,,,,,,,,,,,,Returns
OSC 0999 Hon 063,OSC,999,3TI,63,,,Hon,"Currans, I S - VI Grand Summus",,,,,,,,,,,,,,,,,,,,,,,,,,,,,Returns
OSC 0999 Hon 064,OSC,999,3TI,64,,,Hon,"Slater, M E - VI P.G.Chanc",,,,,,,,,,,,,,,,,,,,,,,,,,,,,Returns
OSC 0999 Inst 001,OSC,999,3TI,1,,,Inst,,,,,,,,,,,,,,,February 27th 2026,,,,,,,,,,,,,,,DBLodges
OSC 0999 Mem 033,OSC,999,3TI,33,,,Mem,"Aspinell, C J",,,,,,,,,,,,,,,,,,,,,†,,f,2010,,,Sixth Grade,,Returns
OSC 0999 Mem 035,OSC,999,3TI,35,,,Mem,"Campbell, I M",,,,,,,,,,,,,,,,,,,,,†,,f,2010,,,Fifth Grade,,Returns
OSC 0999 Mem 036,OSC,999,3TI,36,,,Mem,"Sullivan, I R",,,,,,,,,,,,,,,,,,,,,†,,f,2010,,,Fifth Grade,,Returns
OSC 0999 Mem 037,OSC,999,3TI,37,,,Mem,"Stock, D G",,,,,,,,,,,,,,,,,,,,,†,,f,2010,,,Fifth Grade,,Returns
OSC 0999 Mem 038,OSC,999,3TI,38,,,Mem,"Glister, I T C",,,,,,,,,,,,,,,,,,,,,†,,f,2010,a,,Fifth Grade,,Returns
OSC 0999 Mem 039,OSC,999,3TI,39,,,Mem,"Burt, M R",,,,,,,,,,,,,,,,,,,,,†,,f,2010,a,,Fifth Grade,,Returns
OSC 0999 Mem 040,OSC,999,3TI,40,,,Mem,"Brookes, L T",,,,,,,,,,,,,,,,,,,,,†,,f,2010,a,,Fifth Grade,,Returns
OSC 0999 Mem 041,OSC,999,3TI,41,,,Mem,"Willcock, D J W",,,,,,,,,,,,,,,,,,,,,†,,,2026,a,,Fifth Grade,,Returns
OSC 0999 Mem 043,OSC,999,3TI,43,,,Mem,"Carter, D E",,,,,,,,,,,,,,,,,,,,,†,,f,2010,,,Fourth Grade,,Returns
OSC 0999 Mem 044,OSC,999,3TI,44,,,Mem,"Parkes, B E",,,,,,,,,,,,,,,,,,,,,†,,f,2010,,,Fourth Grade,,Returns
OSC 0999 Mem 045,OSC,999,3TI,45,,,Mem,"Burt, D B F",,,,,,,,,,,,,,,,,,,,,†,,,2012,,,Fourth Grade,,Returns
OSC 0999 Mem 046,OSC,999,3TI,46,,,Mem,"Smart, D R         ",,,,,,,,,,,,,,,,,,,,,†,,,2010,a,,Fourth Grade,,Returns
OSC 0999 Mem 047,OSC,999,3TI,47,,,Mem,"Bale, D W B",,,,,,,,,,,,,,,,,,,,,†,,,2012,a,,Fourth Grade,,Returns
OSC 0999 Mem 048,OSC,999,3TI,48,,,Mem,"Frostick, D J B",,,,,,,,,,,,,,,,,,,,,†,,,2010,,,Fourth Grade,,Returns
OSC 0999 Mem 049,OSC,999,3TI,49,,,Mem,"Harvey, C",,,,,,,,,,,,,,,,,,,,,†,,,2012,a,,Fourth Grade,,Returns
OSC 0999 Mem 050,OSC,999,3TI,50,,,Mem,"Gawler, P R",,,,,,,,,,,,,,,,,,,,,†,,,2013,a,,Fourth Grade,,Returns
OSC 0999 Mem 052,OSC,999,3TI,52,,,Mem,"Shaw, F J",,,,,,,,,,,,,,,,,,,,,†,,,2011,,,Third Grade,,Returns
OSC 0999 Mem 053,OSC,999,3TI,53,,,Mem,"Gillen, A D",,,,,,,,,,,,,,,,,,,,,†,,,2015,a,,Third Grade,,Returns
OSC 0999 Mem 054,OSC,999,3TI,54,,,Mem,"Parkes, M R",,,,,,,,,,,,,,,,,,,,,,,,2018,,,Third Grade,,Returns
OSC 0999 Mem 055,OSC,999,3TI,55,,,Mem,"Diment-Davies, S",,,,,,,,,,,,,,,,,,,,,,,,2018,,,Third Grade,,Returns
OSC 0999 Mem 056,OSC,999,3TI,56,,,Mem,"Williams,  T G",,,,,,,,,,,,,,,,,,,,,†,,,2019,,,Third Grade,,Returns
OSC 0999 Mem 057,OSC,999,3TI,57,,,Mem,"Fairlie, R",,,,,,,,,,,,,,,,,,,,,,,,2023,,,Third Grade,,Returns
OSC 0999 Mem 060,OSC,999,3TI,60,,,Mem,"Paul, A",,,,,,,,,,,,,,,,,,,,,,,,2025,,,First Grade,,Returns
OSC 0999 Mem 061,OSC,999,3TI,61,,,Mem,"Latham, K F",,,,,,,,,,,,,,,,,,,,,,,,2025,,,First Grade,,Returns
OSC 0999 Off 002,OSC,999,3TI,2,President,,Off,"Williams, T G QGM",,,,,,,,,,,,,,,,,,,,,,,,,,,,,Returns
OSC 0999 Off 003,OSC,999,3TI,3,Primus (L),,Off,"Parkes, M R",,,,,,,,,,,,,,,,,,,,,,,,,,,,,Returns
OSC 0999 Off 004,OSC,999,3TI,4,Primus (O),,Off,"Diment-Davies, S",,,,,,,,,,,,,,,,,,,,,,,,,,,,,Returns
OSC 0999 Off 005,OSC,999,3TI,5,Episcopus,,Off,"Gillen, A D",,,,,,,,,,,,,,,,,,,,,,,,,,,,,Returns
OSC 0999 Off 006,OSC,999,3TI,6,Registrar,,Off,"Gawler, P R",,,,,,,,,,,,,,,,,,,,,,,,,,,,,Returns
OSC 0999 Off 007,OSC,999,3TI,7,Treasurer,,Off,"Glister, I T C",,,,,,,,,,,,,,,,,,,,,,,,,,,,,Returns
OSC 0999 Off 008,OSC,999,3TI,8,Recorder,,Off,"Burt, M R",,,,,,,,,,,,,,,,,,,,,,,,,,,,,Returns
OSC 0999 Off 009,OSC,999,3TI,9,D.C.,,Off,"Harvey, C",,,,,,,,,,,,,,,,,,,,,,,,,,,,,Returns
OSC 0999 Off 010,OSC,999,3TI,10,Lecturer (1),,Off,"Fairlie, R",,,,,,,,,,,,,,,,,,,,,,,,,,,,,Returns
OSC 0999 Off 011,OSC,999,3TI,11,Lecturer (2),,Off,"Paul, A",,,,,,,,,,,,,,,,,,,,,,,,,,,,,Returns
OSC 0999 Off 012,OSC,999,3TI,12,Lecturer (3),,Off,"Bale, D W B",,,,,,,,,,,,,,,,,,,,,,,,,,,,,Returns
OSC 0999 Off 013,OSC,999,3TI,13,Lecturer (4),,Off,"Latham, K F",,,,,,,,,,,,,,,,,,,,,,,,,,,,,Returns
OSC 0999 Off 014,OSC,999,3TI,14,A.D.C.,,Off,"Brookes, A T",,,,,,,,,,,,,,,,,,,,,,,,,,,,,Returns
OSC 0999 Off 015,OSC,999,3TI,15,Organist,,Off,"Burt, M R",,,,,,,,,,,,,,,,,,,,,,,,,,,,,Returns
OSC 0999 Off 016,OSC,999,3TI,16,Herald,,Off,"Burt, D B F",,,,,,,,,,,,,,,,,,,,,,,,,,,,,Returns
OSC 0999 Off 017,OSC,999,3TI,17,Guarder,,Off,"Parkes, B E",,,,,,,,,,,,,,,,,,,,,,,,,,,,,Returns
OSC 0999 Off 018,OSC,999,3TI,18,Steward,,Off,,,,,,,,,,,,,,,,,,,,,,,,,,,,,,Returns
OSC 0999 Off 019,OSC,999,3TI,19,Steward,,Off,,,,,,,,,,,,,,,,,,,,,,,,,,,,,,Returns
OSC 0999 Off 020,OSC,999,3TI,20,Steward,,Off,,,,,,,,,,,,,,,,,,,,,,,,,,,,,,Returns
OSC 0999 Off 021,OSC,999,3TI,21,Steward,,Off,,,,,,,,,,,,,,,,,,,,,,,,,,,,,,Returns
OSC 0999 Off 022,OSC,999,3TI,22,Watchman,,Off,,,,,,,,,,,,,,,,,,,,,,,,,,,,,,Returns
OSC 0999 Off 023,OSC,999,3TI,23,Guest Organist,,Off,,,,,,,,,,,,,,,,,,,,,,,,,,,,,,Returns
OSC 0999 PMI 031,OSC,999,3TI,31,,,PMI,D J Willcock V,,Pr.G.Rec PGSwdB,2018,,,,,,,,,2016,,,,,,,,,,,,2026,,,,,Returns
OSC 0999 PMO 024,OSC,999,3TI,24,,,PMO,"Burt, M R",,P.Pr.G.Chan,2024,,,,,,,,,2014,,,,,,,,,,,,2010,,,,,Returns
OSC 0999 PMO 025,OSC,999,3TI,25,,,PMO,"Burt, D B F",,P.Pr.G.Reg,2022,,,,,,,,,2015,,,,,,,,,,,,2010,,,,,Returns
OSC 0999 PMO 026,OSC,999,3TI,26,,,PMO,"Smart, D R",,Dep.G.D.C.,2020,,,,,,,,,2018,,,,,,,,,,,,2012,,,,,Returns
OSC 0999 PMO 027,OSC,999,3TI,27,,,PMO,"Harvey, C",,Prov.G.Chan,2025,,,,,,,,,2019,,,,,,,,,,,,2012,,,,,Returns
OSC 0999 PMO 028,OSC,999,3TI,28,,,PMO,"Bale, D W B",,P.Pr.G.Lect.,2024,,,,,,,,,2020,,,,,,,,,,,,2012,,,,,Returns
OSC 0999 PMO 029,OSC,999,3TI,29,,,PMO,"Gillen, A D",,Prov.G.Lect,2025,,,,,,,,,2023,,,,,,,,,,,,2015,,,,,Returns
OSC 0999 PMO 030,OSC,999,3TI,30,,,PMO,"Glister, I T C",,Prov.G.Reg,2025,,,,,,,,,2024,,,,,,,,,,,,2010,,,,,Returns
OSC 0999 SecEMail 001,OSC,999,3TI,1,,,SecEMail,,,,,,,,,,,,,,,,,,,,,,,,,,,,,,Returns
OSM 0111 Inst 001,OSM,111,111,1,,,Inst,,,,,,,,,,,,,,,October 9th 2025,,,,,,,,,,,,,,,DBLodges
OSM 0111 Off 002,OSM,111,111,2,S.R.,,Off,"Donaghue, J",,,,,,,,,,,,,,,,,,,,,,,,,,,,,Returns
OSM 0111 Off 003,OSM,111,111,3,Counsellor,,Off,"Burt, D B F",,,,,,,,,,,,,,,,,,,,,,,,,,,,,Returns
OSM 0111 Off 004,OSM,111,111,4,Guide,,Off,"Micklefield, R F",,,,,,,,,,,,,,,,,,,,,,,,,,,,,Returns
OSM 0111 Off 005,OSM,111,111,5,Chaplain,,Off,"Phipps, P",,,,,,,,,,,,,,,,,,,,,,,,,,,,,Returns
OSM 0111 Off 006,OSM,111,111,6,Treasurer,,Off,"Burt, M R",,,,,,,,,,,,,,,,,,,,,,,,,,,,,Returns
OSM 0111 Off 007,OSM,111,111,7,Secretary,,Off,"Eaton, D F",,,,,,,,,,,,,,,,,,,,,,,,,,,,,Returns
OSM 0111 Off 008,OSM,111,111,8,D.C,,Off,"Carter, D E",,,,,,,,,,,,,,,,,,,,,,,,,,,,,Returns
OSM 0111 Off 009,OSM,111,111,9,1st V.D.,,Off,,,,,,,,,,,,,,,,,,,,,,,,,,,,,,Returns
OSM 0111 Off 010,OSM,111,111,10,2nd V.D.,,Off,"Bale, D W",,,,,,,,,,,,,,,,,,,,,,,,,,,,,Returns
OSM 0111 Off 011,OSM,111,111,11,3rd V.D.,,Off,,,,,,,,,,,,,,,,,,,,,,,,,,,,,,Returns
OSM 0111 Off 012,OSM,111,111,12,4th V.D.,,Off,,,,,,,,,,,,,,,,,,,,,,,,,,,,,,Returns
OSM 0111 Off 013,OSM,111,111,13,Organist,,Off,,,,,,,,,,,,,,,,,,,,,,,,,,,,,,Returns
OSM 0111 Off 014,OSM,111,111,14,Scroll Bearer,,Off,"Shaw, F J",,,,,,,,,,,,,,,,,,,,,,,,,,,,,Returns
OSM 0111 Off 015,OSM,111,111,15,Guarder,,Off,"Paul, A",,,,,,,,,,,,,,,,,,,,,,,,,,,,,Returns
OSM 0111 Off 016,OSM,111,111,16,Steward,,Off,,,,,,,,,,,,,,,,,,,,,,,,,,,,,,Returns
OSM 0111 Off 017,OSM,111,111,17,Steward,,Off,,,,,,,,,,,,,,,,,,,,,,,,,,,,,,Returns
OSM 0111 Off 018,OSM,111,111,18,Sentinel,,Off,,,,,,,,,,,,,,,,,,,,,,,,,,,,,,Returns
OSM 0111 Off 019,OSM,111,111,19,,,Off,,,,,,,,,,,,,,,,,,,,,,,,,,,,,,Returns
OSM 0111 Off 020,OSM,111,111,20,,,Off,,,,,,,,,,,,,,,,,,,,,,,,,,,,,,Returns
OSM 0111 Off 021,OSM,111,111,21,,,Off,,,,,,,,,,,,,,,,,,,,,,,,,,,,,,Returns
OSM 0111 Off 022,OSM,111,111,22,,,Off,,,,,,,,,,,,,,,,,,,,,,,,,,,,,,Returns
OSM 0111 Off 023,OSM,111,111,23,,,Off,,,,,,,,,,,,,,,,,,,,,,,,,,,,,,Returns
OSM 0111 Off 024,OSM,111,111,24,,,Off,,,,,,,,,,,,,,,,,,,,,,,,,,,,,,Returns
OSM 0111 Off 025,OSM,111,111,25,,,Off,,,,,,,,,,,,,,,,,,,,,,,,,,,,,,Returns
OSM 0111 Off 026,OSM,111,111,26,,,Off,,,,,,,,,,,,,,,,,,,,,,,,,,,,,,Returns
OSM 0111 SecEMail 001,OSM,111,111,1,,,SecEMail,,,,,,,,,,,,,,,,,,,,,,,,,,,,,,Returns
OSM 0180 Inst 001,OSM,180,180,1,,,Inst,,,,,,,,,,,,,,,December 2nd 2025,,,,,,,,,,,,,,,DBLodges
OSM 0180 Off 002,OSM,180,180,2,S.R.,,Off,"Prudames, I B",,,,,,,,,,,,,,,,,,,,,,,,,,,,,Returns
OSM 0180 Off 003,OSM,180,180,3,Counsellor,,Off,"Harvey, C",,,,,,,,,,,,,,,,,,,,,,,,,,,,,Returns
OSM 0180 Off 004,OSM,180,180,4,Guide,,Off,"Latham, K F",,,,,,,,,,,,,,,,,,,,,,,,,,,,,Returns
OSM 0180 Off 005,OSM,180,180,5,Chaplain,,Off,"Willcock, D J W",,,,,,,,,,,,,,,,,,,,,,,,,,,,,Returns
OSM 0180 Off 006,OSM,180,180,6,Treasurer,,Off,"Barrett, T M",,,,,,,,,,,,,,,,,,,,,,,,,,,,,Returns
OSM 0180 Off 007,OSM,180,180,7,Secretary,,Off,"Wolsey, A J",,,,,,,,,,,,,,,,,,,,,,,,,,,,,Returns
OSM 0180 Off 008,OSM,180,180,8,D.C,,Off,"Muir, P M",,,,,,,,,,,,,,,,,,,,,,,,,,,,,Returns
OSM 0180 Off 009,OSM,180,180,9,1st V.D.,,Off,"Capaldi, J R",,,,,,,,,,,,,,,,,,,,,,,,,,,,,Returns
OSM 0180 Off 010,OSM,180,180,10,2nd V.D.,,Off,"Carter, J C",,,,,,,,,,,,,,,,,,,,,,,,,,,,,Returns
OSM 0180 Off 011,OSM,180,180,11,3rd V.D.,,Off,"Wade, J R",,,,,,,,,,,,,,,,,,,,,,,,,,,,,Returns
OSM 0180 Off 012,OSM,180,180,12,4th V.D.,,Off,"Alcock, R A",,,,,,,,,,,,,,,,,,,,,,,,,,,,,Returns
OSM 0180 Off 013,OSM,180,180,13,Organist,,Off,"Williams, A",,,,,,,,,,,,,,,,,,,,,,,,,,,,,Returns
OSM 0180 Off 014,OSM,180,180,14,Scroll Bearer,,Off,"Parkes, B E",,,,,,,,,,,,,,,,,,,,,,,,,,,,,Returns
OSM 0180 Off 015,OSM,180,180,15,Guarder,,Off,"Britten, G R",,,,,,,,,,,,,,,,,,,,,,,,,,,,,Returns
OSM 0180 Off 016,OSM,180,180,16,Steward,,Off,,,,,,,,,,,,,,,,,,,,,,,,,,,,,,Returns
OSM 0180 Off 017,OSM,180,180,17,Steward,,Off,,,,,,,,,,,,,,,,,,,,,,,,,,,,,,Returns
OSM 0180 Off 018,OSM,180,180,18,Sentinel,,Off,"Gawler, P R",,,,,,,,,,,,,,,,,,,,,,,,,,,,,Returns
OSM 0180 SecEMail 001,OSM,180,180,1,,,SecEMail,,,,,,,,,,,,,,,,,,,,,,,,,,,,,,Returns
OSM 0196 Inst 001,OSM,196,196,1,,,Inst,,,,,,,,,,,,,,,October 2nd 2025,,,,,,,,,,,,,,,DBLodges
OSM 0290 Inst 001,OSM,290,290,1,,,Inst,,,,,,,,,,,,,,,November 11th 2025,,,,,,,,,,,,,,,DBLodges
OSM 0290 Off 002,OSM,290,290,2,S.R.,,Off,"Verrico,  L G G",,,,,,,,,,,,,,,,,,,,,,,,,,,,,Returns
OSM 0290 Off 003,OSM,290,290,3,Counsellor,,Off,"Sharland,  N R",,,,,,,,,,,,,,,,,,,,,,,,,,,,,Returns
OSM 0290 Off 004,OSM,290,290,4,Guide,,Off,"Gee,  J L",,,,,,,,,,,,,,,,,,,,,,,,,,,,,Returns
OSM 0290 Off 005,OSM,290,290,5,Chaplain,,Off,"Cox,  R",,,,,,,,,,,,,,,,,,,,,,,,,,,,,Returns
OSM 0290 Off 006,OSM,290,290,6,Treasurer,,Off,"Wills,  T L",,,,,,,,,,,,,,,,,,,,,,,,,,,,,Returns
OSM 0290 Off 007,OSM,290,290,7,Secretary,,Off,"Franklin,  G S",,,,,,,,,,,,,,,,,,,,,,,,,,,,,Returns
OSM 0290 Off 008,OSM,290,290,8,D.C,,Off,"Maraspin,  R",,,,,,,,,,,,,,,,,,,,,,,,,,,,,Returns
OSM 0290 Off 009,OSM,290,290,9,1st V.D.,,Off,"Deyes,  C R J",,,,,,,,,,,,,,,,,,,,,,,,,,,,,Returns
OSM 0290 Off 010,OSM,290,290,10,2nd V.D.,,Off,"Bailey,  J K",,,,,,,,,,,,,,,,,,,,,,,,,,,,,Returns
OSM 0290 Off 011,OSM,290,290,11,3rd V.D.,,Off,"Green,  B",,,,,,,,,,,,,,,,,,,,,,,,,,,,,Returns
OSM 0290 Off 012,OSM,290,290,12,4th V.D.,,Off,"Cable,  S J",,,,,,,,,,,,,,,,,,,,,,,,,,,,,Returns
OSM 0290 Off 013,OSM,290,290,13,Organist,,Off,,,,,,,,,,,,,,,,,,,,,,,,,,,,,,Returns
OSM 0290 Off 014,OSM,290,290,14,Scroll Bearer,,Off,"Lawton,  R W",,,,,,,,,,,,,,,,,,,,,,,,,,,,,Returns
OSM 0290 Off 015,OSM,290,290,15,Guarder,,Off,"Bentley,  R A",,,,,,,,,,,,,,,,,,,,,,,,,,,,,Returns
OSM 0290 Off 016,OSM,290,290,16,Steward,,Off,"Williams,  D M",,,,,,,,,,,,,,,,,,,,,,,,,,,,,Returns
OSM 0290 Off 017,OSM,290,290,17,Steward,,Off,,,,,,,,,,,,,,,,,,,,,,,,,,,,,,Returns
OSM 0290 Off 018,OSM,290,290,18,Sentinel,,Off,"Coppard,  G E",,,,,,,,,,,,,,,,,,,,,,,,,,,,,Returns
OSM 0290 SecEMail 001,OSM,290,290,1,,,SecEMail,,,,,,,,,,,,,,,,,,,,,,,,,,,,,,Returns
OSM 0322 Inst 001,OSM,322,322,1,,,Inst,,,,,,,,,,,,,,,October 10th 2025,,,,,,,,,,,,,,,DBLodges
OSM 0364 Inst 001,OSM,364,364,1,,,Inst,,,,,,,,,,,,,,,May 5th 2026,,,,,,,,,,,,,,,DBLodges
OSM 0392 Inst 001,OSM,392,392,1,,,Inst,,,,,,,,,,,,,,,October 15th 2025,,,,,,,,,,,,,,,DBLodges
OSM 0392 Off 002,OSM,392,392,2,S.R.,,Off,"Steele,  I P C",,,,,,,,,,,,,,,,,,,,,,,,,,,,,Returns
OSM 0392 Off 003,OSM,392,392,3,Counsellor,,Off,"O'Connell,  S J",,,,,,,,,,,,,,,,,,,,,,,,,,,,,Returns
OSM 0392 Off 004,OSM,392,392,4,Guide,,Off,"Parkes,  M R",,,,,,,,,,,,,,,,,,,,,,,,,,,,,Returns
OSM 0392 Off 005,OSM,392,392,5,Chaplain,,Off,"Carter,  D E",,,,,,,,,,,,,,,,,,,,,,,,,,,,,Returns
OSM 0392 Off 006,OSM,392,392,6,Treasurer,,Off,"Ballard,  C T",,,,,,,,,,,,,,,,,,,,,,,,,,,,,Returns
OSM 0392 Off 007,OSM,392,392,7,Secretary,,Off,"Chivers,  S P",,,,,,,,,,,,,,,,,,,,,,,,,,,,,Returns
OSM 0392 Off 008,OSM,392,392,8,D.C,,Off,"Bull,  M M",,,,,,,,,,,,,,,,,,,,,,,,,,,,,Returns
OSM 0392 Off 009,OSM,392,392,9,1st V.D.,,Off,"Mackie,  A B",,,,,,,,,,,,,,,,,,,,,,,,,,,,,Returns
OSM 0392 Off 010,OSM,392,392,10,2nd V.D.,,Off,,,,,,,,,,,,,,,,,,,,,,,,,,,,,,Returns
OSM 0392 Off 011,OSM,392,392,11,3rd V.D.,,Off,"Cotton,  B G",,,,,,,,,,,,,,,,,,,,,,,,,,,,,Returns
OSM 0392 Off 012,OSM,392,392,12,4th V.D.,,Off,"Gaertig,  K J",,,,,,,,,,,,,,,,,,,,,,,,,,,,,Returns
OSM 0392 Off 013,OSM,392,392,13,Organist,,Off,,,,,,,,,,,,,,,,,,,,,,,,,,,,,,Returns
OSM 0392 Off 014,OSM,392,392,14,Scroll Bearer,,Off,"Carter,  D E",,,,,,,,,,,,,,,,,,,,,,,,,,,,,Returns
OSM 0392 Off 015,OSM,392,392,15,Guarder,,Off,"Patel,  Y C",,,,,,,,,,,,,,,,,,,,,,,,,,,,,Returns
OSM 0392 Off 016,OSM,392,392,16,Steward,,Off,,,,,,,,,,,,,,,,,,,,,,,,,,,,,,Returns
OSM 0392 Off 017,OSM,392,392,17,Steward,,Off,,,,,,,,,,,,,,,,,,,,,,,,,,,,,,Returns
OSM 0392 Off 018,OSM,392,392,18,Sentinel,,Off,,,,,,,,,,,,,,,,,,,,,,,,,,,,,,Returns
OSM 0392 SecEMail 001,OSM,392,392,1,,,SecEMail,,,,,,,,,,,,,,,,,,,,,,,,,,,,,,Returns
OSM 0497 Inst 001,OSM,497,497,1,,,Inst,,,,,,,,,,,,,,,April 25th 2026,,,,,,,,,,,,,,,DBLodges
OSM 0608 Inst 001,OSM,608,608,1,,,Inst,,,,,,,,,,,,,,,October 20th 2025,,,,,,,,,,,,,,,DBLodges
OSM 0608 Off 002,OSM,608,608,2,S.R.,,Off,"Warwick,  S J",,,,,,,,,,,,,,,,,,,,,,,,,,,,,Returns
OSM 0608 Off 003,OSM,608,608,3,Counsellor,,Off,"Mackenzie-Green,  G",,,,,,,,,,,,,,,,,,,,,,,,,,,,,Returns
OSM 0608 Off 004,OSM,608,608,4,Guide,,Off,"Carey,  P R",,,,,,,,,,,,,,,,,,,,,,,,,,,,,Returns
OSM 0608 Off 005,OSM,608,608,5,Chaplain,,Off,"Dare,  S J",,,,,,,,,,,,,,,,,,,,,,,,,,,,,Returns
OSM 0608 Off 006,OSM,608,608,6,Treasurer,,Off,"McNally,  J",,,,,,,,,,,,,,,,,,,,,,,,,,,,,Returns
OSM 0608 Off 007,OSM,608,608,7,Secretary,,Off,"Gawler,  P R",,,,,,,,,,,,,,,,,,,,,,,,,,,,,Returns
OSM 0608 Off 008,OSM,608,608,8,D.C,,Off,"Franklin,  G S",,,,,,,,,,,,,,,,,,,,,,,,,,,,,Returns
OSM 0608 Off 009,OSM,608,608,9,1st V.D.,,Off,"Parkes,  B E",,,,,,,,,,,,,,,,,,,,,,,,,,,,,Returns
OSM 0608 Off 010,OSM,608,608,10,2nd V.D.,,Off,"Sullivan,  I R",,,,,,,,,,,,,,,,,,,,,,,,,,,,,Returns
OSM 0608 Off 011,OSM,608,608,11,3rd V.D.,,Off,"Gillen,  A D",,,,,,,,,,,,,,,,,,,,,,,,,,,,,Returns
OSM 0608 Off 012,OSM,608,608,12,4th V.D.,,Off,"Harvey,  C",,,,,,,,,,,,,,,,,,,,,,,,,,,,,Returns
OSM 0608 Off 013,OSM,608,608,13,Organist,,Off,,,,,,,,,,,,,,,,,,,,,,,,,,,,,,Returns
OSM 0608 Off 014,OSM,608,608,14,Scroll Bearer,,Off,"Dare,  S J",,,,,,,,,,,,,,,,,,,,,,,,,,,,,Returns
OSM 0608 Off 015,OSM,608,608,15,Guarder,,Off,"Ponting,  A C",,,,,,,,,,,,,,,,,,,,,,,,,,,,,Returns
OSM 0608 Off 016,OSM,608,608,16,Steward,,Off,,,,,,,,,,,,,,,,,,,,,,,,,,,,,,Returns
OSM 0608 Off 017,OSM,608,608,17,Steward,,Off,,,,,,,,,,,,,,,,,,,,,,,,,,,,,,Returns
OSM 0608 Off 018,OSM,608,608,18,Sentinel,,Off,"Buchanan,  I E",,,,,,,,,,,,,,,,,,,,,,,,,,,,,Returns
OSM 0608 SecEMail 001,OSM,608,608,1,,,SecEMail,,,,,,,,,,,,,,,,,,,,,,,,,,,,,,Returns
PBQ 0998 Inst 001,PBQ,998,PBQ,1,,,Inst,,,,,,,,,,,,,,,October 22nd 2025,,,,,,,,,,,,,,,DBLodges
PBQ 0998 Mem 034,PBQ,998,PBQ,34,,,Mem,"Bale, D W B ",,,,,,,,,,,,,,,,,,,,,,,,1975,,,,,Returns
PBQ 0998 Mem 035,PBQ,998,PBQ,35,,,Mem,"Burt, D B F ",,,,,,,,,,,,,,,,,,,,,,,,1994,,,,,Returns
PBQ 0998 Mem 036,PBQ,998,PBQ,36,,,Mem,"Mack, D C ",,,,,,,,,,,,,,,,,,,,,,,,1997,,,,,Returns
PBQ 0998 Mem 037,PBQ,998,PBQ,37,,,Mem,"Burt, M R",,,,,,,,,,,,,,,,,,,,,,,,2002,,,,,Returns
PBQ 0998 Mem 038,PBQ,998,PBQ,38,,,Mem,"Micklefield, R F",,,,,,,,,,,,,,,,,,,,,,,,2004,,,,,Returns
PBQ 0998 Mem 039,PBQ,998,PBQ,39,,,Mem,"Shaw, F J",,,,,,,,,,,,,,,,,,,,,,,,2004,,,,,Returns
PBQ 0998 Mem 040,PBQ,998,PBQ,40,,,Mem,"Giddings, M W",,,,,,,,,,,,,,,,,,,,,,,,2005,,,,,Returns
PBQ 0998 Mem 041,PBQ,998,PBQ,41,,,Mem,G T Hatch,,,,,,,,,,,,,,,,,,,,,,,,2014,,,,,Returns
PBQ 0998 Mem 042,PBQ,998,PBQ,42,,,Mem,"Quant, S P",,,,,,,,,,,,,,,,,,,,,,,,2014,,,,,Returns
PBQ 0998 Mem 043,PBQ,998,PBQ,43,,,Mem,"Hatch, G T",,,,,,,,,,,,,,,,,,,,,,,,2015,,,,,Returns
PBQ 0998 Mem 044,PBQ,998,PBQ,44,,,Mem,"Curtis, M J",,,,,,,,,,,,,,,,,,,,,,,,2017,,,,,Returns
PBQ 0998 Mem 045,PBQ,998,PBQ,45,,,Mem,M R Parkes,,,,,,,,,,,,,,,,,,,,,,,,2018,,,,,Returns
PBQ 0998 Mem 046,PBQ,998,PBQ,46,,,Mem,"Fairlie, R",,,,,,,,,,,,,,,,,,,,,,,,2018,,,,,Returns
PBQ 0998 Mem 047,PBQ,998,PBQ,47,,,Mem,"Stevens, P J",,,,,,,,,,,,,,,,,,,,,,,,2023,,,,,Returns
PBQ 0998 Mem 048,PBQ,998,PBQ,48,,,Mem,"Gaertig, K J",,,,,,,,,,,,,,,,,,,,,,,,2025,,,,,Returns
PBQ 0998 Mem 049,PBQ,998,PBQ,49,,,Mem,"Paul, A",,,,,,,,,,,,,,,,,,,,,,,,2025,,,,,Returns
PBQ 0998 Off 002,PBQ,998,PBQ,2,Dep MM,,Off,"Fairlie, R",,,,,,,,,,,,,,,,,,,,,,,,,,,,,Returns
PBQ 0998 Off 003,PBQ,998,PBQ,3,Dep J,,Off,"Burt, M R",,,,,,,,,,,,,,,,,,,,,,,,,,,,,Returns
PBQ 0998 Off 004,PBQ,998,PBQ,4,Dep B,,Off,"Micklefield, R F",,,,,,,,,,,,,,,,,,,,,,,,,,,,,Returns
PBQ 0998 Off 005,PBQ,998,PBQ,5,Supt Wk,,Off,"Quant, S P",,,,,,,,,,,,,,,,,,,,,,,,,,,,,Returns
PBQ 0998 Off 006,PBQ,998,PBQ,6,SW,,Off,"Sheppard, J",,,,,,,,,,,,,,,,,,,,,,,,,,,,,Returns
PBQ 0998 Off 007,PBQ,998,PBQ,7,JW,,Off,"Giddings, M W",,,,,,,,,,,,,,,,,,,,,,,,,,,,,Returns
PBQ 0998 Off 008,PBQ,998,PBQ,8,Clerk,,Off,"Parkes, M R",,,,,,,,,,,,,,,,,,,,,,,,,,,,,Returns
PBQ 0998 Off 009,PBQ,998,PBQ,9,Treasurer,,Off,"Micklefield, R F",,,,,,,,,,,,,,,,,,,,,,,,,,,,,Returns
PBQ 0998 Off 010,PBQ,998,PBQ,10,Asst Supt Wk,,Off,,,,,,,,,,,,,,,,,,,,,,,,,,,,,,Returns
PBQ 0998 Off 011,PBQ,998,PBQ,11,Orator,,Off,"Parkes, M R",,,,,,,,,,,,,,,,,,,,,,,,,,,,,Returns
PBQ 0998 Off 012,PBQ,998,PBQ,12,Dep MM's D,,Off,"Curtis, M J",,,,,,,,,,,,,,,,,,,,,,,,,,,,,Returns
PBQ 0998 Off 013,PBQ,998,PBQ,13,SW's D,,Off,"Stevens, P J",,,,,,,,,,,,,,,,,,,,,,,,,,,,,Returns
PBQ 0998 Off 014,PBQ,998,PBQ,14,JW's D,,Off,"Gaertig, K J",,,,,,,,,,,,,,,,,,,,,,,,,,,,,Returns
PBQ 0998 Off 015,PBQ,998,PBQ,15,Inside Gd,,Off,,,,,,,,,,,,,,,,,,,,,,,,,,,,,,Returns
PBQ 0998 Off 016,PBQ,998,PBQ,16,Outside Gd,,Off,,,,,,,,,,,,,,,,,,,,,,,,,,,,,,Returns
PBQ 0998 Off 017,PBQ,998,PBQ,17,Steward,,Off,,,,,,,,,,,,,,,,,,,,,,,,,,,,,,Returns
PBQ 0998 Off 018,PBQ,998,PBQ,18,Steward,,Off,,,,,,,,,,,,,,,,,,,,,,,,,,,,,,Returns
PBQ 0998 Off 019,PBQ,998,PBQ,19,Steward,,Off,,,,,,,,,,,,,,,,,,,,,,,,,,,,,,Returns
PBQ 0998 Off 020,PBQ,998,PBQ,20,Steward,,Off,,,,,,,,,,,,,,,,,,,,,,,,,,,,,,Returns
PBQ 0998 Off 021,PBQ,998,PBQ,21,FCSF Rep,,Off,"Burt, M R",,,,,,,,,,,,,,,,,,,,,,,,,,,,,Returns
PBQ 0998 PMO 022,PBQ,998,PBQ,22,,,PMO,"Bale, D W B ",,,,,,,,,,,,1986,,,,,,,,,,,,,,,,,Returns
PBQ 0998 PMO 023,PBQ,998,PBQ,23,,,PMO,"Burt, D B F ",,,,,,,,,,,,2002,,,,,,,,,,,,,,,,,Returns
PBQ 0998 PMO 024,PBQ,998,PBQ,24,,,PMO,"Mack, D C ",,,,,,,,,,,,2006,,,,,,,,,,,,,,,,,Returns
PBQ 0998 PMO 025,PBQ,998,PBQ,25,,,PMO,"Burt, M R",,,,,,,,,,,,2011,,,,,,,,,,,,,,,,,Returns
PBQ 0998 PMO 026,PBQ,998,PBQ,26,,,PMO,"Micklefield, R F",,,,,,,,,,,,2013,,,,,,,,,,,,,,,,,Returns
PBQ 0998 PMO 027,PBQ,998,PBQ,27,,,PMO,"Shaw, F J",,,,,,,,,,,,2014,,,,,,,,,,,,,,,,,Returns
PBQ 0998 PMO 028,PBQ,998,PBQ,28,,,PMO,"Giddings, M W",,,,,,,,,,,,2016/22/23,,,,,,,,,,,,,,,,,Returns
PBQ 0998 PMO 029,PBQ,998,PBQ,29,,,PMO,"Quant, S P",,,,,,,,,,,,2018/19/20,,,,,,,,,,,,,,,,,Returns
PBQ 0998 PMO 030,PBQ,998,PBQ,30,,,PMO,"Hatch, G T",,,,,,,,,,,,2021,,,,,,,,,,,,,,,,,Returns
PBQ 0998 PMO 031,PBQ,998,PBQ,31,,,PMO,"Quant, S P",,,,,,,,,,,,2020,,,,,,,,,,,,,,,,,Returns
PBQ 0998 PMO 032,PBQ,998,PBQ,32,,,PMO,"Hatch, G T",,,,,,,,,,,,2021,,,,,,,,,,,,,,,,,Returns
PBQ 0998 PMO 033,PBQ,998,PBQ,33,,,PMO,"Parkes, M R",,,,,,,,,,,,2024,,,,,,,,,,,,,,,,,Returns
PBQ 0998 SecEMail 001,PBQ,998,PBQ,1,,,SecEMail,,,,,,,,,,,,,,,,,,,,,,,,,,,,,,Returns
RA 0137 Inst 001,RA,137,137,1,,,Inst,,,,,,,,,,,,,,,May 11th 2026,,,,,,,,,,,,,,,DBLodges
RA 0137 Mem 001,RA,137,137,1,,,Mem,"Boylin, D   ",1971,ProvGOrg,2018,Y,,,,,,,,,,,,,,,,,,,,,,,,,MarkRAMPMI
RA 0137 Mem 002,RA,137,137,2,,,Mem,"Shaw, F J  ",1972,PProvGReg,2018,,,,,,,,,,,,,,,,,,,,,,,,,,MarkRAMPMI
RA 0137 Mem 003,RA,137,137,3,,,Mem,"Howard, D   ",1978,PPGSN,2012,,,,,,,,,,,,,,,,,,,,,,,,,,MarkRAMPMI
RA 0137 Mem 004,RA,137,137,4,,,Mem,"McCarthy, K B  ",1979,,,,,,,,,,,,,,,,,,,,,,,,,,,,MarkRAMPMI
RA 0137 Mem 005,RA,137,137,5,,,Mem,"Webb, D J  ",1989,PPGSN,2018,,,,,,,,,,,,,,,,,,,,,,,,,,MarkRAMPMI
RA 0137 Mem 006,RA,137,137,6,,,Mem,"Eaton, D F  ",1991,PPGSN,2024,,,,,,,,,,,,,,,,,,,,,,,,,,MarkRAMPMI
RA 0137 Mem 007,RA,137,137,7,,,Mem,"Russell, F   ",1993,PPGSN,2021,,,,,,,,,,,,,,,,,,,,,,,,,,MarkRAMPMI
RA 0137 Mem 008,RA,137,137,8,,,Mem,"Burgess, J R  ",1996,PPGStB,2008,,,,,,,,,,,,,,,,,,,,,,,,,,MarkRAMPMI
RA 0137 Mem 009,RA,137,137,9,,,Mem,"Cardy, S   ",2003,PPGSoj,2008,,,,,,,,,,,,,,,,,,,,,,,,,,MarkRAMPMI
RA 0137 Mem 010,RA,137,137,10,,,Mem,"Roberts, A C  ",2003,PPGReg,2024,,,,,,,,,,,,,,,,,,,,,,,,,,MarkRAMPMI
RA 0137 Mem 011,RA,137,137,11,,,Mem,"Ilott, P F  ",2004,PPGSN,2025,,,,,,,,,,,,,,,,,,,,,,,,,,MarkRAMPMI
RA 0137 Mem 012,RA,137,137,12,,,Mem,"Bursey, R S  ",2007,PProvGSoj,2024,,,,,,,,,,,,,,,,,,,,,,,,,,MarkRAMPMI
RA 0137 Mem 013,RA,137,137,13,,,Mem,"Poole, J S  ",2008,PPDepGDC,2024,,PProvGStwd (Middx.),1993-15,,,,,,,,,,,,,,,,,,,,,,,MarkRAMPMI
RA 0137 Mem 014,RA,137,137,14,,,Mem,"Colborne, M J  ",2010,,,,,,,,,,,,,,,,,,,,,,,,,,,,MarkRAMPMI
RA 0137 Mem 015,RA,137,137,15,,,Mem,"Jessopp, R M F ",2012,,,,,,,,,,,,,,,,,,,,,,,,,,,,MarkRAMPMI
RA 0137 Mem 016,RA,137,137,16,,,Mem,"Sutherland, N A  ",2015,,,,,,,,,,,,,,,,,,,,,,,,,,,,MarkRAMPMI
RA 0137 Mem 017,RA,137,137,17,,,Mem,"Selby, S T  ",2016,,,,,,,,,,,,,,,,,,,,,,,,,,,,MarkRAMPMI
RA 0137 Mem 018,RA,137,137,18,,,Mem,"King, M D  ",2016,,,,PProvDepGReg (Sussex),2013,,,,,,,,,,,,,,,,,,,,,,,MarkRAMPMI
RA 0137 Mem 019,RA,137,137,19,,,Mem,"Bolt, J   ",2017,,,,,,,,,,,,,,,,,,,,,,,,,,,,MarkRAMPMI
RA 0137 Mem 020,RA,137,137,20,,,Mem,"Burstow, M D  ",2018,PProvGSE,2023,,,,,,,,,,,,,,,,,,,,,,,,,,MarkRAMPMI
RA 0137 Mem 021,RA,137,137,21,,,Mem,"Dodson, J A  ",2018,,,,,,,,,,,,,,,,,,,,,,,,,,,,MarkRAMPMI
RA 0137 Mem 022,RA,137,137,22,,,Mem,"Johnston, A W  ",2018,,,,,,,,,,,,,,,,,,,,,,,,,,,,MarkRAMPMI
RA 0137 Mem 023,RA,137,137,23,,,Mem,"Ball, M R  ",2018,,,,,,,,,,,,,,,,,,,,,,,,,,,,MarkRAMPMI
RA 0137 Mem 024,RA,137,137,24,,,Mem,"Dudley, S J  ",2019,,,,,,,,,,,,,,,,,,,,,,,,,,,,MarkRAMPMI
RA 0137 Mem 025,RA,137,137,25,,,Mem,"Powell, D K  ",2022,,,,,,,,,,,,,,,,,,,,,,,,,,,,MarkRAMPMI
RA 0137 Mem 026,RA,137,137,26,,,Mem,"Tyler, G L  ",2022,,,,,,,,,,,,,,,,,,,,,,,,,,,,MarkRAMPMI
RA 0137 Mem 027,RA,137,137,27,,,Mem,"McEwen, A P  ",2023,,,,,,,,,,,,,,,,,,,,,,,,,,,,MarkRAMPMI
RA 0137 Mem 028,RA,137,137,28,,,Mem,"Fitzmaurice, P J  ",2023,,,,,,,,,,,,,,,,,,,,,,,,,,,,MarkRAMPMI
RA 0137 Mem 029,RA,137,137,29,,,Mem,"Ward, M T  ",2024,,,,,,,,,,,,,,,,,,,,,,,,,,,,MarkRAMPMI
RA 0137 Mem 030,RA,137,137,30,,,Mem,"Cull, T L  ",2024,,,,,,,,,,,,,,,,,,,,,,,,,,,,MarkRAMPMI
RA 0137 Mem 031,RA,137,137,31,,,Mem,"Ward, A   ",2024,ProvGCO,2024,Y,,,,,,,,,,,,,,,,,,,,,,,,,MarkRAMPMI
RA 0137 Mem 032,RA,137,137,32,,,Mem,"Booker-Card, A J  ",2025,,,,,,,,,,,,,,,,,,,,,,,,,,,,MarkRAMPMI
RA 0137 Mem 033,RA,137,137,33,,,Mem,"Selby, J G  ",2025,,,,,,,,,,,,,,,,,,,,,,,,,,,,MarkRAMPMI
RA 0137 Mem 034,RA,137,137,34,,,Mem,"Knowlton, C   ",2025,,,,,,,,,,,,,,,,,,,,,,,,,,,,MarkRAMPMI
RA 0137 Mem 035,RA,137,137,35,,,Mem,"Monaghan, W J  ",2025,,,,,,,,,,,,,,,,,,,,,,,,,,,,MarkRAMPMI
RA 0137 Mem 036,RA,137,137,36,,,Mem,"Bolt, B A J ",2026,,,,,,,,,,,,,,,,,,,,,,,,,,,,MarkRAMPMI
RA 0137 Off 001,RA,137,137,1,MEZ,1,Off,"Bolt, J   ",2017,,,,,,,,,,,,,,,,,,,,,,,,,,,,Officers
RA 0137 Off 002,RA,137,137,2,H,2,Off,"Dudley, S J  ",2019,,,,,,,,,,,,,,,,,,,,,,,,,,,,Officers
RA 0137 Off 003,RA,137,137,3,J,3,Off,"Ward, A   ",2024,,,,,,,,,,,,,,,,,,,,,,,,,,,,Officers
RA 0137 Off 004,RA,137,137,4,ScrE,4,Off,"Eaton, D F  ",1991,,,,,,,,,,,,,,,,,,,,,,,,,,,,Officers
RA 0137 Off 005,RA,137,137,5,ScrN,5,Off,"Ward, M T  ",2024,,,,,,,,,,,,,,,,,,,,,,,,,,,,Officers
RA 0137 Off 006,RA,137,137,6,Treas,6,Off,"Shaw, F J  ",1972,,,,,,,,,,,,,,,,,,,,,,,,,,,,Officers
RA 0137 Off 007,RA,137,137,7,DC,7,Off,"Bursey, R S  ",2007,,,,,,,,,,,,,,,,,,,,,,,,,,,,Officers
RA 0137 Off 008,RA,137,137,8,Alm,8,Off,"Eaton, D F  ",1991,,,,,,,,,,,,,,,,,,,,,,,,,,,,Officers
RA 0137 Off 009,RA,137,137,9,ChStwd,9,Off,"Selby, S T  ",2016,,,,,,,,,,,,,,,,,,,,,,,,,,,,Officers
RA 0137 Off 010,RA,137,137,10,PSoj,10,Off,"Colborne, M J  ",2010,,,,,,,,,,,,,,,,,,,,,,,,,,,,Officers
RA 0137 Off 011,RA,137,137,11,1stASoj,11,Off,,,,,,,,,,,,,,,,,,,,,,,,,,,,,,Officers
RA 0137 Off 012,RA,137,137,12,2ndASoj,12,Off,"Monaghan, W J  ",2025,,,,,,,,,,,,,,,,,,,,,,,,,,,,Officers
RA 0137 Off 013,RA,137,137,13,ADC,13,Off,"Ilott, P F  ",2004,,,,,,,,,,,,,,,,,,,,,,,,,,,,Officers
RA 0137 Off 014,RA,137,137,14,Org,14,Off,"Boylin, D   ",1971,,,,,,,,,,,,,,,,,,,,,,,,,,,,Officers
RA 0137 Off 015,RA,137,137,15,AScrE,15,Off,Vacant,,,,,,,,,,,,,,,,,,,,,,,,,,,,,Officers
RA 0137 Off 016,RA,137,137,16,Stwd,16,Off,"Tyler, G L  ",2022,,,,,,,,,,,,,,,,,,,,,,,,,,,,Officers
RA 0137 Off 017,RA,137,137,17,Jan,17,Off,"Johnston, A W  ",2018,,,,,,,,,,,,,,,,,,,,,,,,,,,,Officers
RA 0137 PMEZ 001,RA,137,137,1,,,PMEZ,"Shaw, F J  ",,PProvGReg,2018,,,,,,PAGSoj,2017,,1985,1985,,,,,,,,,,,,,,,,PMO
RA 0137 PMEZ 003,RA,137,137,3,,,PMEZ,"Howard, D   ",,PPGSN,2012,,,,,,,,,1992,1992,,,,,,,,,,,,,,,,PMO
RA 0137 PMEZ 004,RA,137,137,4,,,PMEZ,"Webb, D J  ",,PPGSN,2018,,,,,,,,,"2002, 2017",2002,,,,,,,,,,,,,,,,PMO
RA 0137 PMEZ 006,RA,137,137,6,,,PMEZ,"Russell, F   ",,PPGSN,2021,,,,,,,,,2004,2004,,,,,,,,,,,,,,,,PMO
RA 0137 PMEZ 008,RA,137,137,8,,,PMEZ,"Burgess, J R  ",,PPGStB,2008,,,,,,,,,2005,2005,,,,,,,,,,,,,,,,PMO
RA 0137 PMEZ 009,RA,137,137,9,,,PMEZ,"Eaton, D F  ",,PPGSN,2024,,,,,,,,,2006,2006,,,,,,,,,,,,,,,,PMO
RA 0137 PMEZ 011,RA,137,137,11,,,PMEZ,"Ilott, P F  ",,PPGSN,2025,,,,,,,,,"2009, 2012, 2013",2009,,,,,,,,,,,,,,,,PMO
RA 0137 PMEZ 014,RA,137,137,14,,,PMEZ,"Roberts, A C  ",,PPGReg,2024,,,,,,,,,"2010, 2018, 2019",2010,,,,,,,,,,,,,,,,PMO
RA 0137 PMEZ 015,RA,137,137,15,,,PMEZ,"Bursey, R S  ",,PProvGSoj,2024,,,,,,,,,2015,2015,,,,,,,,,,,,,,,,PMO
RA 0137 PMEZ 016,RA,137,137,16,,,PMEZ,"Burstow, M D  ",,PProvGSE,2023,,,,,,PAGSE,2024,,"2021, 2022",2021,,,,,,,,,,,,,,,,PMO
RA 0137 PMEZ 020,RA,137,137,20,,,PMEZ,"King, M D  ",,,,,PProvDepGReg (Sussex),2013,,,,,,"2023, 2024",2023,,,,,,,,,,,,,,,,PMO
RA 0170 Hon 001,RA,170,170,1,,,Hon,"Wood, N B  ",2026,PPGSN,2017,,PProvGSwdB (Bucks.),1994,,,,,,,,,,,,,,,,,,,,,,,Honorary
RA 0170 Inst 001,RA,170,170,1,,,Inst,,,,,,,,,,,,,,,November 7th 2025,,,,,,,,,,,,,,,DBLodges
RA 0170 JPMEZ 001,RA,170,170,1,,,JPMEZ,"Atkins, R V  ",2022,,,,PProvAGSoj (Bucks.),2016,,,,,C3062,,,,,,,,,,,,,,,,,,PMI
RA 0170 Mem 001,RA,170,170,1,,,Mem,"Abbiss, K   ",1987,2ndProvGPrin,2024,Y,,,,,,,,,,,,,,,,,,,,,,,,,MarkRAMPMI
RA 0170 Mem 002,RA,170,170,2,,,Mem,"Bonnett, D   ",1995,PPGSN,2021,,,,,,,,,,,,,,,,,,,,,,,,,,MarkRAMPMI
RA 0170 Mem 003,RA,170,170,3,,,Mem,"Pearce, J K  ",1996,,,,,,,,,,,,,,,,,,,,,,,,,,,,MarkRAMPMI
RA 0170 Mem 004,RA,170,170,4,,,Mem,"Culley, A E J ",1999,PPAGSoj,2025,,,,,,,,,,,,,,,,,,,,,,,,,,MarkRAMPMI
RA 0170 Mem 005,RA,170,170,5,,,Mem,"Watson, D R  ",2000,PPGSN,2024,,,,,,,,,,,,,,,,,,,,,,,,,,MarkRAMPMI
RA 0170 Mem 006,RA,170,170,6,,,Mem,"Walsh, D G  ",2001,,,,,,,,,,,,,,,,,,,,,,,,,,,,MarkRAMPMI
RA 0170 Mem 007,RA,170,170,7,,,Mem,"Harper, W B  ",2001,P3rdProvGPrin,2018,,,,,,,,,,,,,,,,,,,,,,,,,,MarkRAMPMI
RA 0170 Mem 008,RA,170,170,8,,,Mem,"Smith, A C  ",2003,PProvGStwd,2019,,,,,,,,,,,,,,,,,,,,,,,,,,MarkRAMPMI
RA 0170 Mem 009,RA,170,170,9,,,Mem,"MacGregor, J S  ",2003,,,,,,,,,,,,,,,,,,,,,,,,,,,,MarkRAMPMI
RA 0170 Mem 010,RA,170,170,10,,,Mem,"Capaldi, J R  ",2004,PPGSoj,2025,,,,,,,,,,,,,,,,,,,,,,,,,,MarkRAMPMI
RA 0170 Mem 011,RA,170,170,11,,,Mem,"Rashleigh, J W  ",2007,,,,,,,,,,,,,,,,,,,,,,,,,,,,MarkRAMPMI
RA 0170 Mem 012,RA,170,170,12,,,Mem,"Carter, J C  ",2008,PPGSoj,2022,,,,,,,,,,,,,,,,,,,,,,,,,,MarkRAMPMI
RA 0170 Mem 013,RA,170,170,13,,,Mem,"Bond, T A  ",2010,PPGSN,2025,,,,,,,,,,,,,,,,,,,,,,,,,,MarkRAMPMI
RA 0170 Mem 014,RA,170,170,14,,,Mem,"Barnes, T J  ",2014,PPGSN,2023,,,,,,,,,,,,,,,,,,,,,,,,,,MarkRAMPMI
RA 0170 Mem 015,RA,170,170,15,,,Mem,"Turner, K M  ",2016,,,,,,,,,,,,,,,,,,,,,,,,,,,,MarkRAMPMI
RA 0170 Mem 016,RA,170,170,16,,,Mem,"Stevenson, B J  ",2017,,,,,,,,,,,,,,,,,,,,,,,,,,,,MarkRAMPMI
RA 0170 Mem 017,RA,170,170,17,,,Mem,"Gould, M A  ",2017,,,,,,,,,,,,,,,,,,,,,,,,,,,,MarkRAMPMI
RA 0170 Mem 018,RA,170,170,18,,,Mem,"Sutcliffe, P M  ",2018,,,,PProvGSN (Surrey),2008,,,,,,,,,,,,,,,,,,,,,,,MarkRAMPMI
RA 0170 Mem 019,RA,170,170,19,,,Mem,"Tracey, A D  ",2018,,,,,,,,,,,,,,,,,,,,,,,,,,,,MarkRAMPMI
RA 0170 Mem 020,RA,170,170,20,,,Mem,"Muir, P M  ",2018,,,,,,SLGCR,2009,,,,,,,,,,,,,,,,,,,,,MarkRAMPMI
RA 0170 Mem 021,RA,170,170,21,,,Mem,"Fraquet, L   ",2019,,,,,,,,,,,,,,,,,,,,,,,,,,,,MarkRAMPMI
RA 0170 Mem 022,RA,170,170,22,,,Mem,"Gittins, C S  ",2019,,,,,,,,,,,,,,,,,,,,,,,,,,,,MarkRAMPMI
RA 0170 Mem 023,RA,170,170,23,,,Mem,"Osborn, L J  ",2020,,,,,,,,,,,,,,,,,,,,,,,,,,,,MarkRAMPMI
RA 0170 Mem 024,RA,170,170,24,,,Mem,"Ward, A J  ",2021,,,,,,,,,,,,,,,,,,,,,,,,,,,,MarkRAMPMI
RA 0170 Mem 025,RA,170,170,25,,,Mem,"Malins, T Q  ",2022,Prov2ndAsstGSoj,2025,Y,,,,,,,,,,,,,,,,,,,,,,,,,MarkRAMPMI
RA 0170 Mem 026,RA,170,170,26,,,Mem,"Atkins, R V  ",2022,,,,PProvAGSoj (Bucks.),2016,,,,,,,,,,,,,,,,,,,,,,,MarkRAMPMI
RA 0170 Mem 027,RA,170,170,27,,,Mem,"Ashwin, C L E ",2022,,,,,,,,,,,,,,,,,,,,,,,,,,,,MarkRAMPMI
RA 0170 Mem 028,RA,170,170,28,,,Mem,"Wallis, J   ",2023,,,,,,,,,,,,,,,,,,,,,,,,,,,,MarkRAMPMI
RA 0170 Mem 029,RA,170,170,29,,,Mem,"Williams, L A  ",2023,,,,,,,,,,,,,,,,,,,,,,,,,,,,MarkRAMPMI
RA 0170 Mem 030,RA,170,170,30,,,Mem,"Martin, D J  ",2024,,,,,,,,,,,,,,,,,,,,,,,,,,,,MarkRAMPMI
RA 0170 Mem 031,RA,170,170,31,,,Mem,"Olner, P W  ",2024,,,,,,,,,,,,,,,,,,,,,,,,,,,,MarkRAMPMI
RA 0170 Mem 032,RA,170,170,32,,,Mem,"Lantree, K J  ",2024,,,,,,,,,,,,,,,,,,,,,,,,,,,,MarkRAMPMI
RA 0170 Mem 033,RA,170,170,33,,,Mem,"Frampton, D N  ",2024,,,,,,,,,,,,,,,,,,,,,,,,,,,,MarkRAMPMI
RA 0170 Mem 034,RA,170,170,34,,,Mem,"Leakey, S A B ",2025,,,,,,,,,,,,,,,,,,,,,,,,,,,,MarkRAMPMI
RA 0170 Mem 035,RA,170,170,35,,,Mem,"Vickery, W J L ",2025,,,,,,,,,,,,,,,,,,,,,,,,,,,,MarkRAMPMI
RA 0170 Mem 036,RA,170,170,36,,,Mem,"Lowry, P N  ",2026,,,,,,,,,,,,,,,,,,,,,,,,,,,,MarkRAMPMI
RA 0170 Off 001,RA,170,170,1,MEZ,1,Off,"Tracey, A D  ",2018,,,,,,,,,,,,,,,,,,,,,,,,,,,,Officers
RA 0170 Off 002,RA,170,170,2,H,2,Off,"Smith, A C  ",2003,,,,,,,,,,,,,,,,,,,,,,,,,,,,Officers
RA 0170 Off 003,RA,170,170,3,J,3,Off,"Turner, K M  ",2016,,,,,,,,,,,,,,,,,,,,,,,,,,,,Officers
RA 0170 Off 004,RA,170,170,4,ScrE,4,Off,"Bond, T A  ",2010,,,,,,,,,,,,,,,,,,,,,,,,,,,,Officers
RA 0170 Off 005,RA,170,170,5,ScrN,5,Off,"Gittins, C S  ",2019,,,,,,,,,,,,,,,,,,,,,,,,,,,,Officers
RA 0170 Off 006,RA,170,170,6,Treas,6,Off,"Malins, T Q  ",2022,,,,,,,,,,,,,,,,,,,,,,,,,,,,Officers
RA 0170 Off 007,RA,170,170,7,DC,7,Off,"Abbiss, K   ",1987,,,,,,,,,,,,,,,,,,,,,,,,,,,,Officers
RA 0170 Off 008,RA,170,170,8,Alm,8,Off,"Sutcliffe, P M  ",2018,,,,,,,,,,,,,,,,,,,,,,,,,,,,Officers
RA 0170 Off 009,RA,170,170,9,ChStwd,9,Off,"Williams, L A  ",2023,,,,,,,,,,,,,,,,,,,,,,,,,,,,Officers
RA 0170 Off 010,RA,170,170,10,PSoj,10,Off,"Osborn, L J  ",2020,,,,,,,,,,,,,,,,,,,,,,,,,,,,Officers
RA 0170 Off 011,RA,170,170,11,1stASoj,11,Off,"Ward, A J  ",2021,,,,,,,,,,,,,,,,,,,,,,,,,,,,Officers
RA 0170 Off 012,RA,170,170,12,2ndASoj,12,Off,"Martin, D J  ",2024,,,,,,,,,,,,,,,,,,,,,,,,,,,,Officers
RA 0170 Off 013,RA,170,170,13,ADC,13,Off,"Watson, D R  ",2000,,,,,,,,,,,,,,,,,,,,,,,,,,,,Officers
RA 0170 Off 014,RA,170,170,14,Org,14,Off,Vacant,,,,,,,,,,,,,,,,,,,,,,,,,,,,,Officers
RA 0170 Off 015,RA,170,170,15,AScrE,15,Off,"Culley, A E J ",1999,,,,,,,,,,,,,,,,,,,,,,,,,,,,Officers
RA 0170 Off 016,RA,170,170,16,Stwd,16,Off,"Stevenson, B J  ",2017,,,,,,,,,,,,,,,,,,,,,,,,,,,,Officers
RA 0170 Off 017,RA,170,170,17,Stwd,16,Off,"Ashwin, C L E ",2022,,,,,,,,,,,,,,,,,,,,,,,,,,,,Officers
RA 0170 Off 018,RA,170,170,18,Stwd,16,Off,"Wallis, J   ",2023,,,,,,,,,,,,,,,,,,,,,,,,,,,,Officers
RA 0170 Off 019,RA,170,170,19,Stwd,16,Off,"Frampton, D N  ",2024,,,,,,,,,,,,,,,,,,,,,,,,,,,,Officers
RA 0170 Off 020,RA,170,170,20,Stwd,16,Off,"Vickery, W J L ",2025,,,,,,,,,,,,,,,,,,,,,,,,,,,,Officers
RA 0170 Off 021,RA,170,170,21,Jan,17,Off,"Capaldi, J R  ",2004,,,,,,,,,,,,,,,,,,,,,,,,,,,,Officers
RA 0170 PMEZ 001,RA,170,170,1,,,PMEZ,"Barnes, T J  ",,PPGSN,2023,,,,,,,,,"1998, 2001",1998,,,,,,,,,,,,,,,,PMO
RA 0170 PMEZ 002,RA,170,170,2,,,PMEZ,"Abbiss, K   ",,2ndProvGPrin,2024,,,,,,PGStB,2011,,"1999, 2016",1999,,,,,,,,,,,,,,,,PMO
RA 0170 PMEZ 007,RA,170,170,7,,,PMEZ,"Bonnett, D   ",,PPGSN,2021,,,,,,,,,2004,2004,,,,,,,,,,,,,,,,PMO
RA 0170 PMEZ 009,RA,170,170,9,,,PMEZ,"Harper, W B  ",,P3rdProvGPrin,2018,,,,,,PGStB,2016,,"2005, 2017",2005,,,,,,,,,,,,,,,,PMO
RA 0170 PMEZ 013,RA,170,170,13,,,PMEZ,"Watson, D R  ",,PPGSN,2024,,,,,,,,,2008,2008,,,,,,,,,,,,,,,,PMO
RA 0170 PMEZ 014,RA,170,170,14,,,PMEZ,"Bond, T A  ",,PPGSN,2025,,,,,,,,,2015,2015,,,,,,,,,,,,,,,,PMO
RA 0170 PMEZ 018,RA,170,170,18,,,PMEZ,"Carter, J C  ",,PPGSoj,2022,,,,,,,,,2018,2018,,,,,,,,,,,,,,,,PMO
RA 0170 PMEZ 019,RA,170,170,19,,,PMEZ,"Muir, P M  ",,,,,,,SLGCR,2009,PGStB,2016,,"2019, 2021",2019,,,,,,,,,,,,,,,,PMO
RA 0170 PMEZ 022,RA,170,170,22,,,PMEZ,"Sutcliffe, P M  ",,,,,PProvGSN (Surrey),2008,,,,,,2022,2022,,,,,,,,,,,,,,,,PMO
RA 0170 PMEZ 023,RA,170,170,23,,,PMEZ,"Capaldi, J R  ",,PPGSoj,2025,,,,,,,,,2023,2023,,,,,,,,,,,,,,,,PMO
RA 0170 PMEZ 025,RA,170,170,25,,,PMEZ,"Malins, T Q  ",,Prov2ndAsstGSoj,2025,,,,,,,,,2024,2024,,,,,,,,,,,,,,,,PMO
RA 0386 Hon 001,RA,386,386,1,,,Hon,"Lill, C J  ",2025,PDepGSupt,2015,,,,,,PGSwdB,2016,,,,,,,,,,,,,,,,,,,Honorary
RA 0386 Hon 002,RA,386,386,2,,,Hon,"Matthews, R E V ",2026,PPGReg,2024,,,,,,,,,,,,,,,,,,,,,,,,,,Honorary
RA 0386 Hon 003,RA,386,386,3,,,Hon,"Samways, B R  ",2023,PPGSoj,2019,,,,,,,,,,,,,,,,,,,,,,,,,,Honorary
RA 0386 Inst 001,RA,386,386,1,,,Inst,,,,,,,,,,,,,,,October 15th 2025,,,,,,,,,,,,,,,DBLodges
RA 0386 Mem 001,RA,386,386,1,,,Mem,"Bale, D W B ",1967,PProvGSwdB,1981,,,,,,,,,,,,,,,,,,,,,,,,,,MarkRAMPMI
RA 0386 Mem 002,RA,386,386,2,,,Mem,"Prax, G I  ",1980,PPGSN,2016,,,,,,,,,,,,,,,,,,,,,,,,,,MarkRAMPMI
RA 0386 Mem 003,RA,386,386,3,,,Mem,"Mack, D C  ",1996,PPGSN,2018,,,,,,,,,,,,,,,,,,,,,,,,,,MarkRAMPMI
RA 0386 Mem 004,RA,386,386,4,,,Mem,"Jones, A M  ",1996,,,,,,,,,,,,,,,,,,,,,,,,,,,,MarkRAMPMI
RA 0386 Mem 005,RA,386,386,5,,,Mem,"Diment-Davies, S   ",2000,PPGSwdB,2024,,,,,,,,,,,,,,,,,,,,,,,,,,MarkRAMPMI
RA 0386 Mem 006,RA,386,386,6,,,Mem,"O'Neill, P   ",2000,PPGSN,2008,,,,SLGCR,2000,,,,,,,,,,,,,,,,,,,,,MarkRAMPMI
RA 0386 Mem 007,RA,386,386,7,,,Mem,"Washbourne, A R  ",2015,PProvGStwd,2024,,,,,,,,,,,,,,,,,,,,,,,,,,MarkRAMPMI
RA 0386 Mem 008,RA,386,386,8,,,Mem,"Smith, K S W ",2015,PProvGStB,2023,,,,,,,,,,,,,,,,,,,,,,,,,,MarkRAMPMI
RA 0386 Mem 009,RA,386,386,9,,,Mem,"Lavin, M J  ",2016,,,,,,,,,,,,,,,,,,,,,,,,,,,,MarkRAMPMI
RA 0386 Mem 010,RA,386,386,10,,,Mem,"Orridge, A C  ",2016,,,,,,,,,,,,,,,,,,,,,,,,,,,,MarkRAMPMI
RA 0386 Mem 011,RA,386,386,11,,,Mem,"Paba, M J P ",2017,,,,,,,,,,,,,,,,,,,,,,,,,,,,MarkRAMPMI
RA 0386 Mem 012,RA,386,386,12,,,Mem,"Newby, I C A ",2018,,,,PProvAGSoj (Cheshire),2005,,,,,,,,,,,,,,,,,,,,,,,MarkRAMPMI
RA 0386 Mem 013,RA,386,386,13,,,Mem,"Oughton, I L  ",2018,,,,,,,,,,,,,,,,,,,,,,,,,,,,MarkRAMPMI
RA 0386 Mem 014,RA,386,386,14,,,Mem,"Cady, P T  ",2018,,,,,,,,,,,,,,,,,,,,,,,,,,,,MarkRAMPMI
RA 0386 Mem 015,RA,386,386,15,,,Mem,"Quant, S P  ",2019,,,,PProvGSwdB (Oxon.),2009-10,,,,,,,,,,,,,,,,,,,,,,,MarkRAMPMI
RA 0386 Mem 016,RA,386,386,16,,,Mem,"Stevens, M R  ",2019,,,,,,,,,,,,,,,,,,,,,,,,,,,,MarkRAMPMI
RA 0386 Mem 017,RA,386,386,17,,,Mem,"Scott, A P  ",2020,,,,,,,,,,,,,,,,,,,,,,,,,,,,MarkRAMPMI
RA 0386 Mem 018,RA,386,386,18,,,Mem,"Wilson, G J O ",2022,,,,,,,,,,,,,,,,,,,,,,,,,,,,MarkRAMPMI
RA 0386 Mem 019,RA,386,386,19,,,Mem,"Davey, I G  ",2022,,,,,,,,,,,,,,,,,,,,,,,,,,,,MarkRAMPMI
RA 0386 Mem 020,RA,386,386,20,,,Mem,"Renaut, M J  ",2023,,,,,,,,,,,,,,,,,,,,,,,,,,,,MarkRAMPMI
RA 0386 Mem 021,RA,386,386,21,,,Mem,"Lloyd, G H  ",2024,,,,,,,,,,,,,,,,,,,,,,,,,,,,MarkRAMPMI
RA 0386 Mem 022,RA,386,386,22,,,Mem,"Cross, S D  ",2024,,,,,,,,,,,,,,,,,,,,,,,,,,,,MarkRAMPMI
RA 0386 Mem 023,RA,386,386,23,,,Mem,"Booth, J F  ",2024,,,,,,,,,,,,,,,,,,,,,,,,,,,,MarkRAMPMI
RA 0386 Mem 024,RA,386,386,24,,,Mem,"Ricks, H F  ",2025,,,,,,,,,,,,,,,,,,,,,,,,,,,,MarkRAMPMI
RA 0386 Mem 025,RA,386,386,25,,,Mem,"Futcher, I A S ",2025,,,,,,,,,,,,,,,,,,,,,,,,,,,,MarkRAMPMI
RA 0386 Mem 026,RA,386,386,26,,,Mem,"Westwood, S   ",2026,,,,,,,,,,,,,,,,,,,,,,,,,,,,MarkRAMPMI
RA 0386 Off 001,RA,386,386,1,MEZ,1,Off,"Orridge, A C  ",2016,,,,,,,,,,,,,,,,,,,,,,,,,,,,Officers
RA 0386 Off 002,RA,386,386,2,H,2,Off,"Newby, I C A ",2018,,,,,,,,,,,,,,,,,,,,,,,,,,,,Officers
RA 0386 Off 003,RA,386,386,3,J,3,Off,"Lloyd, G H  ",2024,,,,,,,,,,,,,,,,,,,,,,,,,,,,Officers
RA 0386 Off 004,RA,386,386,4,ScrE,4,Off,"Smith, K S W ",2015,,,,,,,,,,,,,,,,,,,,,,,,,,,,Officers
RA 0386 Off 005,RA,386,386,5,ScrN,5,Off,"Davey, I G  ",2022,,,,,,,,,,,,,,,,,,,,,,,,,,,,Officers
RA 0386 Off 006,RA,386,386,6,Treas,6,Off,"Washbourne, A R  ",2015,,,,,,,,,,,,,,,,,,,,,,,,,,,,Officers
RA 0386 Off 007,RA,386,386,7,DC,7,Off,"Diment-Davies, S   ",2000,,,,,,,,,,,,,,,,,,,,,,,,,,,,Officers
RA 0386 Off 008,RA,386,386,8,Alm,8,Off,"Cady, P T  ",2018,,,,,,,,,,,,,,,,,,,,,,,,,,,,Officers
RA 0386 Off 009,RA,386,386,9,ChStwd,9,Off,"Newby, I C A ",2018,,,,,,,,,,,,,,,,,,,,,,,,,,,,Officers
RA 0386 Off 010,RA,386,386,10,PSoj,10,Off,"Stevens, M R  ",2019,,,,,,,,,,,,,,,,,,,,,,,,,,,,Officers
RA 0386 Off 011,RA,386,386,11,1stASoj,11,Off,"Wilson, G J O ",2022,,,,,,,,,,,,,,,,,,,,,,,,,,,,Officers
RA 0386 Off 012,RA,386,386,12,2ndASoj,12,Off,"Booth, J F  ",2024,,,,,,,,,,,,,,,,,,,,,,,,,,,,Officers
RA 0386 Off 013,RA,386,386,13,ADC,13,Off,"Bale, D W B ",1967,,,,,,,,,,,,,,,,,,,,,,,,,,,,Officers
RA 0386 Off 014,RA,386,386,14,Org,14,Off,Vacant,,,,,,,,,,,,,,,,,,,,,,,,,,,,,Officers
RA 0386 Off 015,RA,386,386,15,AScrE,15,Off,Vacant,,,,,,,,,,,,,,,,,,,,,,,,,,,,,Officers
RA 0386 Off 016,RA,386,386,16,Stwd,16,Off,"Oughton, I L  ",2018,,,,,,,,,,,,,,,,,,,,,,,,,,,,Officers
RA 0386 Off 017,RA,386,386,17,Stwd,16,Off,"Renaut, M J  ",2023,,,,,,,,,,,,,,,,,,,,,,,,,,,,Officers
RA 0386 Off 018,RA,386,386,18,Stwd,16,Off,"Cross, S D  ",2024,,,,,,,,,,,,,,,,,,,,,,,,,,,,Officers
RA 0386 Off 019,RA,386,386,19,Jan,17,Off,"Ricks, H F  ",2025,,,,,,,,,,,,,,,,,,,,,,,,,,,,Officers
RA 0386 PMEZ 001,RA,386,386,1,,,PMEZ,"Bale, D W B ",,PProvGSwdB,1981,,,,,,PAGDC,1988,,"1978, 2007, 2016, 2019",1978,,,,,,,,,,,,,,,,PMO
RA 0386 PMEZ 003,RA,386,386,3,,,PMEZ,"Prax, G I  ",,PPGSN,2016,,,,,,,,,1993,1993,,,,,,,,,,,,,,,,PMO
RA 0386 PMEZ 004,RA,386,386,4,,,PMEZ,"Mack, D C  ",,PPGSN,2018,,,,,,,,,2002,2002,,,,,,,,,,,,,,,,PMO
RA 0386 PMEZ 006,RA,386,386,6,,,PMEZ,"O'Neill, P   ",,PPGSN,2008,,,,SLGCR,2000,,,,"2005, 2018",2005,,,,,,,,,,,,,,,,PMO
RA 0386 PMEZ 007,RA,386,386,7,,,PMEZ,"Diment-Davies, S   ",,PPGSwdB,2024,,,,,,,,,"2008, 2017",2008,,,,,,,,,,,,,,,,PMO
RA 0386 PMEZ 009,RA,386,386,9,,,PMEZ,"Matthews, R E V ",,PPGReg,2024,,,,,,,,,2010,2010,,,,,,,,,,,,,,,,PMO
RA 0386 PMEZ 011,RA,386,386,11,,,PMEZ,"Samways, B R  ",,PPGSoj,2019,,,,,,,,,2014,2014,,,,,,,,,,,,,,,,PMO
RA 0386 PMEZ 013,RA,386,386,13,,,PMEZ,"Smith, K S W ",,PProvGStB,2023,,,,,,,,,2021,2021,,,,,,,,,,,,,,,,PMO
RA 0386 PMEZ 014,RA,386,386,14,,,PMEZ,"Newby, I C A ",,,,,PProvAGSoj (Cheshire),2005,,,,,,2022,2022,,,,,,,,,,,,,,,,PMO
RA 0386 PMEZ 015,RA,386,386,15,,,PMEZ,"Washbourne, A R  ",,PProvGStwd,2024,,,,,,,,,2023,2023,,,,,,,,,,,,,,,,PMO
RA 0386 PMEZ 017,RA,386,386,17,,,PMEZ,"Quant, S P  ",,,,,PProvGSwdB (Oxon.),2009-10,,,PGStB,2014,,2024,2024,,,,,,,,,,,,,,,,PMO
RA 0417 Hon 001,RA,417,417,1,,,Hon,"Barnes, K H  ",2008,PGSupt,1992,,,,,,PGSupt (Dorset),1992,,,,,,,,,,,,,,,,,,,Honorary
RA 0417 Hon 002,RA,417,417,2,,,Hon,"Collins, E A  ",2010,,,,,,,,,,,,,,,,,,,,,,,,,,,,Honorary
RA 0417 Hon 003,RA,417,417,3,,,Hon,"James, S A  ",2026,GSupt,2024,,,,,,GSupt (Dorset),2024,,,,,,,,,,,,,,,,,,,Honorary
RA 0417 Inst 001,RA,417,417,1,,,Inst,,,,,,,,,,,,,,,February 23rd 2026,,,,,,,,,,,,,,,DBLodges
RA 0417 JPMEZ 001,RA,417,417,1,,,JPMEZ,"Parkes, B E  ",1995,PPGSN,2017,,PProvGStwd (Essex),1994-98,,,,,"C7808, C3366",,,,,,,,,,,,,,,,,,PMI
RA 0417 JPMEZ 002,RA,417,417,2,,,JPMEZ,"Parkes, R W  ",2022,PProvGSwdB,2023,,,,,,,,C3473,,,,,,,,,,,,,,,,,,PMI
RA 0417 JPMEZ 003,RA,417,417,3,,,JPMEZ,"Fry, A N  ",2024,PPGSwdB,2018,,,,,,,,C1037,,,,,,,,,,,,,,,,,,PMI
RA 0417 JPMEZ 004,RA,417,417,4,,,JPMEZ,"Parkes, M R  ",2025,PPGSwdB,2025,,,,,,,,C7986,,,,,,,,,,,,,,,,,,PMI
RA 0417 JPMEZ 005,RA,417,417,5,,,JPMEZ,"Hinsley, M C  ",2026,DepGSupt,2024,Y,,,,,PGSwdB,2025,C1266,,,,,,,,,,,,,,,,,,PMI
RA 0417 JPMEZ 006,RA,417,417,6,,,JPMEZ,"Burstow, M D  ",2026,PProvGSE,2023,,,,,,PAGSE,2024,C137,,,,,,,,,,,,,,,,,,PMI
RA 0417 JPMEZ 007,RA,417,417,7,,,JPMEZ,"House, N M D ",2026,3rdProvGPrin,2024,Y,,,,,PGStB,2025,"C2689, C3366",,,,,,,,,,,,,,,,,,PMI
RA 0417 JPMEZ 008,RA,417,417,8,,,JPMEZ,"Washbourne, A R  ",2026,PProvGStwd,2024,,,,,,,,C386,,,,,,,,,,,,,,,,,,PMI
RA 0417 JPMEZ 009,RA,417,417,9,,,JPMEZ,"Green, T   ",2026,ProvGSE,2024,Y,,,,,,,"C1037, C1367",,,,,,,,,,,,,,,,,,PMI
RA 0417 JPMEZ 010,RA,417,417,10,,,JPMEZ,"Haines, M V  ",2026,PPGReg,2023,,,,,,,,C1266,,,,,,,,,,,,,,,,,,PMI
RA 0417 JPMEZ 011,RA,417,417,11,,,JPMEZ,"Abbiss, K   ",2026,2ndProvGPrin,2024,Y,,,,,PGStB,2011,C170,,,,,,,,,,,,,,,,,,PMI
RA 0417 JPMEZ 012,RA,417,417,12,,,JPMEZ,"Shaw, K J  ",2026,ProvGJan,2025,Y,,,,,,,C3473,,,,,,,,,,,,,,,,,,PMI
RA 0417 Mem 001,RA,417,417,1,,,Mem,"Willcock, D J W ",1986,P2ndProvGPrin,2007,,,,,,,,,,,,,,,,,,,,,,,,,,MarkRAMPMI
RA 0417 Mem 002,RA,417,417,2,,,Mem,"Baker, P J  ",1990,PPGSN,2017,,,,,,,,,,,,,,,,,,,,,,,,,,MarkRAMPMI
RA 0417 Mem 003,RA,417,417,3,,,Mem,"Parkes, B E  ",1995,PPGSN,2017,,PProvGStwd (Essex),1994-98,,,,,,,,,,,,,,,,,,,,,,,MarkRAMPMI
RA 0417 Mem 004,RA,417,417,4,,,Mem,"Warren, C L  ",1997,,,,,,,,,,,,,,,,,,,,,,,,,,,,MarkRAMPMI
RA 0417 Mem 005,RA,417,417,5,,,Mem,"Cooper, J D  ",1998,PPGSwdB,2017,,,,,,,,,,,,,,,,,,,,,,,,,,MarkRAMPMI
RA 0417 Mem 006,RA,417,417,6,,,Mem,"Dunford, D   ",1998,PPGSwdB,2019,,,,,,,,,,,,,,,,,,,,,,,,,,MarkRAMPMI
RA 0417 Mem 007,RA,417,417,7,,,Mem,"Woollett, C E L ",1998,PPGSN,2021,,,,,,,,,,,,,,,,,,,,,,,,,,MarkRAMPMI
RA 0417 Mem 008,RA,417,417,8,,,Mem,"Blackburn, E E  ",2000,PPGOrg,2022,,,,,,,,,,,,,,,,,,,,,,,,,,MarkRAMPMI
RA 0417 Mem 009,RA,417,417,9,,,Mem,"Fox-Collins, S   ",2006,,,,,,,,,,,,,,,,,,,,,,,,,,,,MarkRAMPMI
RA 0417 Mem 010,RA,417,417,10,,,Mem,"Southam, R A E ",2007,PProvGStB,2021,,,,,,,,,,,,,,,,,,,,,,,,,,MarkRAMPMI
RA 0417 Mem 011,RA,417,417,11,,,Mem,"Buchanan, I E  ",2010,,,,,,,,,,,,,,,,,,,,,,,,,,,,MarkRAMPMI
RA 0417 Mem 012,RA,417,417,12,,,Mem,"Gormley, B J  ",2012,PPGSoj,2023,,,,,,,,,,,,,,,,,,,,,,,,,,MarkRAMPMI
RA 0417 Mem 013,RA,417,417,13,,,Mem,"Palacio, J   ",2019,,,,,,,,,,,,,,,,,,,,,,,,,,,,MarkRAMPMI
RA 0417 Mem 014,RA,417,417,14,,,Mem,"Harper, W B  ",2022,P3rdProvGPrin,2018,,,,,,,,,,,,,,,,,,,,,,,,,,MarkRAMPMI
RA 0417 Mem 015,RA,417,417,15,,,Mem,"Parkes, R W  ",2022,PProvGSwdB,2023,,,,,,,,,,,,,,,,,,,,,,,,,,MarkRAMPMI
RA 0417 Mem 016,RA,417,417,16,,,Mem,"Bond, T A  ",2022,PPGSN,2025,,,,,,,,,,,,,,,,,,,,,,,,,,MarkRAMPMI
RA 0417 Mem 017,RA,417,417,17,,,Mem,"Atendido, R   ",2023,,,,,,,,,,,,,,,,,,,,,,,,,,,,MarkRAMPMI
RA 0417 Mem 018,RA,417,417,18,,,Mem,"Latham, K F  ",2023,,,,,,,,,,,,,,,,,,,,,,,,,,,,MarkRAMPMI
RA 0417 Mem 019,RA,417,417,19,,,Mem,"Fry, A N  ",2024,PPGSwdB,2018,,,,,,,,,,,,,,,,,,,,,,,,,,MarkRAMPMI
RA 0417 Mem 020,RA,417,417,20,,,Mem,"Cady, P T  ",2025,,,,,,,,,,,,,,,,,,,,,,,,,,,,MarkRAMPMI
RA 0417 Mem 021,RA,417,417,21,,,Mem,"Andrade De Azeredo Coutinho, G   ",2025,,,,,,,,,,,,,,,,,,,,,,,,,,,,MarkRAMPMI
RA 0417 Mem 022,RA,417,417,22,,,Mem,"Parkes, M R  ",2025,PPGSwdB,2025,,,,,,,,,,,,,,,,,,,,,,,,,,MarkRAMPMI
RA 0417 Mem 023,RA,417,417,23,,,Mem,"Goodall, M J  ",2025,,,,,,,,,,,,,,,,,,,,,,,,,,,,MarkRAMPMI
RA 0417 Mem 024,RA,417,417,24,,,Mem,"Perkins, A M  ",2026,,,,,,,,,,,,,,,,,,,,,,,,,,,,MarkRAMPMI
RA 0417 Mem 025,RA,417,417,25,,,Mem,"Washbourne, A R  ",2026,PProvGStwd,2024,,,,,,,,,,,,,,,,,,,,,,,,,,MarkRAMPMI
RA 0417 Mem 026,RA,417,417,26,,,Mem,"Haines, M V  ",2026,PPGReg,2023,,,,,,,,,,,,,,,,,,,,,,,,,,MarkRAMPMI
RA 0417 Mem 027,RA,417,417,27,,,Mem,"Green, T   ",2026,ProvGSE,2024,Y,,,,,,,,,,,,,,,,,,,,,,,,,MarkRAMPMI
RA 0417 Mem 028,RA,417,417,28,,,Mem,"Ward, A   ",2026,ProvGCO,2024,Y,,,,,,,,,,,,,,,,,,,,,,,,,MarkRAMPMI
RA 0417 Mem 029,RA,417,417,29,,,Mem,"Abbiss, K   ",2026,2ndProvGPrin,2024,Y,,,,,,,,,,,,,,,,,,,,,,,,,MarkRAMPMI
RA 0417 Mem 030,RA,417,417,30,,,Mem,"Shaw, K J  ",2026,ProvGJan,2025,Y,,,,,,,,,,,,,,,,,,,,,,,,,MarkRAMPMI
RA 0417 Mem 031,RA,417,417,31,,,Mem,"Turner, K M  ",2026,,,,,,,,,,,,,,,,,,,,,,,,,,,,MarkRAMPMI
RA 0417 Mem 032,RA,417,417,32,,,Mem,"Barrett, J J  ",2026,,,,,,,,,,,,,,,,,,,,,,,,,,,,MarkRAMPMI
RA 0417 Mem 033,RA,417,417,33,,,Mem,"Burstow, M D  ",2026,PProvGSE,2023,,,,,,,,,,,,,,,,,,,,,,,,,,MarkRAMPMI
RA 0417 Mem 034,RA,417,417,34,,,Mem,"House, N M D ",2026,3rdProvGPrin,2024,Y,,,,,,,,,,,,,,,,,,,,,,,,,MarkRAMPMI
RA 0417 Mem 035,RA,417,417,35,,,Mem,"Hinsley, M C  ",2026,DepGSupt,2024,Y,,,,,,,,,,,,,,,,,,,,,,,,,MarkRAMPMI
RA 0417 Off 001,RA,417,417,1,MEZ,1,Off,"Fry, A N  ",2024,,,,,,,,,,,,,,,,,,,,,,,,,,,,Officers
RA 0417 Off 002,RA,417,417,2,H,2,Off,"Palacio, J   ",2019,,,,,,,,,,,,,,,,,,,,,,,,,,,,Officers
RA 0417 Off 003,RA,417,417,3,J,3,Off,"Latham, K F  ",2023,,,,,,,,,,,,,,,,,,,,,,,,,,,,Officers
RA 0417 Off 004,RA,417,417,4,ScrE,4,Off,"Parkes, R W  ",2022,,,,,,,,,,,,,,,,,,,,,,,,,,,,Officers
RA 0417 Off 005,RA,417,417,5,ScrN,5,Off,"Cady, P T  ",2025,,,,,,,,,,,,,,,,,,,,,,,,,,,,Officers
RA 0417 Off 006,RA,417,417,6,Treas,6,Off,"Parkes, M R  ",2025,,,,,,,,,,,,,,,,,,,,,,,,,,,,Officers
RA 0417 Off 007,RA,417,417,7,DC,7,Off,"Southam, R A E ",2007,,,,,,,,,,,,,,,,,,,,,,,,,,,,Officers
RA 0417 Off 008,RA,417,417,8,Alm,8,Off,Vacant,,,,,,,,,,,,,,,,,,,,,,,,,,,,,Officers
RA 0417 Off 009,RA,417,417,9,ChStwd,9,Off,Vacant,,,,,,,,,,,,,,,,,,,,,,,,,,,,,Officers
RA 0417 Off 010,RA,417,417,10,PSoj,10,Off,"Dunford, D   ",1998,,,,,,,,,,,,,,,,,,,,,,,,,,,,Officers
RA 0417 Off 011,RA,417,417,11,1stASoj,11,Off,"Perkins, A M  ",2026,,,,,,,,,,,,,,,,,,,,,,,,,,,,Officers
RA 0417 Off 012,RA,417,417,12,2ndASoj,12,Off,"Atendido, R   ",2023,,,,,,,,,,,,,,,,,,,,,,,,,,,,Officers
RA 0417 Off 013,RA,417,417,13,ADC,13,Off,"Harper, W B  ",2022,,,,,,,,,,,,,,,,,,,,,,,,,,,,Officers
RA 0417 Off 014,RA,417,417,14,Org,14,Off,Vacant,,,,,,,,,,,,,,,,,,,,,,,,,,,,,Officers
RA 0417 Off 015,RA,417,417,15,AScrE,15,Off,Vacant,,,,,,,,,,,,,,,,,,,,,,,,,,,,,Officers
RA 0417 Off 016,RA,417,417,16,Stwd,16,Off,"Andrade De Azeredo Coutinho, G   ",2025,,,,,,,,,,,,,,,,,,,,,,,,,,,,Officers
RA 0417 Off 017,RA,417,417,17,Stwd,16,Off,"Goodall, M J  ",2025,,,,,,,,,,,,,,,,,,,,,,,,,,,,Officers
RA 0417 Off 018,RA,417,417,18,Jan,17,Off,"Bond, T A  ",2022,,,,,,,,,,,,,,,,,,,,,,,,,,,,Officers
RA 0417 PMEZ 001,RA,417,417,1,,,PMEZ,"Collins, E A  ",,,,,,,,,,,,1983,1983,,,,,,,,,,,,,,,,PMO
RA 0417 PMEZ 002,RA,417,417,2,,,PMEZ,"Willcock, D J W ",,P2ndProvGPrin,2007,,,,,,PGStB,2007,,1995,1995,,,,,,,,,,,,,,,,PMO
RA 0417 PMEZ 003,RA,417,417,3,,,PMEZ,"Baker, P J  ",,PPGSN,2017,,,,,,,,,2001,2001,,,,,,,,,,,,,,,,PMO
RA 0417 PMEZ 005,RA,417,417,5,,,PMEZ,"Dunford, D   ",,PPGSwdB,2019,,,,,,PAGDC,2025,,2006,2006,,,,,,,,,,,,,,,,PMO
RA 0417 PMEZ 006,RA,417,417,6,,,PMEZ,"Cooper, J D  ",,PPGSwdB,2017,,,,,,,,,2008,2008,,,,,,,,,,,,,,,,PMO
RA 0417 PMEZ 008,RA,417,417,8,,,PMEZ,"Woollett, C E L ",,PPGSN,2021,,,,,,,,,2010,2010,,,,,,,,,,,,,,,,PMO
RA 0417 PMEZ 009,RA,417,417,9,,,PMEZ,"Southam, R A E ",,PProvGStB,2021,,,,,,,,,"2018, 2019",2018,,,,,,,,,,,,,,,,PMO
RA 0417 PMEZ 010,RA,417,417,10,,,PMEZ,"Gormley, B J  ",,PPGSoj,2023,,,,,,,,,"2021, 2022, 2023",2021,,,,,,,,,,,,,,,,PMO
RA 0417 PMEZ 011,RA,417,417,11,,,PMEZ,"Harper, W B  ",,P3rdProvGPrin,2018,,,,,,PGStB,2016,,2024,2024,,,,,,,,,,,,,,,,PMO
RA 0417 PMEZ 015,RA,417,417,15,,,PMEZ,"Bond, T A  ",,PPGSN,2025,,,,,,,,,2025,2025,,,,,,,,,,,,,,,,PMO
RA 0622 Hon 001,RA,622,622,1,,,Hon,"Boylin, D   ",2022,ProvGOrg,2018,,,,,,,,,,,,,,,,,,,,,,,,,,Honorary
RA 0622 Inst 001,RA,622,622,1,,,Inst,,,,,,,,,,,,,,,October 16th 2025,,,,,,,,,,,,,,,DBLodges
RA 0622 JPMEZ 001,RA,622,622,1,,,JPMEZ,"Bolton, S W  ",1994,,,,PProvGSN (W. Lancs.),2018-19,,,PGStB,2019,"C5555, C314",,,,,,,,,,,,,,,,,,PMI
RA 0622 JPMEZ 002,RA,622,622,2,,,JPMEZ,"Frostick, D J B ",2017,PPAGDC,2025,,,,,,,,C4234,,,,,,,,,,,,,,,,,,PMI
RA 0622 JPMEZ 003,RA,622,622,3,,,JPMEZ,"Smith, G J  ",2020,PPAGDC,2025,,,,,,,,C1266,,,,,,,,,,,,,,,,,,PMI
RA 0622 JPMEZ 004,RA,622,622,4,,,JPMEZ,"Brewer, A   ",2023,ProvGReg,2025,Y,PProvAGSoj (Berks.),2025,,,,,C8421,,,,,,,,,,,,,,,,,,PMI
RA 0622 JPMEZ 005,RA,622,622,5,,,JPMEZ,"Francis, R E  ",2024,PPGSwdB,2022,,,,,,,,C2559,,,,,,,,,,,,,,,,,,PMI
RA 0622 JPMEZ 006,RA,622,622,6,,,JPMEZ,"Fletcher, J N  ",2025,PPGStB,2025,,,,,,,,C5539,,,,,,,,,,,,,,,,,,PMI
RA 0622 Mem 001,RA,622,622,1,,,Mem,"Howes, K J  ",1993,PPGSoj,2009,,,,,,,,,,,,,,,,,,,,,,,,,,MarkRAMPMI
RA 0622 Mem 002,RA,622,622,2,,,Mem,"Heaton, R D  ",1993,PPGSN,2022,,,,,,,,,,,,,,,,,,,,,,,,,,MarkRAMPMI
RA 0622 Mem 003,RA,622,622,3,,,Mem,"Bolton, S W  ",1994,,,,PProvGSN (W. Lancs.),2018-19,,,,,,,,,,,,,,,,,,,,,,,MarkRAMPMI
RA 0622 Mem 004,RA,622,622,4,,,Mem,"Gomm, J G  ",1997,PPGSwdB,2017,,,,,,,,,,,,,,,,,,,,,,,,,,MarkRAMPMI
RA 0622 Mem 005,RA,622,622,5,,,Mem,"Day, D J  ",1999,PProvGSN,2024,,,,,,,,,,,,,,,,,,,,,,,,,,MarkRAMPMI
RA 0622 Mem 006,RA,622,622,6,,,Mem,"Hobbs, B K  ",2003,PPGSN,2023,,,,,,,,,,,,,,,,,,,,,,,,,,MarkRAMPMI
RA 0622 Mem 007,RA,622,622,7,,,Mem,"Leach, R J  ",2004,PProvGSwdB,2024,,,,,,,,,,,,,,,,,,,,,,,,,,MarkRAMPMI
RA 0622 Mem 008,RA,622,622,8,,,Mem,"Allen, R H  ",2005,PProv2ndAGSoj,2019,,,,,,,,,,,,,,,,,,,,,,,,,,MarkRAMPMI
RA 0622 Mem 009,RA,622,622,9,,,Mem,"Slocock, C J  ",2008,,,,,,,,,,,,,,,,,,,,,,,,,,,,MarkRAMPMI
RA 0622 Mem 010,RA,622,622,10,,,Mem,"Hayes, A J  ",2008,PProvAGDC,2021,,,,,,,,,,,,,,,,,,,,,,,,,,MarkRAMPMI
RA 0622 Mem 011,RA,622,622,11,,,Mem,"Ruffell, G J  ",2009,PPGSoj,2022,,,,,,,,,,,,,,,,,,,,,,,,,,MarkRAMPMI
RA 0622 Mem 012,RA,622,622,12,,,Mem,"White, A J  ",2010,PProvGStB,2017,,,,,,,,,,,,,,,,,,,,,,,,,,MarkRAMPMI
RA 0622 Mem 013,RA,622,622,13,,,Mem,"Knights, G S  ",2010,PPGSN,2025,,,,,,,,,,,,,,,,,,,,,,,,,,MarkRAMPMI
RA 0622 Mem 014,RA,622,622,14,,,Mem,"Plowman, J E A ",2011,ProvGStwd,2025,Y,,,,,,,,,,,,,,,,,,,,,,,,,MarkRAMPMI
RA 0622 Mem 015,RA,622,622,15,,,Mem,"Gibson, M J  ",2014,ProvGDC,2024,Y,,,,,,,,,,,,,,,,,,,,,,,,,MarkRAMPMI
RA 0622 Mem 016,RA,622,622,16,,,Mem,"Leach, S J  ",2015,,,,,,,,,,,,,,,,,,,,,,,,,,,,MarkRAMPMI
RA 0622 Mem 017,RA,622,622,17,,,Mem,"Beacham, R J  ",2016,,,,,,,,,,,,,,,,,,,,,,,,,,,,MarkRAMPMI
RA 0622 Mem 018,RA,622,622,18,,,Mem,"Frostick, D J B ",2017,PPAGDC,2025,,,,,,,,,,,,,,,,,,,,,,,,,,MarkRAMPMI
RA 0622 Mem 019,RA,622,622,19,,,Mem,"Daniel, M   ",2017,,,,,,,,,,,,,,,,,,,,,,,,,,,,MarkRAMPMI
RA 0622 Mem 020,RA,622,622,20,,,Mem,"Binder, M J D S",2017,,,,,,,,,,,,,,,,,,,,,,,,,,,,MarkRAMPMI
RA 0622 Mem 021,RA,622,622,21,,,Mem,"Harding, D A N ",2018,,,,,,,,,,,,,,,,,,,,,,,,,,,,MarkRAMPMI
RA 0622 Mem 022,RA,622,622,22,,,Mem,"Evans, P M  ",2018,,,,,,,,,,,,,,,,,,,,,,,,,,,,MarkRAMPMI
RA 0622 Mem 023,RA,622,622,23,,,Mem,"Axtell, P S  ",2018,,,,,,,,,,,,,,,,,,,,,,,,,,,,MarkRAMPMI
RA 0622 Mem 024,RA,622,622,24,,,Mem,"Hall, A M  ",2019,,,,,,,,,,,,,,,,,,,,,,,,,,,,MarkRAMPMI
RA 0622 Mem 025,RA,622,622,25,,,Mem,"Bouchex, P L J ",2020,,,,,,,,,,,,,,,,,,,,,,,,,,,,MarkRAMPMI
RA 0622 Mem 026,RA,622,622,26,,,Mem,"Smith, G J  ",2020,PPAGDC,2025,,,,,,,,,,,,,,,,,,,,,,,,,,MarkRAMPMI
RA 0622 Mem 027,RA,622,622,27,,,Mem,"Gale, A P T ",2021,ProvGAlm,2024,Y,,,,,,,,,,,,,,,,,,,,,,,,,MarkRAMPMI
RA 0622 Mem 028,RA,622,622,28,,,Mem,"Bunce, C J  ",2021,,,,,,,,,,,,,,,,,,,,,,,,,,,,MarkRAMPMI
RA 0622 Mem 029,RA,622,622,29,,,Mem,"Furby, M N  ",2022,,,,,,,,,,,,,,,,,,,,,,,,,,,,MarkRAMPMI
RA 0622 Mem 030,RA,622,622,30,,,Mem,"Hendry, R K  ",2022,,,,,,,,,,,,,,,,,,,,,,,,,,,,MarkRAMPMI
RA 0622 Mem 031,RA,622,622,31,,,Mem,"Burridge, D R  ",2022,,,,,,,,,,,,,,,,,,,,,,,,,,,,MarkRAMPMI
RA 0622 Mem 032,RA,622,622,32,,,Mem,"Brewer, A   ",2023,ProvGReg,2025,Y,PProvAGSoj (Berks.),2025,,,,,,,,,,,,,,,,,,,,,,,MarkRAMPMI
RA 0622 Mem 033,RA,622,622,33,,,Mem,"Keene, A B  ",2023,,,,,,,,,,,,,,,,,,,,,,,,,,,,MarkRAMPMI
RA 0622 Mem 034,RA,622,622,34,,,Mem,"Sandy, I M  ",2023,,,,,,,,,,,,,,,,,,,,,,,,,,,,MarkRAMPMI
RA 0622 Mem 035,RA,622,622,35,,,Mem,"Peck, J G  ",2023,,,,,,,,,,,,,,,,,,,,,,,,,,,,MarkRAMPMI
RA 0622 Mem 036,RA,622,622,36,,,Mem,"Simmons, M D  ",2023,,,,,,,,,,,,,,,,,,,,,,,,,,,,MarkRAMPMI
RA 0622 Mem 037,RA,622,622,37,,,Mem,"Browning, R T  ",2024,,,,,,,,,,,,,,,,,,,,,,,,,,,,MarkRAMPMI
RA 0622 Mem 038,RA,622,622,38,,,Mem,"Francis, R E  ",2024,PPGSwdB,2022,,,,,,,,,,,,,,,,,,,,,,,,,,MarkRAMPMI
RA 0622 Mem 039,RA,622,622,39,,,Mem,"Goddard, R I  ",2024,,,,,,,,,,,,,,,,,,,,,,,,,,,,MarkRAMPMI
RA 0622 Mem 040,RA,622,622,40,,,Mem,"Conway, P J  ",2024,,,,,,,,,,,,,,,,,,,,,,,,,,,,MarkRAMPMI
RA 0622 Mem 041,RA,622,622,41,,,Mem,"Pereira, A J  ",2024,,,,,,,,,,,,,,,,,,,,,,,,,,,,MarkRAMPMI
RA 0622 Mem 042,RA,622,622,42,,,Mem,"Hughes, M L  ",2024,,,,,,,,,,,,,,,,,,,,,,,,,,,,MarkRAMPMI
RA 0622 Mem 043,RA,622,622,43,,,Mem,"Bigham, W J  ",2024,,,,,,,,,,,,,,,,,,,,,,,,,,,,MarkRAMPMI
RA 0622 Mem 044,RA,622,622,44,,,Mem,"Beel, D C  ",2024,,,,,,,,,,,,,,,,,,,,,,,,,,,,MarkRAMPMI
RA 0622 Mem 045,RA,622,622,45,,,Mem,"Alford, A D  ",2025,,,,,,,,,,,,,,,,,,,,,,,,,,,,MarkRAMPMI
RA 0622 Mem 046,RA,622,622,46,,,Mem,"Fletcher, J N  ",2025,PPGStB,2025,,,,,,,,,,,,,,,,,,,,,,,,,,MarkRAMPMI
RA 0622 Mem 047,RA,622,622,47,,,Mem,"Hickson, A D  ",2025,,,,,,,,,,,,,,,,,,,,,,,,,,,,MarkRAMPMI
RA 0622 Mem 048,RA,622,622,48,,,Mem,"Neary, M C  ",2025,,,,,,,,,,,,,,,,,,,,,,,,,,,,MarkRAMPMI
RA 0622 Mem 049,RA,622,622,49,,,Mem,"Plowman, V K  ",2025,,,,,,,,,,,,,,,,,,,,,,,,,,,,MarkRAMPMI
RA 0622 Mem 050,RA,622,622,50,,,Mem,"Ball, S G  ",2025,,,,,,,,,,,,,,,,,,,,,,,,,,,,MarkRAMPMI
RA 0622 Mem 051,RA,622,622,51,,,Mem,"Strange, S R D ",2025,,,,,,,,,,,,,,,,,,,,,,,,,,,,MarkRAMPMI
RA 0622 Mem 052,RA,622,622,52,,,Mem,"Roff, P D  ",2025,,,,,,,,,,,,,,,,,,,,,,,,,,,,MarkRAMPMI
RA 0622 Mem 053,RA,622,622,53,,,Mem,"Bartlett, J L  ",2025,,,,,,,,,,,,,,,,,,,,,,,,,,,,MarkRAMPMI
RA 0622 Mem 054,RA,622,622,54,,,Mem,"Lake, D C  ",2026,,,,,,,,,,,,,,,,,,,,,,,,,,,,MarkRAMPMI
RA 0622 Mem 055,RA,622,622,55,,,Mem,"Denmark, P D  ",2026,,,,,,,,,,,,,,,,,,,,,,,,,,,,MarkRAMPMI
RA 0622 Mem 056,RA,622,622,56,,,Mem,"Smith, D N  ",2026,,,,,,,,,,,,,,,,,,,,,,,,,,,,MarkRAMPMI
RA 0622 Mem 057,RA,622,622,57,,,Mem,"Sharpe, M J  ",2026,,,,,,,,,,,,,,,,,,,,,,,,,,,,MarkRAMPMI
RA 0622 Mem 058,RA,622,622,58,,,Mem,"Halfhide, R C  ",2026,,,,,,,,,,,,,,,,,,,,,,,,,,,,MarkRAMPMI
RA 0622 Mem 059,RA,622,622,59,,,Mem,"Thompson, M J  ",2026,,,,,,,,,,,,,,,,,,,,,,,,,,,,MarkRAMPMI
RA 0622 Mem 060,RA,622,622,60,,,Mem,"Legg, A C  ",2026,,,,,,,,,,,,,,,,,,,,,,,,,,,,MarkRAMPMI
RA 0622 Mem 061,RA,622,622,61,,,Mem,"Hewitt, D B  ",2026,,,,,,,,,,,,,,,,,,,,,,,,,,,,MarkRAMPMI
RA 0622 Mem 062,RA,622,622,62,,,Mem,"Boyd, P W  ",2026,,,,,,,,,,,,,,,,,,,,,,,,,,,,MarkRAMPMI
RA 0622 Off 001,RA,622,622,1,MEZ,1,Off,"Day, D J  ",1999,,,,,,,,,,,,,,,,,,,,,,,,,,,,Officers
RA 0622 Off 002,RA,622,622,2,H,2,Off,"Beacham, R J  ",2016,,,,,,,,,,,,,,,,,,,,,,,,,,,,Officers
RA 0622 Off 003,RA,622,622,3,J,3,Off,"Gale, A P T ",2021,,,,,,,,,,,,,,,,,,,,,,,,,,,,Officers
RA 0622 Off 004,RA,622,622,4,ScrE,4,Off,"Brewer, A   ",2023,,,,,,,,,,,,,,,,,,,,,,,,,,,,Officers
RA 0622 Off 005,RA,622,622,5,ScrN,5,Off,"Leach, S J  ",2015,,,,,,,,,,,,,,,,,,,,,,,,,,,,Officers
RA 0622 Off 006,RA,622,622,6,Treas,6,Off,"Gibson, M J  ",2014,,,,,,,,,,,,,,,,,,,,,,,,,,,,Officers
RA 0622 Off 007,RA,622,622,7,DC,7,Off,"Knights, G S  ",2010,,,,,,,,,,,,,,,,,,,,,,,,,,,,Officers
RA 0622 Off 008,RA,622,622,8,Alm,8,Off,"Hayes, A J  ",2008,,,,,,,,,,,,,,,,,,,,,,,,,,,,Officers
RA 0622 Off 009,RA,622,622,9,ChStwd,9,Off,"Allen, R H  ",2005,,,,,,,,,,,,,,,,,,,,,,,,,,,,Officers
RA 0622 Off 010,RA,622,622,10,PSoj,10,Off,"Peck, J G  ",2023,,,,,,,,,,,,,,,,,,,,,,,,,,,,Officers
RA 0622 Off 011,RA,622,622,11,1stASoj,11,Off,"Bouchex, P L J ",2020,,,,,,,,,,,,,,,,,,,,,,,,,,,,Officers
RA 0622 Off 012,RA,622,622,12,2ndASoj,12,Off,"Sandy, I M  ",2023,,,,,,,,,,,,,,,,,,,,,,,,,,,,Officers
RA 0622 Off 013,RA,622,622,13,2ndASoj,12,Off,"Alford, A D  ",2025,,,,,,,,,,,,,,,,,,,,,,,,,,,,Officers
RA 0622 Off 014,RA,622,622,14,ADC,13,Off,"Hickson, A D  ",2025,,,,,,,,,,,,,,,,,,,,,,,,,,,,Officers
RA 0622 Off 015,RA,622,622,15,Org,14,Off,Vacant,,,,,,,,,,,,,,,,,,,,,,,,,,,,,Officers
RA 0622 Off 016,RA,622,622,16,AScrE,15,Off,"Conway, P J  ",2024,,,,,,,,,,,,,,,,,,,,,,,,,,,,Officers
RA 0622 Off 017,RA,622,622,17,Stwd,16,Off,"Binder, M J D S",2017,,,,,,,,,,,,,,,,,,,,,,,,,,,,Officers
RA 0622 Off 018,RA,622,622,18,Stwd,16,Off,"Goddard, R I  ",2024,,,,,,,,,,,,,,,,,,,,,,,,,,,,Officers
RA 0622 Off 019,RA,622,622,19,Stwd,16,Off,"Browning, R T  ",2024,,,,,,,,,,,,,,,,,,,,,,,,,,,,Officers
RA 0622 Off 020,RA,622,622,20,Stwd,16,Off,"Strange, S R D ",2025,,,,,,,,,,,,,,,,,,,,,,,,,,,,Officers
RA 0622 Off 021,RA,622,622,21,Jan,17,Off,"Beel, D C  ",2024,,,,,,,,,,,,,,,,,,,,,,,,,,,,Officers
RA 0622 PMEZ 001,RA,622,622,1,,,PMEZ,"Heaton, R D  ",,PPGSN,2022,,,,,,,,,2005,2005,,,,,,,,,,,,,,,,PMO
RA 0622 PMEZ 002,RA,622,622,2,,,PMEZ,"Howes, K J  ",,PPGSoj,2009,,,,,,,,,2006,2006,,,,,,,,,,,,,,,,PMO
RA 0622 PMEZ 003,RA,622,622,3,,,PMEZ,"Gomm, J G  ",,PPGSwdB,2017,,,,,,,,,"2008, 2018, 2022",2008,,,,,,,,,,,,,,,,PMO
RA 0622 PMEZ 005,RA,622,622,5,,,PMEZ,"Day, D J  ",,PProvGSN,2024,,,,,,,,,2009,2009,,,,,,,,,,,,,,,,PMO
RA 0622 PMEZ 007,RA,622,622,7,,,PMEZ,"Leach, R J  ",,PProvGSwdB,2024,,,,,,,,,2010,2010,,,,,,,,,,,,,,,,PMO
RA 0622 PMEZ 009,RA,622,622,9,,,PMEZ,"Hobbs, B K  ",,PPGSN,2023,,,,,,,,,2012,2012,,,,,,,,,,,,,,,,PMO
RA 0622 PMEZ 010,RA,622,622,10,,,PMEZ,"Allen, R H  ",,PProv2ndAGSoj,2019,,,,,,,,,2013,2013,,,,,,,,,,,,,,,,PMO
RA 0622 PMEZ 012,RA,622,622,12,,,PMEZ,"White, A J  ",,PProvGStB,2017,,,,,,,,,2014,2014,,,,,,,,,,,,,,,,PMO
RA 0622 PMEZ 013,RA,622,622,13,,,PMEZ,"Knights, G S  ",,PPGSN,2025,,,,,,,,,2015,2015,,,,,,,,,,,,,,,,PMO
RA 0622 PMEZ 015,RA,622,622,15,,,PMEZ,"Hayes, A J  ",,PProvAGDC,2021,,,,,,,,,2016,2016,,,,,,,,,,,,,,,,PMO
RA 0622 PMEZ 016,RA,622,622,16,,,PMEZ,"Gibson, M J  ",,ProvGDC,2024,,,,,,PGStB,2025,,2017,2017,,,,,,,,,,,,,,,,PMO
RA 0622 PMEZ 018,RA,622,622,18,,,PMEZ,"Ruffell, G J  ",,PPGSoj,2022,,,,,,,,,"2019, 2021",2019,,,,,,,,,,,,,,,,PMO
RA 0622 PMEZ 019,RA,622,622,19,,,PMEZ,"Plowman, J E A ",,ProvGStwd,2025,,,,,,,,,2024,2024,,,,,,,,,,,,,,,,PMO
RA 0665 Hon 001,RA,665,665,1,,,Hon,"Boxall, R J  ",2021,,,,,,,,,,,,,,,,,,,,,,,,,,,,Honorary
RA 0665 Hon 002,RA,665,665,2,,,Hon,"Bruton, P   ",2024,,,,,,,,,,,,,,,,,,,,,,,,,,,,Honorary
RA 0665 Hon 003,RA,665,665,3,,,Hon,"Harper, W B  ",2020,P3rdProvGPrin,2018,,,,,,PGStB,2016,,,,,,,,,,,,,,,,,,,Honorary
RA 0665 Inst 001,RA,665,665,1,,,Inst,,,,,,,,,,,,,,,March 26th 2026,,,,,,,,,,,,,,,DBLodges
RA 0665 JPMEZ 001,RA,665,665,1,,,JPMEZ,"Henley, C J  ",2012,,,,PProvGStB (Devon),2025,,,,,C39,,,,,,,,,,,,,,,,,,PMI
RA 0665 JPMEZ 002,RA,665,665,2,,,JPMEZ,"Preston, D S  ",2016,ProvGSN,2025,Y,PProvGSwdB (Middx.),2021,,,,,C708,,,,,,,,,,,,,,,,,,PMI
RA 0665 JPMEZ 003,RA,665,665,3,,,JPMEZ,"Carey, P R  ",2020,,,,PProvGSoj (Sussex),2016,,,,,"C1141, C9653",,,,,,,,,,,,,,,,,,PMI
RA 0665 JPMEZ 004,RA,665,665,4,,,JPMEZ,"Lockyer, K J  ",2025,,,,PProvGSN (W. Kent),2013,SLGCR,2007,,,"C7722, C4302, C494, C4446, C9653",,,,,,,,,,,,,,,,,,PMI
RA 0665 Mem 001,RA,665,665,1,,,Mem,"Wiscombe, F J  ",1983,PPGSN,2013,,,,,,,,,,,,,,,,,,,,,,,,,,MarkRAMPMI
RA 0665 Mem 002,RA,665,665,2,,,Mem,"Stead, M C  ",1994,PProv2ndAGSoj,2010,,,,,,,,,,,,,,,,,,,,,,,,,,MarkRAMPMI
RA 0665 Mem 003,RA,665,665,3,,,Mem,"Escott, K J  ",1997,PPGReg,2018,,,,,,,,,,,,,,,,,,,,,,,,,,MarkRAMPMI
RA 0665 Mem 004,RA,665,665,4,,,Mem,"Barnard, R W  ",1998,PPGSN,2021,,PProvGReg (Devon),2009,,,,,,,,,,,,,,,,,,,,,,,MarkRAMPMI
RA 0665 Mem 005,RA,665,665,5,,,Mem,"Sellick, A J  ",2000,,,,,,,,,,,,,,,,,,,,,,,,,,,,MarkRAMPMI
RA 0665 Mem 006,RA,665,665,6,,,Mem,"Whittaker, P   ",2002,PPGReg,2024,,,,,,,,,,,,,,,,,,,,,,,,,,MarkRAMPMI
RA 0665 Mem 007,RA,665,665,7,,,Mem,"Farnsworth, C J  ",2004,PProv1stAGSoj,2021,,,,,,,,,,,,,,,,,,,,,,,,,,MarkRAMPMI
RA 0665 Mem 008,RA,665,665,8,,,Mem,"Maxwell, C J  ",2005,PPGSwdB,2024,,,,,,,,,,,,,,,,,,,,,,,,,,MarkRAMPMI
RA 0665 Mem 009,RA,665,665,9,,,Mem,"Roberts, A L  ",2006,,,,,,,,,,,,,,,,,,,,,,,,,,,,MarkRAMPMI
RA 0665 Mem 010,RA,665,665,10,,,Mem,"Gibbons, R W  ",2008,PPGSoj,2021,,,,,,,,,,,,,,,,,,,,,,,,,,MarkRAMPMI
RA 0665 Mem 011,RA,665,665,11,,,Mem,"Greig, S L M ",2011,,,,,,,,,,,,,,,,,,,,,,,,,,,,MarkRAMPMI
RA 0665 Mem 012,RA,665,665,12,,,Mem,"Henley, C J  ",2012,,,,PProvGStB (Devon),2025,,,,,,,,,,,,,,,,,,,,,,,MarkRAMPMI
RA 0665 Mem 013,RA,665,665,13,,,Mem,"Preston, D S  ",2016,ProvGSN,2025,Y,PProvGSwdB (Middx.),2021,,,,,,,,,,,,,,,,,,,,,,,MarkRAMPMI
RA 0665 Mem 014,RA,665,665,14,,,Mem,"Cottis, A R  ",2018,,,,,,,,,,,,,,,,,,,,,,,,,,,,MarkRAMPMI
RA 0665 Mem 015,RA,665,665,15,,,Mem,"Hunt, J R  ",2019,,,,,,,,,,,,,,,,,,,,,,,,,,,,MarkRAMPMI
RA 0665 Mem 016,RA,665,665,16,,,Mem,"Carey, P R  ",2020,,,,PProvGSoj (Sussex),2016,,,,,,,,,,,,,,,,,,,,,,,MarkRAMPMI
RA 0665 Mem 017,RA,665,665,17,,,Mem,"Boulton, M P  ",2022,,,,,,,,,,,,,,,,,,,,,,,,,,,,MarkRAMPMI
RA 0665 Mem 018,RA,665,665,18,,,Mem,"Buckley, D L  ",2025,,,,,,,,,,,,,,,,,,,,,,,,,,,,MarkRAMPMI
RA 0665 Mem 019,RA,665,665,19,,,Mem,"Lockyer, K J  ",2025,,,,PProvGSN (W. Kent),2013,SLGCR,2007,,,,,,,,,,,,,,,,,,,,,MarkRAMPMI
RA 0665 Off 001,RA,665,665,1,MEZ,1,Off,"Hunt, J R  ",2019,,,,,,,,,,,,,,,,,,,,,,,,,,,,Officers
RA 0665 Off 002,RA,665,665,2,H,2,Off,"Maxwell, C J  ",2005,,,,,,,,,,,,,,,,,,,,,,,,,,,,Officers
RA 0665 Off 003,RA,665,665,3,J,3,Off,"Gibbons, R W  ",2008,,,,,,,,,,,,,,,,,,,,,,,,,,,,Officers
RA 0665 Off 004,RA,665,665,4,2ndASoj,12,Off,Vacant,,,,,,,,,,,,,,,,,,,,,,,,,,,,,Officers
RA 0665 Off 005,RA,665,665,5,Org,14,Off,Vacant,,,,,,,,,,,,,,,,,,,,,,,,,,,,,Officers
RA 0665 Off 006,RA,665,665,6,AScrE,15,Off,Vacant,,,,,,,,,,,,,,,,,,,,,,,,,,,,,Officers
RA 0665 Off 007,RA,665,665,7,Jan,17,Off,Vacant,,,,,,,,,,,,,,,,,,,,,,,,,,,,,Officers
RA 0665 PMEZ 001,RA,665,665,1,,,PMEZ,"Wiscombe, F J  ",,PPGSN,2013,,,,,,,,,"1994, 1995",1994,,,,,,,,,,,,,,,,PMO
RA 0665 PMEZ 002,RA,665,665,2,,,PMEZ,"Escott, K J  ",,PPGReg,2018,,,,,,,,,2002,2002,,,,,,,,,,,,,,,,PMO
RA 0665 PMEZ 003,RA,665,665,3,,,PMEZ,"Barnard, R W  ",,PPGSN,2021,,PProvGReg (Devon),2009,,,,,,2003,2003,,,,,,,,,,,,,,,,PMO
RA 0665 PMEZ 004,RA,665,665,4,,,PMEZ,"Stead, M C  ",,PProv2ndAGSoj,2010,,,,,,,,,2007,2007,,,,,,,,,,,,,,,,PMO
RA 0665 PMEZ 005,RA,665,665,5,,,PMEZ,"Whittaker, P   ",,PPGReg,2024,,,,,,,,,"2010, 2011, 2015, 2023",2010,,,,,,,,,,,,,,,,PMO
RA 0665 PMEZ 007,RA,665,665,7,,,PMEZ,"Maxwell, C J  ",,PPGSwdB,2024,,,,,,,,,"2012, 2025",2012,,,,,,,,,,,,,,,,PMO
RA 0665 PMEZ 008,RA,665,665,8,,,PMEZ,"Farnsworth, C J  ",,PProv1stAGSoj,2021,,,,,,,,,"2017, 2024",2017,,,,,,,,,,,,,,,,PMO
RA 0665 PMEZ 009,RA,665,665,9,,,PMEZ,"Gibbons, R W  ",,PPGSoj,2021,,,,,,,,,"2018, 2019",2018,,,,,,,,,,,,,,,,PMO
RA 0707 Inst 001,RA,707,707,1,,,Inst,,,,,,,,,,,,,,,April 2nd 2026,,,,,,,,,,,,,,,DBLodges
RA 0707 JPMEZ 001,RA,707,707,1,,,JPMEZ,"McGhee, D G  ",2021,PPGStB,2024,,,,,,,,C4357,,,,,,,,,,,,,,,,,,PMI
RA 0707 JPMEZ 002,RA,707,707,2,,,JPMEZ,"Craddock, D D  ",2022,,,,PProvGStB (Notts.),2021,,,,,C2412,,,,,,,,,,,,,,,,,,PMI
RA 0707 JPMEZ 003,RA,707,707,3,,,JPMEZ,"Waldron, P   ",2023,,,,PProvGSN (Bucks.),2020,,,,,C591,,,,,,,,,,,,,,,,,,PMI
RA 0707 JPMEZ 004,RA,707,707,4,,,JPMEZ,"Barry-Walsh, N M  ",2024,,,,PProvDepGSwdB (Hants. & I. of W.),2023,,,,,C1373,,,,,,,,,,,,,,,,,,PMI
RA 0707 Mem 001,RA,707,707,1,,,Mem,"Lill, C J  ",1976,PDepGSupt,2015,,,,,,,,,,,,,,,,,,,,,,,,,,MarkRAMPMI
RA 0707 Mem 002,RA,707,707,2,,,Mem,"Brown, A F T ",1992,,,,,,,,,,,,,,,,,,,,,,,,,,,,MarkRAMPMI
RA 0707 Mem 003,RA,707,707,3,,,Mem,"Christopher, S J  ",1997,,,,,,,,,,,,,,,,,,,,,,,,,,,,MarkRAMPMI
RA 0707 Mem 004,RA,707,707,4,,,Mem,"Swaffield, C R  ",2003,PPAGSoj,2021,,,,,,,,,,,,,,,,,,,,,,,,,,MarkRAMPMI
RA 0707 Mem 005,RA,707,707,5,,,Mem,"Dorrington-Ward, S   ",2008,,,,,,,,,,,,,,,,,,,,,,,,,,,,MarkRAMPMI
RA 0707 Mem 006,RA,707,707,6,,,Mem,"Travers, R R  ",2008,PProvGStB,2022,,,,,,,,,,,,,,,,,,,,,,,,,,MarkRAMPMI
RA 0707 Mem 007,RA,707,707,7,,,Mem,"McShee, A C  ",2008,,,,,,,,,,,,,,,,,,,,,,,,,,,,MarkRAMPMI
RA 0707 Mem 008,RA,707,707,8,,,Mem,"Coxall, P D  ",2009,PPDepGDC,2025,,,,,,,,,,,,,,,,,,,,,,,,,,MarkRAMPMI
RA 0707 Mem 009,RA,707,707,9,,,Mem,"Hedley, P   ",2009,PProv2ndAGSoj,2021,,,,,,,,,,,,,,,,,,,,,,,,,,MarkRAMPMI
RA 0707 Mem 010,RA,707,707,10,,,Mem,"Bateman, R W  ",2015,,,,,,,,,,,,,,,,,,,,,,,,,,,,MarkRAMPMI
RA 0707 Mem 011,RA,707,707,11,,,Mem,"House, C R  ",2017,,,,,,,,,,,,,,,,,,,,,,,,,,,,MarkRAMPMI
RA 0707 Mem 012,RA,707,707,12,,,Mem,"Wood, C D  ",2019,,,,,,,,,,,,,,,,,,,,,,,,,,,,MarkRAMPMI
RA 0707 Mem 013,RA,707,707,13,,,Mem,"McGhee, D G  ",2021,PPGStB,2024,,,,,,,,,,,,,,,,,,,,,,,,,,MarkRAMPMI
RA 0707 Mem 014,RA,707,707,14,,,Mem,"Craddock, D D  ",2022,,,,PProvGStB (Notts.),2021,,,,,,,,,,,,,,,,,,,,,,,MarkRAMPMI
RA 0707 Mem 015,RA,707,707,15,,,Mem,"Haskey, J   ",2022,,,,,,,,,,,,,,,,,,,,,,,,,,,,MarkRAMPMI
RA 0707 Mem 016,RA,707,707,16,,,Mem,"Waldron, P   ",2023,,,,PProvGSN (Bucks.),2020,,,,,,,,,,,,,,,,,,,,,,,MarkRAMPMI
RA 0707 Mem 017,RA,707,707,17,,,Mem,"Barry-Walsh, N M  ",2024,,,,PProvDepGSwdB (Hants. & I. of W.),2023,,,,,,,,,,,,,,,,,,,,,,,MarkRAMPMI
RA 0707 Mem 018,RA,707,707,18,,,Mem,"Beck, G J  ",2025,,,,,,,,,,,,,,,,,,,,,,,,,,,,MarkRAMPMI
RA 0707 Off 001,RA,707,707,1,MEZ,1,Off,"Dorrington-Ward, S   ",2008,,,,,,,,,,,,,,,,,,,,,,,,,,,,Officers
RA 0707 Off 002,RA,707,707,2,H,2,Off,"Craddock, D D  ",2022,,,,,,,,,,,,,,,,,,,,,,,,,,,,Officers
RA 0707 Off 003,RA,707,707,3,J,3,Off,"Haskey, J   ",2022,,,,,,,,,,,,,,,,,,,,,,,,,,,,Officers
RA 0707 Off 004,RA,707,707,4,ScrE,4,Off,"Swaffield, C R  ",2003,,,,,,,,,,,,,,,,,,,,,,,,,,,,Officers
RA 0707 Off 005,RA,707,707,5,ScrN,5,Off,"Hedley, P   ",2009,,,,,,,,,,,,,,,,,,,,,,,,,,,,Officers
RA 0707 Off 006,RA,707,707,6,Treas,6,Off,"McGhee, D G  ",2021,,,,,,,,,,,,,,,,,,,,,,,,,,,,Officers
RA 0707 Off 007,RA,707,707,7,DC,7,Off,"Waldron, P   ",2023,,,,,,,,,,,,,,,,,,,,,,,,,,,,Officers
RA 0707 Off 008,RA,707,707,8,Alm,8,Off,"Travers, R R  ",2008,,,,,,,,,,,,,,,,,,,,,,,,,,,,Officers
RA 0707 Off 009,RA,707,707,9,ChStwd,9,Off,"House, C R  ",2017,,,,,,,,,,,,,,,,,,,,,,,,,,,,Officers
RA 0707 Off 010,RA,707,707,10,PSoj,10,Off,"Wood, C D  ",2019,,,,,,,,,,,,,,,,,,,,,,,,,,,,Officers
RA 0707 Off 011,RA,707,707,11,1stASoj,11,Off,"Barry-Walsh, N M  ",2024,,,,,,,,,,,,,,,,,,,,,,,,,,,,Officers
RA 0707 Off 012,RA,707,707,12,2ndASoj,12,Off,Vacant,,,,,,,,,,,,,,,,,,,,,,,,,,,,,Officers
RA 0707 Off 013,RA,707,707,13,ADC,13,Off,"Coxall, P D  ",2009,,,,,,,,,,,,,,,,,,,,,,,,,,,,Officers
RA 0707 Off 014,RA,707,707,14,Org,14,Off,Vacant,,,,,,,,,,,,,,,,,,,,,,,,,,,,,Officers
RA 0707 Off 015,RA,707,707,15,AScrE,15,Off,"Lill, C J  ",1976,,,,,,,,,,,,,,,,,,,,,,,,,,,,Officers
RA 0707 Off 016,RA,707,707,16,Stwd,16,Off,"Beck, G J  ",2025,,,,,,,,,,,,,,,,,,,,,,,,,,,,Officers
RA 0707 Off 017,RA,707,707,17,Jan,17,Off,"House, C R  ",2017,,,,,,,,,,,,,,,,,,,,,,,,,,,,Officers
RA 0707 PMEZ 001,RA,707,707,1,,,PMEZ,"Lill, C J  ",,PDepGSupt,2015,,,,,,PGSwdB,2016,,1990,1990,,,,,,,,,,,,,,,,PMO
RA 0707 PMEZ 005,RA,707,707,5,,,PMEZ,"Hedley, P   ",,PProv2ndAGSoj,2021,,,,,,,,,2017,2017,,,,,,,,,,,,,,,,PMO
RA 0707 PMEZ 006,RA,707,707,6,,,PMEZ,"Swaffield, C R  ",,PPAGSoj,2021,,,,,,,,,2018,2018,,,,,,,,,,,,,,,,PMO
RA 0707 PMEZ 007,RA,707,707,7,,,PMEZ,"Travers, R R  ",,PProvGStB,2022,,,,,,,,,2019,2019,,,,,,,,,,,,,,,,PMO
RA 0707 PMEZ 008,RA,707,707,8,,,PMEZ,"Coxall, P D  ",,PPDepGDC,2025,,,,,,,,,"2023, 2024",2023,,,,,,,,,,,,,,,,PMO
RA 0707 PMEZ 011,RA,707,707,11,,,PMEZ,"Dorrington-Ward, S   ",,,,,,,,,,,,2025,2025,,,,,,,,,,,,,,,,PMO
RA 1037 Hon 001,RA,1037,1037,1,,,Hon,"Blackman, J   ",2023,PPGSN,2009,,,,,,,,,,,,,,,,,,,,,,,,,,Honorary
RA 1037 Inst 001,RA,1037,1037,1,,,Inst,,,,,,,,,,,,,,,October 23rd 2025,,,,,,,,,,,,,,,DBLodges
RA 1037 Mem 001,RA,1037,1037,1,,,Mem,"Barnes, K H  ",1974,PGSupt,1992,,,,,,,,,,,,,,,,,,,,,,,,,,MarkRAMPMI
RA 1037 Mem 002,RA,1037,1037,2,,,Mem,"White, R   ",1980,PPGSN,2013,,,,,,,,,,,,,,,,,,,,,,,,,,MarkRAMPMI
RA 1037 Mem 003,RA,1037,1037,3,,,Mem,"Blake, G D  ",1981,,,,,,,,,,,,,,,,,,,,,,,,,,,,MarkRAMPMI
RA 1037 Mem 004,RA,1037,1037,4,,,Mem,"Alderton, J E  ",1984,,,,,,,,,,,,,,,,,,,,,,,,,,,,MarkRAMPMI
RA 1037 Mem 005,RA,1037,1037,5,,,Mem,"Cole, M R  ",1991,PPGSwdB,2017,,,,,,,,,,,,,,,,,,,,,,,,,,MarkRAMPMI
RA 1037 Mem 006,RA,1037,1037,6,,,Mem,"Ramsey, I E  ",1993,PPGSN,2020,,,,,,,,,,,,,,,,,,,,,,,,,,MarkRAMPMI
RA 1037 Mem 007,RA,1037,1037,7,,,Mem,"Williams, T G  ",1995,PPGSN,2021,,,,,,,,,,,,,,,,,,,,,,,,,,MarkRAMPMI
RA 1037 Mem 008,RA,1037,1037,8,,,Mem,"Stanley, M D  ",1999,,,,,,,,,,,,,,,,,,,,,,,,,,,,MarkRAMPMI
RA 1037 Mem 009,RA,1037,1037,9,,,Mem,"Hodges, R B  ",2001,PPGSN,2025,,,,,,,,,,,,,,,,,,,,,,,,,,MarkRAMPMI
RA 1037 Mem 010,RA,1037,1037,10,,,Mem,"Prudames, I B  ",2006,PProvGSoj,2019,,,,,,,,,,,,,,,,,,,,,,,,,,MarkRAMPMI
RA 1037 Mem 011,RA,1037,1037,11,,,Mem,"Porter, A J  ",2007,PProvGStB,2017,,,,,,,,,,,,,,,,,,,,,,,,,,MarkRAMPMI
RA 1037 Mem 012,RA,1037,1037,12,,,Mem,"Stevens, P S  ",2012,,,,,,,,,,,,,,,,,,,,,,,,,,,,MarkRAMPMI
RA 1037 Mem 013,RA,1037,1037,13,,,Mem,"Green, R B  ",2013,,,,,,,,,,,,,,,,,,,,,,,,,,,,MarkRAMPMI
RA 1037 Mem 014,RA,1037,1037,14,,,Mem,"Payne, D V  ",2017,,,,,,,,,,,,,,,,,,,,,,,,,,,,MarkRAMPMI
RA 1037 Mem 015,RA,1037,1037,15,,,Mem,"O'Keefe, L J  ",2017,,,,,,,,,,,,,,,,,,,,,,,,,,,,MarkRAMPMI
RA 1037 Mem 016,RA,1037,1037,16,,,Mem,"Connolly, M D  ",2018,PProvGStwd,2024,,,,,,,,,,,,,,,,,,,,,,,,,,MarkRAMPMI
RA 1037 Mem 017,RA,1037,1037,17,,,Mem,"Roberts, K W K ",2019,,,,,,,,,,,,,,,,,,,,,,,,,,,,MarkRAMPMI
RA 1037 Mem 018,RA,1037,1037,18,,,Mem,"Green, T   ",2019,ProvGSE,2024,Y,,,,,,,,,,,,,,,,,,,,,,,,,MarkRAMPMI
RA 1037 Mem 019,RA,1037,1037,19,,,Mem,"Williamson, T   ",2019,,,,,,,,,,,,,,,,,,,,,,,,,,,,MarkRAMPMI
RA 1037 Mem 020,RA,1037,1037,20,,,Mem,"Newman, J S  ",2021,ProvAGSE,2024,Y,,,,,,,,,,,,,,,,,,,,,,,,,MarkRAMPMI
RA 1037 Mem 021,RA,1037,1037,21,,,Mem,"Grundonner, M P  ",2022,,,,,,,,,,,,,,,,,,,,,,,,,,,,MarkRAMPMI
RA 1037 Mem 022,RA,1037,1037,22,,,Mem,"Britten, G R  ",2022,,,,,,,,,,,,,,,,,,,,,,,,,,,,MarkRAMPMI
RA 1037 Mem 023,RA,1037,1037,23,,,Mem,"Hughes, P   ",2023,,,,,,,,,,,,,,,,,,,,,,,,,,,,MarkRAMPMI
RA 1037 Mem 024,RA,1037,1037,24,,,Mem,"Newman, O S  ",2023,,,,,,,,,,,,,,,,,,,,,,,,,,,,MarkRAMPMI
RA 1037 Mem 025,RA,1037,1037,25,,,Mem,"Poole, J C  ",2024,,,,,,,,,,,,,,,,,,,,,,,,,,,,MarkRAMPMI
RA 1037 Mem 026,RA,1037,1037,26,,,Mem,"Hogben, M L  ",2025,,,,,,,,,,,,,,,,,,,,,,,,,,,,MarkRAMPMI
RA 1037 Mem 027,RA,1037,1037,27,,,Mem,"Foskett, K J  ",2025,,,,,,,,,,,,,,,,,,,,,,,,,,,,MarkRAMPMI
RA 1037 Mem 028,RA,1037,1037,28,,,Mem,"Briggs, N D  ",2025,,,,,,,,,,,,,,,,,,,,,,,,,,,,MarkRAMPMI
RA 1037 Mem 029,RA,1037,1037,29,,,Mem,"May, D   ",2025,PPGSwdB,2011,,,,,,,,,,,,,,,,,,,,,,,,,,MarkRAMPMI
RA 1037 Mem 030,RA,1037,1037,30,,,Mem,"Stroud, N R  ",2026,,,,,,,,,,,,,,,,,,,,,,,,,,,,MarkRAMPMI
RA 1037 Mem 031,RA,1037,1037,31,,,Mem,"Symes, D R  ",2026,,,,,,,,,,,,,,,,,,,,,,,,,,,,MarkRAMPMI
RA 1037 Mem 032,RA,1037,1037,32,,,Mem,"Stone, I R  ",2026,,,,,,,,,,,,,,,,,,,,,,,,,,,,MarkRAMPMI
RA 1037 Mem 033,RA,1037,1037,33,,,Mem,"Macfarlane, D P  ",2026,,,,,,,,,,,,,,,,,,,,,,,,,,,,MarkRAMPMI
RA 1037 Mem 034,RA,1037,1037,34,,,Mem,"Nairn, A G  ",2026,,,,,,,,,,,,,,,,,,,,,,,,,,,,MarkRAMPMI
RA 1037 Off 001,RA,1037,1037,1,MEZ,1,Off,"O'Keefe, L J  ",2017,,,,,,,,,,,,,,,,,,,,,,,,,,,,Officers
RA 1037 Off 002,RA,1037,1037,2,H,2,Off,"Newman, J S  ",2021,,,,,,,,,,,,,,,,,,,,,,,,,,,,Officers
RA 1037 Off 003,RA,1037,1037,3,J,3,Off,"Williamson, T   ",2019,,,,,,,,,,,,,,,,,,,,,,,,,,,,Officers
RA 1037 Off 004,RA,1037,1037,4,ScrE,4,Off,"Newman, O S  ",2023,,,,,,,,,,,,,,,,,,,,,,,,,,,,Officers
RA 1037 Off 005,RA,1037,1037,5,ScrN,5,Off,"Britten, G R  ",2022,,,,,,,,,,,,,,,,,,,,,,,,,,,,Officers
RA 1037 Off 006,RA,1037,1037,6,Treas,6,Off,"Green, R B  ",2013,,,,,,,,,,,,,,,,,,,,,,,,,,,,Officers
RA 1037 Off 007,RA,1037,1037,7,DC,7,Off,"Porter, A J  ",2007,,,,,,,,,,,,,,,,,,,,,,,,,,,,Officers
RA 1037 Off 008,RA,1037,1037,8,Alm,8,Off,"Prudames, I B  ",2006,,,,,,,,,,,,,,,,,,,,,,,,,,,,Officers
RA 1037 Off 009,RA,1037,1037,9,ChStwd,9,Off,Vacant,,,,,,,,,,,,,,,,,,,,,,,,,,,,,Officers
RA 1037 Off 010,RA,1037,1037,10,PSoj,10,Off,"Hodges, R B  ",2001,,,,,,,,,,,,,,,,,,,,,,,,,,,,Officers
RA 1037 Off 011,RA,1037,1037,11,1stASoj,11,Off,"Grundonner, M P  ",2022,,,,,,,,,,,,,,,,,,,,,,,,,,,,Officers
RA 1037 Off 012,RA,1037,1037,12,2ndASoj,12,Off,"Payne, D V  ",2017,,,,,,,,,,,,,,,,,,,,,,,,,,,,Officers
RA 1037 Off 013,RA,1037,1037,13,ADC,13,Off,"Prudames, I B  ",2006,,,,,,,,,,,,,,,,,,,,,,,,,,,,Officers
RA 1037 Off 014,RA,1037,1037,14,Org,14,Off,Vacant,,,,,,,,,,,,,,,,,,,,,,,,,,,,,Officers
RA 1037 Off 015,RA,1037,1037,15,AScrE,15,Off,Vacant,,,,,,,,,,,,,,,,,,,,,,,,,,,,,Officers
RA 1037 Off 016,RA,1037,1037,16,Stwd,16,Off,"Poole, J C  ",2024,,,,,,,,,,,,,,,,,,,,,,,,,,,,Officers
RA 1037 Off 017,RA,1037,1037,17,Stwd,16,Off,"Foskett, K J  ",2025,,,,,,,,,,,,,,,,,,,,,,,,,,,,Officers
RA 1037 Off 018,RA,1037,1037,18,Jan,17,Off,"Roberts, K W K ",2019,,,,,,,,,,,,,,,,,,,,,,,,,,,,Officers
RA 1037 PMEZ 001,RA,1037,1037,1,,,PMEZ,"Barnes, K H  ",,PGSupt,1992,,,,,,PGSupt (Dorset),1992,,1985,1985,,,,,,,,,,,,,,,,PMO
RA 1037 PMEZ 010,RA,1037,1037,10,,,PMEZ,"White, R   ",,PPGSN,2013,,,,,,,,,1994,1994,,,,,,,,,,,,,,,,PMO
RA 1037 PMEZ 011,RA,1037,1037,11,,,PMEZ,"Blackman, J   ",,PPGSN,2009,,,,,,,,,"1998, 1999",1998,,,,,,,,,,,,,,,,PMO
RA 1037 PMEZ 012,RA,1037,1037,12,,,PMEZ,"May, D   ",,PPGSwdB,2011,,,,,,,,,2001,2001,,,,,,,,,,,,,,,,PMO
RA 1037 PMEZ 013,RA,1037,1037,13,,,PMEZ,"Ramsey, I E  ",,PPGSN,2020,,,,,,,,,2003,2003,,,,,,,,,,,,,,,,PMO
RA 1037 PMEZ 014,RA,1037,1037,14,,,PMEZ,"Williams, T G  ",,PPGSN,2021,,,,,,,,,2004,2004,,,,,,,,,,,,,,,,PMO
RA 1037 PMEZ 015,RA,1037,1037,15,,,PMEZ,"Cole, M R  ",,PPGSwdB,2017,,,,,,,,,2007,2007,,,,,,,,,,,,,,,,PMO
RA 1037 PMEZ 016,RA,1037,1037,16,,,PMEZ,"Hodges, R B  ",,PPGSN,2025,,,,,,,,,"2010, 2019",2010,,,,,,,,,,,,,,,,PMO
RA 1037 PMEZ 017,RA,1037,1037,17,,,PMEZ,"Porter, A J  ",,PProvGStB,2017,,,,,,,,,2014,2014,,,,,,,,,,,,,,,,PMO
RA 1037 PMEZ 019,RA,1037,1037,19,,,PMEZ,"Prudames, I B  ",,PProvGSoj,2019,,,,,,,,,"2016, 2017, 2021",2016,,,,,,,,,,,,,,,,PMO
RA 1037 PMEZ 022,RA,1037,1037,22,,,PMEZ,"Connolly, M D  ",,PProvGStwd,2024,,,,,,,,,2022,2022,,,,,,,,,,,,,,,,PMO
RA 1037 PMEZ 023,RA,1037,1037,23,,,PMEZ,"Green, R B  ",,,,,,,,,,,,2023,2023,,,,,,,,,,,,,,,,PMO
RA 1037 PMEZ 024,RA,1037,1037,24,,,PMEZ,"Green, T   ",,ProvGSE,2024,,,,,,,,,2024,2024,,,,,,,,,,,,,,,,PMO
RA 1168 Inst 001,RA,1168,1168,1,,,Inst,,,,,,,,,,,,,,,November 25th 2025,,,,,,,,,,,,,,,DBLodges
RA 1168 JPMEZ 001,RA,1168,1168,1,,,JPMEZ,"Vine, C R F ",2017,,,,PProvGSwdB (Somerset),2017,,,,,C329,,,,,,,,,,,,,,,,,,PMI
RA 1168 JPMEZ 002,RA,1168,1168,2,,,JPMEZ,"Cook, P D  ",2023,,,,PProvGSoj (Essex),2007,SLGCR,200708,PGSoj,2017,C2346,,,,,,,,,,,,,,,,,,PMI
RA 1168 Mem 001,RA,1168,1168,1,,,Mem,"King, H R  ",1973,,,,,,,,,,,,,,,,,,,,,,,,,,,,MarkRAMPMI
RA 1168 Mem 002,RA,1168,1168,2,,,Mem,"Cornford, T J  ",1985,,,,,,,,,,,,,,,,,,,,,,,,,,,,MarkRAMPMI
RA 1168 Mem 003,RA,1168,1168,3,,,Mem,"Boyt, D I  ",1988,,,,,,,,,,,,,,,,,,,,,,,,,,,,MarkRAMPMI
RA 1168 Mem 004,RA,1168,1168,4,,,Mem,"Holt, C M  ",1997,PPGSN,2012,,,,,,,,,,,,,,,,,,,,,,,,,,MarkRAMPMI
RA 1168 Mem 005,RA,1168,1168,5,,,Mem,"Selwood, S P  ",1999,,,,,,,,,,,,,,,,,,,,,,,,,,,,MarkRAMPMI
RA 1168 Mem 006,RA,1168,1168,6,,,Mem,"Brewer, W J  ",1999,PProvGSN,2019,,,,,,,,,,,,,,,,,,,,,,,,,,MarkRAMPMI
RA 1168 Mem 007,RA,1168,1168,7,,,Mem,"Blake, R P M ",2000,PProvGSN,2007,,,,,,,,,,,,,,,,,,,,,,,,,,MarkRAMPMI
RA 1168 Mem 008,RA,1168,1168,8,,,Mem,"Wannell, B R  ",2000,PProvGSwdB,2020,,,,,,,,,,,,,,,,,,,,,,,,,,MarkRAMPMI
RA 1168 Mem 009,RA,1168,1168,9,,,Mem,"Shaw, A W  ",2001,PPGSoj,2009,,,,,,,,,,,,,,,,,,,,,,,,,,MarkRAMPMI
RA 1168 Mem 010,RA,1168,1168,10,,,Mem,"Jones, L R  ",2004,ProvGChStwd,2024,Y,,,,,,,,,,,,,,,,,,,,,,,,,MarkRAMPMI
RA 1168 Mem 011,RA,1168,1168,11,,,Mem,"Storey, J R  ",2005,PPAGSoj,2021,,,,,,,,,,,,,,,,,,,,,,,,,,MarkRAMPMI
RA 1168 Mem 012,RA,1168,1168,12,,,Mem,"Rumsey, K J  ",2006,PPGSN,2019,,,,,,,,,,,,,,,,,,,,,,,,,,MarkRAMPMI
RA 1168 Mem 013,RA,1168,1168,13,,,Mem,"Butler, F B  ",2006,PPGSwdB,2018,,,,,,,,,,,,,,,,,,,,,,,,,,MarkRAMPMI
RA 1168 Mem 014,RA,1168,1168,14,,,Mem,"Jackson, J M  ",2009,,,,,,,,,,,,,,,,,,,,,,,,,,,,MarkRAMPMI
RA 1168 Mem 015,RA,1168,1168,15,,,Mem,"Terry, C R  ",2009,,,,,,,,,,,,,,,,,,,,,,,,,,,,MarkRAMPMI
RA 1168 Mem 016,RA,1168,1168,16,,,Mem,"Shirley, R   ",2010,PPGSN,2025,,,,,,,,,,,,,,,,,,,,,,,,,,MarkRAMPMI
RA 1168 Mem 017,RA,1168,1168,17,,,Mem,"Wood, W J  ",2013,PProv2ndAGSoj,2023,,,,,,,,,,,,,,,,,,,,,,,,,,MarkRAMPMI
RA 1168 Mem 018,RA,1168,1168,18,,,Mem,"Gould, L G  ",2017,PPGSN,2022,,,,,,,,,,,,,,,,,,,,,,,,,,MarkRAMPMI
RA 1168 Mem 019,RA,1168,1168,19,,,Mem,"Barson, S J  ",2017,,,,,,,,,,,,,,,,,,,,,,,,,,,,MarkRAMPMI
RA 1168 Mem 020,RA,1168,1168,20,,,Mem,"Vine, C R F ",2017,,,,PProvGSwdB (Somerset),2017,,,,,,,,,,,,,,,,,,,,,,,MarkRAMPMI
RA 1168 Mem 021,RA,1168,1168,21,,,Mem,"Rampling, M W  ",2018,,,,,,LGCR,2006,,,,,,,,,,,,,,,,,,,,,MarkRAMPMI
RA 1168 Mem 022,RA,1168,1168,22,,,Mem,"Groves, S   ",2022,,,,,,,,,,,,,,,,,,,,,,,,,,,,MarkRAMPMI
RA 1168 Mem 023,RA,1168,1168,23,,,Mem,"Cairns, P K  ",2023,,,,,,,,,,,,,,,,,,,,,,,,,,,,MarkRAMPMI
RA 1168 Mem 024,RA,1168,1168,24,,,Mem,"Cook, P D  ",2023,,,,PProvGSoj (Essex),2007,SLGCR,200708,,,,,,,,,,,,,,,,,,,,,MarkRAMPMI
RA 1168 Mem 025,RA,1168,1168,25,,,Mem,"Hitchins, E G  ",2024,,,,,,,,,,,,,,,,,,,,,,,,,,,,MarkRAMPMI
RA 1168 Mem 026,RA,1168,1168,26,,,Mem,"Bradford, P G  ",2024,,,,,,,,,,,,,,,,,,,,,,,,,,,,MarkRAMPMI
RA 1168 Mem 027,RA,1168,1168,27,,,Mem,"Graham, G J  ",2024,,,,,,,,,,,,,,,,,,,,,,,,,,,,MarkRAMPMI
RA 1168 Mem 028,RA,1168,1168,28,,,Mem,"Amphlett, J P  ",2025,,,,,,,,,,,,,,,,,,,,,,,,,,,,MarkRAMPMI
RA 1168 Mem 029,RA,1168,1168,29,,,Mem,"Hughes, K R  ",2025,,,,,,,,,,,,,,,,,,,,,,,,,,,,MarkRAMPMI
RA 1168 Mem 030,RA,1168,1168,30,,,Mem,"Hill, A P  ",2026,,,,,,,,,,,,,,,,,,,,,,,,,,,,MarkRAMPMI
RA 1168 Off 001,RA,1168,1168,1,MEZ,1,Off,"Jones, L R  ",2004,,,,,,,,,,,,,,,,,,,,,,,,,,,,Officers
RA 1168 Off 002,RA,1168,1168,2,H,2,Off,"Groves, S   ",2022,,,,,,,,,,,,,,,,,,,,,,,,,,,,Officers
RA 1168 Off 003,RA,1168,1168,3,J,3,Off,"Barson, S J  ",2017,,,,,,,,,,,,,,,,,,,,,,,,,,,,Officers
RA 1168 Off 004,RA,1168,1168,4,ScrE,4,Off,"Wood, W J  ",2013,,,,,,,,,,,,,,,,,,,,,,,,,,,,Officers
RA 1168 Off 005,RA,1168,1168,5,ScrN,5,Off,"Shirley, R   ",2010,,,,,,,,,,,,,,,,,,,,,,,,,,,,Officers
RA 1168 Off 006,RA,1168,1168,6,Treas,6,Off,"Wannell, B R  ",2000,,,,,,,,,,,,,,,,,,,,,,,,,,,,Officers
RA 1168 Off 007,RA,1168,1168,7,DC,7,Off,"Brewer, W J  ",1999,,,,,,,,,,,,,,,,,,,,,,,,,,,,Officers
RA 1168 Off 008,RA,1168,1168,8,Alm,8,Off,"Cairns, P K  ",2023,,,,,,,,,,,,,,,,,,,,,,,,,,,,Officers
RA 1168 Off 009,RA,1168,1168,9,ChStwd,9,Off,"Jones, L R  ",2004,,,,,,,,,,,,,,,,,,,,,,,,,,,,Officers
RA 1168 Off 010,RA,1168,1168,10,PSoj,10,Off,"Rumsey, K J  ",2006,,,,,,,,,,,,,,,,,,,,,,,,,,,,Officers
RA 1168 Off 011,RA,1168,1168,11,1stASoj,11,Off,"Cairns, P K  ",2023,,,,,,,,,,,,,,,,,,,,,,,,,,,,Officers
RA 1168 Off 012,RA,1168,1168,12,2ndASoj,12,Off,"Bradford, P G  ",2024,,,,,,,,,,,,,,,,,,,,,,,,,,,,Officers
RA 1168 Off 013,RA,1168,1168,13,ADC,13,Off,"Gould, L G  ",2017,,,,,,,,,,,,,,,,,,,,,,,,,,,,Officers
RA 1168 Off 014,RA,1168,1168,14,Org,14,Off,"Hitchins, E G  ",2024,,,,,,,,,,,,,,,,,,,,,,,,,,,,Officers
RA 1168 Off 015,RA,1168,1168,15,AScrE,15,Off,Vacant,,,,,,,,,,,,,,,,,,,,,,,,,,,,,Officers
RA 1168 Off 016,RA,1168,1168,16,Stwd,16,Off,"Graham, G J  ",2024,,,,,,,,,,,,,,,,,,,,,,,,,,,,Officers
RA 1168 Off 017,RA,1168,1168,17,Stwd,16,Off,"Hughes, K R  ",2025,,,,,,,,,,,,,,,,,,,,,,,,,,,,Officers
RA 1168 Off 018,RA,1168,1168,18,Stwd,16,Off,"Amphlett, J P  ",2025,,,,,,,,,,,,,,,,,,,,,,,,,,,,Officers
RA 1168 Off 019,RA,1168,1168,19,Jan,17,Off,"Rampling, M W  ",2018,,,,,,,,,,,,,,,,,,,,,,,,,,,,Officers
RA 1168 PMEZ 001,RA,1168,1168,1,,,PMEZ,"Brewer, W J  ",,PProvGSN,2019,,,,,,,,,"2003, 2005",2003,,,,,,,,,,,,,,,,PMO
RA 1168 PMEZ 003,RA,1168,1168,3,,,PMEZ,"Blake, R P M ",,PProvGSN,2007,,,,,,,,,2004,2004,,,,,,,,,,,,,,,,PMO
RA 1168 PMEZ 004,RA,1168,1168,4,,,PMEZ,"Shaw, A W  ",,PPGSoj,2009,,,,,,,,,"2006, 2007",2006,,,,,,,,,,,,,,,,PMO
RA 1168 PMEZ 006,RA,1168,1168,6,,,PMEZ,"Wannell, B R  ",,PProvGSwdB,2020,,,,,,,,,"2008, 2016, 2017",2008,,,,,,,,,,,,,,,,PMO
RA 1168 PMEZ 008,RA,1168,1168,8,,,PMEZ,"Holt, C M  ",,PPGSN,2012,,,,,,,,,2009,2009,,,,,,,,,,,,,,,,PMO
RA 1168 PMEZ 010,RA,1168,1168,10,,,PMEZ,"Rumsey, K J  ",,PPGSN,2019,,,,,,,,,2010,2010,,,,,,,,,,,,,,,,PMO
RA 1168 PMEZ 012,RA,1168,1168,12,,,PMEZ,"Butler, F B  ",,PPGSwdB,2018,,,,,,,,,"2011, 2012",2011,,,,,,,,,,,,,,,,PMO
RA 1168 PMEZ 013,RA,1168,1168,13,,,PMEZ,"Shirley, R   ",,PPGSN,2025,,,,,,,,,"2014, 2015",2014,,,,,,,,,,,,,,,,PMO
RA 1168 PMEZ 014,RA,1168,1168,14,,,PMEZ,"Storey, J R  ",,PPAGSoj,2021,,,,,,,,,2018,2018,,,,,,,,,,,,,,,,PMO
RA 1168 PMEZ 015,RA,1168,1168,15,,,PMEZ,"Gould, L G  ",,PPGSN,2022,,,,,,,,,2019,2019,,,,,,,,,,,,,,,,PMO
RA 1168 PMEZ 017,RA,1168,1168,17,,,PMEZ,"Wood, W J  ",,PProv2ndAGSoj,2023,,,,,,,,,2021,2021,,,,,,,,,,,,,,,,PMO
RA 1168 PMEZ 019,RA,1168,1168,19,,,PMEZ,"Rampling, M W  ",,,,,,,LGCR,2006,,,,2023,2023,,,,,,,,,,,,,,,,PMO
RA 1168 PMEZ 020,RA,1168,1168,20,,,PMEZ,"Jones, L R  ",,ProvGChStwd,2024,,,,,,,,,2024,2024,,,,,,,,,,,,,,,,PMO
RA 1266 Hon 001,RA,1266,1266,1,,,Hon,"Glazier, G R  ",2018,PGSupt,2014,,PDepGSupt (Hants. & I. of W.),2011-14,,,PGSupt (Dorset),2014,,,,,,,,,,,,,,,,,,,Honorary
RA 1266 Inst 001,RA,1266,1266,1,,,Inst,,,,,,,,,,,,,,,November 21st 2025,,,,,,,,,,,,,,,DBLodges
RA 1266 JPMEZ 001,RA,1266,1266,1,,,JPMEZ,"Foort, N A  ",2019,,,,PProvGSoj (Middx.),2018,,,,,C8301,,,,,,,,,,,,,,,,,,PMI
RA 1266 Mem 001,RA,1266,1266,1,,,Mem,"Mayo, R J  ",1980,PPGSN,2008,,,,,,,,,,,,,,,,,,,,,,,,,,MarkRAMPMI
RA 1266 Mem 002,RA,1266,1266,2,,,Mem,"James, S A  ",1990,GSupt,2024,Y,,,,,,,,,,,,,,,,,,,,,,,,,MarkRAMPMI
RA 1266 Mem 003,RA,1266,1266,3,,,Mem,"Hinsley, M C  ",1998,DepGSupt,2024,Y,,,,,,,,,,,,,,,,,,,,,,,,,MarkRAMPMI
RA 1266 Mem 004,RA,1266,1266,4,,,Mem,"Aston, E W J ",2008,PPGSwdB,2025,,,,,,,,,,,,,,,,,,,,,,,,,,MarkRAMPMI
RA 1266 Mem 005,RA,1266,1266,5,,,Mem,"Chambers, A P M ",2011,PProv2ndAGSoj,2022,,,,,,,,,,,,,,,,,,,,,,,,,,MarkRAMPMI
RA 1266 Mem 006,RA,1266,1266,6,,,Mem,"Evans, S J  ",2011,,,,,,,,,,,,,,,,,,,,,,,,,,,,MarkRAMPMI
RA 1266 Mem 007,RA,1266,1266,7,,,Mem,"Ellis, J   ",2012,,,,,,,,,,,,,,,,,,,,,,,,,,,,MarkRAMPMI
RA 1266 Mem 008,RA,1266,1266,8,,,Mem,"Jones, R K  ",2013,,,,,,,,,,,,,,,,,,,,,,,,,,,,MarkRAMPMI
RA 1266 Mem 009,RA,1266,1266,9,,,Mem,"Curtis, M J  ",2013,,,,,,,,,,,,,,,,,,,,,,,,,,,,MarkRAMPMI
RA 1266 Mem 010,RA,1266,1266,10,,,Mem,"Johnson, J R  ",2015,,,,,,,,,,,,,,,,,,,,,,,,,,,,MarkRAMPMI
RA 1266 Mem 011,RA,1266,1266,11,,,Mem,"Daniels, T B  ",2015,PProvGStwd,2024,,,,,,,,,,,,,,,,,,,,,,,,,,MarkRAMPMI
RA 1266 Mem 012,RA,1266,1266,12,,,Mem,"Perkins, A M  ",2016,,,,,,,,,,,,,,,,,,,,,,,,,,,,MarkRAMPMI
RA 1266 Mem 013,RA,1266,1266,13,,,Mem,"Handford, D J  ",2016,,,,,,,,,,,,,,,,,,,,,,,,,,,,MarkRAMPMI
RA 1266 Mem 014,RA,1266,1266,14,,,Mem,"Ward, A   ",2018,ProvGCO,2024,Y,,,,,,,,,,,,,,,,,,,,,,,,,MarkRAMPMI
RA 1266 Mem 015,RA,1266,1266,15,,,Mem,"Lofthouse, M P  ",2018,ProvGStwd,2025,Y,,,,,,,,,,,,,,,,,,,,,,,,,MarkRAMPMI
RA 1266 Mem 016,RA,1266,1266,16,,,Mem,"Fowler, P B  ",2018,,,,,,,,,,,,,,,,,,,,,,,,,,,,MarkRAMPMI
RA 1266 Mem 017,RA,1266,1266,17,,,Mem,"Foort, N A  ",2019,,,,PProvGSoj (Middx.),2018,,,,,,,,,,,,,,,,,,,,,,,MarkRAMPMI
RA 1266 Mem 018,RA,1266,1266,18,,,Mem,"Daniels, P E R ",2019,,,,,,,,,,,,,,,,,,,,,,,,,,,,MarkRAMPMI
RA 1266 Mem 019,RA,1266,1266,19,,,Mem,"Lacey-Clarke, N B L ",2020,,,,,,,,,,,,,,,,,,,,,,,,,,,,MarkRAMPMI
RA 1266 Mem 020,RA,1266,1266,20,,,Mem,"Taylor, R Z  ",2020,,,,,,,,,,,,,,,,,,,,,,,,,,,,MarkRAMPMI
RA 1266 Mem 021,RA,1266,1266,21,,,Mem,"O'Connell, S J  ",2022,,,,,,,,,,,,,,,,,,,,,,,,,,,,MarkRAMPMI
RA 1266 Mem 022,RA,1266,1266,22,,,Mem,"Keet, S   ",2022,,,,,,,,,,,,,,,,,,,,,,,,,,,,MarkRAMPMI
RA 1266 Mem 023,RA,1266,1266,23,,,Mem,"Baker, M W  ",2023,,,,,,,,,,,,,,,,,,,,,,,,,,,,MarkRAMPMI
RA 1266 Mem 024,RA,1266,1266,24,,,Mem,"Green, T R  ",2023,,,,,,,,,,,,,,,,,,,,,,,,,,,,MarkRAMPMI
RA 1266 Mem 025,RA,1266,1266,25,,,Mem,"Suckling, N J  ",2024,,,,,,,,,,,,,,,,,,,,,,,,,,,,MarkRAMPMI
RA 1266 Mem 026,RA,1266,1266,26,,,Mem,"Carpenter, T J  ",2024,,,,,,,,,,,,,,,,,,,,,,,,,,,,MarkRAMPMI
RA 1266 Mem 027,RA,1266,1266,27,,,Mem,"Helson, A J  ",2024,,,,,,,,,,,,,,,,,,,,,,,,,,,,MarkRAMPMI
RA 1266 Mem 028,RA,1266,1266,28,,,Mem,"Gosden, W C  ",2025,,,,,,,,,,,,,,,,,,,,,,,,,,,,MarkRAMPMI
RA 1266 Mem 029,RA,1266,1266,29,,,Mem,"Fischer, W A  ",2025,,,,,,,,,,,,,,,,,,,,,,,,,,,,MarkRAMPMI
RA 1266 Off 001,RA,1266,1266,1,MEZ,1,Off,"O'Connell, S J  ",2022,,,,,,,,,,,,,,,,,,,,,,,,,,,,Officers
RA 1266 Off 002,RA,1266,1266,2,H,2,Off,"Jones, R K  ",2013,,,,,,,,,,,,,,,,,,,,,,,,,,,,Officers
RA 1266 Off 003,RA,1266,1266,3,J,3,Off,"Green, T R  ",2023,,,,,,,,,,,,,,,,,,,,,,,,,,,,Officers
RA 1266 Off 004,RA,1266,1266,4,ScrE,4,Off,"Chambers, A P M ",2011,,,,,,,,,,,,,,,,,,,,,,,,,,,,Officers
RA 1266 Off 005,RA,1266,1266,5,ScrN,5,Off,"Handford, D J  ",2016,,,,,,,,,,,,,,,,,,,,,,,,,,,,Officers
RA 1266 Off 006,RA,1266,1266,6,Treas,6,Off,"Evans, S J  ",2011,,,,,,,,,,,,,,,,,,,,,,,,,,,,Officers
RA 1266 Off 007,RA,1266,1266,7,DC,7,Off,"Lofthouse, M P  ",2018,,,,,,,,,,,,,,,,,,,,,,,,,,,,Officers
RA 1266 Off 008,RA,1266,1266,8,Alm,8,Off,"Fowler, P B  ",2018,,,,,,,,,,,,,,,,,,,,,,,,,,,,Officers
RA 1266 Off 009,RA,1266,1266,9,ChStwd,9,Off,"Evans, S J  ",2011,,,,,,,,,,,,,,,,,,,,,,,,,,,,Officers
RA 1266 Off 010,RA,1266,1266,10,PSoj,10,Off,"Baker, M W  ",2023,,,,,,,,,,,,,,,,,,,,,,,,,,,,Officers
RA 1266 Off 011,RA,1266,1266,11,1stASoj,11,Off,"Johnson, J R  ",2015,,,,,,,,,,,,,,,,,,,,,,,,,,,,Officers
RA 1266 Off 012,RA,1266,1266,12,2ndASoj,12,Off,"Fischer, W A  ",2025,,,,,,,,,,,,,,,,,,,,,,,,,,,,Officers
RA 1266 Off 013,RA,1266,1266,13,ADC,13,Off,"Daniels, T B  ",2015,,,,,,,,,,,,,,,,,,,,,,,,,,,,Officers
RA 1266 Off 014,RA,1266,1266,14,Org,14,Off,"Helson, A J  ",2024,,,,,,,,,,,,,,,,,,,,,,,,,,,,Officers
RA 1266 Off 015,RA,1266,1266,15,AScrE,15,Off,"Foort, N A  ",2019,,,,,,,,,,,,,,,,,,,,,,,,,,,,Officers
RA 1266 Off 016,RA,1266,1266,16,Stwd,16,Off,"Daniels, P E R ",2019,,,,,,,,,,,,,,,,,,,,,,,,,,,,Officers
RA 1266 Off 017,RA,1266,1266,17,Stwd,16,Off,"Suckling, N J  ",2024,,,,,,,,,,,,,,,,,,,,,,,,,,,,Officers
RA 1266 Off 018,RA,1266,1266,18,Stwd,16,Off,"Gosden, W C  ",2025,,,,,,,,,,,,,,,,,,,,,,,,,,,,Officers
RA 1266 Off 019,RA,1266,1266,19,Jan,17,Off,"Keet, S   ",2022,,,,,,,,,,,,,,,,,,,,,,,,,,,,Officers
RA 1266 PMEZ 001,RA,1266,1266,1,,,PMEZ,"Mayo, R J  ",,PPGSN,2008,,,,,,,,,1996,1996,,,,,,,,,,,,,,,,PMO
RA 1266 PMEZ 002,RA,1266,1266,2,,,PMEZ,"James, S A  ",,GSupt,2024,,,,,,GSupt (Dorset),2024,,2004,2004,,,,,,,,,,,,,,,,PMO
RA 1266 PMEZ 007,RA,1266,1266,7,,,PMEZ,"Hinsley, M C  ",,DepGSupt,2024,,,,,,PGSwdB,2025,,"2009, 2010",2009,,,,,,,,,,,,,,,,PMO
RA 1266 PMEZ 010,RA,1266,1266,10,,,PMEZ,"Aston, E W J ",,PPGSwdB,2025,,,,,,,,,2017,2017,,,,,,,,,,,,,,,,PMO
RA 1266 PMEZ 011,RA,1266,1266,11,,,PMEZ,"Chambers, A P M ",,PProv2ndAGSoj,2022,,,,,,,,,2019,2019,,,,,,,,,,,,,,,,PMO
RA 1266 PMEZ 012,RA,1266,1266,12,,,PMEZ,"Daniels, T B  ",,PProvGStwd,2024,,,,,,,,,"2023, 2025",2023,,,,,,,,,,,,,,,,PMO
RA 1266 PMEZ 013,RA,1266,1266,13,,,PMEZ,"Lofthouse, M P  ",,ProvGStwd,2025,,,,,,,,,2024,2024,,,,,,,,,,,,,,,,PMO
RA 1367 Hon 001,RA,1367,1367,1,,,Hon,"Abbiss, K   ",2025,2ndProvGPrin,2024,,,,,,PGStB,2011,,,,,,,,,,,,,,,,,,,Honorary
RA 1367 Hon 002,RA,1367,1367,2,,,Hon,"Allen, R H  ",2020,PProv2ndAGSoj,2019,,,,,,,,,,,,,,,,,,,,,,,,,,Honorary
RA 1367 Hon 003,RA,1367,1367,3,,,Hon,"Angel, R D  ",2020,PProvGDC,2019,,,,,,PGStB,2017,,,,,,,,,,,,,,,,,,,Honorary
RA 1367 Hon 004,RA,1367,1367,4,,,Hon,"Ballard, C T  ",2020,PProvGTreas,2019,,,,,,,,,,,,,,,,,,,,,,,,,,Honorary
RA 1367 Hon 005,RA,1367,1367,5,,,Hon,"Barton, B E  ",2020,PPGSwdB,2021,,,,,,,,,,,,,,,,,,,,,,,,,,Honorary
RA 1367 Hon 006,RA,1367,1367,6,,,Hon,"Boylin, D   ",2020,ProvGOrg,2018,,,,,,,,,,,,,,,,,,,,,,,,,,Honorary
RA 1367 Hon 007,RA,1367,1367,7,,,Hon,"Brewer, W J  ",2020,PProvGSN,2019,,,,,,,,,,,,,,,,,,,,,,,,,,Honorary
RA 1367 Hon 008,RA,1367,1367,8,,,Hon,"Chatton, G B  ",2020,PPGSN,2025,,,,,,,,,,,,,,,,,,,,,,,,,,Honorary
RA 1367 Hon 009,RA,1367,1367,9,,,Hon,"Deakin, C W  ",2020,P2ndProvGPrin,2021,,,,,,PGStB,2019,,,,,,,,,,,,,,,,,,,Honorary
RA 1367 Hon 010,RA,1367,1367,10,,,Hon,"Glazier, G R  ",2020,PGSupt,2014,,PDepGSupt (Hants. & I. of W.),2011-14,,,PGSupt (Dorset),2014,,,,,,,,,,,,,,,,,,,Honorary
RA 1367 Hon 011,RA,1367,1367,11,,,Hon,"Hinsley, M C  ",2025,DepGSupt,2024,,,,,,PGSwdB,2025,,,,,,,,,,,,,,,,,,,Honorary
RA 1367 Hon 012,RA,1367,1367,12,,,Hon,"House, N M D ",2025,3rdProvGPrin,2024,,,,,,PGStB,2025,,,,,,,,,,,,,,,,,,,Honorary
RA 1367 Hon 013,RA,1367,1367,13,,,Hon,"James, S A  ",2025,GSupt,2024,,,,,,GSupt (Dorset),2024,,,,,,,,,,,,,,,,,,,Honorary
RA 1367 Hon 014,RA,1367,1367,14,,,Hon,"Jones, L R  ",2020,ProvGChStwd,2024,,,,,,,,,,,,,,,,,,,,,,,,,,Honorary
RA 1367 Hon 015,RA,1367,1367,15,,,Hon,"Knight, D E  ",2020,PProvGStwd,2017,,,,,,,,,,,,,,,,,,,,,,,,,,Honorary
RA 1367 Hon 016,RA,1367,1367,16,,,Hon,"Mitchell, J   ",2020,PDepGSupt,2021,,PProvGReg (Hants. & I. of W.),2017,,,PGSwdB,2022,,,,,,,,,,,,,,,,,,,Honorary
RA 1367 Hon 017,RA,1367,1367,17,,,Hon,"Parkes, R W  ",2025,PProvGSwdB,2023,,,,,,,,,,,,,,,,,,,,,,,,,,Honorary
RA 1367 Hon 018,RA,1367,1367,18,,,Hon,"Pennington, R   ",2020,PProvGDC,2020,,,,,,PGStB,2020,,,,,,,,,,,,,,,,,,,Honorary
RA 1367 Hon 019,RA,1367,1367,19,,,Hon,"Pile, D   ",2020,PPGSwdB,2021,,,,,,,,,,,,,,,,,,,,,,,,,,Honorary
RA 1367 Hon 020,RA,1367,1367,20,,,Hon,"Poate, F W J ",2020,P3rdProvGPrin,2023,,,,,,PGStB,2022,,,,,,,,,,,,,,,,,,,Honorary
RA 1367 Hon 021,RA,1367,1367,21,,,Hon,"Porter, A J  ",2020,PProvGStB,2017,,,,,,,,,,,,,,,,,,,,,,,,,,Honorary
RA 1367 Hon 022,RA,1367,1367,22,,,Hon,"Prudames, I B  ",2020,PProvGSoj,2019,,,,,,,,,,,,,,,,,,,,,,,,,,Honorary
RA 1367 Hon 023,RA,1367,1367,23,,,Hon,"Sandall, D L  ",2020,P3rdProvGPrin,2021,,,,,,PGStB,2025,,,,,,,,,,,,,,,,,,,Honorary
RA 1367 Hon 024,RA,1367,1367,24,,,Hon,"Smith, A C  ",2020,PProvGStwd,2019,,,,,,,,,,,,,,,,,,,,,,,,,,Honorary
RA 1367 Hon 025,RA,1367,1367,25,,,Hon,"Worne, M E  ",2020,PDepGSupt,2018,,,,,,PGSwdB,2019,,,,,,,,,,,,,,,,,,,Honorary
RA 1367 Inst 001,RA,1367,1367,1,,,Inst,,,,,,,,,,,,,,,June 6th 2026,,,,,,,,,,,,,,,DBLodges
RA 1367 JPMEZ 001,RA,1367,1367,1,,,JPMEZ,"Turner, B   ",2020,PPGSN,2025,,,,,,,,C3473,,,,,,,,,,,,,,,,,,PMI
RA 1367 JPMEZ 002,RA,1367,1367,2,,,JPMEZ,"Coxall, P D  ",2020,PPDepGDC,2025,,,,,,,,"C707, C9649",,,,,,,,,,,,,,,,,,PMI
RA 1367 JPMEZ 003,RA,1367,1367,3,,,JPMEZ,"Capaldi, J R  ",2020,PPGSoj,2025,,,,,,,,C170,,,,,,,,,,,,,,,,,,PMI
RA 1367 JPMEZ 004,RA,1367,1367,4,,,JPMEZ,"Beckett, M   ",2020,PPGSN,2024,,,,,,,,C707,,,,,,,,,,,,,,,,,,PMI
RA 1367 JPMEZ 005,RA,1367,1367,5,,,JPMEZ,"Barrett, T M  ",2020,PPGReg,2025,,,,,,,,C3473,,,,,,,,,,,,,,,,,,PMI
RA 1367 JPMEZ 006,RA,1367,1367,6,,,JPMEZ,"Bateman, J H  ",2020,ProvGStB,2025,Y,PProvGStB (Somerset),2026,,,,,"C814, C1056",,,,,,,,,,,,,,,,,,PMI
RA 1367 JPMEZ 007,RA,1367,1367,7,,,JPMEZ,"Burstow, M D  ",2020,PProvGSE,2023,,,,,,PAGSE,2024,C137,,,,,,,,,,,,,,,,,,PMI
RA 1367 JPMEZ 008,RA,1367,1367,8,,,JPMEZ,"Palmer, B N L ",2020,PProvGStB,2024,,PProvGStwd (Somerset),2024-25,,,,,"C6216, C814",,,,,,,,,,,,,,,,,,PMI
RA 1367 JPMEZ 009,RA,1367,1367,9,,,JPMEZ,"Muir, P M  ",2020,,,,,,SLGCR,2009,PGStB,2016,"C1677, C8997, C170",,,,,,,,,,,,,,,,,,PMI
RA 1367 JPMEZ 010,RA,1367,1367,10,,,JPMEZ,"Wakely, D   ",2020,,,,PProvGSN (Somerset),2020,,,,,C814,,,,,,,,,,,,,,,,,,PMI
RA 1367 JPMEZ 011,RA,1367,1367,11,,,JPMEZ,"Micklefield, R F  ",2020,PPGSN,2018,,PProvGSN (Middx.),2021,,,,,"C5331, C3309",,,,,,,,,,,,,,,,,,PMI
RA 1367 JPMEZ 012,RA,1367,1367,12,,,JPMEZ,"Wood, W J  ",2022,PProv2ndAGSoj,2023,,,,,,,,C1168,,,,,,,,,,,,,,,,,,PMI
RA 1367 JPMEZ 013,RA,1367,1367,13,,,JPMEZ,"Green, T   ",2022,ProvGSE,2024,Y,,,,,,,C1037,,,,,,,,,,,,,,,,,,PMI
RA 1367 Mem 001,RA,1367,1367,1,,,Mem,"Muir, P M  ",2020,,,,,,SLGCR,2009,,,,,,,,,,,,,,,,,,,,,MarkRAMPMI
RA 1367 Mem 002,RA,1367,1367,2,,,Mem,"Burstow, M D  ",2020,PProvGSE,2023,,,,,,,,,,,,,,,,,,,,,,,,,,MarkRAMPMI
RA 1367 Mem 003,RA,1367,1367,3,,,Mem,"Micklefield, R F  ",2020,PPGSN,2018,,PProvGSN (Middx.),2021,,,,,,,,,,,,,,,,,,,,,,,MarkRAMPMI
RA 1367 Mem 004,RA,1367,1367,4,,,Mem,"Wise, A J  ",2020,PPAGDC,2025,,,,,,,,,,,,,,,,,,,,,,,,,,MarkRAMPMI
RA 1367 Mem 005,RA,1367,1367,5,,,Mem,"Capaldi, J R  ",2020,PPGSoj,2025,,,,,,,,,,,,,,,,,,,,,,,,,,MarkRAMPMI
RA 1367 Mem 006,RA,1367,1367,6,,,Mem,"Beckett, M   ",2020,PPGSN,2024,,,,,,,,,,,,,,,,,,,,,,,,,,MarkRAMPMI
RA 1367 Mem 007,RA,1367,1367,7,,,Mem,"Wakely, D   ",2020,,,,PProvGSN (Somerset),2020,,,,,,,,,,,,,,,,,,,,,,,MarkRAMPMI
RA 1367 Mem 008,RA,1367,1367,8,,,Mem,"Turner, B   ",2020,PPGSN,2025,,,,,,,,,,,,,,,,,,,,,,,,,,MarkRAMPMI
RA 1367 Mem 009,RA,1367,1367,9,,,Mem,"Beadnell-Smith, D O  ",2020,,,,,,,,,,,,,,,,,,,,,,,,,,,,MarkRAMPMI
RA 1367 Mem 010,RA,1367,1367,10,,,Mem,"Bateman, J H  ",2020,ProvGStB,2025,Y,PProvGStB (Somerset),2026,,,,,,,,,,,,,,,,,,,,,,,MarkRAMPMI
RA 1367 Mem 011,RA,1367,1367,11,,,Mem,"Coxall, P D  ",2020,PPDepGDC,2025,,,,,,,,,,,,,,,,,,,,,,,,,,MarkRAMPMI
RA 1367 Mem 012,RA,1367,1367,12,,,Mem,"Bond, T A  ",2020,PPGSN,2025,,,,,,,,,,,,,,,,,,,,,,,,,,MarkRAMPMI
RA 1367 Mem 013,RA,1367,1367,13,,,Mem,"Palmer, B N L ",2020,PProvGStB,2024,,PProvGStwd (Somerset),2024-25,,,,,,,,,,,,,,,,,,,,,,,MarkRAMPMI
RA 1367 Mem 014,RA,1367,1367,14,,,Mem,"Delahunty, S P  ",2020,PPAGSoj,2024,,,,,,,,,,,,,,,,,,,,,,,,,,MarkRAMPMI
RA 1367 Mem 015,RA,1367,1367,15,,,Mem,"Barrett, T M  ",2020,PPGReg,2025,,,,,,,,,,,,,,,,,,,,,,,,,,MarkRAMPMI
RA 1367 Mem 016,RA,1367,1367,16,,,Mem,"Phillips, A S  ",2020,,,,,,,,,,,,,,,,,,,,,,,,,,,,MarkRAMPMI
RA 1367 Mem 017,RA,1367,1367,17,,,Mem,"Green, T   ",2022,ProvGSE,2024,Y,,,,,,,,,,,,,,,,,,,,,,,,,MarkRAMPMI
RA 1367 Mem 018,RA,1367,1367,18,,,Mem,"Wood, W J  ",2022,PProv2ndAGSoj,2023,,,,,,,,,,,,,,,,,,,,,,,,,,MarkRAMPMI
RA 1367 Mem 019,RA,1367,1367,19,,,Mem,"Latham, K F  ",2023,,,,,,,,,,,,,,,,,,,,,,,,,,,,MarkRAMPMI
RA 1367 Mem 020,RA,1367,1367,20,,,Mem,"Williamson, T   ",2023,,,,,,,,,,,,,,,,,,,,,,,,,,,,MarkRAMPMI
RA 1367 Mem 021,RA,1367,1367,21,,,Mem,"O'Keefe, L J  ",2023,,,,,,,,,,,,,,,,,,,,,,,,,,,,MarkRAMPMI
RA 1367 Mem 022,RA,1367,1367,22,,,Mem,"Beckett, R   ",2023,,,,,,,,,,,,,,,,,,,,,,,,,,,,MarkRAMPMI
RA 1367 Mem 023,RA,1367,1367,23,,,Mem,"Byett, G J  ",2023,,,,,,,,,,,,,,,,,,,,,,,,,,,,MarkRAMPMI
RA 1367 Mem 024,RA,1367,1367,24,,,Mem,"Spencer, L K M ",2023,,,,,,,,,,,,,,,,,,,,,,,,,,,,MarkRAMPMI
RA 1367 Mem 025,RA,1367,1367,25,,,Mem,"Bond, P R G ",2023,,,,,,,,,,,,,,,,,,,,,,,,,,,,MarkRAMPMI
RA 1367 Mem 026,RA,1367,1367,26,,,Mem,"Fowler, J V P ",2024,,,,,,,,,,,,,,,,,,,,,,,,,,,,MarkRAMPMI
RA 1367 Mem 027,RA,1367,1367,27,,,Mem,"Garman, C P  ",2024,,,,,,,,,,,,,,,,,,,,,,,,,,,,MarkRAMPMI
RA 1367 Mem 028,RA,1367,1367,28,,,Mem,"Bourne, N J  ",2024,,,,,,,,,,,,,,,,,,,,,,,,,,,,MarkRAMPMI
RA 1367 Mem 029,RA,1367,1367,29,,,Mem,"Starr, K   ",2025,,,,,,,,,,,,,,,,,,,,,,,,,,,,MarkRAMPMI
RA 1367 Mem 030,RA,1367,1367,30,,,Mem,"Pearce, P J  ",2025,,,,,,,,,,,,,,,,,,,,,,,,,,,,MarkRAMPMI
RA 1367 Off 001,RA,1367,1367,1,MEZ,1,Off,"Green, T   ",2022,,,,,,,,,,,,,,,,,,,,,,,,,,,,Officers
RA 1367 Off 002,RA,1367,1367,2,H,2,Off,"Palmer, B N L ",2020,,,,,,,,,,,,,,,,,,,,,,,,,,,,Officers
RA 1367 Off 003,RA,1367,1367,3,J,3,Off,"Bond, P R G ",2023,,,,,,,,,,,,,,,,,,,,,,,,,,,,Officers
RA 1367 Off 004,RA,1367,1367,4,ScrE,4,Off,"Bond, T A  ",2020,,,,,,,,,,,,,,,,,,,,,,,,,,,,Officers
RA 1367 Off 005,RA,1367,1367,5,ScrN,5,Off,"Latham, K F  ",2023,,,,,,,,,,,,,,,,,,,,,,,,,,,,Officers
RA 1367 Off 006,RA,1367,1367,6,Treas,6,Off,"Barrett, T M  ",2020,,,,,,,,,,,,,,,,,,,,,,,,,,,,Officers
RA 1367 Off 007,RA,1367,1367,7,DC,7,Off,"Wakely, D   ",2020,,,,,,,,,,,,,,,,,,,,,,,,,,,,Officers
RA 1367 Off 008,RA,1367,1367,8,Alm,8,Off,"Williamson, T   ",2023,,,,,,,,,,,,,,,,,,,,,,,,,,,,Officers
RA 1367 Off 009,RA,1367,1367,9,ChStwd,9,Off,"Coxall, P D  ",2020,,,,,,,,,,,,,,,,,,,,,,,,,,,,Officers
RA 1367 Off 010,RA,1367,1367,10,PSoj,10,Off,"Turner, B   ",2020,,,,,,,,,,,,,,,,,,,,,,,,,,,,Officers
RA 1367 Off 011,RA,1367,1367,11,1stASoj,11,Off,"Wood, W J  ",2022,,,,,,,,,,,,,,,,,,,,,,,,,,,,Officers
RA 1367 Off 012,RA,1367,1367,12,2ndASoj,12,Off,"Garman, C P  ",2024,,,,,,,,,,,,,,,,,,,,,,,,,,,,Officers
RA 1367 Off 013,RA,1367,1367,13,ADC,13,Off,"Muir, P M  ",2020,,,,,,,,,,,,,,,,,,,,,,,,,,,,Officers
RA 1367 Off 014,RA,1367,1367,14,Org,14,Off,Vacant,,,,,,,,,,,,,,,,,,,,,,,,,,,,,Officers
RA 1367 Off 015,RA,1367,1367,15,AScrE,15,Off,"O'Keefe, L J  ",2023,,,,,,,,,,,,,,,,,,,,,,,,,,,,Officers
RA 1367 Off 016,RA,1367,1367,16,Stwd,16,Off,"Byett, G J  ",2023,,,,,,,,,,,,,,,,,,,,,,,,,,,,Officers
RA 1367 Off 017,RA,1367,1367,17,Stwd,16,Off,"Bourne, N J  ",2024,,,,,,,,,,,,,,,,,,,,,,,,,,,,Officers
RA 1367 Off 018,RA,1367,1367,18,Stwd,16,Off,"Fowler, J V P ",2024,,,,,,,,,,,,,,,,,,,,,,,,,,,,Officers
RA 1367 Off 019,RA,1367,1367,19,Stwd,16,Off,"Pearce, P J  ",2025,,,,,,,,,,,,,,,,,,,,,,,,,,,,Officers
RA 1367 Off 020,RA,1367,1367,20,Jan,17,Off,"Spencer, L K M ",2023,,,,,,,,,,,,,,,,,,,,,,,,,,,,Officers
RA 1367 PMEZ 001,RA,1367,1367,1,,,PMEZ,"Bond, T A  ",,PPGSN,2025,,,,,,,,,"2020, 2022",2020,,,,,,,,,,,,,,,,PMO
RA 1367 PMEZ 005,RA,1367,1367,5,,,PMEZ,"Delahunty, S P  ",,PPAGSoj,2024,,,,,,,,,2023,2023,,,,,,,,,,,,,,,,PMO
RA 1367 PMEZ 007,RA,1367,1367,7,,,PMEZ,"Wise, A J  ",,PPAGDC,2025,,,,,,,,,2024,2024,,,,,,,,,,,,,,,,PMO
RA 2559 Inst 001,RA,2559,2559,1,,,Inst,,,,,,,,,,,,,,,November 17th 2025,,,,,,,,,,,,,,,DBLodges
RA 2559 JPMEZ 001,RA,2559,2559,1,,,JPMEZ,"Stevenson, J E  ",1990,PPGSN,2024,,,,,,,,C9177,,,,,,,,,,,,,,,,,,PMI
RA 2559 Mem 001,RA,2559,2559,1,,,Mem,"Brookes, L T  ",1976,PPGReg,2001,,,,,,,,,,,,,,,,,,,,,,,,,,MarkRAMPMI
RA 2559 Mem 002,RA,2559,2559,2,,,Mem,"Kiver, R B  ",1978,PDepGSupt,2008,,,,,,,,,,,,,,,,,,,,,,,,,,MarkRAMPMI
RA 2559 Mem 003,RA,2559,2559,3,,,Mem,"Leonard, N J C ",1985,PPGSN,2013,,,,,,,,,,,,,,,,,,,,,,,,,,MarkRAMPMI
RA 2559 Mem 004,RA,2559,2559,4,,,Mem,"Burt, D B F ",1986,PPGSN,2009,,,,,,,,,,,,,,,,,,,,,,,,,,MarkRAMPMI
RA 2559 Mem 005,RA,2559,2559,5,,,Mem,"Stevenson, J E  ",1990,PPGSN,2024,,,,,,,,,,,,,,,,,,,,,,,,,,MarkRAMPMI
RA 2559 Mem 006,RA,2559,2559,6,,,Mem,"Angel, R D  ",1992,PProvGDC,2019,,,,,,,,,,,,,,,,,,,,,,,,,,MarkRAMPMI
RA 2559 Mem 007,RA,2559,2559,7,,,Mem,"Haskins, W G  ",1993,PPGSwdB,2015,,,,,,,,,,,,,,,,,,,,,,,,,,MarkRAMPMI
RA 2559 Mem 008,RA,2559,2559,8,,,Mem,"Cutler, R J  ",1995,PProvGSN,2013,,PProvGSN (Glos. & Hereford.),2024,,,,,,,,,,,,,,,,,,,,,,,MarkRAMPMI
RA 2559 Mem 009,RA,2559,2559,9,,,Mem,"Francis, R E  ",1996,PPGSwdB,2022,,,,,,,,,,,,,,,,,,,,,,,,,,MarkRAMPMI
RA 2559 Mem 010,RA,2559,2559,10,,,Mem,"Hall, M J  ",1997,,,,,,,,,,,,,,,,,,,,,,,,,,,,MarkRAMPMI
RA 2559 Mem 011,RA,2559,2559,11,,,Mem,"Burt, M R  ",1999,PPGSN,2025,,PProvDepGSwdB (Hants. & I. of W.),2019,,,,,,,,,,,,,,,,,,,,,,,MarkRAMPMI
RA 2559 Mem 012,RA,2559,2559,12,,,Mem,"Hand, A R  ",1999,,,,,,,,,,,,,,,,,,,,,,,,,,,,MarkRAMPMI
RA 2559 Mem 013,RA,2559,2559,13,,,Mem,"Wills, C   ",2000,PProvGAlm,2023,,,,,,,,,,,,,,,,,,,,,,,,,,MarkRAMPMI
RA 2559 Mem 014,RA,2559,2559,14,,,Mem,"Fairlie, R   ",2002,PProvDepGDC,2023,,,,,,,,,,,,,,,,,,,,,,,,,,MarkRAMPMI
RA 2559 Mem 015,RA,2559,2559,15,,,Mem,"Ballard, C T  ",2009,PProvGTreas,2019,,,,,,,,,,,,,,,,,,,,,,,,,,MarkRAMPMI
RA 2559 Mem 016,RA,2559,2559,16,,,Mem,"Barrett, J J  ",2015,,,,,,,,,,,,,,,,,,,,,,,,,,,,MarkRAMPMI
RA 2559 Mem 017,RA,2559,2559,17,,,Mem,"Dunster, S F L ",2015,,,,,,,,,,,,,,,,,,,,,,,,,,,,MarkRAMPMI
RA 2559 Mem 018,RA,2559,2559,18,,,Mem,"Harding, J W  ",2016,PProv1stAGSoj,2024,,,,,,,,,,,,,,,,,,,,,,,,,,MarkRAMPMI
RA 2559 Mem 019,RA,2559,2559,19,,,Mem,"Boyd, P W  ",2016,,,,,,,,,,,,,,,,,,,,,,,,,,,,MarkRAMPMI
RA 2559 Mem 020,RA,2559,2559,20,,,Mem,"Turner, B D  ",2018,,,,,,,,,,,,,,,,,,,,,,,,,,,,MarkRAMPMI
RA 2559 Mem 021,RA,2559,2559,21,,,Mem,"Thompson, M J  ",2022,,,,,,,,,,,,,,,,,,,,,,,,,,,,MarkRAMPMI
RA 2559 Mem 022,RA,2559,2559,22,,,Mem,"Costin, C   ",2023,,,,,,,,,,,,,,,,,,,,,,,,,,,,MarkRAMPMI
RA 2559 Mem 023,RA,2559,2559,23,,,Mem,"Matthews, L A  ",2023,,,,,,,,,,,,,,,,,,,,,,,,,,,,MarkRAMPMI
RA 2559 Mem 024,RA,2559,2559,24,,,Mem,"Mackie, A B  ",2023,,,,,,,,,,,,,,,,,,,,,,,,,,,,MarkRAMPMI
RA 2559 Mem 025,RA,2559,2559,25,,,Mem,"Halfhide, R C  ",2025,,,,,,,,,,,,,,,,,,,,,,,,,,,,MarkRAMPMI
RA 2559 Off 001,RA,2559,2559,1,MEZ,1,Off,"Dunster, S F L ",2015,,,,,,,,,,,,,,,,,,,,,,,,,,,,Officers
RA 2559 Off 002,RA,2559,2559,2,H,2,Off,"Boyd, P W  ",2016,,,,,,,,,,,,,,,,,,,,,,,,,,,,Officers
RA 2559 Off 003,RA,2559,2559,3,J,3,Off,"Mackie, A B  ",2023,,,,,,,,,,,,,,,,,,,,,,,,,,,,Officers
RA 2559 Off 004,RA,2559,2559,4,ScrE,4,Off,Vacant,,,,,,,,,,,,,,,,,,,,,,,,,,,,,Officers
RA 2559 Off 005,RA,2559,2559,5,ScrN,5,Off,"Harding, J W  ",2016,,,,,,,,,,,,,,,,,,,,,,,,,,,,Officers
RA 2559 Off 006,RA,2559,2559,6,Treas,6,Off,"Burt, M R  ",1999,,,,,,,,,,,,,,,,,,,,,,,,,,,,Officers
RA 2559 Off 007,RA,2559,2559,7,DC,7,Off,"Angel, R D  ",1992,,,,,,,,,,,,,,,,,,,,,,,,,,,,Officers
RA 2559 Off 008,RA,2559,2559,8,Alm,8,Off,"Wills, C   ",2000,,,,,,,,,,,,,,,,,,,,,,,,,,,,Officers
RA 2559 Off 009,RA,2559,2559,9,ChStwd,9,Off,"Hall, M J  ",1997,,,,,,,,,,,,,,,,,,,,,,,,,,,,Officers
RA 2559 Off 010,RA,2559,2559,10,PSoj,10,Off,"Brookes, L T  ",1976,,,,,,,,,,,,,,,,,,,,,,,,,,,,Officers
RA 2559 Off 011,RA,2559,2559,11,1stASoj,11,Off,"Thompson, M J  ",2022,,,,,,,,,,,,,,,,,,,,,,,,,,,,Officers
RA 2559 Off 012,RA,2559,2559,12,2ndASoj,12,Off,"Turner, B D  ",2018,,,,,,,,,,,,,,,,,,,,,,,,,,,,Officers
RA 2559 Off 013,RA,2559,2559,13,ADC,13,Off,"Ballard, C T  ",2009,,,,,,,,,,,,,,,,,,,,,,,,,,,,Officers
RA 2559 Off 014,RA,2559,2559,14,Org,14,Off,"Burt, M R  ",1999,,,,,,,,,,,,,,,,,,,,,,,,,,,,Officers
RA 2559 Off 015,RA,2559,2559,15,AScrE,15,Off,Vacant,,,,,,,,,,,,,,,,,,,,,,,,,,,,,Officers
RA 2559 Off 016,RA,2559,2559,16,Stwd,16,Off,Vacant,,,,,,,,,,,,,,,,,,,,,,,,,,,,,Officers
RA 2559 Off 017,RA,2559,2559,17,Jan,17,Off,"Kiver, R B  ",1978,,,,,,,,,,,,,,,,,,,,,,,,,,,,Officers
RA 2559 PMEZ 001,RA,2559,2559,1,,,PMEZ,"Brookes, L T  ",,PPGReg,2001,,,,,,PGStB,2002,,"1989, 2023",1989,,,,,,,,,,,,,,,,PMO
RA 2559 PMEZ 003,RA,2559,2559,3,,,PMEZ,"Kiver, R B  ",,PDepGSupt,2008,,,,,,PGSwdB,2009,,"1992, 2022",1992,,,,,,,,,,,,,,,,PMO
RA 2559 PMEZ 004,RA,2559,2559,4,,,PMEZ,"Leonard, N J C ",,PPGSN,2013,,,,,,,,,1994,1994,,,,,,,,,,,,,,,,PMO
RA 2559 PMEZ 005,RA,2559,2559,5,,,PMEZ,"Burt, D B F ",,PPGSN,2009,,,,,,,,,1998,1998,,,,,,,,,,,,,,,,PMO
RA 2559 PMEZ 008,RA,2559,2559,8,,,PMEZ,"Angel, R D  ",,PProvGDC,2019,,,,,,PGStB,2017,,"2003, 2004",2003,,,,,,,,,,,,,,,,PMO
RA 2559 PMEZ 010,RA,2559,2559,10,,,PMEZ,"Haskins, W G  ",,PPGSwdB,2015,,,,,,,,,2005,2005,,,,,,,,,,,,,,,,PMO
RA 2559 PMEZ 011,RA,2559,2559,11,,,PMEZ,"Francis, R E  ",,PPGSwdB,2022,,,,,,,,,2009,2009,,,,,,,,,,,,,,,,PMO
RA 2559 PMEZ 013,RA,2559,2559,13,,,PMEZ,"Burt, M R  ",,PPGSN,2025,,PProvDepGSwdB (Hants. & I. of W.),2019,,,,,,2010,2010,,,,,,,,,,,,,,,,PMO
RA 2559 PMEZ 015,RA,2559,2559,15,,,PMEZ,"Cutler, R J  ",,PProvGSN,2013,,PProvGSN (Glos. & Hereford.),2024,,,,,,2011,2011,,,,,,,,,,,,,,,,PMO
RA 2559 PMEZ 018,RA,2559,2559,18,,,PMEZ,"Fairlie, R   ",,PProvDepGDC,2023,,,,,,,,,2012,2012,,,,,,,,,,,,,,,,PMO
RA 2559 PMEZ 019,RA,2559,2559,19,,,PMEZ,"Wills, C   ",,PProvGAlm,2023,,,,,,,,,2013,2013,,,,,,,,,,,,,,,,PMO
RA 2559 PMEZ 021,RA,2559,2559,21,,,PMEZ,"Ballard, C T  ",,PProvGTreas,2019,,,,,,,,,2016,2016,,,,,,,,,,,,,,,,PMO
RA 2559 PMEZ 024,RA,2559,2559,24,,,PMEZ,"Harding, J W  ",,PProv1stAGSoj,2024,,,,,,,,,"2021, 2024",2021,,,,,,,,,,,,,,,,PMO
RA 2689 Inst 001,RA,2689,2689,1,,,Inst,,,,,,,,,,,,,,,April 8th 2026,,,,,,,,,,,,,,,DBLodges
RA 2689 JPMEZ 001,RA,2689,2689,1,,,JPMEZ,"Glazier, G R  ",2007,PGSupt,2014,,PDepGSupt (Hants. & I. of W.),2011-14,,,PGSupt (Dorset),2014,"C1331, C8859, C9649, C3366",,,,,,,,,,,,,,,,,,PMI
RA 2689 JPMEZ 002,RA,2689,2689,2,,,JPMEZ,"Jones, L R  ",2009,ProvGChStwd,2024,Y,,,,,,,C1168,,,,,,,,,,,,,,,,,,PMI
RA 2689 JPMEZ 003,RA,2689,2689,3,,,JPMEZ,"Goldsmith, B J  ",2012,,,,PProvGSN (Bucks.),2021,,,,,C2458,,,,,,,,,,,,,,,,,,PMI
RA 2689 JPMEZ 004,RA,2689,2689,4,,,JPMEZ,"Mitchell, J   ",2013,PDepGSupt,2021,,PProvGReg (Hants. & I. of W.),2017,,,PGSwdB,2022,"C132, C3366",,,,,,,,,,,,,,,,,,PMI
RA 2689 JPMEZ 005,RA,2689,2689,5,,,JPMEZ,"Rumsey, K J  ",2013,PPGSN,2019,,,,,,,,C1168,,,,,,,,,,,,,,,,,,PMI
RA 2689 JPMEZ 006,RA,2689,2689,6,,,JPMEZ,"Vaughan, T B  ",2017,PPAGDC,2021,,,,,,,,C5401,,,,,,,,,,,,,,,,,,PMI
RA 2689 Mem 001,RA,2689,2689,1,,,Mem,"Andrews, A J  ",1981,PPGReg,2003,,,,,,,,,,,,,,,,,,,,,,,,,,MarkRAMPMI
RA 2689 Mem 002,RA,2689,2689,2,,,Mem,"Allan, J J B ",1985,PProvGSN,2017,,,,,,,,,,,,,,,,,,,,,,,,,,MarkRAMPMI
RA 2689 Mem 003,RA,2689,2689,3,,,Mem,"House, N M D ",1987,3rdProvGPrin,2024,Y,,,,,,,,,,,,,,,,,,,,,,,,,MarkRAMPMI
RA 2689 Mem 004,RA,2689,2689,4,,,Mem,"Fish, J W  ",2004,PProvGStwd,2022,,,,,,,,,,,,,,,,,,,,,,,,,,MarkRAMPMI
RA 2689 Mem 005,RA,2689,2689,5,,,Mem,"Chatton, G B  ",2006,PPGSN,2025,,,,,,,,,,,,,,,,,,,,,,,,,,MarkRAMPMI
RA 2689 Mem 006,RA,2689,2689,6,,,Mem,"Antell, J A  ",2006,,,,,,,,,,,,,,,,,,,,,,,,,,,,MarkRAMPMI
RA 2689 Mem 007,RA,2689,2689,7,,,Mem,"Linklater, L O  ",2007,PProvDepGDC,2018,,,,,,,,,,,,,,,,,,,,,,,,,,MarkRAMPMI
RA 2689 Mem 008,RA,2689,2689,8,,,Mem,"Sandall, D L  ",2007,P3rdProvGPrin,2021,,,,,,,,,,,,,,,,,,,,,,,,,,MarkRAMPMI
RA 2689 Mem 009,RA,2689,2689,9,,,Mem,"Glazier, G R  ",2007,PGSupt,2014,,PDepGSupt (Hants. & I. of W.),2011-14,,,,,,,,,,,,,,,,,,,,,,,MarkRAMPMI
RA 2689 Mem 010,RA,2689,2689,10,,,Mem,"Jones, L R  ",2009,ProvGChStwd,2024,Y,,,,,,,,,,,,,,,,,,,,,,,,,MarkRAMPMI
RA 2689 Mem 011,RA,2689,2689,11,,,Mem,"Smith, J T  ",2009,,,,,,,,,,,,,,,,,,,,,,,,,,,,MarkRAMPMI
RA 2689 Mem 012,RA,2689,2689,12,,,Mem,"Neville, M R  ",2010,PProvGSN,2021,,,,,,,,,,,,,,,,,,,,,,,,,,MarkRAMPMI
RA 2689 Mem 013,RA,2689,2689,13,,,Mem,"Vining, S R  ",2012,,,,,,,,,,,,,,,,,,,,,,,,,,,,MarkRAMPMI
RA 2689 Mem 014,RA,2689,2689,14,,,Mem,"Goldsmith, B J  ",2012,,,,PProvGSN (Bucks.),2021,,,,,,,,,,,,,,,,,,,,,,,MarkRAMPMI
RA 2689 Mem 015,RA,2689,2689,15,,,Mem,"Aldred, K W  ",2012,,,,,,,,,,,,,,,,,,,,,,,,,,,,MarkRAMPMI
RA 2689 Mem 016,RA,2689,2689,16,,,Mem,"James, S M  ",2012,ProvGTreas,2025,Y,,,,,,,,,,,,,,,,,,,,,,,,,MarkRAMPMI
RA 2689 Mem 017,RA,2689,2689,17,,,Mem,"Mitchell, J   ",2013,PDepGSupt,2021,,PProvGReg (Hants. & I. of W.),2017,,,,,,,,,,,,,,,,,,,,,,,MarkRAMPMI
RA 2689 Mem 018,RA,2689,2689,18,,,Mem,"Rumsey, K J  ",2013,PPGSN,2019,,,,,,,,,,,,,,,,,,,,,,,,,,MarkRAMPMI
RA 2689 Mem 019,RA,2689,2689,19,,,Mem,"Legg, T R H ",2013,,,,,,,,,,,,,,,,,,,,,,,,,,,,MarkRAMPMI
RA 2689 Mem 020,RA,2689,2689,20,,,Mem,"Hargrave, S N  ",2015,,,,,,,,,,,,,,,,,,,,,,,,,,,,MarkRAMPMI
RA 2689 Mem 021,RA,2689,2689,21,,,Mem,"Sandall, C B  ",2016,,,,,,,,,,,,,,,,,,,,,,,,,,,,MarkRAMPMI
RA 2689 Mem 022,RA,2689,2689,22,,,Mem,"Vaughan, T B  ",2017,PPAGDC,2021,,,,,,,,,,,,,,,,,,,,,,,,,,MarkRAMPMI
RA 2689 Mem 023,RA,2689,2689,23,,,Mem,"Kavanagh, P   ",2017,,,,,,,,,,,,,,,,,,,,,,,,,,,,MarkRAMPMI
RA 2689 Mem 024,RA,2689,2689,24,,,Mem,"Lomas, M A  ",2018,,,,,,,,,,,,,,,,,,,,,,,,,,,,MarkRAMPMI
RA 2689 Mem 025,RA,2689,2689,25,,,Mem,"Ongley, A D  ",2019,,,,,,,,,,,,,,,,,,,,,,,,,,,,MarkRAMPMI
RA 2689 Mem 026,RA,2689,2689,26,,,Mem,"Bunter, G T  ",2022,,,,,,,,,,,,,,,,,,,,,,,,,,,,MarkRAMPMI
RA 2689 Mem 027,RA,2689,2689,27,,,Mem,"Smith, M D  ",2022,,,,,,,,,,,,,,,,,,,,,,,,,,,,MarkRAMPMI
RA 2689 Mem 028,RA,2689,2689,28,,,Mem,"Ongley, R F  ",2023,,,,,,,,,,,,,,,,,,,,,,,,,,,,MarkRAMPMI
RA 2689 Mem 029,RA,2689,2689,29,,,Mem,"Dominy, L R  ",2023,,,,,,,,,,,,,,,,,,,,,,,,,,,,MarkRAMPMI
RA 2689 Mem 030,RA,2689,2689,30,,,Mem,"Graham, B   ",2024,,,,,,,,,,,,,,,,,,,,,,,,,,,,MarkRAMPMI
RA 2689 Mem 031,RA,2689,2689,31,,,Mem,"Robson, D R  ",2024,,,,,,,,,,,,,,,,,,,,,,,,,,,,MarkRAMPMI
RA 2689 Mem 032,RA,2689,2689,32,,,Mem,"Gaertig, K J  ",2025,,,,,,,,,,,,,,,,,,,,,,,,,,,,MarkRAMPMI
RA 2689 Mem 033,RA,2689,2689,33,,,Mem,"Kerr, A D  ",2025,,,,,,,,,,,,,,,,,,,,,,,,,,,,MarkRAMPMI
RA 2689 Mem 034,RA,2689,2689,34,,,Mem,"Ayres, L M J ",2025,,,,,,,,,,,,,,,,,,,,,,,,,,,,MarkRAMPMI
RA 2689 Mem 035,RA,2689,2689,35,,,Mem,"Roberts, M S E ",2026,,,,,,,,,,,,,,,,,,,,,,,,,,,,MarkRAMPMI
RA 2689 Off 001,RA,2689,2689,1,MEZ,1,Off,"James, S M  ",2012,,,,,,,,,,,,,,,,,,,,,,,,,,,,Officers
RA 2689 Off 002,RA,2689,2689,2,H,2,Off,"Sandall, C B  ",2016,,,,,,,,,,,,,,,,,,,,,,,,,,,,Officers
RA 2689 Off 003,RA,2689,2689,3,J,3,Off,"Ongley, A D  ",2019,,,,,,,,,,,,,,,,,,,,,,,,,,,,Officers
RA 2689 Off 004,RA,2689,2689,4,ScrE,4,Off,"Chatton, G B  ",2006,,,,,,,,,,,,,,,,,,,,,,,,,,,,Officers
RA 2689 Off 005,RA,2689,2689,5,ScrN,5,Off,"Jones, L R  ",2009,,,,,,,,,,,,,,,,,,,,,,,,,,,,Officers
RA 2689 Off 006,RA,2689,2689,6,Treas,6,Off,"Neville, M R  ",2010,,,,,,,,,,,,,,,,,,,,,,,,,,,,Officers
RA 2689 Off 007,RA,2689,2689,7,DC,7,Off,"Fish, J W  ",2004,,,,,,,,,,,,,,,,,,,,,,,,,,,,Officers
RA 2689 Off 008,RA,2689,2689,8,Alm,8,Off,"Vaughan, T B  ",2017,,,,,,,,,,,,,,,,,,,,,,,,,,,,Officers
RA 2689 Off 009,RA,2689,2689,9,ChStwd,9,Off,"Jones, L R  ",2009,,,,,,,,,,,,,,,,,,,,,,,,,,,,Officers
RA 2689 Off 010,RA,2689,2689,10,PSoj,10,Off,"Ongley, R F  ",2023,,,,,,,,,,,,,,,,,,,,,,,,,,,,Officers
RA 2689 Off 011,RA,2689,2689,11,1stASoj,11,Off,"Dominy, L R  ",2023,,,,,,,,,,,,,,,,,,,,,,,,,,,,Officers
RA 2689 Off 012,RA,2689,2689,12,2ndASoj,12,Off,"Bunter, G T  ",2022,,,,,,,,,,,,,,,,,,,,,,,,,,,,Officers
RA 2689 Off 013,RA,2689,2689,13,ADC,13,Off,"Allan, J J B ",1985,,,,,,,,,,,,,,,,,,,,,,,,,,,,Officers
RA 2689 Off 014,RA,2689,2689,14,Org,14,Off,"Smith, J T  ",2009,,,,,,,,,,,,,,,,,,,,,,,,,,,,Officers
RA 2689 Off 015,RA,2689,2689,15,AScrE,15,Off,Vacant,,,,,,,,,,,,,,,,,,,,,,,,,,,,,Officers
RA 2689 Off 016,RA,2689,2689,16,Stwd,16,Off,"Gaertig, K J  ",2025,,,,,,,,,,,,,,,,,,,,,,,,,,,,Officers
RA 2689 Off 017,RA,2689,2689,17,Stwd,16,Off,"Kerr, A D  ",2025,,,,,,,,,,,,,,,,,,,,,,,,,,,,Officers
RA 2689 Off 018,RA,2689,2689,18,Jan,17,Off,"Hargrave, S N  ",2015,,,,,,,,,,,,,,,,,,,,,,,,,,,,Officers
RA 2689 PMEZ 001,RA,2689,2689,1,,,PMEZ,"Andrews, A J  ",,PPGReg,2003,,,,,,,,,"1990, 2002",1990,,,,,,,,,,,,,,,,PMO
RA 2689 PMEZ 003,RA,2689,2689,3,,,PMEZ,"Allan, J J B ",,PProvGSN,2017,,,,,,,,,"1999, 2017, 2018",1999,,,,,,,,,,,,,,,,PMO
RA 2689 PMEZ 004,RA,2689,2689,4,,,PMEZ,"House, N M D ",,3rdProvGPrin,2024,,,,,,PGStB,2025,,2011,2011,,,,,,,,,,,,,,,,PMO
RA 2689 PMEZ 009,RA,2689,2689,9,,,PMEZ,"Linklater, L O  ",,PProvDepGDC,2018,,,,,,,,,2012,2012,,,,,,,,,,,,,,,,PMO
RA 2689 PMEZ 010,RA,2689,2689,10,,,PMEZ,"Sandall, D L  ",,P3rdProvGPrin,2021,,,,,,PGStB,2025,,2014,2014,,,,,,,,,,,,,,,,PMO
RA 2689 PMEZ 014,RA,2689,2689,14,,,PMEZ,"Neville, M R  ",,PProvGSN,2021,,,,,,,,,2015,2015,,,,,,,,,,,,,,,,PMO
RA 2689 PMEZ 015,RA,2689,2689,15,,,PMEZ,"Chatton, G B  ",,PPGSN,2025,,,,,,,,,2016,2016,,,,,,,,,,,,,,,,PMO
RA 2689 PMEZ 018,RA,2689,2689,18,,,PMEZ,"Fish, J W  ",,PProvGStwd,2022,,,,,,,,,2019,2019,,,,,,,,,,,,,,,,PMO
RA 2689 PMEZ 020,RA,2689,2689,20,,,PMEZ,"James, S M  ",,ProvGTreas,2025,,,,,,,,,"2021, 2022, 2023",2021,,,,,,,,,,,,,,,,PMO
RA 2689 PMEZ 021,RA,2689,2689,21,,,PMEZ,"Aldred, K W  ",,,,,,,,,,,,2024,2024,,,,,,,,,,,,,,,,PMO
RA 2689 PMEZ 022,RA,2689,2689,22,,,PMEZ,"Legg, T R H ",,,,,,,,,,,,"2025, 2025",2025,,,,,,,,,,,,,,,,PMO
RA 3366 Inst 001,RA,3366,3366,1,,,Inst,,,,,,,,,,,,,,,October 17th 2025,,,,,,,,,,,,,,,DBLodges
RA 3366 JPMEZ 001,RA,3366,3366,1,,,JPMEZ,"Andrews, A J  ",1991,PPGReg,2003,,,,,,,,C2689,,,,,,,,,,,,,,,,,,PMI
RA 3366 JPMEZ 002,RA,3366,3366,2,,,JPMEZ,"Lill, C J  ",1991,PDepGSupt,2015,,,,,,PGSwdB,2016,"C707, C9649",,,,,,,,,,,,,,,,,,PMI
RA 3366 JPMEZ 003,RA,3366,3366,3,,,JPMEZ,"Jowett, R B  ",1993,P3rdProvGPrin,2014,,,,,,PGStB,2014,C5331,,,,,,,,,,,,,,,,,,PMI
RA 3366 JPMEZ 004,RA,3366,3366,4,,,JPMEZ,"Burt, D B F ",1999,PPGSN,2009,,,,,,,,C2559,,,,,,,,,,,,,,,,,,PMI
RA 3366 JPMEZ 005,RA,3366,3366,5,,,JPMEZ,"Wood, N B  ",1999,PPGSN,2017,,PProvGSwdB (Bucks.),1994,,,,,C3980,,,,,,,,,,,,,,,,,,PMI
RA 3366 JPMEZ 006,RA,3366,3366,6,,,JPMEZ,"Holt, C M  ",2001,PPGSN,2012,,,,,,,,"C8320, C1168",,,,,,,,,,,,,,,,,,PMI
RA 3366 JPMEZ 007,RA,3366,3366,7,,,JPMEZ,"Lewis, W J  ",2001,PPGSoj,2004,,,,,,,,C9050,,,,,,,,,,,,,,,,,,PMI
RA 3366 JPMEZ 008,RA,3366,3366,8,,,JPMEZ,"Baker, P J  ",2002,PPGSN,2017,,,,,,,,C417,,,,,,,,,,,,,,,,,,PMI
RA 3366 JPMEZ 009,RA,3366,3366,9,,,JPMEZ,"Martin, A E  ",2002,PPGSN,2024,,,,,,,,C137,,,,,,,,,,,,,,,,,,PMI
RA 3366 JPMEZ 010,RA,3366,3366,10,,,JPMEZ,"Webb, D J  ",2002,PPGSN,2018,,,,,,,,C137,,,,,,,,,,,,,,,,,,PMI
RA 3366 JPMEZ 011,RA,3366,3366,11,,,JPMEZ,"Bugler, R A L ",2003,PPGStB,2005,,,,,,,,C1266,,,,,,,,,,,,,,,,,,PMI
RA 3366 JPMEZ 012,RA,3366,3366,12,,,JPMEZ,"Mack, D C  ",2003,PPGSN,2018,,,,,,,,C386,,,,,,,,,,,,,,,,,,PMI
RA 3366 JPMEZ 013,RA,3366,3366,13,,,JPMEZ,"Barnett, C R  ",2003,PPGReg,2018,,PProvDepGSwdB (Devon),2018,,,,,"C8099, C1125",,,,,,,,,,,,,,,,,,PMI
RA 3366 JPMEZ 014,RA,3366,3366,14,,,JPMEZ,"Micklefield, R F  ",2003,PPGSN,2018,,PProvGSN (Middx.),2021,,,,,"C5331, C3309",,,,,,,,,,,,,,,,,,PMI
RA 3366 JPMEZ 015,RA,3366,3366,15,,,JPMEZ,"Voysey, F W  ",2003,PPGSN,2020,,,,,,,,C9050,,,,,,,,,,,,,,,,,,PMI
RA 3366 JPMEZ 016,RA,3366,3366,16,,,JPMEZ,"Gould, L G  ",2004,PPGSN,2022,,,,,,,,"C2689, C1168",,,,,,,,,,,,,,,,,,PMI
RA 3366 JPMEZ 017,RA,3366,3366,17,,,JPMEZ,"Russell, F   ",2004,PPGSN,2021,,,,,,,,C137,,,,,,,,,,,,,,,,,,PMI
RA 3366 JPMEZ 018,RA,3366,3366,18,,,JPMEZ,"Stevenson, J E  ",2004,PPGSN,2024,,,,,,,,C9177,,,,,,,,,,,,,,,,,,PMI
RA 3366 JPMEZ 019,RA,3366,3366,19,,,JPMEZ,"Bott, M J  ",2005,PPGSN,2024,,,,,,,,C8099,,,,,,,,,,,,,,,,,,PMI
RA 3366 JPMEZ 020,RA,3366,3366,20,,,JPMEZ,"Kusminoff, E   ",2007,PPGSN,2025,,,,,,,,C2559,,,,,,,,,,,,,,,,,,PMI
RA 3366 JPMEZ 021,RA,3366,3366,21,,,JPMEZ,"Shaw, A W  ",2007,PPGSoj,2009,,,,,,,,C1168,,,,,,,,,,,,,,,,,,PMI
RA 3366 JPMEZ 022,RA,3366,3366,22,,,JPMEZ,"Cutler, R J  ",2007,PProvGSN,2013,,PProvGSN (Glos. & Hereford.),2024,,,,,"C9177, C2559, C892",,,,,,,,,,,,,,,,,,PMI
RA 3366 JPMEZ 023,RA,3366,3366,23,,,JPMEZ,"Eaton, D F  ",2007,PPGSN,2024,,,,,,,,C137,,,,,,,,,,,,,,,,,,PMI
RA 3366 JPMEZ 024,RA,3366,3366,24,,,JPMEZ,"Bonnett, D   ",2009,PPGSN,2021,,,,,,,,C170,,,,,,,,,,,,,,,,,,PMI
RA 3366 JPMEZ 025,RA,3366,3366,25,,,JPMEZ,"Cooper, J D  ",2011,PPGSwdB,2017,,,,,,,,C417,,,,,,,,,,,,,,,,,,PMI
RA 3366 JPMEZ 026,RA,3366,3366,26,,,JPMEZ,"Whittaker, P   ",2011,PPGReg,2024,,,,,,,,"C665, C9653",,,,,,,,,,,,,,,,,,PMI
RA 3366 JPMEZ 027,RA,3366,3366,27,,,JPMEZ,"Day, D J  ",2011,PProvGSN,2024,,,,,,,,C622,,,,,,,,,,,,,,,,,,PMI
RA 3366 JPMEZ 028,RA,3366,3366,28,,,JPMEZ,"Ward, A W  ",2011,PProvGSwdB,2017,,,,,,,,"C9050, C9649",,,,,,,,,,,,,,,,,,PMI
RA 3366 JPMEZ 029,RA,3366,3366,29,,,JPMEZ,"Parker, I K  ",2011,PPGSoj,2013,,,,,,,,"C7719, C2689",,,,,,,,,,,,,,,,,,PMI
RA 3366 JPMEZ 030,RA,3366,3366,30,,,JPMEZ,"Burt, M R  ",2011,PPGSN,2025,,PProvDepGSwdB (Hants. & I. of W.),2019,,,,,C2559,,,,,,,,,,,,,,,,,,PMI
RA 3366 JPMEZ 031,RA,3366,3366,31,,,JPMEZ,"Harvey, C   ",2011,PPGSN,2025,,,,,,,,C3473,,,,,,,,,,,,,,,,,,PMI
RA 3366 JPMEZ 032,RA,3366,3366,32,,,JPMEZ,"Diment-Davies, S   ",2011,PPGSwdB,2024,,,,,,,,C386,,,,,,,,,,,,,,,,,,PMI
RA 3366 JPMEZ 033,RA,3366,3366,33,,,JPMEZ,"Matthews, R E V ",2012,PPGReg,2024,,,,,,,,C386,,,,,,,,,,,,,,,,,,PMI
RA 3366 JPMEZ 034,RA,3366,3366,34,,,JPMEZ,"Worne, M E  ",2012,PDepGSupt,2018,,,,,,PGSwdB,2019,C9177,,,,,,,,,,,,,,,,,,PMI
RA 3366 JPMEZ 035,RA,3366,3366,35,,,JPMEZ,"Wannell, B R  ",2012,PProvGSwdB,2020,,,,,,,,C1168,,,,,,,,,,,,,,,,,,PMI
RA 3366 JPMEZ 036,RA,3366,3366,36,,,JPMEZ,"Cook, G D P ",2012,PProvGSN,2018,,,,,,PAGDC,2021,C6445,,,,,,,,,,,,,,,,,,PMI
RA 3366 JPMEZ 037,RA,3366,3366,37,,,JPMEZ,"Hicks, D J  ",2012,PPGSwdB,2024,,,,,,,,C3473,,,,,,,,,,,,,,,,,,PMI
RA 3366 JPMEZ 038,RA,3366,3366,38,,,JPMEZ,"Ilott, P F  ",2012,PPGSN,2025,,,,,,,,C137,,,,,,,,,,,,,,,,,,PMI
RA 3366 JPMEZ 039,RA,3366,3366,39,,,JPMEZ,"Leach, R J  ",2013,PProvGSwdB,2024,,,,,,,,C622,,,,,,,,,,,,,,,,,,PMI
RA 3366 JPMEZ 040,RA,3366,3366,40,,,JPMEZ,"Abbiss, K   ",2013,2ndProvGPrin,2024,Y,,,,,PGStB,2011,C170,,,,,,,,,,,,,,,,,,PMI
RA 3366 JPMEZ 041,RA,3366,3366,41,,,JPMEZ,"Witt, T H  ",2013,PPGSwdB,2022,,,,,,,,C9177,,,,,,,,,,,,,,,,,,PMI
RA 3366 JPMEZ 042,RA,3366,3366,42,,,JPMEZ,"Hatch, G T  ",2013,PPGSwdB,2024,,,,,,,,C7986,,,,,,,,,,,,,,,,,,PMI
RA 3366 JPMEZ 043,RA,3366,3366,43,,,JPMEZ,"Curley, A   ",2013,PPGSN,2020,,,,,,,,"C9050, C9649",,,,,,,,,,,,,,,,,,PMI
RA 3366 JPMEZ 044,RA,3366,3366,44,,,JPMEZ,"Poate, F W J ",2014,P3rdProvGPrin,2023,,,,,,PGStB,2022,C9177,,,,,,,,,,,,,,,,,,PMI
RA 3366 JPMEZ 045,RA,3366,3366,45,,,JPMEZ,"Sandall, D L  ",2014,P3rdProvGPrin,2021,,,,,,PGStB,2025,C2689,,,,,,,,,,,,,,,,,,PMI
RA 3366 JPMEZ 046,RA,3366,3366,46,,,JPMEZ,"Samways, B R  ",2015,PPGSoj,2019,,,,,,,,C386,,,,,,,,,,,,,,,,,,PMI
RA 3366 JPMEZ 047,RA,3366,3366,47,,,JPMEZ,"Wills, C   ",2016,PProvGAlm,2023,,,,,,,,C2559,,,,,,,,,,,,,,,,,,PMI
RA 3366 JPMEZ 048,RA,3366,3366,48,,,JPMEZ,"Knights, G S  ",2016,PPGSN,2025,,,,,,,,C622,,,,,,,,,,,,,,,,,,PMI
RA 3366 JPMEZ 049,RA,3366,3366,49,,,JPMEZ,"Paisley, R A  ",2016,PPGSwdB,2025,,,,,,,,C170,,,,,,,,,,,,,,,,,,PMI
RA 3366 JPMEZ 050,RA,3366,3366,50,,,JPMEZ,"Ward, P T  ",2016,PProvGSN,2022,,,,,,,,C6445,,,,,,,,,,,,,,,,,,PMI
RA 3366 JPMEZ 051,RA,3366,3366,51,,,JPMEZ,"Prudames, I B  ",2017,PProvGSoj,2019,,,,,,,,C1037,,,,,,,,,,,,,,,,,,PMI
RA 3366 JPMEZ 052,RA,3366,3366,52,,,JPMEZ,"Harrison, A J  ",2017,PPGSN,2023,,PProvGSN (Herts.),2023,,,,,C5152,,,,,,,,,,,,,,,,,,PMI
RA 3366 JPMEZ 053,RA,3366,3366,53,,,JPMEZ,"Turner, B   ",2017,PPGSN,2025,,,,,,,,C3473,,,,,,,,,,,,,,,,,,PMI
RA 3366 JPMEZ 054,RA,3366,3366,54,,,JPMEZ,"Nixey, M T  ",2017,PPGSN,2021,,,,,,,,C3473,,,,,,,,,,,,,,,,,,PMI
RA 3366 JPMEZ 055,RA,3366,3366,55,,,JPMEZ,"Newman, P G  ",2018,PProvGSwdB,2022,,,,,,,,C8099,,,,,,,,,,,,,,,,,,PMI
RA 3366 JPMEZ 056,RA,3366,3366,56,,,JPMEZ,"Probert, P F  ",2018,PPGSN,2019,,,,,,,,"C257, C5331",,,,,,,,,,,,,,,,,,PMI
RA 3366 JPMEZ 057,RA,3366,3366,57,,,JPMEZ,"Bond, T A  ",2018,PPGSN,2025,,,,,,,,"C170, C1367, C417",,,,,,,,,,,,,,,,,,PMI
RA 3366 JPMEZ 058,RA,3366,3366,58,,,JPMEZ,"Ballard, C T  ",2019,PProvGTreas,2019,,,,,,,,C2559,,,,,,,,,,,,,,,,,,PMI
RA 3366 JPMEZ 059,RA,3366,3366,59,,,JPMEZ,"Fish, J W  ",2021,PProvGStwd,2022,,,,,,,,C2689,,,,,,,,,,,,,,,,,,PMI
RA 3366 JPMEZ 060,RA,3366,3366,60,,,JPMEZ,"Gibson, M J  ",2021,ProvGDC,2024,Y,,,,,PGStB,2025,C622,,,,,,,,,,,,,,,,,,PMI
RA 3366 JPMEZ 061,RA,3366,3366,61,,,JPMEZ,"Gomm, J G  ",2021,PPGSwdB,2017,,,,,,,,C622,,,,,,,,,,,,,,,,,,PMI
RA 3366 JPMEZ 062,RA,3366,3366,62,,,JPMEZ,"Shaw, K J  ",2021,ProvGJan,2025,Y,,,,,,,C3473,,,,,,,,,,,,,,,,,,PMI
RA 3366 JPMEZ 063,RA,3366,3366,63,,,JPMEZ,"Muir, P M  ",2021,,,,,,SLGCR,2009,PGStB,2016,"C1677, C8997, C170",,,,,,,,,,,,,,,,,,PMI
RA 3366 JPMEZ 064,RA,3366,3366,64,,,JPMEZ,"Harper, W B  ",2021,P3rdProvGPrin,2018,,,,,,PGStB,2016,"C170, C417",,,,,,,,,,,,,,,,,,PMI
RA 3366 JPMEZ 065,RA,3366,3366,65,,,JPMEZ,"Chatton, G B  ",2021,PPGSN,2025,,,,,,,,C2689,,,,,,,,,,,,,,,,,,PMI
RA 3366 JPMEZ 066,RA,3366,3366,66,,,JPMEZ,"Travers, J H  ",2023,PPGStB,2025,,,,,,,,C6445,,,,,,,,,,,,,,,,,,PMI
RA 3366 JPMEZ 067,RA,3366,3366,67,,,JPMEZ,"Carter, B A  ",2023,PProvGSN,2023,,,,,,,,"C9177, C9649",,,,,,,,,,,,,,,,,,PMI
RA 3366 JPMEZ 068,RA,3366,3366,68,,,JPMEZ,"Parkes, M R  ",2023,PPGSwdB,2025,,,,,,,,C7986,,,,,,,,,,,,,,,,,,PMI
RA 3366 JPMEZ 069,RA,3366,3366,69,,,JPMEZ,"James, S A  ",2023,GSupt,2024,Y,,,,,GSupt (Dorset),2024,C1266,,,,,,,,,,,,,,,,,,PMI
RA 3366 JPMEZ 070,RA,3366,3366,70,,,JPMEZ,"Lofthouse, M P  ",2024,ProvGStwd,2025,Y,,,,,,,C1266,,,,,,,,,,,,,,,,,,PMI
RA 3366 JPMEZ 071,RA,3366,3366,71,,,JPMEZ,"Haskell, G   ",2024,,,,,,,,,,C9177,,,,,,,,,,,,,,,,,,PMI
RA 3366 JPMEZ 072,RA,3366,3366,72,,,JPMEZ,"Green, T   ",2025,ProvGSE,2024,Y,,,,,,,"C1037, C1367",,,,,,,,,,,,,,,,,,PMI
RA 3366 JPMEZ 073,RA,3366,3366,73,,,JPMEZ,"Pomeroy, V H  ",2025,PProvGSN,2016,,,,,,,,C1037,,,,,,,,,,,,,,,,,,PMI
RA 3366 JPMEZ 074,RA,3366,3366,74,,,JPMEZ,"Barrett, B O  ",2025,ProvGSoj,2025,Y,,,,,,,C8099,,,,,,,,,,,,,,,,,,PMI
RA 3366 JPMEZ 075,RA,3366,3366,75,,,JPMEZ,"Burstow, M D  ",2025,PProvGSE,2023,,,,,,PAGSE,2024,C137,,,,,,,,,,,,,,,,,,PMI
RA 3366 JPMEZ 076,RA,3366,3366,76,,,JPMEZ,"Osment, C S  ",2025,PPGSN,2023,,,,,,,,C6445,,,,,,,,,,,,,,,,,,PMI
RA 3366 Mem 001,RA,3366,3366,1,,,Mem,"Shaw, F J  ",1986,PProvGReg,2018,,,,,,,,,,,,,,,,,,,,,,,,,,MarkRAMPMI
RA 3366 Mem 002,RA,3366,3366,2,,,Mem,"Barnes, K H  ",1986,PGSupt,1992,,,,,,,,,,,,,,,,,,,,,,,,,,MarkRAMPMI
RA 3366 Mem 003,RA,3366,3366,3,,,Mem,"Brookes, L T  ",1990,PPGReg,2001,,,,,,,,,,,,,,,,,,,,,,,,,,MarkRAMPMI
RA 3366 Mem 004,RA,3366,3366,4,,,Mem,"Lill, C J  ",1991,PDepGSupt,2015,,,,,,,,,,,,,,,,,,,,,,,,,,MarkRAMPMI
RA 3366 Mem 005,RA,3366,3366,5,,,Mem,"Andrews, A J  ",1991,PPGReg,2003,,,,,,,,,,,,,,,,,,,,,,,,,,MarkRAMPMI
RA 3366 Mem 006,RA,3366,3366,6,,,Mem,"Jowett, R B  ",1993,P3rdProvGPrin,2014,,,,,,,,,,,,,,,,,,,,,,,,,,MarkRAMPMI
RA 3366 Mem 007,RA,3366,3366,7,,,Mem,"Burt, D B F ",1999,PPGSN,2009,,,,,,,,,,,,,,,,,,,,,,,,,,MarkRAMPMI
RA 3366 Mem 008,RA,3366,3366,8,,,Mem,"Wood, N B  ",1999,PPGSN,2017,,PProvGSwdB (Bucks.),1994,,,,,,,,,,,,,,,,,,,,,,,MarkRAMPMI
RA 3366 Mem 009,RA,3366,3366,9,,,Mem,"Ferns, K V  ",1999,PPGSN,2016,,,,,,,,,,,,,,,,,,,,,,,,,,MarkRAMPMI
RA 3366 Mem 010,RA,3366,3366,10,,,Mem,"Parkes, B E  ",2001,PPGSN,2017,,PProvGStwd (Essex),1994-98,,,,,,,,,,,,,,,,,,,,,,,MarkRAMPMI
RA 3366 Mem 011,RA,3366,3366,11,,,Mem,"Holt, C M  ",2001,PPGSN,2012,,,,,,,,,,,,,,,,,,,,,,,,,,MarkRAMPMI
RA 3366 Mem 012,RA,3366,3366,12,,,Mem,"Lewis, W J  ",2001,PPGSoj,2004,,,,,,,,,,,,,,,,,,,,,,,,,,MarkRAMPMI
RA 3366 Mem 013,RA,3366,3366,13,,,Mem,"Martin, A E  ",2002,PPGSN,2024,,,,,,,,,,,,,,,,,,,,,,,,,,MarkRAMPMI
RA 3366 Mem 014,RA,3366,3366,14,,,Mem,"Webb, D J  ",2002,PPGSN,2018,,,,,,,,,,,,,,,,,,,,,,,,,,MarkRAMPMI
RA 3366 Mem 015,RA,3366,3366,15,,,Mem,"Baker, P J  ",2002,PPGSN,2017,,,,,,,,,,,,,,,,,,,,,,,,,,MarkRAMPMI
RA 3366 Mem 016,RA,3366,3366,16,,,Mem,"Micklefield, R F  ",2003,PPGSN,2018,,PProvGSN (Middx.),2021,,,,,,,,,,,,,,,,,,,,,,,MarkRAMPMI
RA 3366 Mem 017,RA,3366,3366,17,,,Mem,"Voysey, F W  ",2003,PPGSN,2020,,,,,,,,,,,,,,,,,,,,,,,,,,MarkRAMPMI
RA 3366 Mem 018,RA,3366,3366,18,,,Mem,"Barnett, C R  ",2003,PPGReg,2018,,PProvDepGSwdB (Devon),2018,,,,,,,,,,,,,,,,,,,,,,,MarkRAMPMI
RA 3366 Mem 019,RA,3366,3366,19,,,Mem,"Bugler, R A L ",2003,PPGStB,2005,,,,,,,,,,,,,,,,,,,,,,,,,,MarkRAMPMI
RA 3366 Mem 020,RA,3366,3366,20,,,Mem,"Mack, D C  ",2003,PPGSN,2018,,,,,,,,,,,,,,,,,,,,,,,,,,MarkRAMPMI
RA 3366 Mem 021,RA,3366,3366,21,,,Mem,"Gould, L G  ",2004,PPGSN,2022,,,,,,,,,,,,,,,,,,,,,,,,,,MarkRAMPMI
RA 3366 Mem 022,RA,3366,3366,22,,,Mem,"Stevenson, J E  ",2004,PPGSN,2024,,,,,,,,,,,,,,,,,,,,,,,,,,MarkRAMPMI
RA 3366 Mem 023,RA,3366,3366,23,,,Mem,"Russell, F   ",2004,PPGSN,2021,,,,,,,,,,,,,,,,,,,,,,,,,,MarkRAMPMI
RA 3366 Mem 024,RA,3366,3366,24,,,Mem,"Deakin, C W  ",2004,P2ndProvGPrin,2021,,,,,,,,,,,,,,,,,,,,,,,,,,MarkRAMPMI
RA 3366 Mem 025,RA,3366,3366,25,,,Mem,"Bott, M J  ",2005,PPGSN,2024,,,,,,,,,,,,,,,,,,,,,,,,,,MarkRAMPMI
RA 3366 Mem 026,RA,3366,3366,26,,,Mem,"Tritton, B D  ",2006,P2ndProvGPrin,2015,,,,,,,,,,,,,,,,,,,,,,,,,,MarkRAMPMI
RA 3366 Mem 027,RA,3366,3366,27,,,Mem,"Kusminoff, E   ",2007,PPGSN,2025,,,,,,,,,,,,,,,,,,,,,,,,,,MarkRAMPMI
RA 3366 Mem 028,RA,3366,3366,28,,,Mem,"Shaw, A W  ",2007,PPGSoj,2009,,,,,,,,,,,,,,,,,,,,,,,,,,MarkRAMPMI
RA 3366 Mem 029,RA,3366,3366,29,,,Mem,"Cutler, R J  ",2007,PProvGSN,2013,,PProvGSN (Glos. & Hereford.),2024,,,,,,,,,,,,,,,,,,,,,,,MarkRAMPMI
RA 3366 Mem 030,RA,3366,3366,30,,,Mem,"Eaton, D F  ",2007,PPGSN,2024,,,,,,,,,,,,,,,,,,,,,,,,,,MarkRAMPMI
RA 3366 Mem 031,RA,3366,3366,31,,,Mem,"Bonnett, D   ",2009,PPGSN,2021,,,,,,,,,,,,,,,,,,,,,,,,,,MarkRAMPMI
RA 3366 Mem 032,RA,3366,3366,32,,,Mem,"Day, D J  ",2011,PProvGSN,2024,,,,,,,,,,,,,,,,,,,,,,,,,,MarkRAMPMI
RA 3366 Mem 033,RA,3366,3366,33,,,Mem,"Harvey, C   ",2011,PPGSN,2025,,,,,,,,,,,,,,,,,,,,,,,,,,MarkRAMPMI
RA 3366 Mem 034,RA,3366,3366,34,,,Mem,"Diment-Davies, S   ",2011,PPGSwdB,2024,,,,,,,,,,,,,,,,,,,,,,,,,,MarkRAMPMI
RA 3366 Mem 035,RA,3366,3366,35,,,Mem,"Cooper, J D  ",2011,PPGSwdB,2017,,,,,,,,,,,,,,,,,,,,,,,,,,MarkRAMPMI
RA 3366 Mem 036,RA,3366,3366,36,,,Mem,"Burt, M R  ",2011,PPGSN,2025,,PProvDepGSwdB (Hants. & I. of W.),2019,,,,,,,,,,,,,,,,,,,,,,,MarkRAMPMI
RA 3366 Mem 037,RA,3366,3366,37,,,Mem,"Parker, I K  ",2011,PPGSoj,2013,,,,,,,,,,,,,,,,,,,,,,,,,,MarkRAMPMI
RA 3366 Mem 038,RA,3366,3366,38,,,Mem,"Ward, A W  ",2011,PProvGSwdB,2017,,,,,,,,,,,,,,,,,,,,,,,,,,MarkRAMPMI
RA 3366 Mem 039,RA,3366,3366,39,,,Mem,"Whittaker, P   ",2011,PPGReg,2024,,,,,,,,,,,,,,,,,,,,,,,,,,MarkRAMPMI
RA 3366 Mem 040,RA,3366,3366,40,,,Mem,"Ilott, P F  ",2012,PPGSN,2025,,,,,,,,,,,,,,,,,,,,,,,,,,MarkRAMPMI
RA 3366 Mem 041,RA,3366,3366,41,,,Mem,"Matthews, R E V ",2012,PPGReg,2024,,,,,,,,,,,,,,,,,,,,,,,,,,MarkRAMPMI
RA 3366 Mem 042,RA,3366,3366,42,,,Mem,"Hicks, D J  ",2012,PPGSwdB,2024,,,,,,,,,,,,,,,,,,,,,,,,,,MarkRAMPMI
RA 3366 Mem 043,RA,3366,3366,43,,,Mem,"Wannell, B R  ",2012,PProvGSwdB,2020,,,,,,,,,,,,,,,,,,,,,,,,,,MarkRAMPMI
RA 3366 Mem 044,RA,3366,3366,44,,,Mem,"Worne, M E  ",2012,PDepGSupt,2018,,,,,,,,,,,,,,,,,,,,,,,,,,MarkRAMPMI
RA 3366 Mem 045,RA,3366,3366,45,,,Mem,"House, N M D ",2012,3rdProvGPrin,2024,Y,,,,,,,,,,,,,,,,,,,,,,,,,MarkRAMPMI
RA 3366 Mem 046,RA,3366,3366,46,,,Mem,"Cook, G D P ",2012,PProvGSN,2018,,,,,,,,,,,,,,,,,,,,,,,,,,MarkRAMPMI
RA 3366 Mem 047,RA,3366,3366,47,,,Mem,"Curley, A   ",2013,PPGSN,2020,,,,,,,,,,,,,,,,,,,,,,,,,,MarkRAMPMI
RA 3366 Mem 048,RA,3366,3366,48,,,Mem,"Leach, R J  ",2013,PProvGSwdB,2024,,,,,,,,,,,,,,,,,,,,,,,,,,MarkRAMPMI
RA 3366 Mem 049,RA,3366,3366,49,,,Mem,"Hatch, G T  ",2013,PPGSwdB,2024,,,,,,,,,,,,,,,,,,,,,,,,,,MarkRAMPMI
RA 3366 Mem 050,RA,3366,3366,50,,,Mem,"Boitoult, M A  ",2013,PPGSN,2022,,,,LGCR,2003,,,,,,,,,,,,,,,,,,,,,MarkRAMPMI
RA 3366 Mem 051,RA,3366,3366,51,,,Mem,"Witt, T H  ",2013,PPGSwdB,2022,,,,,,,,,,,,,,,,,,,,,,,,,,MarkRAMPMI
RA 3366 Mem 052,RA,3366,3366,52,,,Mem,"Abbiss, K   ",2013,2ndProvGPrin,2024,Y,,,,,,,,,,,,,,,,,,,,,,,,,MarkRAMPMI
RA 3366 Mem 053,RA,3366,3366,53,,,Mem,"Sandall, D L  ",2014,P3rdProvGPrin,2021,,,,,,,,,,,,,,,,,,,,,,,,,,MarkRAMPMI
RA 3366 Mem 054,RA,3366,3366,54,,,Mem,"Poate, F W J ",2014,P3rdProvGPrin,2023,,,,,,,,,,,,,,,,,,,,,,,,,,MarkRAMPMI
RA 3366 Mem 055,RA,3366,3366,55,,,Mem,"Glazier, G R  ",2014,PGSupt,2014,,PDepGSupt (Hants. & I. of W.),2011-14,,,,,,,,,,,,,,,,,,,,,,,MarkRAMPMI
RA 3366 Mem 056,RA,3366,3366,56,,,Mem,"Samways, B R  ",2015,PPGSoj,2019,,,,,,,,,,,,,,,,,,,,,,,,,,MarkRAMPMI
RA 3366 Mem 057,RA,3366,3366,57,,,Mem,"Knights, G S  ",2016,PPGSN,2025,,,,,,,,,,,,,,,,,,,,,,,,,,MarkRAMPMI
RA 3366 Mem 058,RA,3366,3366,58,,,Mem,"Mitchell, J   ",2016,PDepGSupt,2021,,PProvGReg (Hants. & I. of W.),2017,,,,,,,,,,,,,,,,,,,,,,,MarkRAMPMI
RA 3366 Mem 059,RA,3366,3366,59,,,Mem,"Wills, C   ",2016,PProvGAlm,2023,,,,,,,,,,,,,,,,,,,,,,,,,,MarkRAMPMI
RA 3366 Mem 060,RA,3366,3366,60,,,Mem,"Ward, P T  ",2016,PProvGSN,2022,,,,,,,,,,,,,,,,,,,,,,,,,,MarkRAMPMI
RA 3366 Mem 061,RA,3366,3366,61,,,Mem,"Paisley, R A  ",2016,PPGSwdB,2025,,,,,,,,,,,,,,,,,,,,,,,,,,MarkRAMPMI
RA 3366 Mem 062,RA,3366,3366,62,,,Mem,"Prudames, I B  ",2017,PProvGSoj,2019,,,,,,,,,,,,,,,,,,,,,,,,,,MarkRAMPMI
RA 3366 Mem 063,RA,3366,3366,63,,,Mem,"Turner, B   ",2017,PPGSN,2025,,,,,,,,,,,,,,,,,,,,,,,,,,MarkRAMPMI
RA 3366 Mem 064,RA,3366,3366,64,,,Mem,"Nixey, M T  ",2017,PPGSN,2021,,,,,,,,,,,,,,,,,,,,,,,,,,MarkRAMPMI
RA 3366 Mem 065,RA,3366,3366,65,,,Mem,"Harrison, A J  ",2017,PPGSN,2023,,PProvGSN (Herts.),2023,,,,,,,,,,,,,,,,,,,,,,,MarkRAMPMI
RA 3366 Mem 066,RA,3366,3366,66,,,Mem,"Probert, P F  ",2018,PPGSN,2019,,,,,,,,,,,,,,,,,,,,,,,,,,MarkRAMPMI
RA 3366 Mem 067,RA,3366,3366,67,,,Mem,"Newman, P G  ",2018,PProvGSwdB,2022,,,,,,,,,,,,,,,,,,,,,,,,,,MarkRAMPMI
RA 3366 Mem 068,RA,3366,3366,68,,,Mem,"Bond, T A  ",2018,PPGSN,2025,,,,,,,,,,,,,,,,,,,,,,,,,,MarkRAMPMI
RA 3366 Mem 069,RA,3366,3366,69,,,Mem,"Ballard, C T  ",2019,PProvGTreas,2019,,,,,,,,,,,,,,,,,,,,,,,,,,MarkRAMPMI
RA 3366 Mem 070,RA,3366,3366,70,,,Mem,"Fish, J W  ",2021,PProvGStwd,2022,,,,,,,,,,,,,,,,,,,,,,,,,,MarkRAMPMI
RA 3366 Mem 071,RA,3366,3366,71,,,Mem,"Shaw, K J  ",2021,ProvGJan,2025,Y,,,,,,,,,,,,,,,,,,,,,,,,,MarkRAMPMI
RA 3366 Mem 072,RA,3366,3366,72,,,Mem,"Muir, P M  ",2021,,,,,,SLGCR,2009,,,,,,,,,,,,,,,,,,,,,MarkRAMPMI
RA 3366 Mem 073,RA,3366,3366,73,,,Mem,"Gibson, M J  ",2021,ProvGDC,2024,Y,,,,,,,,,,,,,,,,,,,,,,,,,MarkRAMPMI
RA 3366 Mem 074,RA,3366,3366,74,,,Mem,"Chatton, G B  ",2021,PPGSN,2025,,,,,,,,,,,,,,,,,,,,,,,,,,MarkRAMPMI
RA 3366 Mem 075,RA,3366,3366,75,,,Mem,"Harper, W B  ",2021,P3rdProvGPrin,2018,,,,,,,,,,,,,,,,,,,,,,,,,,MarkRAMPMI
RA 3366 Mem 076,RA,3366,3366,76,,,Mem,"Gomm, J G  ",2021,PPGSwdB,2017,,,,,,,,,,,,,,,,,,,,,,,,,,MarkRAMPMI
RA 3366 Mem 077,RA,3366,3366,77,,,Mem,"Parkes, M R  ",2023,PPGSwdB,2025,,,,,,,,,,,,,,,,,,,,,,,,,,MarkRAMPMI
RA 3366 Mem 078,RA,3366,3366,78,,,Mem,"Carter, B A  ",2023,PProvGSN,2023,,,,,,,,,,,,,,,,,,,,,,,,,,MarkRAMPMI
RA 3366 Mem 079,RA,3366,3366,79,,,Mem,"Travers, J H  ",2023,PPGStB,2025,,,,,,,,,,,,,,,,,,,,,,,,,,MarkRAMPMI
RA 3366 Mem 080,RA,3366,3366,80,,,Mem,"James, S A  ",2023,GSupt,2024,Y,,,,,,,,,,,,,,,,,,,,,,,,,MarkRAMPMI
RA 3366 Mem 081,RA,3366,3366,81,,,Mem,"Lofthouse, M P  ",2024,ProvGStwd,2025,Y,,,,,,,,,,,,,,,,,,,,,,,,,MarkRAMPMI
RA 3366 Mem 082,RA,3366,3366,82,,,Mem,"Haskell, G   ",2024,,,,,,,,,,,,,,,,,,,,,,,,,,,,MarkRAMPMI
RA 3366 Mem 083,RA,3366,3366,83,,,Mem,"Pomeroy, V H  ",2025,PProvGSN,2016,,,,,,,,,,,,,,,,,,,,,,,,,,MarkRAMPMI
RA 3366 Mem 084,RA,3366,3366,84,,,Mem,"Green, T   ",2025,ProvGSE,2024,Y,,,,,,,,,,,,,,,,,,,,,,,,,MarkRAMPMI
RA 3366 Mem 085,RA,3366,3366,85,,,Mem,"Barrett, B O  ",2025,ProvGSoj,2025,Y,,,,,,,,,,,,,,,,,,,,,,,,,MarkRAMPMI
RA 3366 Mem 086,RA,3366,3366,86,,,Mem,"Osment, C S  ",2025,PPGSN,2023,,,,,,,,,,,,,,,,,,,,,,,,,,MarkRAMPMI
RA 3366 Mem 087,RA,3366,3366,87,,,Mem,"Burstow, M D  ",2025,PProvGSE,2023,,,,,,,,,,,,,,,,,,,,,,,,,,MarkRAMPMI
RA 3366 Off 001,RA,3366,3366,1,MEZ,1,Off,"Knights, G S  ",2016,,,,,,,,,,,,,,,,,,,,,,,,,,,,Officers
RA 3366 Off 002,RA,3366,3366,2,H,2,Off,"Day, D J  ",2011,,,,,,,,,,,,,,,,,,,,,,,,,,,,Officers
RA 3366 Off 003,RA,3366,3366,3,J,3,Off,"Sandall, D L  ",2014,,,,,,,,,,,,,,,,,,,,,,,,,,,,Officers
RA 3366 Off 004,RA,3366,3366,4,ScrE,4,Off,"Parkes, M R  ",2023,,,,,,,,,,,,,,,,,,,,,,,,,,,,Officers
RA 3366 Off 005,RA,3366,3366,5,ScrN,5,Off,"Ward, P T  ",2016,,,,,,,,,,,,,,,,,,,,,,,,,,,,Officers
RA 3366 Off 006,RA,3366,3366,6,Treas,6,Off,"Ballard, C T  ",2019,,,,,,,,,,,,,,,,,,,,,,,,,,,,Officers
RA 3366 Off 007,RA,3366,3366,7,DC,7,Off,"Gibson, M J  ",2021,,,,,,,,,,,,,,,,,,,,,,,,,,,,Officers
RA 3366 Off 008,RA,3366,3366,8,Alm,8,Off,"Wills, C   ",2016,,,,,,,,,,,,,,,,,,,,,,,,,,,,Officers
RA 3366 Off 009,RA,3366,3366,9,ChStwd,9,Off,"Ward, A W  ",2011,,,,,,,,,,,,,,,,,,,,,,,,,,,,Officers
RA 3366 Off 010,RA,3366,3366,10,PSoj,10,Off,"Nixey, M T  ",2017,,,,,,,,,,,,,,,,,,,,,,,,,,,,Officers
RA 3366 Off 011,RA,3366,3366,11,1stASoj,11,Off,"Shaw, K J  ",2021,,,,,,,,,,,,,,,,,,,,,,,,,,,,Officers
RA 3366 Off 012,RA,3366,3366,12,2ndASoj,12,Off,"Wannell, B R  ",2012,,,,,,,,,,,,,,,,,,,,,,,,,,,,Officers
RA 3366 Off 013,RA,3366,3366,13,ADC,13,Off,"Fish, J W  ",2021,,,,,,,,,,,,,,,,,,,,,,,,,,,,Officers
RA 3366 Off 014,RA,3366,3366,14,Org,14,Off,Vacant,,,,,,,,,,,,,,,,,,,,,,,,,,,,,Officers
RA 3366 Off 015,RA,3366,3366,15,AScrE,15,Off,"Newman, P G  ",2018,,,,,,,,,,,,,,,,,,,,,,,,,,,,Officers
RA 3366 Off 016,RA,3366,3366,16,Stwd,16,Off,"Lofthouse, M P  ",2024,,,,,,,,,,,,,,,,,,,,,,,,,,,,Officers
RA 3366 Off 017,RA,3366,3366,17,Stwd,16,Off,"Haskell, G   ",2024,,,,,,,,,,,,,,,,,,,,,,,,,,,,Officers
RA 3366 Off 018,RA,3366,3366,18,Stwd,16,Off,"Barrett, B O  ",2025,,,,,,,,,,,,,,,,,,,,,,,,,,,,Officers
RA 3366 Off 019,RA,3366,3366,19,Jan,17,Off,"Prudames, I B  ",2017,,,,,,,,,,,,,,,,,,,,,,,,,,,,Officers
RA 3366 PMEZ 001,RA,3366,3366,1,,,PMEZ,"Barnes, K H  ",,PGSupt,1992,,,,,,PGSupt (Dorset),1992,,1995,1995,,,,,,,,,,,,,,,,PMO
RA 3366 PMEZ 010,RA,3366,3366,10,,,PMEZ,"Brookes, L T  ",,PPGReg,2001,,,,,,PGStB,2002,,2006,2006,,,,,,,,,,,,,,,,PMO
RA 3366 PMEZ 012,RA,3366,3366,12,,,PMEZ,"Shaw, F J  ",,PProvGReg,2018,,,,,,PAGSoj,2017,,2009,2009,,,,,,,,,,,,,,,,PMO
RA 3366 PMEZ 014,RA,3366,3366,14,,,PMEZ,"Parkes, B E  ",,PPGSN,2017,,PProvGStwd (Essex),1994-98,,,,,,2014,2014,,,,,,,,,,,,,,,,PMO
RA 3366 PMEZ 016,RA,3366,3366,16,,,PMEZ,"Deakin, C W  ",,P2ndProvGPrin,2021,,,,,,PGStB,2019,,2016,2016,,,,,,,,,,,,,,,,PMO
RA 3366 PMEZ 019,RA,3366,3366,19,,,PMEZ,"Ferns, K V  ",,PPGSN,2016,,,,,,,,,2018,2018,,,,,,,,,,,,,,,,PMO
RA 3366 PMEZ 022,RA,3366,3366,22,,,PMEZ,"Tritton, B D  ",,P2ndProvGPrin,2015,,,,,,PAGSoj,2022,,2019,2019,,,,,,,,,,,,,,,,PMO
RA 3366 PMEZ 024,RA,3366,3366,24,,,PMEZ,"Glazier, G R  ",,PGSupt,2014,,PDepGSupt (Hants. & I. of W.),2011-14,,,PGSupt (Dorset),2014,,2021,2021,,,,,,,,,,,,,,,,PMO
RA 3366 PMEZ 029,RA,3366,3366,29,,,PMEZ,"Boitoult, M A  ",,PPGSN,2022,,,,LGCR,2003,,,,2022,2022,,,,,,,,,,,,,,,,PMO
RA 3366 PMEZ 030,RA,3366,3366,30,,,PMEZ,"Mitchell, J   ",,PDepGSupt,2021,,PProvGReg (Hants. & I. of W.),2017,,,PGSwdB,2022,,2023,2023,,,,,,,,,,,,,,,,PMO
RA 3366 PMEZ 034,RA,3366,3366,34,,,PMEZ,"House, N M D ",,3rdProvGPrin,2024,,,,,,PGStB,2025,,2024,2024,,,,,,,,,,,,,,,,PMO
RA 3473 Hon 001,RA,3473,3473,1,,,Hon,"Guillemet, R M C ",2025,PPGSN,2015,,,,,,,,,,,,,,,,,,,,,,,,,,Honorary
RA 3473 Hon 002,RA,3473,3473,2,,,Hon,"Hollings, W C A ",2024,PPGSN,2022,,,,,,,,,,,,,,,,,,,,,,,,,,Honorary
RA 3473 Inst 001,RA,3473,3473,1,,,Inst,,,,,,,,,,,,,,,September 8th 2025,,,,,,,,,,,,,,,DBLodges
RA 3473 JPMEZ 001,RA,3473,3473,1,,,JPMEZ,"Stratton, B   ",2010,PPGSoj,2016,,,,,,,,C917,,,,,,,,,,,,,,,,,,PMI
RA 3473 Mem 001,RA,3473,3473,1,,,Mem,"Le Cornu, P J  ",1971,PPGSN,2009,,,,,,,,,,,,,,,,,,,,,,,,,,MarkRAMPMI
RA 3473 Mem 002,RA,3473,3473,2,,,Mem,"Nixey, M T  ",1978,PPGSN,2021,,,,,,,,,,,,,,,,,,,,,,,,,,MarkRAMPMI
RA 3473 Mem 003,RA,3473,3473,3,,,Mem,"Ford, W J  ",1986,,,,,,,,,,,,,,,,,,,,,,,,,,,,MarkRAMPMI
RA 3473 Mem 004,RA,3473,3473,4,,,Mem,"Harvey, C   ",1989,PPGSN,2025,,,,,,,,,,,,,,,,,,,,,,,,,,MarkRAMPMI
RA 3473 Mem 005,RA,3473,3473,5,,,Mem,"Hooper, S T  ",1990,,,,,,,,,,,,,,,,,,,,,,,,,,,,MarkRAMPMI
RA 3473 Mem 006,RA,3473,3473,6,,,Mem,"Savage, T J H ",1991,PPGSN,2022,,,,,,,,,,,,,,,,,,,,,,,,,,MarkRAMPMI
RA 3473 Mem 007,RA,3473,3473,7,,,Mem,"Stone, R   ",1993,PPGSN,2025,,,,,,,,,,,,,,,,,,,,,,,,,,MarkRAMPMI
RA 3473 Mem 008,RA,3473,3473,8,,,Mem,"Parkes, R W  ",1994,PProvGSwdB,2023,,,,,,,,,,,,,,,,,,,,,,,,,,MarkRAMPMI
RA 3473 Mem 009,RA,3473,3473,9,,,Mem,"Williams, A   ",1996,,,,,,,,,,,,,,,,,,,,,,,,,,,,MarkRAMPMI
RA 3473 Mem 010,RA,3473,3473,10,,,Mem,"Shaw, K J  ",1997,ProvGJan,2025,Y,,,,,,,,,,,,,,,,,,,,,,,,,MarkRAMPMI
RA 3473 Mem 011,RA,3473,3473,11,,,Mem,"Martin, R W  ",1999,,,,,,,,,,,,,,,,,,,,,,,,,,,,MarkRAMPMI
RA 3473 Mem 012,RA,3473,3473,12,,,Mem,"Green, G K  ",2000,,,,,,,,,,,,,,,,,,,,,,,,,,,,MarkRAMPMI
RA 3473 Mem 013,RA,3473,3473,13,,,Mem,"Hicks, D J  ",2004,PPGSwdB,2024,,,,,,,,,,,,,,,,,,,,,,,,,,MarkRAMPMI
RA 3473 Mem 014,RA,3473,3473,14,,,Mem,"Turner, B   ",2005,PPGSN,2025,,,,,,,,,,,,,,,,,,,,,,,,,,MarkRAMPMI
RA 3473 Mem 015,RA,3473,3473,15,,,Mem,"Pering, R G  ",2006,,,,,,,,,,,,,,,,,,,,,,,,,,,,MarkRAMPMI
RA 3473 Mem 016,RA,3473,3473,16,,,Mem,"Barrett, T M  ",2008,PPGReg,2025,,,,,,,,,,,,,,,,,,,,,,,,,,MarkRAMPMI
RA 3473 Mem 017,RA,3473,3473,17,,,Mem,"Stratton, B   ",2010,PPGSoj,2016,,,,,,,,,,,,,,,,,,,,,,,,,,MarkRAMPMI
RA 3473 Mem 018,RA,3473,3473,18,,,Mem,"Snarey, J P  ",2013,,,,,,,,,,,,,,,,,,,,,,,,,,,,MarkRAMPMI
RA 3473 Mem 019,RA,3473,3473,19,,,Mem,"Barnes, R J  ",2015,,,,,,,,,,,,,,,,,,,,,,,,,,,,MarkRAMPMI
RA 3473 Mem 020,RA,3473,3473,20,,,Mem,"Meades, G T  ",2017,,,,,,,,,,,,,,,,,,,,,,,,,,,,MarkRAMPMI
RA 3473 Mem 021,RA,3473,3473,21,,,Mem,"Burgess, W J  ",2017,,,,,,,,,,,,,,,,,,,,,,,,,,,,MarkRAMPMI
RA 3473 Mem 022,RA,3473,3473,22,,,Mem,"Bunworth, P   ",2019,,,,,,,,,,,,,,,,,,,,,,,,,,,,MarkRAMPMI
RA 3473 Mem 023,RA,3473,3473,23,,,Mem,"Gover, C   ",2022,,,,,,,,,,,,,,,,,,,,,,,,,,,,MarkRAMPMI
RA 3473 Mem 024,RA,3473,3473,24,,,Mem,"Wade, J R  ",2023,,,,,,,,,,,,,,,,,,,,,,,,,,,,MarkRAMPMI
RA 3473 Mem 025,RA,3473,3473,25,,,Mem,"Latham, K F  ",2023,,,,,,,,,,,,,,,,,,,,,,,,,,,,MarkRAMPMI
RA 3473 Mem 026,RA,3473,3473,26,,,Mem,"Samways, J P  ",2026,,,,,,,,,,,,,,,,,,,,,,,,,,,,MarkRAMPMI
RA 3473 Mem 027,RA,3473,3473,27,,,Mem,"Fagan, R   ",2026,,,,,,,,,,,,,,,,,,,,,,,,,,,,MarkRAMPMI
RA 3473 Mem 028,RA,3473,3473,28,,,Mem,"Demuth, D A  ",2026,,,,,,,,,,,,,,,,,,,,,,,,,,,,MarkRAMPMI
RA 3473 Off 001,RA,3473,3473,1,MEZ,1,Off,"Stone, R   ",1993,,,,,,,,,,,,,,,,,,,,,,,,,,,,Officers
RA 3473 Off 002,RA,3473,3473,2,H,2,Off,"Harvey, C   ",1989,,,,,,,,,,,,,,,,,,,,,,,,,,,,Officers
RA 3473 Off 003,RA,3473,3473,3,J,3,Off,"Turner, B   ",2005,,,,,,,,,,,,,,,,,,,,,,,,,,,,Officers
RA 3473 Off 004,RA,3473,3473,4,ScrE,4,Off,"Savage, T J H ",1991,,,,,,,,,,,,,,,,,,,,,,,,,,,,Officers
RA 3473 Off 005,RA,3473,3473,5,ScrN,5,Off,"Latham, K F  ",2023,,,,,,,,,,,,,,,,,,,,,,,,,,,,Officers
RA 3473 Off 006,RA,3473,3473,6,Treas,6,Off,"Barrett, T M  ",2008,,,,,,,,,,,,,,,,,,,,,,,,,,,,Officers
RA 3473 Off 007,RA,3473,3473,7,DC,7,Off,"Nixey, M T  ",1978,,,,,,,,,,,,,,,,,,,,,,,,,,,,Officers
RA 3473 Off 008,RA,3473,3473,8,Alm,8,Off,"Hicks, D J  ",2004,,,,,,,,,,,,,,,,,,,,,,,,,,,,Officers
RA 3473 Off 009,RA,3473,3473,9,ChStwd,9,Off,"Parkes, R W  ",1994,,,,,,,,,,,,,,,,,,,,,,,,,,,,Officers
RA 3473 Off 010,RA,3473,3473,10,PSoj,10,Off,"Shaw, K J  ",1997,,,,,,,,,,,,,,,,,,,,,,,,,,,,Officers
RA 3473 Off 011,RA,3473,3473,11,1stASoj,11,Off,"Meades, G T  ",2017,,,,,,,,,,,,,,,,,,,,,,,,,,,,Officers
RA 3473 Off 012,RA,3473,3473,12,2ndASoj,12,Off,"Gover, C   ",2022,,,,,,,,,,,,,,,,,,,,,,,,,,,,Officers
RA 3473 Off 013,RA,3473,3473,13,ADC,13,Off,"Hicks, D J  ",2004,,,,,,,,,,,,,,,,,,,,,,,,,,,,Officers
RA 3473 Off 014,RA,3473,3473,14,Org,14,Off,"Williams, A   ",1996,,,,,,,,,,,,,,,,,,,,,,,,,,,,Officers
RA 3473 Off 015,RA,3473,3473,15,AScrE,15,Off,Vacant,,,,,,,,,,,,,,,,,,,,,,,,,,,,,Officers
RA 3473 Off 016,RA,3473,3473,16,Stwd,16,Off,"Bunworth, P   ",2019,,,,,,,,,,,,,,,,,,,,,,,,,,,,Officers
RA 3473 Off 017,RA,3473,3473,17,Stwd,16,Off,"Wade, J R  ",2023,,,,,,,,,,,,,,,,,,,,,,,,,,,,Officers
RA 3473 Off 018,RA,3473,3473,18,Jan,17,Off,"Green, G K  ",2000,,,,,,,,,,,,,,,,,,,,,,,,,,,,Officers
RA 3473 PMEZ 001,RA,3473,3473,1,,,PMEZ,"Le Cornu, P J  ",,PPGSN,2009,,,,,,,,,1989,1989,,,,,,,,,,,,,,,,PMO
RA 3473 PMEZ 002,RA,3473,3473,2,,,PMEZ,"Nixey, M T  ",,PPGSN,2021,,,,,,,,,"1995, 2016, 2017",1995,,,,,,,,,,,,,,,,PMO
RA 3473 PMEZ 004,RA,3473,3473,4,,,PMEZ,"Guillemet, R M C ",,PPGSN,2015,,,,,,,,,1998,1998,,,,,,,,,,,,,,,,PMO
RA 3473 PMEZ 005,RA,3473,3473,5,,,PMEZ,"Savage, T J H ",,PPGSN,2022,,,,,,,,,2003,2003,,,,,,,,,,,,,,,,PMO
RA 3473 PMEZ 006,RA,3473,3473,6,,,PMEZ,"Hollings, W C A ",,PPGSN,2022,,,,,,,,,2004,2004,,,,,,,,,,,,,,,,PMO
RA 3473 PMEZ 007,RA,3473,3473,7,,,PMEZ,"Stone, R   ",,PPGSN,2025,,,,,,,,,"2005, 2014, 2015",2005,,,,,,,,,,,,,,,,PMO
RA 3473 PMEZ 008,RA,3473,3473,8,,,PMEZ,"Parkes, R W  ",,PProvGSwdB,2023,,,,,,,,,2006,2006,,,,,,,,,,,,,,,,PMO
RA 3473 PMEZ 011,RA,3473,3473,11,,,PMEZ,"Harvey, C   ",,PPGSN,2025,,,,,,,,,2010,2010,,,,,,,,,,,,,,,,PMO
RA 3473 PMEZ 013,RA,3473,3473,13,,,PMEZ,"Hicks, D J  ",,PPGSwdB,2024,,,,,,,,,"2011, 2022",2011,,,,,,,,,,,,,,,,PMO
RA 3473 PMEZ 015,RA,3473,3473,15,,,PMEZ,"Turner, B   ",,PPGSN,2025,,,,,,,,,2013,2013,,,,,,,,,,,,,,,,PMO
RA 3473 PMEZ 018,RA,3473,3473,18,,,PMEZ,"Barrett, T M  ",,PPGReg,2025,,,,,,,,,2018,2018,,,,,,,,,,,,,,,,PMO
RA 3473 PMEZ 020,RA,3473,3473,20,,,PMEZ,"Shaw, K J  ",,ProvGJan,2025,,,,,,,,,"2019, 2020",2019,,,,,,,,,,,,,,,,PMO
RA 3473 PMEZ 023,RA,3473,3473,23,,,PMEZ,"Meades, G T  ",,,,,,,,,,,,2023,2023,,,,,,,,,,,,,,,,PMO
RA 3473 PMEZ 024,RA,3473,3473,24,,,PMEZ,"Barnes, R J  ",,,,,,,,,,,,2024,2024,,,,,,,,,,,,,,,,PMO
RA 5331 Inst 001,RA,5331,5331,1,,,Inst,,,,,,,,,,,,,,,March 27th 2026,,,,,,,,,,,,,,,DBLodges
RA 5331 JPMEZ 001,RA,5331,5331,1,,,JPMEZ,"Painter, N B  ",2026,PPGSoj,2025,,,,,,,,C2559,,,,,,,,,,,,,,,,,,PMI
RA 5331 Mem 001,RA,5331,5331,1,,,Mem,"Atyeo, C W K ",1963,,,,,,,,,,,,,,,,,,,,,,,,,,,,MarkRAMPMI
RA 5331 Mem 002,RA,5331,5331,2,,,Mem,"Carter, D E  ",1973,P3rdProvGPrin,2012,,,,,,,,,,,,,,,,,,,,,,,,,,MarkRAMPMI
RA 5331 Mem 003,RA,5331,5331,3,,,Mem,"Jowett, R B  ",1979,P3rdProvGPrin,2014,,,,,,,,,,,,,,,,,,,,,,,,,,MarkRAMPMI
RA 5331 Mem 004,RA,5331,5331,4,,,Mem,"Phipps, P   ",1985,PProvGSN,2009,,,,,,,,,,,,,,,,,,,,,,,,,,MarkRAMPMI
RA 5331 Mem 005,RA,5331,5331,5,,,Mem,"Moore, I D  ",1994,,,,,,,,,,,,,,,,,,,,,,,,,,,,MarkRAMPMI
RA 5331 Mem 006,RA,5331,5331,6,,,Mem,"Manton, P F  ",1996,PPGSwdB,2018,,,,,,,,,,,,,,,,,,,,,,,,,,MarkRAMPMI
RA 5331 Mem 007,RA,5331,5331,7,,,Mem,"Setchfield, R S  ",1996,,,,,,,,,,,,,,,,,,,,,,,,,,,,MarkRAMPMI
RA 5331 Mem 008,RA,5331,5331,8,,,Mem,"Deakin, C W  ",1997,P2ndProvGPrin,2021,,,,,,,,,,,,,,,,,,,,,,,,,,MarkRAMPMI
RA 5331 Mem 009,RA,5331,5331,9,,,Mem,"Swadel, A   ",1999,PProvDepGDC,2021,,,,,,,,,,,,,,,,,,,,,,,,,,MarkRAMPMI
RA 5331 Mem 010,RA,5331,5331,10,,,Mem,"Read, P M  ",2000,ProvGSwdB,2025,Y,,,,,,,,,,,,,,,,,,,,,,,,,MarkRAMPMI
RA 5331 Mem 011,RA,5331,5331,11,,,Mem,"Smart, D R  ",2000,PPGSN,2024,,,,,,,,,,,,,,,,,,,,,,,,,,MarkRAMPMI
RA 5331 Mem 012,RA,5331,5331,12,,,Mem,"Watton, G   ",2000,PProvGStB,2014,,,,,,,,,,,,,,,,,,,,,,,,,,MarkRAMPMI
RA 5331 Mem 013,RA,5331,5331,13,,,Mem,"Green, P J  ",2005,,,,,,,,,,,,,,,,,,,,,,,,,,,,MarkRAMPMI
RA 5331 Mem 014,RA,5331,5331,14,,,Mem,"Delaney, J   ",2009,PProvGStwd,2022,,,,,,,,,,,,,,,,,,,,,,,,,,MarkRAMPMI
RA 5331 Mem 015,RA,5331,5331,15,,,Mem,"Probert, P F  ",2011,PPGSN,2019,,,,,,,,,,,,,,,,,,,,,,,,,,MarkRAMPMI
RA 5331 Mem 016,RA,5331,5331,16,,,Mem,"Larkin, A J  ",2012,PPDepGDC,2025,,,,,,,,,,,,,,,,,,,,,,,,,,MarkRAMPMI
RA 5331 Mem 017,RA,5331,5331,17,,,Mem,"Evans, P W  ",2013,,,,,,,,,,,,,,,,,,,,,,,,,,,,MarkRAMPMI
RA 5331 Mem 018,RA,5331,5331,18,,,Mem,"Rose, S L  ",2015,,,,,,,,,,,,,,,,,,,,,,,,,,,,MarkRAMPMI
RA 5331 Mem 019,RA,5331,5331,19,,,Mem,"Read, J W  ",2015,ProvGStwd,2025,Y,,,,,,,,,,,,,,,,,,,,,,,,,MarkRAMPMI
RA 5331 Mem 020,RA,5331,5331,20,,,Mem,"Lockyer, P N  ",2016,,,,,,,,,,,,,,,,,,,,,,,,,,,,MarkRAMPMI
RA 5331 Mem 021,RA,5331,5331,21,,,Mem,"Dancer, P M  ",2017,,,,,,,,,,,,,,,,,,,,,,,,,,,,MarkRAMPMI
RA 5331 Mem 022,RA,5331,5331,22,,,Mem,"Burstow, W   ",2017,,,,,,,,,,,,,,,,,,,,,,,,,,,,MarkRAMPMI
RA 5331 Mem 023,RA,5331,5331,23,,,Mem,"Watson, W D  ",2017,,,,,,,,,,,,,,,,,,,,,,,,,,,,MarkRAMPMI
RA 5331 Mem 024,RA,5331,5331,24,,,Mem,"Heckford, D W  ",2019,,,,,,,,,,,,,,,,,,,,,,,,,,,,MarkRAMPMI
RA 5331 Mem 025,RA,5331,5331,25,,,Mem,"Lomax, G R  ",2019,,,,,,,,,,,,,,,,,,,,,,,,,,,,MarkRAMPMI
RA 5331 Mem 026,RA,5331,5331,26,,,Mem,"Kellard, D E  ",2019,,,,,,,,,,,,,,,,,,,,,,,,,,,,MarkRAMPMI
RA 5331 Mem 027,RA,5331,5331,27,,,Mem,"Black, C J  ",2022,,,,,,,,,,,,,,,,,,,,,,,,,,,,MarkRAMPMI
RA 5331 Mem 028,RA,5331,5331,28,,,Mem,"Strange, D J  ",2023,,,,,,,,,,,,,,,,,,,,,,,,,,,,MarkRAMPMI
RA 5331 Mem 029,RA,5331,5331,29,,,Mem,"White, R A  ",2023,,,,,,,,,,,,,,,,,,,,,,,,,,,,MarkRAMPMI
RA 5331 Mem 030,RA,5331,5331,30,,,Mem,"Johnson, S A  ",2024,,,,,,,,,,,,,,,,,,,,,,,,,,,,MarkRAMPMI
RA 5331 Mem 031,RA,5331,5331,31,,,Mem,"Crabb, P M  ",2024,,,,,,,,,,,,,,,,,,,,,,,,,,,,MarkRAMPMI
RA 5331 Mem 032,RA,5331,5331,32,,,Mem,"Hardy, G   ",2025,,,,,,,,,,,,,,,,,,,,,,,,,,,,MarkRAMPMI
RA 5331 Mem 033,RA,5331,5331,33,,,Mem,"Rattew, D M  ",2025,,,,,,,,,,,,,,,,,,,,,,,,,,,,MarkRAMPMI
RA 5331 Mem 034,RA,5331,5331,34,,,Mem,"Jones, B D  ",2026,,,,,,,,,,,,,,,,,,,,,,,,,,,,MarkRAMPMI
RA 5331 Mem 035,RA,5331,5331,35,,,Mem,"Holloway, A J  ",2026,,,,,,,,,,,,,,,,,,,,,,,,,,,,MarkRAMPMI
RA 5331 Mem 036,RA,5331,5331,36,,,Mem,"Painter, N B  ",2026,PPGSoj,2025,,,,,,,,,,,,,,,,,,,,,,,,,,MarkRAMPMI
RA 5331 Off 001,RA,5331,5331,1,MEZ,1,Off,"Burstow, W   ",2017,,,,,,,,,,,,,,,,,,,,,,,,,,,,Officers
RA 5331 Off 002,RA,5331,5331,2,H,2,Off,"Lomax, G R  ",2019,,,,,,,,,,,,,,,,,,,,,,,,,,,,Officers
RA 5331 Off 003,RA,5331,5331,3,J,3,Off,"Rose, S L  ",2015,,,,,,,,,,,,,,,,,,,,,,,,,,,,Officers
RA 5331 Off 004,RA,5331,5331,4,ScrE,4,Off,"Read, J W  ",2015,,,,,,,,,,,,,,,,,,,,,,,,,,,,Officers
RA 5331 Off 005,RA,5331,5331,5,ScrN,5,Off,"Kellard, D E  ",2019,,,,,,,,,,,,,,,,,,,,,,,,,,,,Officers
RA 5331 Off 006,RA,5331,5331,6,Treas,6,Off,"White, R A  ",2023,,,,,,,,,,,,,,,,,,,,,,,,,,,,Officers
RA 5331 Off 007,RA,5331,5331,7,DC,7,Off,"Larkin, A J  ",2012,,,,,,,,,,,,,,,,,,,,,,,,,,,,Officers
RA 5331 Off 008,RA,5331,5331,8,Alm,8,Off,"Carter, D E  ",1973,,,,,,,,,,,,,,,,,,,,,,,,,,,,Officers
RA 5331 Off 009,RA,5331,5331,9,ChStwd,9,Off,"Watson, W D  ",2017,,,,,,,,,,,,,,,,,,,,,,,,,,,,Officers
RA 5331 Off 010,RA,5331,5331,10,PSoj,10,Off,"Lockyer, P N  ",2016,,,,,,,,,,,,,,,,,,,,,,,,,,,,Officers
RA 5331 Off 011,RA,5331,5331,11,1stASoj,11,Off,"Evans, P W  ",2013,,,,,,,,,,,,,,,,,,,,,,,,,,,,Officers
RA 5331 Off 012,RA,5331,5331,12,2ndASoj,12,Off,"Strange, D J  ",2023,,,,,,,,,,,,,,,,,,,,,,,,,,,,Officers
RA 5331 Off 013,RA,5331,5331,13,ADC,13,Off,"Read, P M  ",2000,,,,,,,,,,,,,,,,,,,,,,,,,,,,Officers
RA 5331 Off 014,RA,5331,5331,14,Org,14,Off,Vacant,,,,,,,,,,,,,,,,,,,,,,,,,,,,,Officers
RA 5331 Off 015,RA,5331,5331,15,AScrE,15,Off,"Smart, D R  ",2000,,,,,,,,,,,,,,,,,,,,,,,,,,,,Officers
RA 5331 Off 016,RA,5331,5331,16,Stwd,16,Off,"Black, C J  ",2022,,,,,,,,,,,,,,,,,,,,,,,,,,,,Officers
RA 5331 Off 017,RA,5331,5331,17,Stwd,16,Off,"Crabb, P M  ",2024,,,,,,,,,,,,,,,,,,,,,,,,,,,,Officers
RA 5331 Off 018,RA,5331,5331,18,Stwd,16,Off,"Rattew, D M  ",2025,,,,,,,,,,,,,,,,,,,,,,,,,,,,Officers
RA 5331 Off 019,RA,5331,5331,19,Stwd,16,Off,"Holloway, A J  ",2026,,,,,,,,,,,,,,,,,,,,,,,,,,,,Officers
RA 5331 Off 020,RA,5331,5331,20,Stwd,16,Off,"Jones, B D  ",2026,,,,,,,,,,,,,,,,,,,,,,,,,,,,Officers
RA 5331 Off 021,RA,5331,5331,21,Jan,17,Off,"Watton, G   ",2000,,,,,,,,,,,,,,,,,,,,,,,,,,,,Officers
RA 5331 PMEZ 001,RA,5331,5331,1,,,PMEZ,"Atyeo, C W K ",,,,,,,,,,,,1975,1975,,,,,,,,,,,,,,,,PMO
RA 5331 PMEZ 002,RA,5331,5331,2,,,PMEZ,"Carter, D E  ",,P3rdProvGPrin,2012,,,,,,PAGSoj,2010,,1984,1984,,,,,,,,,,,,,,,,PMO
RA 5331 PMEZ 003,RA,5331,5331,3,,,PMEZ,"Jowett, R B  ",,P3rdProvGPrin,2014,,,,,,PGStB,2014,,"1993, 2023",1993,,,,,,,,,,,,,,,,PMO
RA 5331 PMEZ 006,RA,5331,5331,6,,,PMEZ,"Phipps, P   ",,PProvGSN,2009,,,,,,,,,"1998, 1999, 2014",1998,,,,,,,,,,,,,,,,PMO
RA 5331 PMEZ 007,RA,5331,5331,7,,,PMEZ,"Deakin, C W  ",,P2ndProvGPrin,2021,,,,,,PGStB,2019,,2004,2004,,,,,,,,,,,,,,,,PMO
RA 5331 PMEZ 010,RA,5331,5331,10,,,PMEZ,"Manton, P F  ",,PPGSwdB,2018,,,,,,,,,2008,2008,,,,,,,,,,,,,,,,PMO
RA 5331 PMEZ 011,RA,5331,5331,11,,,PMEZ,"Smart, D R  ",,PPGSN,2024,,,,,,,,,2010,2010,,,,,,,,,,,,,,,,PMO
RA 5331 PMEZ 012,RA,5331,5331,12,,,PMEZ,"Watton, G   ",,PProvGStB,2014,,,,,,,,,2011,2011,,,,,,,,,,,,,,,,PMO
RA 5331 PMEZ 013,RA,5331,5331,13,,,PMEZ,"Read, P M  ",,ProvGSwdB,2025,,,,,,,,,2012,2012,,,,,,,,,,,,,,,,PMO
RA 5331 PMEZ 014,RA,5331,5331,14,,,PMEZ,"Swadel, A   ",,PProvDepGDC,2021,,,,,,,,,2015,2015,,,,,,,,,,,,,,,,PMO
RA 5331 PMEZ 015,RA,5331,5331,15,,,PMEZ,"Probert, P F  ",,PPGSN,2019,,,,,,,,,2018,2018,,,,,,,,,,,,,,,,PMO
RA 5331 PMEZ 017,RA,5331,5331,17,,,PMEZ,"Delaney, J   ",,PProvGStwd,2022,,,,,,,,,2019,2019,,,,,,,,,,,,,,,,PMO
RA 5331 PMEZ 018,RA,5331,5331,18,,,PMEZ,"Larkin, A J  ",,PPDepGDC,2025,,,,,,,,,"2021, 2022",2021,,,,,,,,,,,,,,,,PMO
RA 5331 PMEZ 019,RA,5331,5331,19,,,PMEZ,"Read, J W  ",,ProvGStwd,2025,,,,,,,,,2024,2024,,,,,,,,,,,,,,,,PMO
RA 5331 PMEZ 020,RA,5331,5331,20,,,PMEZ,"Dancer, P M  ",,,,,,,,,,,,2025,2025,,,,,,,,,,,,,,,,PMO
RA 6445 Hon 001,RA,6445,6445,1,,,Hon,"Barnes, K H  ",2008,PGSupt,1992,,,,,,PGSupt (Dorset),1992,,,,,,,,,,,,,,,,,,,Honorary
RA 6445 Inst 001,RA,6445,6445,1,,,Inst,,,,,,,,,,,,,,,October 7th 2025,,,,,,,,,,,,,,,DBLodges
RA 6445 Mem 001,RA,6445,6445,1,,,Mem,"Payne, C S  ",1985,,,,,,,,,,,,,,,,,,,,,,,,,,,,MarkRAMPMI
RA 6445 Mem 002,RA,6445,6445,2,,,Mem,"Smallman, A E  ",1993,PProvGSN,2015,,,,,,,,,,,,,,,,,,,,,,,,,,MarkRAMPMI
RA 6445 Mem 003,RA,6445,6445,3,,,Mem,"Starr, K   ",1994,,,,,,,,,,,,,,,,,,,,,,,,,,,,MarkRAMPMI
RA 6445 Mem 004,RA,6445,6445,4,,,Mem,"Cook, G D P ",1994,PProvGSN,2018,,,,,,,,,,,,,,,,,,,,,,,,,,MarkRAMPMI
RA 6445 Mem 005,RA,6445,6445,5,,,Mem,"Halford, J S  ",1995,PPGSN,2020,,,,,,,,,,,,,,,,,,,,,,,,,,MarkRAMPMI
RA 6445 Mem 006,RA,6445,6445,6,,,Mem,"James, L W J ",1997,,,,,,,,,,,,,,,,,,,,,,,,,,,,MarkRAMPMI
RA 6445 Mem 007,RA,6445,6445,7,,,Mem,"Stone, C   ",1999,PPGSoj,2018,,,,,,,,,,,,,,,,,,,,,,,,,,MarkRAMPMI
RA 6445 Mem 008,RA,6445,6445,8,,,Mem,"Ward, P T  ",2001,PProvGSN,2022,,,,,,,,,,,,,,,,,,,,,,,,,,MarkRAMPMI
RA 6445 Mem 009,RA,6445,6445,9,,,Mem,"Temple, R H  ",2002,PPGSwdB,2022,,,,,,,,,,,,,,,,,,,,,,,,,,MarkRAMPMI
RA 6445 Mem 010,RA,6445,6445,10,,,Mem,"Plater, A S  ",2003,PPGSoj,2018,,,,,,,,,,,,,,,,,,,,,,,,,,MarkRAMPMI
RA 6445 Mem 011,RA,6445,6445,11,,,Mem,"Chitty, J K  ",2005,,,,,,,,,,,,,,,,,,,,,,,,,,,,MarkRAMPMI
RA 6445 Mem 012,RA,6445,6445,12,,,Mem,"Barton, B E  ",2007,PPGSwdB,2021,,,,,,,,,,,,,,,,,,,,,,,,,,MarkRAMPMI
RA 6445 Mem 013,RA,6445,6445,13,,,Mem,"Pile, D   ",2008,PPGSwdB,2021,,,,,,,,,,,,,,,,,,,,,,,,,,MarkRAMPMI
RA 6445 Mem 014,RA,6445,6445,14,,,Mem,"Jolliffe, M J  ",2009,PPGSwdB,2025,,,,,,,,,,,,,,,,,,,,,,,,,,MarkRAMPMI
RA 6445 Mem 015,RA,6445,6445,15,,,Mem,"Turner, R W  ",2013,PPGStB,2024,,,,,,,,,,,,,,,,,,,,,,,,,,MarkRAMPMI
RA 6445 Mem 016,RA,6445,6445,16,,,Mem,"Dodd, M P  ",2013,ProvGStB,2025,Y,,,,,,,,,,,,,,,,,,,,,,,,,MarkRAMPMI
RA 6445 Mem 017,RA,6445,6445,17,,,Mem,"Williams, S E J ",2015,,,,,,,,,,,,,,,,,,,,,,,,,,,,MarkRAMPMI
RA 6445 Mem 018,RA,6445,6445,18,,,Mem,"Hart, R J  ",2016,PPGSoj,2024,,,,,,,,,,,,,,,,,,,,,,,,,,MarkRAMPMI
RA 6445 Mem 019,RA,6445,6445,19,,,Mem,"Sawtell, D W  ",2017,,,,,,,,,,,,,,,,,,,,,,,,,,,,MarkRAMPMI
RA 6445 Mem 020,RA,6445,6445,20,,,Mem,"Barrett, C   ",2018,,,,,,,,,,,,,,,,,,,,,,,,,,,,MarkRAMPMI
RA 6445 Mem 021,RA,6445,6445,21,,,Mem,"Preston, K E F ",2018,,,,,,,,,,,,,,,,,,,,,,,,,,,,MarkRAMPMI
RA 6445 Mem 022,RA,6445,6445,22,,,Mem,"Travers, J H  ",2019,PPGStB,2025,,,,,,,,,,,,,,,,,,,,,,,,,,MarkRAMPMI
RA 6445 Mem 023,RA,6445,6445,23,,,Mem,"Middlemast, P H  ",2019,,,,,,,,,,,,,,,,,,,,,,,,,,,,MarkRAMPMI
RA 6445 Mem 024,RA,6445,6445,24,,,Mem,"Sharrock, B J  ",2021,,,,,,,,,,,,,,,,,,,,,,,,,,,,MarkRAMPMI
RA 6445 Mem 025,RA,6445,6445,25,,,Mem,"Watkin, S V  ",2022,,,,,,,,,,,,,,,,,,,,,,,,,,,,MarkRAMPMI
RA 6445 Mem 026,RA,6445,6445,26,,,Mem,"Tegg, N J  ",2022,,,,,,,,,,,,,,,,,,,,,,,,,,,,MarkRAMPMI
RA 6445 Mem 027,RA,6445,6445,27,,,Mem,"Squibb, R E  ",2023,,,,,,,,,,,,,,,,,,,,,,,,,,,,MarkRAMPMI
RA 6445 Mem 028,RA,6445,6445,28,,,Mem,"Lawrence, R W R ",2024,,,,,,,,,,,,,,,,,,,,,,,,,,,,MarkRAMPMI
RA 6445 Mem 029,RA,6445,6445,29,,,Mem,"Mitchell, A H  ",2025,,,,,,,,,,,,,,,,,,,,,,,,,,,,MarkRAMPMI
RA 6445 Mem 030,RA,6445,6445,30,,,Mem,"Coles, L J  ",2025,,,,,,,,,,,,,,,,,,,,,,,,,,,,MarkRAMPMI
RA 6445 Mem 031,RA,6445,6445,31,,,Mem,"Anderson-Terry, G J  ",2025,,,,,,,,,,,,,,,,,,,,,,,,,,,,MarkRAMPMI
RA 6445 Mem 032,RA,6445,6445,32,,,Mem,"Spencer, L K M ",2026,,,,,,,,,,,,,,,,,,,,,,,,,,,,MarkRAMPMI
RA 6445 Mem 033,RA,6445,6445,33,,,Mem,"Le Sueur, M   ",2026,,,,,,,,,,,,,,,,,,,,,,,,,,,,MarkRAMPMI
RA 6445 Off 001,RA,6445,6445,1,MEZ,1,Off,"Barton, B E  ",2007,,,,,,,,,,,,,,,,,,,,,,,,,,,,Officers
RA 6445 Off 002,RA,6445,6445,2,H,2,Off,"Sharrock, B J  ",2021,,,,,,,,,,,,,,,,,,,,,,,,,,,,Officers
RA 6445 Off 003,RA,6445,6445,3,J,3,Off,"Barrett, C   ",2018,,,,,,,,,,,,,,,,,,,,,,,,,,,,Officers
RA 6445 Off 004,RA,6445,6445,4,ScrE,4,Off,"Middlemast, P H  ",2019,,,,,,,,,,,,,,,,,,,,,,,,,,,,Officers
RA 6445 Off 005,RA,6445,6445,5,ScrN,5,Off,"Hart, R J  ",2016,,,,,,,,,,,,,,,,,,,,,,,,,,,,Officers
RA 6445 Off 006,RA,6445,6445,6,Treas,6,Off,"Dodd, M P  ",2013,,,,,,,,,,,,,,,,,,,,,,,,,,,,Officers
RA 6445 Off 007,RA,6445,6445,7,DC,7,Off,"Pile, D   ",2008,,,,,,,,,,,,,,,,,,,,,,,,,,,,Officers
RA 6445 Off 008,RA,6445,6445,8,Alm,8,Off,"Sawtell, D W  ",2017,,,,,,,,,,,,,,,,,,,,,,,,,,,,Officers
RA 6445 Off 009,RA,6445,6445,9,ChStwd,9,Off,"Temple, R H  ",2002,,,,,,,,,,,,,,,,,,,,,,,,,,,,Officers
RA 6445 Off 010,RA,6445,6445,10,PSoj,10,Off,"Ward, P T  ",2001,,,,,,,,,,,,,,,,,,,,,,,,,,,,Officers
RA 6445 Off 011,RA,6445,6445,11,1stASoj,11,Off,"Turner, R W  ",2013,,,,,,,,,,,,,,,,,,,,,,,,,,,,Officers
RA 6445 Off 012,RA,6445,6445,12,2ndASoj,12,Off,"Williams, S E J ",2015,,,,,,,,,,,,,,,,,,,,,,,,,,,,Officers
RA 6445 Off 013,RA,6445,6445,13,ADC,13,Off,"Stone, C   ",1999,,,,,,,,,,,,,,,,,,,,,,,,,,,,Officers
RA 6445 Off 014,RA,6445,6445,14,Org,14,Off,Vacant,,,,,,,,,,,,,,,,,,,,,,,,,,,,,Officers
RA 6445 Off 015,RA,6445,6445,15,AScrE,15,Off,Vacant,,,,,,,,,,,,,,,,,,,,,,,,,,,,,Officers
RA 6445 Off 016,RA,6445,6445,16,Stwd,16,Off,"Lawrence, R W R ",2024,,,,,,,,,,,,,,,,,,,,,,,,,,,,Officers
RA 6445 Off 017,RA,6445,6445,17,Stwd,16,Off,"Mitchell, A H  ",2025,,,,,,,,,,,,,,,,,,,,,,,,,,,,Officers
RA 6445 Off 018,RA,6445,6445,18,Jan,17,Off,"Travers, J H  ",2019,,,,,,,,,,,,,,,,,,,,,,,,,,,,Officers
RA 6445 PMEZ 001,RA,6445,6445,1,,,PMEZ,"Cook, G D P ",,PProvGSN,2018,,,,,,PAGDC,2021,,"2002, 2009",2002,,,,,,,,,,,,,,,,PMO
RA 6445 PMEZ 003,RA,6445,6445,3,,,PMEZ,"Ward, P T  ",,PProvGSN,2022,,,,,,,,,2004,2004,,,,,,,,,,,,,,,,PMO
RA 6445 PMEZ 005,RA,6445,6445,5,,,PMEZ,"Smallman, A E  ",,PProvGSN,2015,,,,,,,,,2005,2005,,,,,,,,,,,,,,,,PMO
RA 6445 PMEZ 006,RA,6445,6445,6,,,PMEZ,"Halford, J S  ",,PPGSN,2020,,,,,,,,,2006,2006,,,,,,,,,,,,,,,,PMO
RA 6445 PMEZ 008,RA,6445,6445,8,,,PMEZ,"Temple, R H  ",,PPGSwdB,2022,,,,,,,,,2008,2008,,,,,,,,,,,,,,,,PMO
RA 6445 PMEZ 009,RA,6445,6445,9,,,PMEZ,"Plater, A S  ",,PPGSoj,2018,,,,,,,,,"2010, 2011",2010,,,,,,,,,,,,,,,,PMO
RA 6445 PMEZ 010,RA,6445,6445,10,,,PMEZ,"Stone, C   ",,PPGSoj,2018,,,,,,,,,"2012, 2014",2012,,,,,,,,,,,,,,,,PMO
RA 6445 PMEZ 011,RA,6445,6445,11,,,PMEZ,"Barton, B E  ",,PPGSwdB,2021,,,,,,,,,2013,2013,,,,,,,,,,,,,,,,PMO
RA 6445 PMEZ 013,RA,6445,6445,13,,,PMEZ,"Jolliffe, M J  ",,PPGSwdB,2025,,,,,,,,,2015,2015,,,,,,,,,,,,,,,,PMO
RA 6445 PMEZ 014,RA,6445,6445,14,,,PMEZ,"Pile, D   ",,PPGSwdB,2021,,,,,,,,,"2016, 2017",2016,,,,,,,,,,,,,,,,PMO
RA 6445 PMEZ 016,RA,6445,6445,16,,,PMEZ,"Hart, R J  ",,PPGSoj,2024,,,,,,,,,2021,2021,,,,,,,,,,,,,,,,PMO
RA 6445 PMEZ 017,RA,6445,6445,17,,,PMEZ,"Turner, R W  ",,PPGStB,2024,,,,,,,,,2022,2022,,,,,,,,,,,,,,,,PMO
RA 6445 PMEZ 018,RA,6445,6445,18,,,PMEZ,"Travers, J H  ",,PPGStB,2025,,,,,,,,,2023,2023,,,,,,,,,,,,,,,,PMO
RA 6445 PMEZ 020,RA,6445,6445,20,,,PMEZ,"Dodd, M P  ",,ProvGStB,2025,,,,,,,,,2024,2024,,,,,,,,,,,,,,,,PMO
RA 7986 Hon 001,RA,7986,7986,1,,,Hon,"Bale, D W B ",2025,PProvGSwdB,1981,,,,,,PAGDC,1988,,,,,,,,,,,,,,,,,,,Honorary
RA 7986 Hon 002,RA,7986,7986,2,,,Hon,"Barnes, K H  ",1995,PGSupt,1992,,,,,,PGSupt (Dorset),1992,,,,,,,,,,,,,,,,,,,Honorary
RA 7986 Inst 001,RA,7986,7986,1,,,Inst,,,,,,,,,,,,,,,May 7th 2026,,,,,,,,,,,,,,,DBLodges
RA 7986 JPMEZ 001,RA,7986,7986,1,,,JPMEZ,"Wright, B   ",2022,PPGSN,2025,,PProvGReg (Oxon.),2022,,,,,C2951,,,,,,,,,,,,,,,,,,PMI
RA 7986 Mem 001,RA,7986,7986,1,,,Mem,"Giddings, M W  ",1999,PPGSN,2024,,,,,,,,,,,,,,,,,,,,,,,,,,MarkRAMPMI
RA 7986 Mem 002,RA,7986,7986,2,,,Mem,"Hatch, G T  ",1999,PPGSwdB,2024,,,,,,,,,,,,,,,,,,,,,,,,,,MarkRAMPMI
RA 7986 Mem 003,RA,7986,7986,3,,,Mem,"Jaeger, B M  ",2001,,,,,,,,,,,,,,,,,,,,,,,,,,,,MarkRAMPMI
RA 7986 Mem 004,RA,7986,7986,4,,,Mem,"Auburn, R I  ",2002,ProvDepGDC,2024,Y,,,,,,,,,,,,,,,,,,,,,,,,,MarkRAMPMI
RA 7986 Mem 005,RA,7986,7986,5,,,Mem,"Stevens, P J  ",2012,PProvGStwd,2021,,,,,,,,,,,,,,,,,,,,,,,,,,MarkRAMPMI
RA 7986 Mem 006,RA,7986,7986,6,,,Mem,"Parkes, M R  ",2018,PPGSwdB,2025,,,,,,,,,,,,,,,,,,,,,,,,,,MarkRAMPMI
RA 7986 Mem 007,RA,7986,7986,7,,,Mem,"Shute, C J  ",2019,,,,,,,,,,,,,,,,,,,,,,,,,,,,MarkRAMPMI
RA 7986 Mem 008,RA,7986,7986,8,,,Mem,"Waddington, J A R ",2019,ProvGMO,2025,Y,PProvGStwd (W. Kent),2023-24,,,,,,,,,,,,,,,,,,,,,,,MarkRAMPMI
RA 7986 Mem 009,RA,7986,7986,9,,,Mem,"Tarrant, S D  ",2020,,,,,,,,,,,,,,,,,,,,,,,,,,,,MarkRAMPMI
RA 7986 Mem 010,RA,7986,7986,10,,,Mem,"Gaertig, K J  ",2021,,,,,,,,,,,,,,,,,,,,,,,,,,,,MarkRAMPMI
RA 7986 Mem 011,RA,7986,7986,11,,,Mem,"Geary, R S  ",2022,,,,,,,,,,,,,,,,,,,,,,,,,,,,MarkRAMPMI
RA 7986 Mem 012,RA,7986,7986,12,,,Mem,"Wright, B   ",2022,PPGSN,2025,,PProvGReg (Oxon.),2022,,,,,,,,,,,,,,,,,,,,,,,MarkRAMPMI
RA 7986 Mem 013,RA,7986,7986,13,,,Mem,"Jaeger, S J H ",2022,,,,,,,,,,,,,,,,,,,,,,,,,,,,MarkRAMPMI
RA 7986 Mem 014,RA,7986,7986,14,,,Mem,"Root, P D  ",2022,,,,,,,,,,,,,,,,,,,,,,,,,,,,MarkRAMPMI
RA 7986 Mem 015,RA,7986,7986,15,,,Mem,"Sibley, B C  ",2022,,,,,,,,,,,,,,,,,,,,,,,,,,,,MarkRAMPMI
RA 7986 Mem 016,RA,7986,7986,16,,,Mem,"Belding, A R M ",2023,,,,,,,,,,,,,,,,,,,,,,,,,,,,MarkRAMPMI
RA 7986 Mem 017,RA,7986,7986,17,,,Mem,"Copestake, J R  ",2023,,,,,,,,,,,,,,,,,,,,,,,,,,,,MarkRAMPMI
RA 7986 Mem 018,RA,7986,7986,18,,,Mem,"Mantle, E   ",2023,,,,,,,,,,,,,,,,,,,,,,,,,,,,MarkRAMPMI
RA 7986 Mem 019,RA,7986,7986,19,,,Mem,"Witt, C D  ",2023,,,,,,,,,,,,,,,,,,,,,,,,,,,,MarkRAMPMI
RA 7986 Mem 020,RA,7986,7986,20,,,Mem,"Holloway, D L  ",2024,,,,,,,,,,,,,,,,,,,,,,,,,,,,MarkRAMPMI
RA 7986 Mem 021,RA,7986,7986,21,,,Mem,"Owen, S D  ",2025,,,,,,,,,,,,,,,,,,,,,,,,,,,,MarkRAMPMI
RA 7986 Mem 022,RA,7986,7986,22,,,Mem,"Winchester, J M P ",2025,,,,,,,,,,,,,,,,,,,,,,,,,,,,MarkRAMPMI
RA 7986 Off 001,RA,7986,7986,1,MEZ,1,Off,"Root, P D  ",2022,,,,,,,,,,,,,,,,,,,,,,,,,,,,Officers
RA 7986 Off 002,RA,7986,7986,2,H,2,Off,"Shute, C J  ",2019,,,,,,,,,,,,,,,,,,,,,,,,,,,,Officers
RA 7986 Off 003,RA,7986,7986,3,J,3,Off,"Gaertig, K J  ",2021,,,,,,,,,,,,,,,,,,,,,,,,,,,,Officers
RA 7986 Off 004,RA,7986,7986,4,ScrE,4,Off,"Parkes, M R  ",2018,,,,,,,,,,,,,,,,,,,,,,,,,,,,Officers
RA 7986 Off 005,RA,7986,7986,5,ScrN,5,Off,"Waddington, J A R ",2019,,,,,,,,,,,,,,,,,,,,,,,,,,,,Officers
RA 7986 Off 006,RA,7986,7986,6,Treas,6,Off,"Wright, B   ",2022,,,,,,,,,,,,,,,,,,,,,,,,,,,,Officers
RA 7986 Off 007,RA,7986,7986,7,DC,7,Off,"Auburn, R I  ",2002,,,,,,,,,,,,,,,,,,,,,,,,,,,,Officers
RA 7986 Off 008,RA,7986,7986,8,Alm,8,Off,"Stevens, P J  ",2012,,,,,,,,,,,,,,,,,,,,,,,,,,,,Officers
RA 7986 Off 009,RA,7986,7986,9,ChStwd,9,Off,Vacant,,,,,,,,,,,,,,,,,,,,,,,,,,,,,Officers
RA 7986 Off 010,RA,7986,7986,10,ChStwd,9,Off,"Holloway, D L  ",2024,,,,,,,,,,,,,,,,,,,,,,,,,,,,Officers
RA 7986 Off 011,RA,7986,7986,11,PSoj,10,Off,"Jaeger, S J H ",2022,,,,,,,,,,,,,,,,,,,,,,,,,,,,Officers
RA 7986 Off 012,RA,7986,7986,12,1stASoj,11,Off,"Belding, A R M ",2023,,,,,,,,,,,,,,,,,,,,,,,,,,,,Officers
RA 7986 Off 013,RA,7986,7986,13,2ndASoj,12,Off,"Mantle, E   ",2023,,,,,,,,,,,,,,,,,,,,,,,,,,,,Officers
RA 7986 Off 014,RA,7986,7986,14,ADC,13,Off,Vacant,,,,,,,,,,,,,,,,,,,,,,,,,,,,,Officers
RA 7986 Off 015,RA,7986,7986,15,ADC,13,Off,"Tarrant, S D  ",2020,,,,,,,,,,,,,,,,,,,,,,,,,,,,Officers
RA 7986 Off 016,RA,7986,7986,16,Org,14,Off,"Copestake, J R  ",2023,,,,,,,,,,,,,,,,,,,,,,,,,,,,Officers
RA 7986 Off 017,RA,7986,7986,17,AScrE,15,Off,Vacant,,,,,,,,,,,,,,,,,,,,,,,,,,,,,Officers
RA 7986 Off 018,RA,7986,7986,18,Stwd,16,Off,"Geary, R S  ",2022,,,,,,,,,,,,,,,,,,,,,,,,,,,,Officers
RA 7986 Off 019,RA,7986,7986,19,Stwd,16,Off,"Sibley, B C  ",2022,,,,,,,,,,,,,,,,,,,,,,,,,,,,Officers
RA 7986 Off 020,RA,7986,7986,20,Stwd,16,Off,"Owen, S D  ",2025,,,,,,,,,,,,,,,,,,,,,,,,,,,,Officers
RA 7986 Off 021,RA,7986,7986,21,Stwd,16,Off,"Winchester, J M P ",2025,,,,,,,,,,,,,,,,,,,,,,,,,,,,Officers
RA 7986 Off 022,RA,7986,7986,22,Jan,17,Off,"Giddings, M W  ",1999,,,,,,,,,,,,,,,,,,,,,,,,,,,,Officers
RA 7986 Off 023,RA,7986,7986,23,Mentor,20,Off,"Parkes, M R  ",2018,,,,,,,,,,,,,,,,,,,,,,,,,,,,Officers
RA 7986 PMEZ 001,RA,7986,7986,1,,,PMEZ,"Giddings, M W  ",,PPGSN,2024,,,,,,,,,2008,2008,,,,,,,,,,,,,,,,PMO
RA 7986 PMEZ 002,RA,7986,7986,2,,,PMEZ,"Hatch, G T  ",,PPGSwdB,2024,,,,,,,,,2010,2010,,,,,,,,,,,,,,,,PMO
RA 7986 PMEZ 004,RA,7986,7986,4,,,PMEZ,"Auburn, R I  ",,ProvDepGDC,2024,,,,,,PAGDC,2026,,2012,2012,,,,,,,,,,,,,,,,PMO
RA 7986 PMEZ 005,RA,7986,7986,5,,,PMEZ,"Stevens, P J  ",,PProvGStwd,2021,,,,,,,,,"2017, 2018, 2021",2017,,,,,,,,,,,,,,,,PMO
RA 7986 PMEZ 006,RA,7986,7986,6,,,PMEZ,"Parkes, M R  ",,PPGSwdB,2025,,,,,,,,,2022,2022,,,,,,,,,,,,,,,,PMO
RA 7986 PMEZ 009,RA,7986,7986,9,,,PMEZ,"Waddington, J A R ",,ProvGMO,2025,,PProvGStwd (W. Kent),2023-24,,,,,,2023,2023,,,,,,,,,,,,,,,,PMO
RA 7986 PMEZ 010,RA,7986,7986,10,,,PMEZ,"Jaeger, B M  ",,,,,,,,,,,,2024,2024,,,,,,,,,,,,,,,,PMO
RA 7986 PMEZ 011,RA,7986,7986,11,,,PMEZ,"Tarrant, S D  ",,,,,,,,,,,,2025,2025,,,,,,,,,,,,,,,,PMO
RA 8099 Hon 001,RA,8099,8099,1,,,Hon,"Barnes, K H  ",1992,PGSupt,1992,,,,,,PGSupt (Dorset),1992,,,,,,,,,,,,,,,,,,,Honorary
RA 8099 Inst 001,RA,8099,8099,1,,,Inst,,,,,,,,,,,,,,,November 20th 2025,,,,,,,,,,,,,,,DBLodges
RA 8099 Mem 001,RA,8099,8099,1,,,Mem,"Ferns, K V  ",1985,PPGSN,2016,,,,,,,,,,,,,,,,,,,,,,,,,,MarkRAMPMI
RA 8099 Mem 002,RA,8099,8099,2,,,Mem,"Barnett, C R  ",1991,PPGReg,2018,,PProvDepGSwdB (Devon),2018,,,,,,,,,,,,,,,,,,,,,,,MarkRAMPMI
RA 8099 Mem 003,RA,8099,8099,3,,,Mem,"Bott, M J  ",1997,PPGSN,2024,,,,,,,,,,,,,,,,,,,,,,,,,,MarkRAMPMI
RA 8099 Mem 004,RA,8099,8099,4,,,Mem,"Pharoah, D D  ",2000,PPGSN,2024,,,,,,,,,,,,,,,,,,,,,,,,,,MarkRAMPMI
RA 8099 Mem 005,RA,8099,8099,5,,,Mem,"Cox, R R  ",2004,,,,,,,,,,,,,,,,,,,,,,,,,,,,MarkRAMPMI
RA 8099 Mem 006,RA,8099,8099,6,,,Mem,"Newman, P G  ",2005,PProvGSwdB,2022,,,,,,,,,,,,,,,,,,,,,,,,,,MarkRAMPMI
RA 8099 Mem 007,RA,8099,8099,7,,,Mem,"Armstrong, D P  ",2007,PPGSwdB,2023,,,,,,,,,,,,,,,,,,,,,,,,,,MarkRAMPMI
RA 8099 Mem 008,RA,8099,8099,8,,,Mem,"Lockyer, C   ",2008,,,,,,,,,,,,,,,,,,,,,,,,,,,,MarkRAMPMI
RA 8099 Mem 009,RA,8099,8099,9,,,Mem,"Brown, W H  ",2010,,,,,,,,,,,,,,,,,,,,,,,,,,,,MarkRAMPMI
RA 8099 Mem 010,RA,8099,8099,10,,,Mem,"Wood, R A  ",2011,,,,,,,,,,,,,,,,,,,,,,,,,,,,MarkRAMPMI
RA 8099 Mem 011,RA,8099,8099,11,,,Mem,"Andrews, D J  ",2011,PPGSoj,2022,,,,,,,,,,,,,,,,,,,,,,,,,,MarkRAMPMI
RA 8099 Mem 012,RA,8099,8099,12,,,Mem,"Barrett, B O  ",2012,ProvGSoj,2025,Y,,,,,,,,,,,,,,,,,,,,,,,,,MarkRAMPMI
RA 8099 Mem 013,RA,8099,8099,13,,,Mem,"Tubb, R J  ",2013,,,,,,,,,,,,,,,,,,,,,,,,,,,,MarkRAMPMI
RA 8099 Mem 014,RA,8099,8099,14,,,Mem,"Hufano, T   ",2016,,,,,,,,,,,,,,,,,,,,,,,,,,,,MarkRAMPMI
RA 8099 Mem 015,RA,8099,8099,15,,,Mem,"McLellan, M W  ",2017,,,,,,,,,,,,,,,,,,,,,,,,,,,,MarkRAMPMI
RA 8099 Mem 016,RA,8099,8099,16,,,Mem,"Cowden, D P  ",2018,,,,,,,,,,,,,,,,,,,,,,,,,,,,MarkRAMPMI
RA 8099 Mem 017,RA,8099,8099,17,,,Mem,"King, A P J ",2022,PProvAGSE,2023,,,,,,,,,,,,,,,,,,,,,,,,,,MarkRAMPMI
RA 8099 Mem 018,RA,8099,8099,18,,,Mem,"Hillman, N E  ",2023,,,,,,,,,,,,,,,,,,,,,,,,,,,,MarkRAMPMI
RA 8099 Mem 019,RA,8099,8099,19,,,Mem,"Ware, I R  ",2025,,,,,,,,,,,,,,,,,,,,,,,,,,,,MarkRAMPMI
RA 8099 Mem 020,RA,8099,8099,20,,,Mem,"Ladiao, L   ",2025,,,,,,,,,,,,,,,,,,,,,,,,,,,,MarkRAMPMI
RA 8099 Mem 021,RA,8099,8099,21,,,Mem,"Ortaleza, J   ",2025,,,,,,,,,,,,,,,,,,,,,,,,,,,,MarkRAMPMI
RA 8099 Mem 022,RA,8099,8099,22,,,Mem,"Sales, C   ",2025,,,,,,,,,,,,,,,,,,,,,,,,,,,,MarkRAMPMI
RA 8099 Mem 023,RA,8099,8099,23,,,Mem,"Webb, A P  ",2026,,,,,,,,,,,,,,,,,,,,,,,,,,,,MarkRAMPMI
RA 8099 Off 001,RA,8099,8099,1,MEZ,1,Off,"King, A P J ",2022,,,,,,,,,,,,,,,,,,,,,,,,,,,,Officers
RA 8099 Off 002,RA,8099,8099,2,H,2,Off,"Hufano, T   ",2016,,,,,,,,,,,,,,,,,,,,,,,,,,,,Officers
RA 8099 Off 003,RA,8099,8099,3,J,3,Off,"McLellan, M W  ",2017,,,,,,,,,,,,,,,,,,,,,,,,,,,,Officers
RA 8099 Off 004,RA,8099,8099,4,ScrE,4,Off,"Newman, P G  ",2005,,,,,,,,,,,,,,,,,,,,,,,,,,,,Officers
RA 8099 Off 005,RA,8099,8099,5,ScrN,5,Off,"Hillman, N E  ",2023,,,,,,,,,,,,,,,,,,,,,,,,,,,,Officers
RA 8099 Off 006,RA,8099,8099,6,Treas,6,Off,"Cowden, D P  ",2018,,,,,,,,,,,,,,,,,,,,,,,,,,,,Officers
RA 8099 Off 007,RA,8099,8099,7,DC,7,Off,"Ferns, K V  ",1985,,,,,,,,,,,,,,,,,,,,,,,,,,,,Officers
RA 8099 Off 008,RA,8099,8099,8,Alm,8,Off,Vacant,,,,,,,,,,,,,,,,,,,,,,,,,,,,,Officers
RA 8099 Off 009,RA,8099,8099,9,ChStwd,9,Off,"Cowden, D P  ",2018,,,,,,,,,,,,,,,,,,,,,,,,,,,,Officers
RA 8099 Off 010,RA,8099,8099,10,PSoj,10,Off,"Armstrong, D P  ",2007,,,,,,,,,,,,,,,,,,,,,,,,,,,,Officers
RA 8099 Off 011,RA,8099,8099,11,1stASoj,11,Off,"Sales, C   ",2025,,,,,,,,,,,,,,,,,,,,,,,,,,,,Officers
RA 8099 Off 012,RA,8099,8099,12,2ndASoj,12,Off,"Ortaleza, J   ",2025,,,,,,,,,,,,,,,,,,,,,,,,,,,,Officers
RA 8099 Off 013,RA,8099,8099,13,ADC,13,Off,"Newman, P G  ",2005,,,,,,,,,,,,,,,,,,,,,,,,,,,,Officers
RA 8099 Off 014,RA,8099,8099,14,Org,14,Off,"Barnett, C R  ",1991,,,,,,,,,,,,,,,,,,,,,,,,,,,,Officers
RA 8099 Off 015,RA,8099,8099,15,AScrE,15,Off,"Bott, M J  ",1997,,,,,,,,,,,,,,,,,,,,,,,,,,,,Officers
RA 8099 Off 016,RA,8099,8099,16,Stwd,16,Off,"Ladiao, L   ",2025,,,,,,,,,,,,,,,,,,,,,,,,,,,,Officers
RA 8099 Off 017,RA,8099,8099,17,Jan,17,Off,"Andrews, D J  ",2011,,,,,,,,,,,,,,,,,,,,,,,,,,,,Officers
RA 8099 PMEZ 001,RA,8099,8099,1,,,PMEZ,"Ferns, K V  ",,PPGSN,2016,,,,,,,,,1998,1998,,,,,,,,,,,,,,,,PMO
RA 8099 PMEZ 004,RA,8099,8099,4,,,PMEZ,"Barnett, C R  ",,PPGReg,2018,,PProvDepGSwdB (Devon),2018,,,,,,"2000, 2010, 2019, 2021",2000,,,,,,,,,,,,,,,,PMO
RA 8099 PMEZ 006,RA,8099,8099,6,,,PMEZ,"Bott, M J  ",,PPGSN,2024,,,,,,,,,2004,2004,,,,,,,,,,,,,,,,PMO
RA 8099 PMEZ 008,RA,8099,8099,8,,,PMEZ,"Pharoah, D D  ",,PPGSN,2024,,,,,,,,,2008,2008,,,,,,,,,,,,,,,,PMO
RA 8099 PMEZ 009,RA,8099,8099,9,,,PMEZ,"Newman, P G  ",,PProvGSwdB,2022,,,,,,,,,2012,2012,,,,,,,,,,,,,,,,PMO
RA 8099 PMEZ 011,RA,8099,8099,11,,,PMEZ,"Armstrong, D P  ",,PPGSwdB,2023,,,,,,,,,2013,2013,,,,,,,,,,,,,,,,PMO
RA 8099 PMEZ 012,RA,8099,8099,12,,,PMEZ,"Andrews, D J  ",,PPGSoj,2022,,,,,,,,,2018,2018,,,,,,,,,,,,,,,,PMO
RA 8099 PMEZ 013,RA,8099,8099,13,,,PMEZ,"Barrett, B O  ",,ProvGSoj,2025,,,,,,,,,2024,2024,,,,,,,,,,,,,,,,PMO
RA 9050 Hon 001,RA,9050,9050,1,,,Hon,"Barnes, K H  ",2008,PGSupt,1992,,,,,,PGSupt (Dorset),1992,,,,,,,,,,,,,,,,,,,Honorary
RA 9050 Inst 001,RA,9050,9050,1,,,Inst,,,,,,,,,,,,,,,March 18th 2026,,,,,,,,,,,,,,,DBLodges
RA 9050 JPMEZ 001,RA,9050,9050,1,,,JPMEZ,"White, R W  ",2013,,,,PProvDepGSwdB (Middx.),2006-15,,,,,"C8846, C1566, C5889",,,,,,,,,,,,,,,,,,PMI
RA 9050 JPMEZ 002,RA,9050,9050,2,,,JPMEZ,"Jennings, A S  ",2025,PProvGStB,2022,,,,,,,,C2559,,,,,,,,,,,,,,,,,,PMI
RA 9050 Mem 001,RA,9050,9050,1,,,Mem,"Carter, R B H ",1985,PPGSN,2011,,,,LGCR,2012,,,,,,,,,,,,,,,,,,,,,MarkRAMPMI
RA 9050 Mem 002,RA,9050,9050,2,,,Mem,"Harris, B C  ",1985,PPGSN,2022,,,,,,,,,,,,,,,,,,,,,,,,,,MarkRAMPMI
RA 9050 Mem 003,RA,9050,9050,3,,,Mem,"Harris, S R  ",1987,PPGSN,2016,,,,,,,,,,,,,,,,,,,,,,,,,,MarkRAMPMI
RA 9050 Mem 004,RA,9050,9050,4,,,Mem,"Ward, A W  ",1992,PProvGSwdB,2017,,,,,,,,,,,,,,,,,,,,,,,,,,MarkRAMPMI
RA 9050 Mem 005,RA,9050,9050,5,,,Mem,"Voysey, F W  ",1995,PPGSN,2020,,,,,,,,,,,,,,,,,,,,,,,,,,MarkRAMPMI
RA 9050 Mem 006,RA,9050,9050,6,,,Mem,"Murray, P J A ",2000,PPGSwdB,2022,,,,,,,,,,,,,,,,,,,,,,,,,,MarkRAMPMI
RA 9050 Mem 007,RA,9050,9050,7,,,Mem,"Curley, A   ",2000,PPGSN,2020,,,,,,,,,,,,,,,,,,,,,,,,,,MarkRAMPMI
RA 9050 Mem 008,RA,9050,9050,8,,,Mem,"Daniels, I W L ",2003,,,,,,,,,,,,,,,,,,,,,,,,,,,,MarkRAMPMI
RA 9050 Mem 009,RA,9050,9050,9,,,Mem,"McHugh, M J  ",2005,PPGReg,2025,,,,,,,,,,,,,,,,,,,,,,,,,,MarkRAMPMI
RA 9050 Mem 010,RA,9050,9050,10,,,Mem,"Knight, D E  ",2007,PProvGStwd,2017,,,,,,,,,,,,,,,,,,,,,,,,,,MarkRAMPMI
RA 9050 Mem 011,RA,9050,9050,11,,,Mem,"Strafford, M J  ",2007,,,,,,,,,,,,,,,,,,,,,,,,,,,,MarkRAMPMI
RA 9050 Mem 012,RA,9050,9050,12,,,Mem,"Clark, D A  ",2009,,,,,,,,,,,,,,,,,,,,,,,,,,,,MarkRAMPMI
RA 9050 Mem 013,RA,9050,9050,13,,,Mem,"King, A P J ",2009,PProvAGSE,2023,,,,,,,,,,,,,,,,,,,,,,,,,,MarkRAMPMI
RA 9050 Mem 014,RA,9050,9050,14,,,Mem,"Wilson, R G  ",2009,,,,,,,,,,,,,,,,,,,,,,,,,,,,MarkRAMPMI
RA 9050 Mem 015,RA,9050,9050,15,,,Mem,"Soutar, S P J ",2010,,,,,,,,,,,,,,,,,,,,,,,,,,,,MarkRAMPMI
RA 9050 Mem 016,RA,9050,9050,16,,,Mem,"Fuller, T R  ",2011,,,,,,,,,,,,,,,,,,,,,,,,,,,,MarkRAMPMI
RA 9050 Mem 017,RA,9050,9050,17,,,Mem,"Dedman, M J  ",2012,,,,,,,,,,,,,,,,,,,,,,,,,,,,MarkRAMPMI
RA 9050 Mem 018,RA,9050,9050,18,,,Mem,"White, R W  ",2013,,,,PProvDepGSwdB (Middx.),2006-15,,,,,,,,,,,,,,,,,,,,,,,MarkRAMPMI
RA 9050 Mem 019,RA,9050,9050,19,,,Mem,"Haslam, A I  ",2014,,,,,,,,,,,,,,,,,,,,,,,,,,,,MarkRAMPMI
RA 9050 Mem 020,RA,9050,9050,20,,,Mem,"Thornton, D I  ",2014,ProvAGDC,2025,Y,,,,,,,,,,,,,,,,,,,,,,,,,MarkRAMPMI
RA 9050 Mem 021,RA,9050,9050,21,,,Mem,"Playford, R J  ",2014,,,,,,,,,,,,,,,,,,,,,,,,,,,,MarkRAMPMI
RA 9050 Mem 022,RA,9050,9050,22,,,Mem,"Smart, N A  ",2014,PPGStB,2025,,,,,,,,,,,,,,,,,,,,,,,,,,MarkRAMPMI
RA 9050 Mem 023,RA,9050,9050,23,,,Mem,"Forster, J A  ",2016,,,,,,,,,,,,,,,,,,,,,,,,,,,,MarkRAMPMI
RA 9050 Mem 024,RA,9050,9050,24,,,Mem,"Wallace, D   ",2016,,,,,,,,,,,,,,,,,,,,,,,,,,,,MarkRAMPMI
RA 9050 Mem 025,RA,9050,9050,25,,,Mem,"Savage, R J  ",2018,,,,,,,,,,,,,,,,,,,,,,,,,,,,MarkRAMPMI
RA 9050 Mem 026,RA,9050,9050,26,,,Mem,"McKell, S M  ",2019,,,,,,,,,,,,,,,,,,,,,,,,,,,,MarkRAMPMI
RA 9050 Mem 027,RA,9050,9050,27,,,Mem,"Cottrell, A G  ",2019,,,,,,,,,,,,,,,,,,,,,,,,,,,,MarkRAMPMI
RA 9050 Mem 028,RA,9050,9050,28,,,Mem,"Raine, M   ",2020,,,,,,,,,,,,,,,,,,,,,,,,,,,,MarkRAMPMI
RA 9050 Mem 029,RA,9050,9050,29,,,Mem,"Witt, A R  ",2021,,,,,,,,,,,,,,,,,,,,,,,,,,,,MarkRAMPMI
RA 9050 Mem 030,RA,9050,9050,30,,,Mem,"Rowley, M E  ",2021,,,,,,,,,,,,,,,,,,,,,,,,,,,,MarkRAMPMI
RA 9050 Mem 031,RA,9050,9050,31,,,Mem,"Payne, A J  ",2022,,,,,,,,,,,,,,,,,,,,,,,,,,,,MarkRAMPMI
RA 9050 Mem 032,RA,9050,9050,32,,,Mem,"Court, L N  ",2023,,,,,,,,,,,,,,,,,,,,,,,,,,,,MarkRAMPMI
RA 9050 Mem 033,RA,9050,9050,33,,,Mem,"Whicker, T J P A",2023,,,,,,,,,,,,,,,,,,,,,,,,,,,,MarkRAMPMI
RA 9050 Mem 034,RA,9050,9050,34,,,Mem,"Taylor, C P  ",2024,,,,,,,,,,,,,,,,,,,,,,,,,,,,MarkRAMPMI
RA 9050 Mem 035,RA,9050,9050,35,,,Mem,"Pipe, W T  ",2025,,,,,,,,,,,,,,,,,,,,,,,,,,,,MarkRAMPMI
RA 9050 Mem 036,RA,9050,9050,36,,,Mem,"Jennings, A S  ",2025,PProvGStB,2022,,,,,,,,,,,,,,,,,,,,,,,,,,MarkRAMPMI
RA 9050 Off 001,RA,9050,9050,1,MEZ,1,Off,"Forster, J A  ",2016,,,,,,,,,,,,,,,,,,,,,,,,,,,,Officers
RA 9050 Off 002,RA,9050,9050,2,H,2,Off,"King, A P J ",2009,,,,,,,,,,,,,,,,,,,,,,,,,,,,Officers
RA 9050 Off 003,RA,9050,9050,3,J,3,Off,"Jennings, A S  ",2025,,,,,,,,,,,,,,,,,,,,,,,,,,,,Officers
RA 9050 Off 004,RA,9050,9050,4,ScrE,4,Off,"Harris, S R  ",1987,,,,,,,,,,,,,,,,,,,,,,,,,,,,Officers
RA 9050 Off 005,RA,9050,9050,5,ScrN,5,Off,"Savage, R J  ",2018,,,,,,,,,,,,,,,,,,,,,,,,,,,,Officers
RA 9050 Off 006,RA,9050,9050,6,Treas,6,Off,"Whicker, T J P A",2023,,,,,,,,,,,,,,,,,,,,,,,,,,,,Officers
RA 9050 Off 007,RA,9050,9050,7,DC,7,Off,"Thornton, D I  ",2014,,,,,,,,,,,,,,,,,,,,,,,,,,,,Officers
RA 9050 Off 008,RA,9050,9050,8,Alm,8,Off,"Ward, A W  ",1992,,,,,,,,,,,,,,,,,,,,,,,,,,,,Officers
RA 9050 Off 009,RA,9050,9050,9,ChStwd,9,Off,"Witt, A R  ",2021,,,,,,,,,,,,,,,,,,,,,,,,,,,,Officers
RA 9050 Off 010,RA,9050,9050,10,PSoj,10,Off,"Witt, A R  ",2021,,,,,,,,,,,,,,,,,,,,,,,,,,,,Officers
RA 9050 Off 011,RA,9050,9050,11,1stASoj,11,Off,"Rowley, M E  ",2021,,,,,,,,,,,,,,,,,,,,,,,,,,,,Officers
RA 9050 Off 012,RA,9050,9050,12,2ndASoj,12,Off,"Taylor, C P  ",2024,,,,,,,,,,,,,,,,,,,,,,,,,,,,Officers
RA 9050 Off 013,RA,9050,9050,13,ADC,13,Off,"Harris, B C  ",1985,,,,,,,,,,,,,,,,,,,,,,,,,,,,Officers
RA 9050 Off 014,RA,9050,9050,14,Org,14,Off,Vacant,,,,,,,,,,,,,,,,,,,,,,,,,,,,,Officers
RA 9050 Off 015,RA,9050,9050,15,AScrE,15,Off,"Fuller, T R  ",2011,,,,,,,,,,,,,,,,,,,,,,,,,,,,Officers
RA 9050 Off 016,RA,9050,9050,16,Stwd,16,Off,"Cottrell, A G  ",2019,,,,,,,,,,,,,,,,,,,,,,,,,,,,Officers
RA 9050 Off 017,RA,9050,9050,17,Stwd,16,Off,"Pipe, W T  ",2025,,,,,,,,,,,,,,,,,,,,,,,,,,,,Officers
RA 9050 Off 018,RA,9050,9050,18,Jan,17,Off,"Smart, N A  ",2014,,,,,,,,,,,,,,,,,,,,,,,,,,,,Officers
RA 9050 PMEZ 001,RA,9050,9050,1,,,PMEZ,"Harris, B C  ",,PPGSN,2022,,,,,,,,,1996,1996,,,,,,,,,,,,,,,,PMO
RA 9050 PMEZ 002,RA,9050,9050,2,,,PMEZ,"Harris, S R  ",,PPGSN,2016,,,,,,,,,1998,1998,,,,,,,,,,,,,,,,PMO
RA 9050 PMEZ 003,RA,9050,9050,3,,,PMEZ,"Voysey, F W  ",,PPGSN,2020,,,,,,,,,2003,2003,,,,,,,,,,,,,,,,PMO
RA 9050 PMEZ 005,RA,9050,9050,5,,,PMEZ,"Ward, A W  ",,PProvGSwdB,2017,,,,,,,,,"2007, 2008",2007,,,,,,,,,,,,,,,,PMO
RA 9050 PMEZ 008,RA,9050,9050,8,,,PMEZ,"Curley, A   ",,PPGSN,2020,,,,,,,,,"2011, 2014",2011,,,,,,,,,,,,,,,,PMO
RA 9050 PMEZ 011,RA,9050,9050,11,,,PMEZ,"Murray, P J A ",,PPGSwdB,2022,,,,,,,,,2012,2012,,,,,,,,,,,,,,,,PMO
RA 9050 PMEZ 012,RA,9050,9050,12,,,PMEZ,"McHugh, M J  ",,PPGReg,2025,,,,,,,,,"2013, 2019, 2021",2013,,,,,,,,,,,,,,,,PMO
RA 9050 PMEZ 013,RA,9050,9050,13,,,PMEZ,"Knight, D E  ",,PProvGStwd,2017,,,,,,,,,2015,2015,,,,,,,,,,,,,,,,PMO
RA 9050 PMEZ 015,RA,9050,9050,15,,,PMEZ,"Carter, R B H ",,PPGSN,2011,,,,LGCR,2012,,,,2018,2018,,,,,,,,,,,,,,,,PMO
RA 9050 PMEZ 016,RA,9050,9050,16,,,PMEZ,"Dedman, M J  ",,,,,,,,,,,,2022,2022,,,,,,,,,,,,,,,,PMO
RA 9050 PMEZ 017,RA,9050,9050,17,,,PMEZ,"Thornton, D I  ",,ProvAGDC,2025,,,,,,,,,2023,2023,,,,,,,,,,,,,,,,PMO
RA 9050 PMEZ 018,RA,9050,9050,18,,,PMEZ,"Smart, N A  ",,PPGStB,2025,,,,,,,,,2024,2024,,,,,,,,,,,,,,,,PMO
RA 9050 PMEZ 019,RA,9050,9050,19,,,PMEZ,"Playford, R J  ",,,,,,,,,,,,2025,2025,,,,,,,,,,,,,,,,PMO
RA 9177 Hon 001,RA,9177,9177,1,,,Hon,"Barnes, K H  ",1997,PGSupt,1992,,,,,,PGSupt (Dorset),1992,,,,,,,,,,,,,,,,,,,Honorary
RA 9177 Inst 001,RA,9177,9177,1,,,Inst,,,,,,,,,,,,,,,September 11th 2025,,,,,,,,,,,,,,,DBLodges
RA 9177 JPMEZ 001,RA,9177,9177,1,,,JPMEZ,"Burt, D B F ",1997,PPGSN,2009,,,,,,,,C2559,,,,,,,,,,,,,,,,,,PMI
RA 9177 JPMEZ 002,RA,9177,9177,2,,,JPMEZ,"Delahunty, S P  ",2004,PPAGSoj,2024,,,,,,,,"C9771, C1367",,,,,,,,,,,,,,,,,,PMI
RA 9177 JPMEZ 003,RA,9177,9177,3,,,JPMEZ,"Mowles, G J  ",2023,,,,PProvGReg (Devon),2022,,,,,C2595,,,,,,,,,,,,,,,,,,PMI
RA 9177 Mem 001,RA,9177,9177,1,,,Mem,"Goody, M J  ",1997,PProvGSoj,2000,,PProvDepGDC (Hants. & I. of W.),1998-15,,,,,,,,,,,,,,,,,,,,,,,MarkRAMPMI
RA 9177 Mem 002,RA,9177,9177,2,,,Mem,"House, C   ",1997,PPGSoj,2018,,,,,,,,,,,,,,,,,,,,,,,,,,MarkRAMPMI
RA 9177 Mem 003,RA,9177,9177,3,,,Mem,"Cutler, R J  ",1997,PProvGSN,2013,,PProvGSN (Glos. & Hereford.),2024,,,,,,,,,,,,,,,,,,,,,,,MarkRAMPMI
RA 9177 Mem 004,RA,9177,9177,4,,,Mem,"Burt, D B F ",1997,PPGSN,2009,,,,,,,,,,,,,,,,,,,,,,,,,,MarkRAMPMI
RA 9177 Mem 005,RA,9177,9177,5,,,Mem,"Stevenson, J E  ",1997,PPGSN,2024,,,,,,,,,,,,,,,,,,,,,,,,,,MarkRAMPMI
RA 9177 Mem 006,RA,9177,9177,6,,,Mem,"Byers, J E  ",1997,,,,,,,,,,,,,,,,,,,,,,,,,,,,MarkRAMPMI
RA 9177 Mem 007,RA,9177,9177,7,,,Mem,"Ball, J R  ",1999,,,,,,,,,,,,,,,,,,,,,,,,,,,,MarkRAMPMI
RA 9177 Mem 008,RA,9177,9177,8,,,Mem,"Blakely, A D  ",2001,PPGSN,2018,,,,,,,,,,,,,,,,,,,,,,,,,,MarkRAMPMI
RA 9177 Mem 009,RA,9177,9177,9,,,Mem,"Worne, M E  ",2003,PDepGSupt,2018,,,,,,,,,,,,,,,,,,,,,,,,,,MarkRAMPMI
RA 9177 Mem 010,RA,9177,9177,10,,,Mem,"Carter, B A  ",2003,PProvGSN,2023,,,,,,,,,,,,,,,,,,,,,,,,,,MarkRAMPMI
RA 9177 Mem 011,RA,9177,9177,11,,,Mem,"Witt, T H  ",2004,PPGSwdB,2022,,,,,,,,,,,,,,,,,,,,,,,,,,MarkRAMPMI
RA 9177 Mem 012,RA,9177,9177,12,,,Mem,"Delahunty, S P  ",2004,PPAGSoj,2024,,,,,,,,,,,,,,,,,,,,,,,,,,MarkRAMPMI
RA 9177 Mem 013,RA,9177,9177,13,,,Mem,"Samways, A B  ",2004,,,,,,,,,,,,,,,,,,,,,,,,,,,,MarkRAMPMI
RA 9177 Mem 014,RA,9177,9177,14,,,Mem,"Reed, D J  ",2005,,,,,,,,,,,,,,,,,,,,,,,,,,,,MarkRAMPMI
RA 9177 Mem 015,RA,9177,9177,15,,,Mem,"Dawson, R F  ",2006,PPDepGDC,2024,,,,,,,,,,,,,,,,,,,,,,,,,,MarkRAMPMI
RA 9177 Mem 016,RA,9177,9177,16,,,Mem,"Poate, F W J ",2007,P3rdProvGPrin,2023,,,,,,,,,,,,,,,,,,,,,,,,,,MarkRAMPMI
RA 9177 Mem 017,RA,9177,9177,17,,,Mem,"Deniz, C   ",2007,PPAGSoj,2021,,,,,,,,,,,,,,,,,,,,,,,,,,MarkRAMPMI
RA 9177 Mem 018,RA,9177,9177,18,,,Mem,"Protopsaltis, N P  ",2008,,,,,,,,,,,,,,,,,,,,,,,,,,,,MarkRAMPMI
RA 9177 Mem 019,RA,9177,9177,19,,,Mem,"Marks, J R  ",2010,PProv1stAGSoj,2022,,,,,,,,,,,,,,,,,,,,,,,,,,MarkRAMPMI
RA 9177 Mem 020,RA,9177,9177,20,,,Mem,"Haskell, G   ",2012,,,,,,,,,,,,,,,,,,,,,,,,,,,,MarkRAMPMI
RA 9177 Mem 021,RA,9177,9177,21,,,Mem,"Fisher, E J  ",2014,,,,,,,,,,,,,,,,,,,,,,,,,,,,MarkRAMPMI
RA 9177 Mem 022,RA,9177,9177,22,,,Mem,"Yates, J R  ",2015,,,,,,,,,,,,,,,,,,,,,,,,,,,,MarkRAMPMI
RA 9177 Mem 023,RA,9177,9177,23,,,Mem,"Austin, M J  ",2015,,,,,,,,,,,,,,,,,,,,,,,,,,,,MarkRAMPMI
RA 9177 Mem 024,RA,9177,9177,24,,,Mem,"Atkins, C R  ",2016,,,,,,,,,,,,,,,,,,,,,,,,,,,,MarkRAMPMI
RA 9177 Mem 025,RA,9177,9177,25,,,Mem,"Hollington, A   ",2017,Prov1stAsstGSoj,2025,Y,,,,,,,,,,,,,,,,,,,,,,,,,MarkRAMPMI
RA 9177 Mem 026,RA,9177,9177,26,,,Mem,"Cann, B M  ",2017,,,,,,,,,,,,,,,,,,,,,,,,,,,,MarkRAMPMI
RA 9177 Mem 027,RA,9177,9177,27,,,Mem,"Mowles, G J  ",2023,,,,PProvGReg (Devon),2022,,,,,,,,,,,,,,,,,,,,,,,MarkRAMPMI
RA 9177 Mem 028,RA,9177,9177,28,,,Mem,"Poate, C J  ",2024,,,,,,,,,,,,,,,,,,,,,,,,,,,,MarkRAMPMI
RA 9177 Mem 029,RA,9177,9177,29,,,Mem,"Eaton, N M  ",2025,,,,,,,,,,,,,,,,,,,,,,,,,,,,MarkRAMPMI
RA 9177 Mem 030,RA,9177,9177,30,,,Mem,"Martin, D J  ",2025,,,,,,,,,,,,,,,,,,,,,,,,,,,,MarkRAMPMI
RA 9177 Mem 031,RA,9177,9177,31,,,Mem,"Hollington, T   ",2025,,,,,,,,,,,,,,,,,,,,,,,,,,,,MarkRAMPMI
RA 9177 Off 001,RA,9177,9177,1,MEZ,1,Off,"Haskell, G   ",2012,,,,,,,,,,,,,,,,,,,,,,,,,,,,Officers
RA 9177 Off 002,RA,9177,9177,2,H,2,Off,"Protopsaltis, N P  ",2008,,,,,,,,,,,,,,,,,,,,,,,,,,,,Officers
RA 9177 Off 003,RA,9177,9177,3,J,3,Off,"Mowles, G J  ",2023,,,,,,,,,,,,,,,,,,,,,,,,,,,,Officers
RA 9177 Off 004,RA,9177,9177,4,ScrE,4,Off,"Hollington, A   ",2017,,,,,,,,,,,,,,,,,,,,,,,,,,,,Officers
RA 9177 Off 005,RA,9177,9177,5,ScrN,5,Off,"Austin, M J  ",2015,,,,,,,,,,,,,,,,,,,,,,,,,,,,Officers
RA 9177 Off 006,RA,9177,9177,6,Treas,6,Off,"Fisher, E J  ",2014,,,,,,,,,,,,,,,,,,,,,,,,,,,,Officers
RA 9177 Off 007,RA,9177,9177,7,DC,7,Off,"Marks, J R  ",2010,,,,,,,,,,,,,,,,,,,,,,,,,,,,Officers
RA 9177 Off 008,RA,9177,9177,8,Alm,8,Off,"Samways, A B  ",2004,,,,,,,,,,,,,,,,,,,,,,,,,,,,Officers
RA 9177 Off 009,RA,9177,9177,9,ChStwd,9,Off,"Blakely, A D  ",2001,,,,,,,,,,,,,,,,,,,,,,,,,,,,Officers
RA 9177 Off 010,RA,9177,9177,10,PSoj,10,Off,"Hollington, T   ",2025,,,,,,,,,,,,,,,,,,,,,,,,,,,,Officers
RA 9177 Off 011,RA,9177,9177,11,1stASoj,11,Off,"Martin, D J  ",2025,,,,,,,,,,,,,,,,,,,,,,,,,,,,Officers
RA 9177 Off 012,RA,9177,9177,12,2ndASoj,12,Off,"Samways, A B  ",2004,,,,,,,,,,,,,,,,,,,,,,,,,,,,Officers
RA 9177 Off 013,RA,9177,9177,13,ADC,13,Off,"Cann, B M  ",2017,,,,,,,,,,,,,,,,,,,,,,,,,,,,Officers
RA 9177 Off 014,RA,9177,9177,14,Org,14,Off,Vacant,,,,,,,,,,,,,,,,,,,,,,,,,,,,,Officers
RA 9177 Off 015,RA,9177,9177,15,AScrE,15,Off,Vacant,,,,,,,,,,,,,,,,,,,,,,,,,,,,,Officers
RA 9177 Off 016,RA,9177,9177,16,Stwd,16,Off,"Yates, J R  ",2015,,,,,,,,,,,,,,,,,,,,,,,,,,,,Officers
RA 9177 Off 017,RA,9177,9177,17,Jan,17,Off,"Dawson, R F  ",2006,,,,,,,,,,,,,,,,,,,,,,,,,,,,Officers
RA 9177 PMEZ 001,RA,9177,9177,1,,,PMEZ,"Goody, M J  ",,PProvGSoj,2000,,PProvDepGDC (Hants. & I. of W.),1998-15,,,PGStB,2019,,1997,1997,,,,,,,,,,,,,,,,PMO
RA 9177 PMEZ 002,RA,9177,9177,2,,,PMEZ,"Stevenson, J E  ",,PPGSN,2024,,,,,,,,,2001,2001,,,,,,,,,,,,,,,,PMO
RA 9177 PMEZ 005,RA,9177,9177,5,,,PMEZ,"Cutler, R J  ",,PProvGSN,2013,,PProvGSN (Glos. & Hereford.),2024,,,,,,"2006, 2010",2006,,,,,,,,,,,,,,,,PMO
RA 9177 PMEZ 008,RA,9177,9177,8,,,PMEZ,"Blakely, A D  ",,PPGSN,2018,,,,,,,,,"2007, 2022",2007,,,,,,,,,,,,,,,,PMO
RA 9177 PMEZ 009,RA,9177,9177,9,,,PMEZ,"Worne, M E  ",,PDepGSupt,2018,,,,,,PGSwdB,2019,,2008,2008,,,,,,,,,,,,,,,,PMO
RA 9177 PMEZ 013,RA,9177,9177,13,,,PMEZ,"Witt, T H  ",,PPGSwdB,2022,,,,,,,,,2012,2012,,,,,,,,,,,,,,,,PMO
RA 9177 PMEZ 015,RA,9177,9177,15,,,PMEZ,"Poate, F W J ",,P3rdProvGPrin,2023,,,,,,PGStB,2022,,"2013, 2014",2013,,,,,,,,,,,,,,,,PMO
RA 9177 PMEZ 019,RA,9177,9177,19,,,PMEZ,"House, C   ",,PPGSoj,2018,,,,,,,,,2015,2015,,,,,,,,,,,,,,,,PMO
RA 9177 PMEZ 020,RA,9177,9177,20,,,PMEZ,"Deniz, C   ",,PPAGSoj,2021,,,,,,,,,"2017, 2021",2017,,,,,,,,,,,,,,,,PMO
RA 9177 PMEZ 021,RA,9177,9177,21,,,PMEZ,"Marks, J R  ",,PProv1stAGSoj,2022,,,,,,,,,2018,2018,,,,,,,,,,,,,,,,PMO
RA 9177 PMEZ 022,RA,9177,9177,22,,,PMEZ,"Carter, B A  ",,PProvGSN,2023,,,,,,,,,2019,2019,,,,,,,,,,,,,,,,PMO
RA 9177 PMEZ 025,RA,9177,9177,25,,,PMEZ,"Haskell, G   ",,,,,,,,,,,,2023,2023,,,,,,,,,,,,,,,,PMO
RA 9177 PMEZ 027,RA,9177,9177,27,,,PMEZ,"Hollington, A   ",,Prov1stAsstGSoj,2025,,,,,,,,,2024,2024,,,,,,,,,,,,,,,,PMO
RA 9649 Inst 001,RA,9649,9649,1,,,Inst,,,,,,,,,,,,,,,March 11th 2026,,,,,,,,,,,,,,,DBLodges
RA 9649 JPMEZ 001,RA,9649,9649,1,,,JPMEZ,"Coles, T J N ",2016,,,,P3rdProvGPrin (Herts.),2013-15,,,PGStB,2023,"C1331, C5192, C8859, C8746, C4090",,,,,,,,,,,,,,,,,,PMI
RA 9649 JPMEZ 002,RA,9649,9649,2,,,JPMEZ,"Abbiss, K   ",2016,2ndProvGPrin,2024,Y,,,,,PGStB,2011,C170,,,,,,,,,,,,,,,,,,PMI
RA 9649 JPMEZ 003,RA,9649,9649,3,,,JPMEZ,"Jowett, R B  ",2016,P3rdProvGPrin,2014,,,,,,PGStB,2014,C5331,,,,,,,,,,,,,,,,,,PMI
RA 9649 JPMEZ 004,RA,9649,9649,4,,,JPMEZ,"Turner, L H  ",2016,PPGDC,2023,,,,,,,,C9050,,,,,,,,,,,,,,,,,,PMI
RA 9649 JPMEZ 005,RA,9649,9649,5,,,JPMEZ,"Ferns, K V  ",2016,PPGSN,2016,,,,,,,,"C8099, C3366",,,,,,,,,,,,,,,,,,PMI
RA 9649 JPMEZ 006,RA,9649,9649,6,,,JPMEZ,"Barnes, K H  ",2016,PGSupt,1992,,,,,,PGSupt (Dorset),1992,"C1037, C3366",,,,,,,,,,,,,,,,,,PMI
RA 9649 JPMEZ 007,RA,9649,9649,7,,,JPMEZ,"Ilott, P F  ",2016,PPGSN,2025,,,,,,,,C137,,,,,,,,,,,,,,,,,,PMI
RA 9649 JPMEZ 008,RA,9649,9649,8,,,JPMEZ,"Halford, J S  ",2016,PPGSN,2020,,,,,,,,C6445,,,,,,,,,,,,,,,,,,PMI
RA 9649 JPMEZ 009,RA,9649,9649,9,,,JPMEZ,"Micklefield, R F  ",2016,PPGSN,2018,,PProvGSN (Middx.),2021,,,,,"C5331, C3309",,,,,,,,,,,,,,,,,,PMI
RA 9649 JPMEZ 010,RA,9649,9649,10,,,JPMEZ,"Sandall, D L  ",2016,P3rdProvGPrin,2021,,,,,,PGStB,2025,C2689,,,,,,,,,,,,,,,,,,PMI
RA 9649 JPMEZ 011,RA,9649,9649,11,,,JPMEZ,"Mitchell, J   ",2017,PDepGSupt,2021,,PProvGReg (Hants. & I. of W.),2017,,,PGSwdB,2022,"C132, C3366",,,,,,,,,,,,,,,,,,PMI
RA 9649 JPMEZ 012,RA,9649,9649,12,,,JPMEZ,"Worne, M E  ",2017,PDepGSupt,2018,,,,,,PGSwdB,2019,C9177,,,,,,,,,,,,,,,,,,PMI
RA 9649 JPMEZ 013,RA,9649,9649,13,,,JPMEZ,"James, S A  ",2023,GSupt,2024,Y,,,,,GSupt (Dorset),2024,C1266,,,,,,,,,,,,,,,,,,PMI
RA 9649 JPMEZ 014,RA,9649,9649,14,,,JPMEZ,"Poate, F W J ",2023,P3rdProvGPrin,2023,,,,,,PGStB,2022,C9177,,,,,,,,,,,,,,,,,,PMI
RA 9649 JPMEZ 015,RA,9649,9649,15,,,JPMEZ,"Jennings, A S  ",2023,PProvGStB,2022,,,,,,,,C2559,,,,,,,,,,,,,,,,,,PMI
RA 9649 JPMEZ 016,RA,9649,9649,16,,,JPMEZ,"Latham-Boal, N P  ",2023,PPDepGDC,2024,,,,,,,,C7986,,,,,,,,,,,,,,,,,,PMI
RA 9649 JPMEZ 017,RA,9649,9649,17,,,JPMEZ,"Tritton, B D  ",2025,P2ndProvGPrin,2015,,,,,,PAGSoj,2022,"C1037, C3366, C335",,,,,,,,,,,,,,,,,,PMI
RA 9649 JPMEZ 018,RA,9649,9649,18,,,JPMEZ,"House, N M D ",2025,3rdProvGPrin,2024,Y,,,,,PGStB,2025,"C2689, C3366",,,,,,,,,,,,,,,,,,PMI
RA 9649 Mem 001,RA,9649,9649,1,,,Mem,"Turner, L H  ",2016,PPGDC,2023,,,,,,,,,,,,,,,,,,,,,,,,,,MarkRAMPMI
RA 9649 Mem 002,RA,9649,9649,2,,,Mem,"Lawrence, D J  ",2016,PProvGStB,2024,,,,,,,,,,,,,,,,,,,,,,,,,,MarkRAMPMI
RA 9649 Mem 003,RA,9649,9649,3,,,Mem,"Jowett, R B  ",2016,P3rdProvGPrin,2014,,,,,,,,,,,,,,,,,,,,,,,,,,MarkRAMPMI
RA 9649 Mem 004,RA,9649,9649,4,,,Mem,"Glazier, G R  ",2016,PGSupt,2014,,PDepGSupt (Hants. & I. of W.),2011-14,,,,,,,,,,,,,,,,,,,,,,,MarkRAMPMI
RA 9649 Mem 005,RA,9649,9649,5,,,Mem,"Halford, J S  ",2016,PPGSN,2020,,,,,,,,,,,,,,,,,,,,,,,,,,MarkRAMPMI
RA 9649 Mem 006,RA,9649,9649,6,,,Mem,"Coles, T J N ",2016,,,,P3rdProvGPrin (Herts.),2013-15,,,,,,,,,,,,,,,,,,,,,,,MarkRAMPMI
RA 9649 Mem 007,RA,9649,9649,7,,,Mem,"Ilott, P F  ",2016,PPGSN,2025,,,,,,,,,,,,,,,,,,,,,,,,,,MarkRAMPMI
RA 9649 Mem 008,RA,9649,9649,8,,,Mem,"Fuller, T R  ",2016,,,,,,,,,,,,,,,,,,,,,,,,,,,,MarkRAMPMI
RA 9649 Mem 009,RA,9649,9649,9,,,Mem,"Carter, B A  ",2016,PProvGSN,2023,,,,,,,,,,,,,,,,,,,,,,,,,,MarkRAMPMI
RA 9649 Mem 010,RA,9649,9649,10,,,Mem,"Ferns, K V  ",2016,PPGSN,2016,,,,,,,,,,,,,,,,,,,,,,,,,,MarkRAMPMI
RA 9649 Mem 011,RA,9649,9649,11,,,Mem,"Ward, A W  ",2016,PProvGSwdB,2017,,,,,,,,,,,,,,,,,,,,,,,,,,MarkRAMPMI
RA 9649 Mem 012,RA,9649,9649,12,,,Mem,"Sandall, D L  ",2016,P3rdProvGPrin,2021,,,,,,,,,,,,,,,,,,,,,,,,,,MarkRAMPMI
RA 9649 Mem 013,RA,9649,9649,13,,,Mem,"Micklefield, R F  ",2016,PPGSN,2018,,PProvGSN (Middx.),2021,,,,,,,,,,,,,,,,,,,,,,,MarkRAMPMI
RA 9649 Mem 014,RA,9649,9649,14,,,Mem,"Underhill, G   ",2016,PDepGSupt,2012,,,,,,,,,,,,,,,,,,,,,,,,,,MarkRAMPMI
RA 9649 Mem 015,RA,9649,9649,15,,,Mem,"Barnes, K H  ",2016,PGSupt,1992,,,,,,,,,,,,,,,,,,,,,,,,,,MarkRAMPMI
RA 9649 Mem 016,RA,9649,9649,16,,,Mem,"Coxall, P D  ",2016,PPDepGDC,2025,,,,,,,,,,,,,,,,,,,,,,,,,,MarkRAMPMI
RA 9649 Mem 017,RA,9649,9649,17,,,Mem,"Curley, A   ",2016,PPGSN,2020,,,,,,,,,,,,,,,,,,,,,,,,,,MarkRAMPMI
RA 9649 Mem 018,RA,9649,9649,18,,,Mem,"Lill, C J  ",2016,PDepGSupt,2015,,,,,,,,,,,,,,,,,,,,,,,,,,MarkRAMPMI
RA 9649 Mem 019,RA,9649,9649,19,,,Mem,"Abbiss, K   ",2016,2ndProvGPrin,2024,Y,,,,,,,,,,,,,,,,,,,,,,,,,MarkRAMPMI
RA 9649 Mem 020,RA,9649,9649,20,,,Mem,"Mitchell, J   ",2017,PDepGSupt,2021,,PProvGReg (Hants. & I. of W.),2017,,,,,,,,,,,,,,,,,,,,,,,MarkRAMPMI
RA 9649 Mem 021,RA,9649,9649,21,,,Mem,"Bond, C W  ",2017,,,,,,,,,,,,,,,,,,,,,,,,,,,,MarkRAMPMI
RA 9649 Mem 022,RA,9649,9649,22,,,Mem,"Worne, M E  ",2017,PDepGSupt,2018,,,,,,,,,,,,,,,,,,,,,,,,,,MarkRAMPMI
RA 9649 Mem 023,RA,9649,9649,23,,,Mem,"Smith, R   ",2022,,,,,,,,,,,,,,,,,,,,,,,,,,,,MarkRAMPMI
RA 9649 Mem 024,RA,9649,9649,24,,,Mem,"Penfold, R J  ",2022,,,,,,,,,,,,,,,,,,,,,,,,,,,,MarkRAMPMI
RA 9649 Mem 025,RA,9649,9649,25,,,Mem,"Thomas, G R E ",2023,,,,,,,,,,,,,,,,,,,,,,,,,,,,MarkRAMPMI
RA 9649 Mem 026,RA,9649,9649,26,,,Mem,"Latham-Boal, N P  ",2023,PPDepGDC,2024,,,,,,,,,,,,,,,,,,,,,,,,,,MarkRAMPMI
RA 9649 Mem 027,RA,9649,9649,27,,,Mem,"James, S A  ",2023,GSupt,2024,Y,,,,,,,,,,,,,,,,,,,,,,,,,MarkRAMPMI
RA 9649 Mem 028,RA,9649,9649,28,,,Mem,"Jennings, A S  ",2023,PProvGStB,2022,,,,,,,,,,,,,,,,,,,,,,,,,,MarkRAMPMI
RA 9649 Mem 029,RA,9649,9649,29,,,Mem,"Poate, F W J ",2023,P3rdProvGPrin,2023,,,,,,,,,,,,,,,,,,,,,,,,,,MarkRAMPMI
RA 9649 Mem 030,RA,9649,9649,30,,,Mem,"Morum, G J  ",2023,,,,,,,,,,,,,,,,,,,,,,,,,,,,MarkRAMPMI
RA 9649 Mem 031,RA,9649,9649,31,,,Mem,"Bunter, M J  ",2023,,,,,,,,,,,,,,,,,,,,,,,,,,,,MarkRAMPMI
RA 9649 Mem 032,RA,9649,9649,32,,,Mem,"Williamson, D   ",2024,,,,,,,,,,,,,,,,,,,,,,,,,,,,MarkRAMPMI
RA 9649 Mem 033,RA,9649,9649,33,,,Mem,"Case, T D  ",2024,,,,,,,,,,,,,,,,,,,,,,,,,,,,MarkRAMPMI
RA 9649 Mem 034,RA,9649,9649,34,,,Mem,"Howland, J R  ",2024,,,,,,,,,,,,,,,,,,,,,,,,,,,,MarkRAMPMI
RA 9649 Mem 035,RA,9649,9649,35,,,Mem,"House, N M D ",2025,3rdProvGPrin,2024,Y,,,,,,,,,,,,,,,,,,,,,,,,,MarkRAMPMI
RA 9649 Mem 036,RA,9649,9649,36,,,Mem,"Tritton, B D  ",2025,P2ndProvGPrin,2015,,,,,,,,,,,,,,,,,,,,,,,,,,MarkRAMPMI
RA 9649 Off 001,RA,9649,9649,1,MEZ,1,Off,"Ward, A W  ",2016,,,,,,,,,,,,,,,,,,,,,,,,,,,,Officers
RA 9649 Off 002,RA,9649,9649,2,H,2,Off,"Latham-Boal, N P  ",2023,,,,,,,,,,,,,,,,,,,,,,,,,,,,Officers
RA 9649 Off 003,RA,9649,9649,3,J,3,Off,"Jennings, A S  ",2023,,,,,,,,,,,,,,,,,,,,,,,,,,,,Officers
RA 9649 Off 004,RA,9649,9649,4,ScrE,4,Off,"Carter, B A  ",2016,,,,,,,,,,,,,,,,,,,,,,,,,,,,Officers
RA 9649 Off 005,RA,9649,9649,5,ScrN,5,Off,"Ilott, P F  ",2016,,,,,,,,,,,,,,,,,,,,,,,,,,,,Officers
RA 9649 Off 006,RA,9649,9649,6,Treas,6,Off,"Ferns, K V  ",2016,,,,,,,,,,,,,,,,,,,,,,,,,,,,Officers
RA 9649 Off 007,RA,9649,9649,7,DC,7,Off,"Glazier, G R  ",2016,,,,,,,,,,,,,,,,,,,,,,,,,,,,Officers
RA 9649 Off 008,RA,9649,9649,8,Alm,8,Off,"Coxall, P D  ",2016,,,,,,,,,,,,,,,,,,,,,,,,,,,,Officers
RA 9649 Off 009,RA,9649,9649,9,ChStwd,9,Off,"Ward, A W  ",2016,,,,,,,,,,,,,,,,,,,,,,,,,,,,Officers
RA 9649 Off 010,RA,9649,9649,10,PSoj,10,Off,"Halford, J S  ",2016,,,,,,,,,,,,,,,,,,,,,,,,,,,,Officers
RA 9649 Off 011,RA,9649,9649,11,1stASoj,11,Off,"Thomas, G R E ",2023,,,,,,,,,,,,,,,,,,,,,,,,,,,,Officers
RA 9649 Off 012,RA,9649,9649,12,2ndASoj,12,Off,"Howland, J R  ",2024,,,,,,,,,,,,,,,,,,,,,,,,,,,,Officers
RA 9649 Off 013,RA,9649,9649,13,ADC,13,Off,"Tritton, B D  ",2025,,,,,,,,,,,,,,,,,,,,,,,,,,,,Officers
RA 9649 Off 014,RA,9649,9649,14,Org,14,Off,Vacant,,,,,,,,,,,,,,,,,,,,,,,,,,,,,Officers
RA 9649 Off 015,RA,9649,9649,15,AScrE,15,Off,"Poate, F W J ",2023,,,,,,,,,,,,,,,,,,,,,,,,,,,,Officers
RA 9649 Off 016,RA,9649,9649,16,Stwd,16,Off,"Smith, R   ",2022,,,,,,,,,,,,,,,,,,,,,,,,,,,,Officers
RA 9649 Off 017,RA,9649,9649,17,Stwd,16,Off,"Morum, G J  ",2023,,,,,,,,,,,,,,,,,,,,,,,,,,,,Officers
RA 9649 Off 018,RA,9649,9649,18,Jan,17,Off,"Case, T D  ",2024,,,,,,,,,,,,,,,,,,,,,,,,,,,,Officers
RA 9649 Off 019,RA,9649,9649,19,Mentor,20,Off,"Turner, L H  ",2016,,,,,,,,,,,,,,,,,,,,,,,,,,,,Officers
RA 9649 PMEZ 001,RA,9649,9649,1,,,PMEZ,"Underhill, G   ",,PDepGSupt,2012,,,,,,PGSwdB,2013,,2016,2016,,,,,,,,,,,,,,,,PMO
RA 9649 PMEZ 002,RA,9649,9649,2,,,PMEZ,"Glazier, G R  ",,PGSupt,2014,,PDepGSupt (Hants. & I. of W.),2011-14,,,PGSupt (Dorset),2014,,2017,2017,,,,,,,,,,,,,,,,PMO
RA 9649 PMEZ 007,RA,9649,9649,7,,,PMEZ,"Lill, C J  ",,PDepGSupt,2015,,,,,,PGSwdB,2016,,2018,2018,,,,,,,,,,,,,,,,PMO
RA 9649 PMEZ 011,RA,9649,9649,11,,,PMEZ,"Carter, B A  ",,PProvGSN,2023,,,,,,,,,2019,2019,,,,,,,,,,,,,,,,PMO
RA 9649 PMEZ 014,RA,9649,9649,14,,,PMEZ,"Curley, A   ",,PPGSN,2020,,,,,,,,,"2021, 2022",2021,,,,,,,,,,,,,,,,PMO
RA 9649 PMEZ 017,RA,9649,9649,17,,,PMEZ,"Lawrence, D J  ",,PProvGStB,2024,,,,,,,,,2023,2023,,,,,,,,,,,,,,,,PMO
RA 9649 PMEZ 018,RA,9649,9649,18,,,PMEZ,"Coxall, P D  ",,PPDepGDC,2025,,,,,,,,,2024,2024,,,,,,,,,,,,,,,,PMO
RA 9649 PMEZ 021,RA,9649,9649,21,,,PMEZ,"Ward, A W  ",,PProvGSwdB,2017,,,,,,,,,2025,2025,,,,,,,,,,,,,,,,PMO
RAM 0132 Hon 001,RAM,132,132,1,,,Hon,"Gordon, R P",2021,ProvRAMGR,2006,,,,,,RAMGR,2011,,,,,46597,,,,,,,,,,,,,,MarkRAMHonMem
RAM 0132 Hon 002,RAM,132,132,2,,,Hon,"Matthews, S J",2024,ProvRAMGR,2001,,,,,,RAMGR,2010,,,,,79184,,,,,,,,,,,,,,MarkRAMHonMem
RAM 0132 Hon 003,RAM,132,132,3,,,Hon,"Hoare, K G",2025,ProvRAMGR,2000,,,,,,RAMGR,2009,,,,,56761,,,,,,,,,,,,,,MarkRAMHonMem
RAM 0132 Inst 001,RAM,132,132,1,,,Inst,,,,,,,,,,,,,,,January 27th 2026,,,,,,,,,,,,,,,DBLodges
RAM 0132 Mem 001,RAM,132,132,1,,,Mem,"Prax, G I",1971,PDepProvGM,2008,,,,,,RAMGR,2001,,,,,97049,,,,,,,,,,,,,,MarkRAMHonMem
RAM 0132 Mem 002,RAM,132,132,2,,,Mem,"Shaw, F J",1975,ProvRAMGR,1994,,,,,,PProvGM,2015,,,,,108782,,,,,,,,,,,,,,MarkRAMHonMem
RAM 0132 Mem 003,RAM,132,132,3,,,Mem,"Howard, D",1990,ProvRAMGR,2007,,,,,,,,,,,,59286,,,,,,,,,,,,,,MarkRAMHonMem
RAM 0132 Mem 004,RAM,132,132,4,,,Mem,"Burt, D B F",1992,ProvRAMGR,2010,,,,,,RAMGR,2021,,,,,18138,,,,2021,,,,,,,,,,MarkRAMHonMem
RAM 0132 Mem 005,RAM,132,132,5,,,Mem,"Eaton, D F",1993,DepProvGM,2023,,,,,,RAMGR,2023,,,,,1018468,,,,,,,,,,,,,,MarkRAMHonMem
RAM 0132 Mem 006,RAM,132,132,6,,,Mem,"Boylin, D",1995,,,,,,,,,,,,,,13660,,,,2018,,,,,,,,,,MarkRAMHonMem
RAM 0132 Mem 007,RAM,132,132,7,,,Mem,"Voysey, F W",1997,,,,,,,,RAMGR,2003,,,,,126230,,,,,,,,,,,,,,MarkRAMHonMem
RAM 0132 Mem 008,RAM,132,132,8,,,Mem,"Burt, M R",1998,ProvRAMGR,2015,,,,,,RAMGR,2024,,,,,1062967,,,,2016,,,,,,,,,,MarkRAMHonMem
RAM 0132 Mem 009,RAM,132,132,9,,,Mem,"Micklefield, R F",1999,ProvRAMGR,2015,,,,,,RAMGR,2020,,,,,144701,,,,,,,,,,,,,,MarkRAMHonMem
RAM 0132 Mem 010,RAM,132,132,10,,,Mem,"Russell, F",2000,ProvRAMGR,2018,,,,,,,,,,,,1084597,,,,2026,,,,,,,,,,MarkRAMHonMem
RAM 0132 Mem 011,RAM,132,132,11,,,Mem,"Adlem, M J",2002,,,,,,,,,,,,,,1063272,,,,,,,,,,,,,,MarkRAMHonMem
RAM 0132 Mem 012,RAM,132,132,12,,,Mem,"Jessopp, T F",2005,ProvRAMGR,2020,,,,,,,,,,,,1060536,,,,,,,,,,,,,,MarkRAMHonMem
RAM 0132 Mem 013,RAM,132,132,13,,,Mem,"Bugler, C J",2006,,,,,,,,,,,,,,1220844,,,,2025,,,,,,,,,,MarkRAMHonMem
RAM 0132 Mem 014,RAM,132,132,14,,,Mem,"Hollard, R M",2007,,,,,,,,,,,,,,1221690,,,,2018,,,,,,,,,,MarkRAMHonMem
RAM 0132 Mem 015,RAM,132,132,15,,,Mem,"Bursey, R S",2009,ProvRAMGR,2022,,,,,,,,,,,,1227233,,,,,,,,,,,,,,MarkRAMHonMem
RAM 0132 Mem 016,RAM,132,132,16,,,Mem,"Fairlie, R",2012,ProvRAMGR,2023,,,,,,,,,,,,1211330,,,,2025,,,,,,,,,,MarkRAMHonMem
RAM 0132 Mem 017,RAM,132,132,17,,,Mem,"Parkes, M R",2012,ProvRAMGR,2025,,,,,,,,,,,,1238035,,,,2025,,,,,,,,,,MarkRAMHonMem
RAM 0132 Mem 018,RAM,132,132,18,,,Mem,"Wills, C",2014,,,,,,,,,,,,,,1218213,,,,,,,,,,,,,,MarkRAMHonMem
RAM 0132 Mem 019,RAM,132,132,19,,,Mem,"Day, D J",2017,,,,,,,,,,,,,,1246315,,,,,,,,,,,,,,MarkRAMHonMem
RAM 0132 Mem 020,RAM,132,132,20,,,Mem,"Nixey, M T",2017,,,,,,,,,,,,,,88055,,,,2026,,,,,,,,,,MarkRAMHonMem
RAM 0132 Mem 021,RAM,132,132,21,,,Mem,"Moorley, C J",2018,,,,,,,,,,,,,,1055648,,,,,,,,,,,,,,MarkRAMHonMem
RAM 0132 Mem 022,RAM,132,132,22,,,Mem,"James, S A",2019,,,,,,,,,,,,,,1077814,,,,,,,,,,,,,,MarkRAMHonMem
RAM 0132 Mem 023,RAM,132,132,23,,,Mem,"Brookes, G L",2022,,,,,,,,,,,,,,1262593,,,,2026,,,,,,,,,,MarkRAMHonMem
RAM 0132 Mem 024,RAM,132,132,24,,,Mem,"Wills, M K",2022,,,,,,,,,,,,,,1223379,,,,2026,,,,,,,,,,MarkRAMHonMem
RAM 0132 Mem 025,RAM,132,132,25,,,Mem,"Curtis, M J",2022,,,,,,,,,,,,,,1239134,,,,2026,,,,,,,,,,MarkRAMHonMem
RAM 0132 Mem 026,RAM,132,132,26,,,Mem,"Brookes, L T",2023,ProvRAMGR,2005,,,,,,,,,,,,154222,,,,,,,,,,,,,,MarkRAMHonMem
RAM 0132 Mem 027,RAM,132,132,27,,,Mem,"Mould, G V",2023,,,,,,,,,,,,,,1220847,,,,,,,,,,,,,,MarkRAMHonMem
RAM 0132 Mem 028,RAM,132,132,28,,,Mem,"Williams, M D J",2025,,,,,,,,,,,,,,1269175,,,,2026,,,,,,,,,,MarkRAMHonMem
RAM 0132 Mem 029,RAM,132,132,29,,,Mem,"Wood, R A",2025,,,,,,,,,,,,,,1247182,,,,2026,,,,,,,,,,MarkRAMHonMem
RAM 0132 Off 001,RAM,132,132,1,Cdr,1,Off,"Wills, M K",,,,,,,,,,,,,,,1223379,,,,,,,,,,,,,,MarkRAMOff
RAM 0132 Off 002,RAM,132,132,2,SW,2,Off,"Brookes, G L",,,,,,,,,,,,,,,1262593,,,,,,,,,,,,,,MarkRAMOff
RAM 0132 Off 003,RAM,132,132,3,JW,3,Off,"Williams, M D J",,,,,,,,,,,,,,,1269175,,,,,,,,,,,,,,MarkRAMOff
RAM 0132 Off 004,RAM,132,132,4,Chap,4,Off,"Burt, D B F",,,,,,,,,,,,,,,18138,,,,,,,,,,,,,,MarkRAMOff
RAM 0132 Off 005,RAM,132,132,5,Treas,5,Off,"Parkes, M R",,,,,,,,,,,,,,,1238035,,,,,,,,,,,,,,MarkRAMOff
RAM 0132 Off 006,RAM,132,132,6,Scrb,6,Off,"Burt, M R",,,,,,,,,,,,,,,1062967,,,,,,,,,,,,,,MarkRAMOff
RAM 0132 Off 007,RAM,132,132,7,Alm,8,Off,"Hollard, R M",,,,,,,,,,,,,,,1221690,,,,,,,,,,,,,,MarkRAMOff
RAM 0132 Off 008,RAM,132,132,8,ChStwd,9,Off,"Bugler, C J",,,,,,,,,,,,,,,1220844,,,,,,,,,,,,,,MarkRAMOff
RAM 0132 Off 009,RAM,132,132,9,SD,10,Off,"Curtis, M J",,,,,,,,,,,,,,,1239134,,,,,,,,,,,,,,MarkRAMOff
RAM 0132 Off 010,RAM,132,132,10,JD,11,Off,"Russell, F",,,,,,,,,,,,,,,1084597,,,,,,,,,,,,,,MarkRAMOff
RAM 0132 Off 011,RAM,132,132,11,ADC,13,Off,"Fairlie, R",,,,,,,,,,,,,,,1211330,,,,,,,,,,,,,,MarkRAMOff
RAM 0132 Off 012,RAM,132,132,12,Org,14,Off,"Boylin, D",,,,,,,,,,,,,,,13660,,,,,,,,,,,,,,MarkRAMOff
RAM 0132 Off 013,RAM,132,132,13,Gdn,15,Off,"Wood, R A",,,,,,,,,,,,,,,1247182,,,,,,,,,,,,,,MarkRAMOff
RAM 0132 Off 014,RAM,132,132,14,Wdr,17,Off,"Nixey, M T",,,,,,,,,,,,,,,88055,,,,,,,,,,,,,,MarkRAMOff
RAM 0132 PMI 001,RAM,132,132,1,,,PMI,"Voysey, F W                           ",1997,RAMGR,2003,,,,,,,,,1990,,,,,,,,1396,,,,,,,,,MarkRAMPMI
RAM 0132 PMI 002,RAM,132,132,2,,,PMI,"Bugler, C J  ",2006,,,,,,,,,,,2024,,,,,,,,1095,,,,,,,,,MarkRAMPMI
RAM 0132 PMI 003,RAM,132,132,3,,,PMI,"Brookes, L T ",2023,ProvRAMGR,2005,,,,,,,,,1997,,,,,,,,1477, ɫ,,,,,,,,MarkRAMPMI
RAM 0132 PMO 001,RAM,132,132,1,,1,PMO,"Eaton, D F ",,DepProvGM,2023,,,,,,RAMGR,2023,,2008,,,,,2008,39897,,,,,,,,,,,MarkRAMPMO
RAM 0132 PMO 002,RAM,132,132,2,,1,PMO,"Jessopp, T F ",,ProvRAMGR,2020,,,,,,,,,2017,,,,,2017,43186,,,,,,,,,,,MarkRAMPMO
RAM 0132 PMO 003,RAM,132,132,3,,1,PMO,"Burt, M R ",,ProvRAMGR,2015,,,,,,RAMGR,2024,,2011,,,,,2011,40995,,,,,,,,,,,MarkRAMPMO
RAM 0132 PMO 004,RAM,132,132,4,,1,PMO,"Russell, F  ",,ProvRAMGR,2018,,,,,,,,,2013,,,,,2013,41723,,,,,,,,,,,MarkRAMPMO
RAM 0132 PMO 005,RAM,132,132,5,,1,PMO,"Shaw, F J ",,ProvRAMGR,1994,,,,,,PProvGM,2015,,1986,,,,,1986,31860,,,,,,,,,,,MarkRAMPMO
RAM 0132 PMO 006,RAM,132,132,6,,1,PMO,"Fairlie, R  ",,ProvRAMGR,2023,,,,,,,,,2018,,,,,2018,43550,,,,,,,,,,,MarkRAMPMO
RAM 0132 PMO 007,RAM,132,132,7,,1,PMO,"Wills, C  ",,,,,,,,,,,,2025,,,,,2025,46105,,,,,,,,,,,MarkRAMPMO
RAM 0132 PMO 008,RAM,132,132,8,,1,PMO,"Barrett, T M ",,ProvRAMGR,2024,,,,,,,,,"2019, 2021",,,,,2021,44642,,,,,,,,,,,MarkRAMPMO
RAM 0132 PMO 009,RAM,132,132,9,,1,PMO,"Wills, M K ",,,,,,,,,,,,2026,,,,,2026,,,,,,,,,,,,MarkRAMPMO
RAM 0132 PMO 010,RAM,132,132,10,,1,PMO,"Bursey, R S ",,ProvRAMGR,2022,,,,,,,,,2016,,,,,2016,42822,,,,,,,,,,,MarkRAMPMO
RAM 0132 PMO 011,RAM,132,132,11,,1,PMO,"Parkes, M R ",,ProvRAMGR,2025,,,,,,,,,2022,,,,,2022,45013,,,,,,,,,,,MarkRAMPMO
RAM 0132 PMO 012,RAM,132,132,12,,1,PMO,"Day, D J ",,,,,,,,,,,,2023,,,,,2023,45377,,,,,,,,,,,MarkRAMPMO
RAM 0132 PMO 013,RAM,132,132,13,,1,PMO,"Micklefield, R F ",,ProvRAMGR,2015,,,,,,RAMGR,2020,,2012,,,,,2012,41359,,,,,,,,,,,MarkRAMPMO
RAM 0132 PMO 014,RAM,132,132,14,,1,PMO,"Bugler, R A L",,ProvRAMGR,2010,,,,,,RAMGR,2018,,2006,,,,,2006,39259,,,,,,,,,,,MarkRAMPMO
RAM 0132 PMO 015,RAM,132,132,15,,1,PMO,"Burt, D B F",,ProvRAMGR,2010,,,,,,RAMGR,2021,,2005,,,,,2005,38797,,,,,,,,,,,MarkRAMPMO
RAM 0132 PMO 016,RAM,132,132,16,,1,PMO,"Cox, R  ",,,,,,,,,,,,1995,,,,,1995,35150,,,,,,,,,,,MarkRAMPMO
RAM 0132 PMO 017,RAM,132,132,17,,1,PMO,"Gordon, R P ",,ProvRAMGR,2006,,,,,,RAMGR,2011,,1998,,,,,1998,36242,,,,,,,,,,,MarkRAMPMO
RAM 0132 PMO 018,RAM,132,132,18,,1,PMO,"Hoare, K G ",,ProvRAMGR,2000,,,,,,RAMGR,2009,,1991,,,,,1991,33687,,,,,,,,,,,MarkRAMPMO
RAM 0132 PMO 019,RAM,132,132,19,,1,PMO,"Howard, D  ",,ProvRAMGR,2007,,,,,,,,,2000,,,,,2000,36977,,,,,,,,,,,MarkRAMPMO
RAM 0132 PMO 020,RAM,132,132,20,,1,PMO,"Matthews, S J ",,ProvRAMGR,2001,,,,,,RAMGR,2010,,1993,,,,,1993,34415,,,,,,,,,,,MarkRAMPMO
RAM 0132 PMO 021,RAM,132,132,21,,1,PMO,"Nixey, M T ",,,,,,,,,,,,2024,,,,,2024,45741,,,,,,,,,,,MarkRAMPMO
RAM 0132 PMO 022,RAM,132,132,22,,1,PMO,"Prax, G I ",,PDepProvGM,2008,,,,,,RAMGR,2001,,1989,,,,,1989,32959,,,,,,,,,,,MarkRAMPMO
RAM 0133 Inst 001,RAM,133,133,1,,,Inst,,,,,,,,,,,,,,,October 1st 2025,,,,,,,,,,,,,,,DBLodges
RAM 0133 Mem 001,RAM,133,133,1,,,Mem,"Laming, P M",1987,,,,,,,,,,,,,,70440,,,,,,,,,,,,,,MarkRAMHonMem
RAM 0133 Mem 002,RAM,133,133,2,,,Mem,"Knowles, H G",2001,,,,,,,,,,,,,,1056784,,,,,,,,,,,,,,MarkRAMHonMem
RAM 0133 Mem 003,RAM,133,133,3,,,Mem,"Smallman, A E",2003,ProvRAMGR,2017,,,,,,,,,,,,1026559,,,,,,,,,,,,,,MarkRAMHonMem
RAM 0133 Mem 004,RAM,133,133,4,,,Mem,"Why, T R",2009,,,,,,,,,,,,,,1064034,,,,2012,,,,,,,,,,MarkRAMHonMem
RAM 0133 Mem 005,RAM,133,133,5,,,Mem,"Pomeroy, V H",2009,,,,,,,,ProvGM,2023,,,,,96105,,,,2019,,,,,,,,,,MarkRAMHonMem
RAM 0133 Mem 006,RAM,133,133,6,,,Mem,"Harper, W B",2010,ProvRAMGR,2018,,,,,,,,,,,,1211828,,,,2023,,,,,,,,,,MarkRAMHonMem
RAM 0133 Mem 007,RAM,133,133,7,,,Mem,"Bond, T A",2012,ProvRAMGR,2023,,,,,,,,,,,,1236422,,,,,,,,,,,,,,MarkRAMHonMem
RAM 0133 Mem 008,RAM,133,133,8,,,Mem,"Baker, P J",2012,ProvRAMGR,2025,,,,,,,,,,,,1014735,,,,2025,,,,,,,,,,MarkRAMHonMem
RAM 0133 Mem 009,RAM,133,133,9,,,Mem,"Williams, T G",2012,ProvRAMGR,2021,Y,,,,,,,,,,,1049206,,,,2019,,,,,,,,,,MarkRAMHonMem
RAM 0133 Mem 010,RAM,133,133,10,,,Mem,"Carter, J C",2013,,,,,,,,,,,,,,1239990,,,,2025,,,,,,,,,,MarkRAMHonMem
RAM 0133 Mem 011,RAM,133,133,11,,,Mem,"Parkes, R W",2015,ProvGSec,2018,,,,,,RAMGR,2025,,,,,1039178,,,,2021,,,,,,,,,,MarkRAMHonMem
RAM 0133 Mem 012,RAM,133,133,12,,,Mem,"McHugh, R G",2015,,,,,,,,,,,,,,1229599,,,,2023,,,,,,,,,,MarkRAMHonMem
RAM 0133 Mem 013,RAM,133,133,13,,,Mem,"Barnes, T J",2017,,,,,,,,,,,,,,1013222,,,,,,,,,,,,,,MarkRAMHonMem
RAM 0133 Mem 014,RAM,133,133,14,,,Mem,"Tritton, B D",2018,,,,,,,,,,,,,,1040780,,,,2025,,,,,,,,,,MarkRAMHonMem
RAM 0133 Mem 015,RAM,133,133,15,,,Mem,"Brown, A J",2019,,,,,,,,,,,,,,1242211,,,,2021,,,,,,,,,,MarkRAMHonMem
RAM 0133 Mem 016,RAM,133,133,16,,,Mem,"Osment, C S",2019,,,,,,,,,,,,,,89949,,,,2023,,,,,,,,,,MarkRAMHonMem
RAM 0133 Mem 017,RAM,133,133,17,,,Mem,"Wormald, T R",2021,,,,,,,,,,,,,,1255862,,,,,,,,,,,,,,MarkRAMHonMem
RAM 0133 Mem 018,RAM,133,133,18,,,Mem,"Muir, P M",2022,,,,,,,,RAMGR,2012,,,,,160214,,,,,,,,,,,,,,MarkRAMHonMem
RAM 0133 Mem 019,RAM,133,133,19,,,Mem,"Sutcliffe, P M",2023,,,,,,,,RAMGR,1999,,,,,117669,,,,,,,,,,,,,,MarkRAMHonMem
RAM 0133 Mem 020,RAM,133,133,20,,,Mem,"Sanford, S M",2023,,,,,,,,,,,,,,1082402,,,,,,,,,,,,,,MarkRAMHonMem
RAM 0133 Mem 021,RAM,133,133,21,,,Mem,"Ward, D H",2024,,,,,,,,,,,,,,1250244,,,,2024,,,,,,,,,,MarkRAMHonMem
RAM 0133 Mem 022,RAM,133,133,22,,,Mem,"Newman, O S",2024,,,,,,,,,,,,,,1266655,,,,2025,,,,,,,,,,MarkRAMHonMem
RAM 0133 Mem 023,RAM,133,133,23,,,Mem,"Newman, J S",2024,,,,,,,,,,,,,,1263717,,,,2025,,,,,,,,,,MarkRAMHonMem
RAM 0133 Mem 024,RAM,133,133,24,,,Mem,"Cartwright, A J",2024,,,,,,,,,,,,,,1209599,,,,2025,,,,,,,,,,MarkRAMHonMem
RAM 0133 Mem 025,RAM,133,133,25,,,Mem,"Britten, G R",2024,,,,,,,,,,,,,,1264084,,,,2025,,,,,,,,,,MarkRAMHonMem
RAM 0133 Mem 026,RAM,133,133,26,,,Mem,"Prudames, I B",2024,,,,,,,,,,,,,,1232226,,,,2025,,,,,,,,,,MarkRAMHonMem
RAM 0133 Mem 027,RAM,133,133,27,,,Mem,"Haskins, K P",2025,,,,,,,,,,,,,,1268826,,,,,,,,,,,,,,MarkRAMHonMem
RAM 0133 Mem 028,RAM,133,133,28,,,Mem,"Tuck, K J",2025,,,,,,,,,,,,,,1235084,,,,2025,,,,,,,,,,MarkRAMHonMem
RAM 0133 Mem 029,RAM,133,133,29,,,Mem,"Ward, A J",2025,,,,,,,,,,,,,,1261463,,,,,,,,,,,,,,MarkRAMHonMem
RAM 0133 Mem 030,RAM,133,133,30,,,Mem,"Bowring, T J",2025,,,,,,,,,,,,,,1076578,,,,2025,,,,,,,,,,MarkRAMHonMem
RAM 0133 Mem 031,RAM,133,133,31,,,Mem,"Hicks, D J",2026,,,,,,,,,,,,,,1237912,,,,,,,,,,,,,,MarkRAMHonMem
RAM 0133 Mem 032,RAM,133,133,32,,,Mem,"Fagan, R",2026,,,,,,,,,,,,,,1261525,,,,,,,,,,,,,,MarkRAMHonMem
RAM 0133 Off 001,RAM,133,133,1,Cdr,1,Off,"Tritton, B D",,,,,,,,,,,,,,,1040780,,,,,,,,,,,,,,MarkRAMOff
RAM 0133 Off 002,RAM,133,133,2,SW,2,Off,"Carter, J C",,,,,,,,,,,,,,,1239990,,,,,,,,,,,,,,MarkRAMOff
RAM 0133 Off 003,RAM,133,133,3,JW,3,Off,"Newman, J S",,,,,,,,,,,,,,,1263717,,,,,,,,,,,,,,MarkRAMOff
RAM 0133 Off 004,RAM,133,133,4,Chap,4,Off,"McHugh, R G",,,,,,,,,,,,,,,1229599,,,,,,,,,,,,,,MarkRAMOff
RAM 0133 Off 005,RAM,133,133,5,Treas,5,Off,"Osment, C S",,,,,,,,,,,,,,,89949,,,,,,,,,,,,,,MarkRAMOff
RAM 0133 Off 006,RAM,133,133,6,Scrb,6,Off,"Why, T R",,,,,,,,,,,,,,,1064034,,,,,,,,,,,,,,MarkRAMOff
RAM 0133 Off 007,RAM,133,133,7,DC,7,Off,"Williams, T G",,,,,,,,,,,,,,,1049206,Y,,,,,,,,,,,,,MarkRAMOff
RAM 0133 Off 008,RAM,133,133,8,Alm,8,Off,"Pomeroy, V H",,,,,,,,,,,,,,,96105,,,,,,,,,,,,,,MarkRAMOff
RAM 0133 Off 009,RAM,133,133,9,ChStwd,9,Off,"Baker, P J",,,,,,,,,,,,,,,1014735,,,,,,,,,,,,,,MarkRAMOff
RAM 0133 Off 010,RAM,133,133,10,SD,10,Off,"Newman, O S",,,,,,,,,,,,,,,1266655,,,,,,,,,,,,,,MarkRAMOff
RAM 0133 Off 011,RAM,133,133,11,JD,11,Off,"Britten, G R",,,,,,,,,,,,,,,1264084,,,,,,,,,,,,,,MarkRAMOff
RAM 0133 Off 012,RAM,133,133,12,ADC,13,Off,"Parkes, R W",,,,,,,,,,,,,,,1039178,,,,,,,,,,,,,,MarkRAMOff
RAM 0133 Off 013,RAM,133,133,13,Gdn,15,Off,"Brown, A J",,,,,,,,,,,,,,,1242211,,,,,,,,,,,,,,MarkRAMOff
RAM 0133 Off 014,RAM,133,133,14,Stwd,16,Off,"Ward, D H",,,,,,,,,,,,,,,1250244,,,,,,,,,,,,,,MarkRAMOff
RAM 0133 Off 015,RAM,133,133,15,Stwd,16,Off,"Tuck, K J",,,,,,,,,,,,,,,1235084,,,,,,,,,,,,,,MarkRAMOff
RAM 0133 Off 016,RAM,133,133,16,Stwd,16,Off,"Prudames, I B",,,,,,,,,,,,,,,1232226,,,,,,,,,,,,,,MarkRAMOff
RAM 0133 Off 017,RAM,133,133,17,Stwd,16,Off,"Bowring, T J",,,,,,,,,,,,,,,1076578,,,,,,,,,,,,,,MarkRAMOff
RAM 0133 Off 018,RAM,133,133,18,Stwd,16,Off,"Cartwright, A J",,,,,,,,,,,,,,,1209599,,,,,,,,,,,,,,MarkRAMOff
RAM 0133 Off 019,RAM,133,133,19,Wdr,17,Off,"Harper, W B",,,,,,,,,,,,,,,1211828,,,,,,,,,,,,,,MarkRAMOff
RAM 0133 PMI 004,RAM,133,133,4,,,PMI,"Muir, P M                           ",2022,,,,,,,,RAMGR,2012,,1999,,,,,,,,1124,,,,,,,,,MarkRAMPMI
RAM 0133 PMI 005,RAM,133,133,5,,,PMI,"Sutcliffe, P M ",2023,RAMGR,1999,,,,,,,,,1990,,,,,,,,1411,,,,,,,,,MarkRAMPMI
RAM 0133 PMO 001,RAM,133,133,1,,1,PMO,"Barnes, T J ",,,,,,,,,,,,2022,,,,,2022,45203,,,,,,,,,,,MarkRAMPMO
RAM 0133 PMO 002,RAM,133,133,2,,1,PMO,"Baker, P J ",,ProvRAMGR,2025,,,,,,,,,2019,,,,,2019,44475,,,,,,,,,,,MarkRAMPMO
RAM 0133 PMO 003,RAM,133,133,3,,1,PMO,"Smallman, A E ",,ProvRAMGR,2017,,,,,,,,,2011,,,,,2011,41185,,,,,,,,,,,MarkRAMPMO
RAM 0133 PMO 004,RAM,133,133,4,,1,PMO,"Parkes, R W ",,ProvGSec,2018,,,,,,RAMGR,2025,,2018,,,,,2018,43740,,,,,,,,,,,MarkRAMPMO
RAM 0133 PMO 005,RAM,133,133,5,,1,PMO,"Tritton, B D ",,,,,,,,,,,,"2024, 2025",,,,,2024,45931,,,,,,,,,,,MarkRAMPMO
RAM 0133 PMO 006,RAM,133,133,6,,1,PMO,"MacDougall, D S ",,,,,,,,,,,,2005,,,,,2005,38994,,,,,,,,,,,MarkRAMPMO
RAM 0133 PMO 007,RAM,133,133,7,,1,PMO,"Williams, T G ",,ProvRAMGR,2021,,,,,,,,,2015,,,,,2015,42648,,,,,,,,,,,MarkRAMPMO
RAM 0133 PMO 008,RAM,133,133,8,,1,PMO,"Hatch, G T ",,ProvRAMGR,2013,,,,,,RAMGR,2017,,2009,,,,,2009,40457,,,,,,,,,,,MarkRAMPMO
RAM 0133 PMO 009,RAM,133,133,9,,1,PMO,"Paisley, R A ",,ProvRAMGR,2022,,,,,,,,,2016,,,,,2016,43012,,,,,,,,,,,MarkRAMPMO
RAM 0133 PMO 010,RAM,133,133,10,,1,PMO,"Harper, W B ",,ProvRAMGR,2018,,,,,,,,,2013,,,,,2013,41913,,,,,,,,,,,MarkRAMPMO
RAM 0133 PMO 011,RAM,133,133,11,,1,PMO,"Holland, S A ",,,,,,,,,,,,2014,,,,,2014,42284,,,,,,,,,,,MarkRAMPMO
RAM 0133 PMO 012,RAM,133,133,12,,1,PMO,"McHugh, R G ",,,,,,,,,,,,2021,,,,,2021,44839,,,,,,,,,,,MarkRAMPMO
RAM 0133 PMO 013,RAM,133,133,13,,1,PMO,"Bond, T A ",,ProvRAMGR,2023,,,,,,,,,2017,,,,,2017,43376,,,,,,,,,,,MarkRAMPMO
RAM 0133 PMO 014,RAM,133,133,14,,1,PMO,"Giddings, M W ",,ProvRAMGR,2005,,,,,,RAMGR,2012,,1998,,,,,1998,36439,,,,,,,,,,,MarkRAMPMO
RAM 0133 PMO 015,RAM,133,133,15,,1,PMO,"Griffin, G J A",,,,,,,,,,,,2007,,,,,2007,39722,,,,,,,,,,,MarkRAMPMO
RAM 0133 PMO 016,RAM,133,133,16,,1,PMO,"Guiver, L A C",,,,,,,,,,,,1992,,,,,1992,34248,,,,,,,,,,,MarkRAMPMO
RAM 0133 PMO 017,RAM,133,133,17,,1,PMO,"Harris, W J W",,,,,,,,,,,,1989,,,,,1989,33149,,,,,,,,,,,MarkRAMPMO
RAM 0133 PMO 018,RAM,133,133,18,,1,PMO,"Laming, P M ",,,,,,,,,,,,2023,,,,,2023,45567,,,,,,,,,,,MarkRAMPMO
RAM 0133 PMO 019,RAM,133,133,19,,1,PMO,"Pomeroy, V H ",,,,,,,,,ProvGM,2023,,2012,,,,,2012,41549,,,,,,,,,,,MarkRAMPMO
RAM 0690 Hon 001,RAM,690,690,1,,,Hon,"Dring, A",2005,ProvRAMGR,2000,,,,,,,,,,,,34497,,,,,,,,,,,,,,MarkRAMHonMem
RAM 0690 Hon 002,RAM,690,690,2,,,Hon,"Shaw, F J",2016,ProvRAMGR,1994,,,,,,PProvGM,2015,,,,,108782,,,,,,,,,,,,,,MarkRAMHonMem
RAM 0690 Hon 003,RAM,690,690,3,,,Hon,"Hambidge, G F",2016,PDepProvGM,2015,,,,,,RAMGR,2009,,,,,50736,,,,,,,,,,,,,,MarkRAMHonMem
RAM 0690 Inst 001,RAM,690,690,1,,,Inst,,,,,,,,,,,,,,,March 14th 2026,,,,,,,,,,,,,,,DBLodges
RAM 0690 Mem 001,RAM,690,690,1,,,Mem,"Dare, S J",1994,ProvRAMGR,2005,,,,,,RAMGR,2014,,,,,29778,,,,2018,,,,,,,,,,MarkRAMHonMem
RAM 0690 Mem 002,RAM,690,690,2,,,Mem,"Parkes, B E",1997,ProvRAMGR,2004,,,,,,RAMGR,2013,,,,,91507,,,,2026,,,,,,,,,,MarkRAMHonMem
RAM 0690 Mem 003,RAM,690,690,3,,,Mem,"Wolsey, A J",2005,ProvRAMGR,2015,,,,,,,,,,,,135390,,,,,,,,,,,,,,MarkRAMHonMem
RAM 0690 Mem 004,RAM,690,690,4,,,Mem,"Bellamy, J E",2006,,,,,,,,RAMGR,2012,,,,,9030,,,,2018,,,,,,,,,,MarkRAMHonMem
RAM 0690 Mem 005,RAM,690,690,5,,,Mem,"Rowe, J",2011,PDepProvGM,2017,,,,,,RAMGR,2015,,,,,104666,,,,2022,,,,,,,,,,MarkRAMHonMem
RAM 0690 Mem 006,RAM,690,690,6,,,Mem,"Bland, P J",2016,,,,,,,,,,,,,,1238506,,,,2024,,,,,,,,,,MarkRAMHonMem
RAM 0690 Mem 007,RAM,690,690,7,,,Mem,"Dorrington-Ward, S",2017,,,,,,,,,,,,,,1243535,,,,2026,,,,,,,,,,MarkRAMHonMem
RAM 0690 Mem 008,RAM,690,690,8,,,Mem,"Phillips, A S",2017,,,,,,,,,,,,,,1249513,,,,,,,,,,,,,,MarkRAMHonMem
RAM 0690 Mem 009,RAM,690,690,9,,,Mem,"Halford, J S",2019,,,,,,,,,,,,,,1218212,,,,2026,,,,,,,,,,MarkRAMHonMem
RAM 0690 Mem 010,RAM,690,690,10,,,Mem,"McGhee, D G",2019,,,,,,,,,,,,,,1211413,,,,,,,,,,,,,,MarkRAMHonMem
RAM 0690 Mem 011,RAM,690,690,11,,,Mem,"Sullivan, I R",2022,,,,,,,,,,,,,,1201984,,,,2026,,,,,,,,,,MarkRAMHonMem
RAM 0690 Mem 012,RAM,690,690,12,,,Mem,"Waldron, P",2022,,,,,,,,,,,,,,1028245,,,,2025,,,,,,,,,,MarkRAMHonMem
RAM 0690 Mem 013,RAM,690,690,13,,,Mem,"McReavie, C W",2023,,,,,,,,,,,,,,1260903,,,,2026,,,,,,,,,,MarkRAMHonMem
RAM 0690 Mem 014,RAM,690,690,14,,,Mem,"Brown, A F T",2023,,,,,,,,,,,,,,1066376,,,,2025,,,,,,,,,,MarkRAMHonMem
RAM 0690 Mem 015,RAM,690,690,15,,,Mem,"Bond, T A",2024,ProvRAMGR,2023,,,,,,,,,,,,1236422,,,,2025,,,,,,,,,,MarkRAMHonMem
RAM 0690 Off 001,RAM,690,690,1,Cdr,1,Off,"Dorrington-Ward, S",,,,,,,,,,,,,,,1243535,,,,,,,,,,,,,,MarkRAMOff
RAM 0690 Off 002,RAM,690,690,2,SW,2,Off,"Sullivan, I R",,,,,,,,,,,,,,,1201984,,,,,,,,,,,,,,MarkRAMOff
RAM 0690 Off 003,RAM,690,690,3,JW,3,Off,"Halford, J S",,,,,,,,,,,,,,,1218212,,,,,,,,,,,,,,MarkRAMOff
RAM 0690 Off 004,RAM,690,690,4,Chap,4,Off,"Rowe, J",,,,,,,,,,,,,,,104666,,,,,,,,,,,,,,MarkRAMOff
RAM 0690 Off 005,RAM,690,690,5,Treas,5,Off,"McReavie, C W",,,,,,,,,,,,,,,1260903,,,,,,,,,,,,,,MarkRAMOff
RAM 0690 Off 006,RAM,690,690,6,Scrb,6,Off,"Bland, P J",,,,,,,,,,,,,,,1238506,,,,,,,,,,,,,,MarkRAMOff
RAM 0690 Off 007,RAM,690,690,7,DC,7,Off,"Dare, S J",,,,,,,,,,,,,,,29778,,,,,,,,,,,,,,MarkRAMOff
RAM 0690 Off 008,RAM,690,690,8,ChStwd,9,Off,"Bellamy, J E",,,,,,,,,,,,,,,9030,,,,,,,,,,,,,,MarkRAMOff
RAM 0690 Off 009,RAM,690,690,9,SD,10,Off,"Waldron, P",,,,,,,,,,,,,,,1028245,,,,,,,,,,,,,,MarkRAMOff
RAM 0690 Off 010,RAM,690,690,10,JD,11,Off,"Parkes, B E",,,,,,,,,,,,,,,91507,,,,,,,,,,,,,,MarkRAMOff
RAM 0690 Off 011,RAM,690,690,11,Gdn,15,Off,"Bond, T A",,,,,,,,,,,,,,,1236422,,,,,,,,,,,,,,MarkRAMOff
RAM 0690 Off 012,RAM,690,690,12,Stwd,16,Off,"Brown, A F T",,,,,,,,,,,,,,,1066376,,,,,,,,,,,,,,MarkRAMOff
RAM 0690 PMI 001,RAM,690,690,1,,,PMI,"McGhee, D G ",2019,,,,,,,,,,,2018,,,,,,,,802,,,,,,,,,MarkRAMPMI
RAM 0690 PMI 002,RAM,690,690,2,,,PMI,"Waldron, P ",2022,ProvRAMGR,2015,,,,,,,,,2009,,,,,,,,97,,,,,,,,,MarkRAMPMI
RAM 0690 PMI 003,RAM,690,690,3,,,PMI,"Bond, T A ",2024,ProvRAMGR,2023,,,,,,,,,2017,,,,,,,,133,,,,,,,,,MarkRAMPMI
RAM 0690 PMO 001,RAM,690,690,1,,1,PMO,"Phillips, P V ",,,,,,,,,,,,1997,,,,,1997,35923,,,,,,,,,,,MarkRAMPMO
RAM 0690 PMO 002,RAM,690,690,2,,1,PMO,"Nailer, A J ",,,,,,,,,,,,2006,,,,,2006,39213,,,,,,,,,,,MarkRAMPMO
RAM 0690 PMO 003,RAM,690,690,3,,1,PMO,"Rowe, J  ",,PDepProvGM,2017,,,,,,RAMGR,2015,,"2015, 2016",,,,,2015,42503,,,,,,,,,,,MarkRAMPMO
RAM 0690 PMO 004,RAM,690,690,4,,1,PMO,"Bland, P J ",,,,,,,,,,,,2022,,,,,2022,45058,,,,,,,,,,,MarkRAMPMO
RAM 0690 PMO 005,RAM,690,690,5,,1,PMO,"Dorrington-Ward, S  ",,,,,,,,,,,,"2025, 2026",,,,,2025,46150,,,,,,,,,,,MarkRAMPMO
RAM 0690 PMO 006,RAM,690,690,6,,1,PMO,"Willcock, D J W",,ProvRAMGR,1997,,,,,,,,,1988,,,,,1988,32640,,,,,,,,,,,MarkRAMPMO
RAM 0690 PMO 007,RAM,690,690,7,,1,PMO,"Wolsey, A J ",,ProvRAMGR,2015,,,,,,,,,"2011, 2012, 2023",,,,,2011,41040,,,,,,,,,,,MarkRAMPMO
RAM 0690 PMO 008,RAM,690,690,8,,1,PMO,"Dare, S J ",,ProvRAMGR,2005,,,,,,RAMGR,2014,,"1998, 1999, 2004",,,,,1999,36658,,,,,,,,,,,MarkRAMPMO
RAM 0690 PMO 009,RAM,690,690,9,,1,PMO,"Jessup, T A S",,,,,,,,,,,,1992,,,,,1992,34096,,,,,,,,,,,MarkRAMPMO
RAM 0690 PMO 010,RAM,690,690,10,,1,PMO,"Le Cornu, P J ",,,,,,,,,,,,2003,,,,,2003,38135,,,,,,,,,,,MarkRAMPMO
RAM 0690 PMO 011,RAM,690,690,11,,1,PMO,"Bellamy, J E ",,,,,,,,,RAMGR,2012,,2010,,,,,2010,40676,,,,,,,,,,,MarkRAMPMO
RAM 0763 Hon 001,RAM,763,763,1,,,Hon,"Hambidge, G F",2016,PDepProvGM,2015,,,,,,RAMGR,2009,,,,,50736,,,,,,,,,,,,,,MarkRAMHonMem
RAM 0763 Inst 001,RAM,763,763,1,,,Inst,,,,,,,,,,,,,,,April 8th 2026,,,,,,,,,,,,,,,DBLodges
RAM 0763 Mem 001,RAM,763,763,1,,,Mem,"Bugler, R A L",2003,ProvRAMGR,2010,,,,,,RAMGR,2018,,,,,17188,,,,,,,,,,,,,,MarkRAMHonMem
RAM 0763 Mem 002,RAM,763,763,2,,,Mem,"Hatch, G T",2003,ProvRAMGR,2013,,,,,,RAMGR,2017,,,,,1079298,,,,,,,,,,,,,,MarkRAMHonMem
RAM 0763 Mem 003,RAM,763,763,3,,,Mem,"Bale, D W B",2003,,,,,,,,RAMGR,2010,,,,,5258,,,,,,,,,,,,,,MarkRAMHonMem
RAM 0763 Mem 004,RAM,763,763,4,,,Mem,"Giddings, M W",2003,ProvRAMGR,2005,,,,,,RAMGR,2012,,,,,44863,,,,2021,,,,,,,,,,MarkRAMHonMem
RAM 0763 Mem 005,RAM,763,763,5,,,Mem,"Cains, F A",2004,ProvRAMGR,2014,,,,,,RAMGR,2023,,,,,1058809,,,,2018,,,,,,,,,,MarkRAMHonMem
RAM 0763 Mem 006,RAM,763,763,6,,,Mem,"Auburn, R I",2007,ProvRAMGR,2020,,,,,,,,,,,,1219206,,,,2026,,,,,,,,,,MarkRAMHonMem
RAM 0763 Mem 007,RAM,763,763,7,,,Mem,"Burton, B G",2007,ProvRAMGR,2019,,,,,,,,,,,,1044986,,,,,,,,,,,,,,MarkRAMHonMem
RAM 0763 Mem 008,RAM,763,763,8,,,Mem,"Talbot, P B",2009,ProvRAMGR,2021,,,,,,,,,,,,1218855,,,,2023,,,,,,,,,,MarkRAMHonMem
RAM 0763 Mem 009,RAM,763,763,9,,,Mem,"Barnes, J D",2011,,,,,,,,,,,,,,1233701,,,,,,,,,,,,,,MarkRAMHonMem
RAM 0763 Mem 010,RAM,763,763,10,,,Mem,"Atfield, A J",2013,ProvRAMGR,2024,,,,,,,,,,,,1202520,,,,2023,,,,,,,,,,MarkRAMHonMem
RAM 0763 Mem 011,RAM,763,763,11,,,Mem,"Fidler, B K",2014,,,,,,,,,,,,,,1202521,,,,2024,,,,,,,,,,MarkRAMHonMem
RAM 0763 Mem 012,RAM,763,763,12,,,Mem,"Stevens, P J",2015,,,,,,,,,,,,,,1232237,,,,2025,,,,,,,,,,MarkRAMHonMem
RAM 0763 Mem 013,RAM,763,763,13,,,Mem,"Southam, R A E",2017,,,,,,,,,,,,,,1204844,,,,2026,,,,,,,,,,MarkRAMHonMem
RAM 0763 Mem 014,RAM,763,763,14,,,Mem,"Brownridge, R C",2018,,,,,,,,,,,,,,16646,,,,2025,,,,,,,,,,MarkRAMHonMem
RAM 0763 Mem 015,RAM,763,763,15,,,Mem,"Paul, A",2022,,,,,,,,,,,,,,1084135,,,,2026,,,,,,,,,,MarkRAMHonMem
RAM 0763 Mem 016,RAM,763,763,16,,,Mem,"Brown, P G",2023,,,,,,,,,,,,,,1259195,,,,2023,,,,,,,,,,MarkRAMHonMem
RAM 0763 Mem 017,RAM,763,763,17,,,Mem,"Slattery, G",2024,,,,,,,,,,,,,,1265975,,,,2025,,,,,,,,,,MarkRAMHonMem
RAM 0763 Mem 018,RAM,763,763,18,,,Mem,"Palmer, A R",2025,,,,,,,,,,,,,,1250118,,,,,,,,,,,,,,MarkRAMHonMem
RAM 0763 Off 001,RAM,763,763,1,Cdr,1,Off,"Southam, R A E",,,,,,,,,,,,,,,1204844,,,,,,,,,,,,,,MarkRAMOff
RAM 0763 Off 002,RAM,763,763,2,SW,2,Off,"Paul, A",,,,,,,,,,,,,,,1084135,,,,,,,,,,,,,,MarkRAMOff
RAM 0763 Off 003,RAM,763,763,3,JW,3,Off,"Auburn, R I",,,,,,,,,,,,,,,1219206,,,,,,,,,,,,,,MarkRAMOff
RAM 0763 Off 004,RAM,763,763,4,Chap,4,Off,"Giddings, M W",,,,,,,,,,,,,,,44863,,,,,,,,,,,,,,MarkRAMOff
RAM 0763 Off 005,RAM,763,763,5,Treas,5,Off,"Talbot, P B",,,,,,,,,,,,,,,1218855,,,,,,,,,,,,,,MarkRAMOff
RAM 0763 Off 006,RAM,763,763,6,Scrb,6,Off,"Fidler, B K",,,,,,,,,,,,,,,1202521,,,,,,,,,,,,,,MarkRAMOff
RAM 0763 Off 007,RAM,763,763,7,Alm,8,Off,"Atfield, A J",,,,,,,,,,,,,,,1202520,,,,,,,,,,,,,,MarkRAMOff
RAM 0763 Off 008,RAM,763,763,8,ChStwd,9,Off,"Brownridge, R C",,,,,,,,,,,,,,,16646,,,,,,,,,,,,,,MarkRAMOff
RAM 0763 Off 009,RAM,763,763,9,SD,10,Off,"Slattery, G",,,,,,,,,,,,,,,1265975,,,,,,,,,,,,,,MarkRAMOff
RAM 0763 Off 010,RAM,763,763,10,JD,11,Off,"Brown, P G",,,,,,,,,,,,,,,1259195,,,,,,,,,,,,,,MarkRAMOff
RAM 0763 Off 011,RAM,763,763,11,ADC,13,Off,"Stevens, P J",,,,,,,,,,,,,,,1232237,,,,,,,,,,,,,,MarkRAMOff
RAM 0763 Off 012,RAM,763,763,12,Gdn,15,Off,"Cains, F A",,,,,,,,,,,,,,,1058809,,,,,,,,,,,,,,MarkRAMOff
RAM 0763 PMI 001,RAM,763,763,1,,,PMI,"Thomas, B R            ɫ",1977,PAGStB,2009,,,,,,,,,1995,,,,,,,,1038,,,,,,,,,MarkRAMPMI
RAM 0763 PMI 002,RAM,763,763,2,,,PMI,"Brownridge, R C     j",2014,PProvGJW,2022,,,,,,,,,2006,,,,,,,,1163,,,,,,,,,MarkRAMPMI
RAM 0763 PMO 001,RAM,763,763,1,,1,PMO,"Burton, B G ",,ProvRAMGR,2019,,,,,,,,,2013,,,,,2013,41738,,,,,,,,,,,MarkRAMPMO
RAM 0763 PMO 002,RAM,763,763,2,,1,PMO,"Cains, F A ",,ProvRAMGR,2014,,,,,,RAMGR,2023,,2010,,,,,2010,40646,,,,,,,,,,,MarkRAMPMO
RAM 0763 PMO 003,RAM,763,763,3,,1,PMO,"Morris, R A ",,,,,,,,,,,,2011,,,,,2011,41010,,,,,,,,,,,MarkRAMPMO
RAM 0763 PMO 004,RAM,763,763,4,,1,PMO,"Hatch, G T ",,ProvRAMGR,2013,,,,,,RAMGR,2017,,2009,,,,,2009,40282,,,,,,,,,,,MarkRAMPMO
RAM 0763 PMO 005,RAM,763,763,5,,1,PMO,"Atfield, A J ",,ProvRAMGR,2024,,,,,,,,,2019,,,,,2019,44447,,,,,,,,,,,MarkRAMPMO
RAM 0763 PMO 006,RAM,763,763,6,,1,PMO,"Fidler, B K ",,,,,,,,,,,,"2021, 2022",,,,,2021,44664,,,,,,,,,,,MarkRAMPMO
RAM 0763 PMO 007,RAM,763,763,7,,1,PMO,"Southam, R A E",,,,,,,,,,,,"2025, 2026",,,,,2025,46120,,,,,,,,,,,MarkRAMPMO
RAM 0763 PMO 008,RAM,763,763,8,,1,PMO,"Talbot, P B ",,ProvRAMGR,2021,,,,,,,,,2015,,,,,2015,42473,,,,,,,,,,,MarkRAMPMO
RAM 0763 PMO 009,RAM,763,763,9,,1,PMO,"Auburn, R I ",,ProvRAMGR,2020,,,,,,,,,2014,,,,,2014,42102,,,,,,,,,,,MarkRAMPMO
RAM 0763 PMO 010,RAM,763,763,10,,1,PMO,"Stevens, P J ",,,,,,,,,,,,2023,,,,,2023,45392,,,,,,,,,,,MarkRAMPMO
RAM 0763 PMO 011,RAM,763,763,11,,1,PMO,"Barnes, J D ",,,,,,,,,,,,2017,,,,,2017,43201,,,,,,,,,,,MarkRAMPMO
RAM 0763 PMO 012,RAM,763,763,12,,1,PMO,"Brownridge, R C ",,,,,,,,,,,,2024,,,,,2024,45756,,,,,,,,,,,MarkRAMPMO
RAM 0763 PMO 013,RAM,763,763,13,,1,PMO,"Bugler, R A L",,ProvRAMGR,2010,,,,,,RAMGR,2018,,2008,,,,,2008,39911,,,,,,,,,,,MarkRAMPMO
RAM 0763 PMO 014,RAM,763,763,14,,1,PMO,"Giddings, M W ",,ProvRAMGR,2005,,,,,,RAMGR,2012,,2004,,,,,2004,38455,,,,,,,,,,,MarkRAMPMO
RAM 0763 PMO 015,RAM,763,763,15,,1,PMO,"Griffin, G J A",,,,,,,,,,,,2006,,,,,2006,39183,,,,,,,,,,,MarkRAMPMO
RAM 0763 PMO 016,RAM,763,763,16,,1,PMO,"Bale, D W B",,,,,,,,,RAMGR,2010,,2003,,,,,2003,38084,,,,,,,,,,,MarkRAMPMO
RAM 0763 PMO 017,RAM,763,763,17,,1,PMO,"Matthews, R E V",,,,,,,,,,,,2018,,,,,2018,43565,,,,,,,,,,,MarkRAMPMO
RAM 1095 Hon 001,RAM,1095,1095,1,,,Hon,"Cole, D W",1990,,,,,,,,,,,,,,24209,,,,,,,,,,,,,,MarkRAMHonMem
RAM 1095 Hon 002,RAM,1095,1095,2,,,Hon,"Midgley, J",1994,,,,,,,,,,,,,,82005,,,,,,,,,,,,,,MarkRAMHonMem
RAM 1095 Hon 003,RAM,1095,1095,3,,,Hon,"Pike, M J",2024,ProvRAMGR,1996,,,,,,RAMGR,2008,,,,,95213,,,,,,,,,,,,,,MarkRAMHonMem
RAM 1095 Inst 001,RAM,1095,1095,1,,,Inst,,,,,,,,,,,,,,,October 17th 2025,,,,,,,,,,,,,,,DBLodges
RAM 1095 Mem 001,RAM,1095,1095,1,,,Mem,"Bugler, R A L",2000,ProvRAMGR,2010,,,,,,RAMGR,2018,,,,,17188,,,,2019,,,,,,,,,,MarkRAMHonMem
RAM 1095 Mem 002,RAM,1095,1095,2,,,Mem,"Mayo, R J",2004,ProvRAMGR,2016,,,,,,,,,,,,1023548,,,,2024,,,,,,,,,,MarkRAMHonMem
RAM 1095 Mem 003,RAM,1095,1095,3,,,Mem,"House, N M D",2008,ProvRAMGR,2018,,,,,,,,,,,,1211743,,,,2024,,,,,,,,,,MarkRAMHonMem
RAM 1095 Mem 004,RAM,1095,1095,4,,,Mem,"Witt, G A",2013,,,,,,,,,,,,,,142357,,,,2023,,,,,,,,,,MarkRAMHonMem
RAM 1095 Mem 005,RAM,1095,1095,5,,,Mem,"Waters, N F",2013,ProvRAMGR,2022,,,,,,,,,,,,128651,,,,,,,,,,,,,,MarkRAMHonMem
RAM 1095 Mem 006,RAM,1095,1095,6,,,Mem,"Falconer, W A",2015,ProvRAMGR,2023,,,,,,,,,,,,38764,,,,2024,,,,,,,,,,MarkRAMHonMem
RAM 1095 Mem 007,RAM,1095,1095,7,,,Mem,"Baker, M W",2017,,,,,,,,,,,,,,1218295,,,,2025,,,,,,,,,,MarkRAMHonMem
RAM 1095 Mem 008,RAM,1095,1095,8,,,Mem,"Bond, P R G",2017,,,,,,,,,,,,,,1228320,,,,,,,,,,,,,,MarkRAMHonMem
RAM 1095 Mem 009,RAM,1095,1095,9,,,Mem,"Aston, E W J",2019,,,,,,,,,,,,,,1230320,,,,2024,,,,,,,,,,MarkRAMHonMem
RAM 1095 Mem 010,RAM,1095,1095,10,,,Mem,"Sandall, D L",2022,ProvGSec,2025,,,,,,,,,,,,1233957,,,,2025,,,,,,,,,,MarkRAMHonMem
RAM 1095 Mem 011,RAM,1095,1095,11,,,Mem,"Bugler, C J",2023,,,,,,,,,,,,,,1220844,,,,,,,,,,,,,,MarkRAMHonMem
RAM 1095 Mem 012,RAM,1095,1095,12,,,Mem,"Sandall, C B",2023,,,,,,,,,,,,,,1257200,,,,2025,,,,,,,,,,MarkRAMHonMem
RAM 1095 Mem 013,RAM,1095,1095,13,,,Mem,"Latham, K F",2024,,,,,,,,,,,,,,1265648,,,,2025,,,,,,,,,,MarkRAMHonMem
RAM 1095 Mem 014,RAM,1095,1095,14,,,Mem,"Buckingham, P A",2024,,,,,,,,,,,,,,1265489,,,,,,,,,,,,,,MarkRAMHonMem
RAM 1095 Mem 015,RAM,1095,1095,15,,,Mem,"Chambers, A P M",2025,,,,,,,,,,,,,,1247447,,,,2025,,,,,,,,,,MarkRAMHonMem
RAM 1095 Mem 016,RAM,1095,1095,16,,,Mem,"Bunter, G T",2025,,,,,,,,,,,,,,1232600,,,,,,,,,,,,,,MarkRAMHonMem
RAM 1095 Mem 017,RAM,1095,1095,17,,,Mem,"Light, F J",2025,,,,,,,,,,,,,,1257176,,,,2025,,,,,,,,,,MarkRAMHonMem
RAM 1095 Mem 018,RAM,1095,1095,18,,,Mem,"Kerby, A B",2025,,,,,,,,,,,,,,1266573,,,,,,,,,,,,,,MarkRAMHonMem
RAM 1095 Mem 019,RAM,1095,1095,19,,,Mem,"Samways, C B",2026,,,,,,,,,,,,,,1247974,,,,,,,,,,,,,,MarkRAMHonMem
RAM 1095 Off 001,RAM,1095,1095,1,Cdr,1,Off,"Sandall, C B",,,,,,,,,,,,,,,1257200,,,,,,,,,,,,,,MarkRAMOff
RAM 1095 Off 002,RAM,1095,1095,2,SW,2,Off,"Sandall, D L",,,,,,,,,,,,,,,1233957,,,,,,,,,,,,,,MarkRAMOff
RAM 1095 Off 003,RAM,1095,1095,3,JW,3,Off,"Baker, M W",,,,,,,,,,,,,,,1218295,,,,,,,,,,,,,,MarkRAMOff
RAM 1095 Off 004,RAM,1095,1095,4,Treas,5,Off,"House, N M D",,,,,,,,,,,,,,,1211743,,,,,,,,,,,,,,MarkRAMOff
RAM 1095 Off 005,RAM,1095,1095,5,Scrb,6,Off,"Mayo, R J",,,,,,,,,,,,,,,1023548,,,,,,,,,,,,,,MarkRAMOff
RAM 1095 Off 006,RAM,1095,1095,6,DC,7,Off,"Aston, E W J",,,,,,,,,,,,,,,1230320,,,,,,,,,,,,,,MarkRAMOff
RAM 1095 Off 007,RAM,1095,1095,7,ChStwd,9,Off,"Bugler, R A L",,,,,,,,,,,,,,,17188,,,,,,,,,,,,,,MarkRAMOff
RAM 1095 Off 008,RAM,1095,1095,8,SD,10,Off,"Latham, K F",,,,,,,,,,,,,,,1265648,,,,,,,,,,,,,,MarkRAMOff
RAM 1095 Off 009,RAM,1095,1095,9,JD,11,Off,"Light, F J",,,,,,,,,,,,,,,1257176,,,,,,,,,,,,,,MarkRAMOff
RAM 1095 Off 010,RAM,1095,1095,10,ADC,13,Off,"Witt, G A",,,,,,,,,,,,,,,142357,,,,,,,,,,,,,,MarkRAMOff
RAM 1095 Off 011,RAM,1095,1095,11,Gdn,15,Off,"Chambers, A P M",,,,,,,,,,,,,,,1247447,,,,,,,,,,,,,,MarkRAMOff
RAM 1095 Off 012,RAM,1095,1095,12,Wdr,17,Off,"Falconer, W A",,,,,,,,,,,,,,,38764,,,,,,,,,,,,,,MarkRAMOff
RAM 1095 PMO 001,RAM,1095,1095,1,,1,PMO,"Eaton, D F ",,DepProvGM,2023,,,,,,RAMGR,2023,,2008,,,,,2008,40102,,,,,,,,,,,MarkRAMPMO
RAM 1095 PMO 002,RAM,1095,1095,2,,1,PMO,"Mayo, R J ",,ProvRAMGR,2016,,,,,,,,,2010,,,,,2010,40837,,,,,,,,,,,MarkRAMPMO
RAM 1095 PMO 003,RAM,1095,1095,3,,1,PMO,"Kusminoff, E  ",,ProvRAMGR,2012,,,,,,RAMGR,2022,,2007,,,,,2007,39738,,,,,,,,,,,MarkRAMPMO
RAM 1095 PMO 004,RAM,1095,1095,4,,1,PMO,"Warwick, M H ",,,,,,,,,,,,2006,,,,,2006,39374,,,,,,,,,,,MarkRAMPMO
RAM 1095 PMO 005,RAM,1095,1095,5,,1,PMO,"House, N M D",,ProvRAMGR,2018,,,,,,,,,2013,,,,,2013,41929,,,,,,,,,,,MarkRAMPMO
RAM 1095 PMO 006,RAM,1095,1095,6,,1,PMO,"Bugler, C J ",,,,,,,,,,,,2024,,,,,2024,45947,,,,,,,,,,,MarkRAMPMO
RAM 1095 PMO 007,RAM,1095,1095,7,,1,PMO,"Bond, P R G",,,,,,,,,,,,2023,,,,,2023,45583,,,,,,,,,,,MarkRAMPMO
RAM 1095 PMO 008,RAM,1095,1095,8,,1,PMO,"Aston, E W J",,,,,,,,,,,,2022,,,,,2022,45219,,,,,,,,,,,MarkRAMPMO
RAM 1095 PMO 009,RAM,1095,1095,9,,1,PMO,"Sandall, C B ",,,,,,,,,,,,2025,,,,,2025,,,,,,,,,,,,MarkRAMPMO
RAM 1095 PMO 010,RAM,1095,1095,10,,1,PMO,"Waters, N F ",,ProvRAMGR,2022,,,,,,,,,"2017, 2018",,,,,2017,43392,,,,,,,,,,,MarkRAMPMO
RAM 1095 PMO 011,RAM,1095,1095,11,,1,PMO,"Bugler, R A L",,ProvRAMGR,2010,,,,,,RAMGR,2018,,2012,,,,,2012,41565,,,,,,,,,,,MarkRAMPMO
RAM 1095 PMO 012,RAM,1095,1095,12,,1,PMO,"Falconer, W A ",,ProvRAMGR,2023,,,,,,,,,"2019, 2021",,,,,2019,44484,,,,,,,,,,,MarkRAMPMO
RAM 1095 PMO 013,RAM,1095,1095,13,,1,PMO,"Hambidge, G F ",,PDepProvGM,2015,,,,,,RAMGR,2009,,1999,,,,,1999,36826,,,,,,,,,,,MarkRAMPMO
RAM 1477 Hon 001,RAM,1477,1477,1,,,Hon,"Webster, H",1994,,,,,,,,,,,,,,129805,,,,,,,,,,,,,,MarkRAMHonMem
RAM 1477 Hon 002,RAM,1477,1477,2,,,Hon,"Bristow, G W",2013,ProvRAMGR,1996,,,,,,,,,,,,15117,,,,,,,,,,,,,,MarkRAMHonMem
RAM 1477 Hon 003,RAM,1477,1477,3,,,Hon,"Hoare, K G",2019,ProvRAMGR,2000,,,,,,RAMGR,2009,,,,,56761,,,,,,,,,,,,,,MarkRAMHonMem
RAM 1477 Inst 001,RAM,1477,1477,1,,,Inst,,,,,,,,,,,,,,,February 26th 2026,,,,,,,,,,,,,,,DBLodges
RAM 1477 Mem 001,RAM,1477,1477,1,,,Mem,"Brookes, L T",1982,ProvRAMGR,2005,,,,,,,,,,,,154222,,,,,,,,,,,,,,MarkRAMHonMem
RAM 1477 Mem 002,RAM,1477,1477,2,,,Mem,"Sharpe, M J",1995,ProvRAMGR,2009,,,,,,,,,,,,1037184,,,,,,,,,,,,,,MarkRAMHonMem
RAM 1477 Mem 003,RAM,1477,1477,3,,,Mem,"Carter, R B H",1999,ProvRAMGR,2013,,,,,,,,,,,,20133,,,,,,,,,,,,,,MarkRAMHonMem
RAM 1477 Mem 004,RAM,1477,1477,4,,,Mem,"Watton, G",2002,ProvRAMGR,2016,,,,,,,,,,,,1070895,,,,2026,,,,,,,,,,MarkRAMHonMem
RAM 1477 Mem 005,RAM,1477,1477,5,,,Mem,"Harris, S R",2004,ProvRAMGR,2017,,,,,,,,,,,,1077623,,,,2016,,,,,,,,,,MarkRAMHonMem
RAM 1477 Mem 006,RAM,1477,1477,6,,,Mem,"Worne, M E",2006,ProvRAMGR,2022,,,,,,,,,,,,1026678,,,,,,,,,,,,,,MarkRAMHonMem
RAM 1477 Mem 007,RAM,1477,1477,7,,,Mem,"Probert, P F",2006,,,,,,,,RAMGR,2012,,,,,1009318,,,,,,,,,,,,,,MarkRAMHonMem
RAM 1477 Mem 008,RAM,1477,1477,8,,,Mem,"Ballard, C T",2007,ProvRAMGR,2019,,,,,,,,,,,,1220429,,,,2018,,,,,,,,,,MarkRAMHonMem
RAM 1477 Mem 009,RAM,1477,1477,9,,,Mem,"Bridge, G N",2009,,,,,,,,,,,,,,1210247,,,,2025,,,,,,,,,,MarkRAMHonMem
RAM 1477 Mem 010,RAM,1477,1477,10,,,Mem,"Watton, W G",2011,,,,,,,,,,,,,,1052461,,,,2026,,,,,,,,,,MarkRAMHonMem
RAM 1477 Mem 011,RAM,1477,1477,11,,,Mem,"Read, J W",2014,ProvRAMGR,2025,,,,,,,,,,,,1206955,,,,2026,,,,,,,,,,MarkRAMHonMem
RAM 1477 Mem 012,RAM,1477,1477,12,,,Mem,"Case, T D",2014,ProvRAMGR,2024,,,,,,,,,,,,1009548,,,,2023,,,,,,,,,,MarkRAMHonMem
RAM 1477 Mem 013,RAM,1477,1477,13,,,Mem,"Read, P M",2015,,,,,,,,,,,,,,1028492,,,,2026,,,,,,,,,,MarkRAMHonMem
RAM 1477 Mem 014,RAM,1477,1477,14,,,Mem,"Harrison, J D",2019,,,,,,,,,,,,,,1061836,,,,2026,,,,,,,,,,MarkRAMHonMem
RAM 1477 Mem 015,RAM,1477,1477,15,,,Mem,"Meade, P J D",2022,,,,,,,,,,,,,,1239116,,,,,,,,,,,,,,MarkRAMHonMem
RAM 1477 Mem 016,RAM,1477,1477,16,,,Mem,"Davis, M D",2022,,,,,,,,,,,,,,1221172,,,,2026,,,,,,,,,,MarkRAMHonMem
RAM 1477 Mem 017,RAM,1477,1477,17,,,Mem,"Byrne, C P",2022,,,,,,,,,,,,,,1233599,,,,2023,,,,,,,,,,MarkRAMHonMem
RAM 1477 Mem 018,RAM,1477,1477,18,,,Mem,"Taylor, J C",2023,,,,,,,,,,,,,,1260483,,,,2026,,,,,,,,,,MarkRAMHonMem
RAM 1477 Mem 019,RAM,1477,1477,19,,,Mem,"Bugler, C J",2023,,,,,,,,,,,,,,1220844,,,,,,,,,,,,,,MarkRAMHonMem
RAM 1477 Mem 020,RAM,1477,1477,20,,,Mem,"Fanner, K W J",2024,,,,,,,,,,,,,,1265392,,,,,,,,,,,,,,MarkRAMHonMem
RAM 1477 Mem 021,RAM,1477,1477,21,,,Mem,"Paul, A",2025,,,,,,,,,,,,,,1084135,,,,2026,,,,,,,,,,MarkRAMHonMem
RAM 1477 Mem 022,RAM,1477,1477,22,,,Mem,"Kusminoff, E",2025,ProvRAMGR,2012,,,,,,RAMGR,2022,,,,,1045171,,,,,,,,,,,,,,MarkRAMHonMem
RAM 1477 Off 001,RAM,1477,1477,1,Cdr,1,Off,"Watton, W G",,,,,,,,,,,,,,,1052461,,,,,,,,,,,,,,MarkRAMOff
RAM 1477 Off 002,RAM,1477,1477,2,SW,2,Off,"Harrison, J D",,,,,,,,,,,,,,,1061836,,,,,,,,,,,,,,MarkRAMOff
RAM 1477 Off 003,RAM,1477,1477,3,JW,3,Off,"Davis, M D",,,,,,,,,,,,,,,1221172,,,,,,,,,,,,,,MarkRAMOff
RAM 1477 Off 004,RAM,1477,1477,4,Chap,4,Off,"Case, T D",,,,,,,,,,,,,,,1009548,,,,,,,,,,,,,,MarkRAMOff
RAM 1477 Off 005,RAM,1477,1477,5,Treas,5,Off,"Ballard, C T",,,,,,,,,,,,,,,1220429,,,,,,,,,,,,,,MarkRAMOff
RAM 1477 Off 006,RAM,1477,1477,6,Scrb,6,Off,"Harris, S R",,,,,,,,,,,,,,,1077623,,,,,,,,,,,,,,MarkRAMOff
RAM 1477 Off 007,RAM,1477,1477,7,DC,7,Off,"Read, J W",,,,,,,,,,,,,,,1206955,,,,,,,,,,,,,,MarkRAMOff
RAM 1477 Off 008,RAM,1477,1477,8,Alm,8,Off,"Bridge, G N",,,,,,,,,,,,,,,1210247,,,,,,,,,,,,,,MarkRAMOff
RAM 1477 Off 009,RAM,1477,1477,9,ChStwd,9,Off,"Byrne, C P",,,,,,,,,,,,,,,1233599,,,,,,,,,,,,,,MarkRAMOff
RAM 1477 Off 010,RAM,1477,1477,10,SD,10,Off,"Taylor, J C",,,,,,,,,,,,,,,1260483,,,,,,,,,,,,,,MarkRAMOff
RAM 1477 Off 011,RAM,1477,1477,11,ADC,13,Off,"Watton, G",,,,,,,,,,,,,,,1070895,,,,,,,,,,,,,,MarkRAMOff
RAM 1477 Off 012,RAM,1477,1477,12,Gdn,15,Off,"Read, P M",,,,,,,,,,,,,,,1028492,,,,,,,,,,,,,,MarkRAMOff
RAM 1477 Off 013,RAM,1477,1477,13,Wdr,17,Off,"Paul, A",,,,,,,,,,,,,,,1084135,,,,,,,,,,,,,,MarkRAMOff
RAM 1477 PMI 001,RAM,1477,1477,1,,,PMI,"Probert, P F                     ",2006,RAMGR,2012,,,,,,,,,2004,,,,,,,,224,,,,,,,,,MarkRAMPMI
RAM 1477 PMO 001,RAM,1477,1477,1,,1,PMO,"Case, T D ",,ProvRAMGR,2024,,,,,,,,,2019,,,,,2019,43888,,,,,,,,,,,MarkRAMPMO
RAM 1477 PMO 002,RAM,1477,1477,2,,1,PMO,"Batchelor, R C W",,,,,,,,,,,,2013,,,,,2013,41697,,,,,,,,,,,MarkRAMPMO
RAM 1477 PMO 003,RAM,1477,1477,3,,1,PMO,"Worne, M E ",,ProvRAMGR,2022,,,,,,,,,2016,,,,,2016,42789,,,,,,,,,,,MarkRAMPMO
RAM 1477 PMO 004,RAM,1477,1477,4,,1,PMO,"Read, P M ",,,,,,,,,,,,2024,,,,,2024,45715,,,,,,,,,,,MarkRAMPMO
RAM 1477 PMO 005,RAM,1477,1477,5,,1,PMO,"Sharpe, M J ",,ProvRAMGR,2009,,,,,,,,,2003,,,,,2003,38043,,,,,,,,,,,MarkRAMPMO
RAM 1477 PMO 006,RAM,1477,1477,6,,1,PMO,"Winslade, M D ",,,,,,,,,,,,2010,,,,,2010,40598,,,,,,,,,,,MarkRAMPMO
RAM 1477 PMO 007,RAM,1477,1477,7,,1,PMO,"Watton, W G ",,,,,,,,,,,,2026,,,,,2026,,,,,,,,,,,,MarkRAMPMO
RAM 1477 PMO 008,RAM,1477,1477,8,,1,PMO,"Watton, G  ",,ProvRAMGR,2016,,,,,,,,,2011,,,,,2011,40962,,,,,,,,,,,MarkRAMPMO
RAM 1477 PMO 009,RAM,1477,1477,9,,1,PMO,"Harris, S R ",,ProvRAMGR,2017,,,,,,,,,2012,,,,,2012,41333,,,,,,,,,,,MarkRAMPMO
RAM 1477 PMO 010,RAM,1477,1477,10,,1,PMO,"Wakeford, A E ",,,,,,,,,,,,2018,,,,,2018,43524,,,,,,,,,,,MarkRAMPMO
RAM 1477 PMO 011,RAM,1477,1477,11,,1,PMO,"Orton, K A ",,,,,,,,,,,,2015,,,,,2015,42425,,,,,,,,,,,MarkRAMPMO
RAM 1477 PMO 012,RAM,1477,1477,12,,1,PMO,"Read, J W ",,ProvRAMGR,2025,,,,,,,,,"2021, 2022, 2023",,,,,2021,44616,,,,,,,,,,,MarkRAMPMO
RAM 1477 PMO 013,RAM,1477,1477,13,,1,PMO,"Ballard, C T ",,ProvRAMGR,2019,,,,,,,,,2014,,,,,2014,42061,,,,,,,,,,,MarkRAMPMO
RAM 1477 PMO 014,RAM,1477,1477,14,,1,PMO,"Bugler, C J ",,,,,,,,,,,,2025,,,,,2025,46079,,,,,,,,,,,MarkRAMPMO
RAM 1477 PMO 015,RAM,1477,1477,15,,1,PMO,"Brookes, L T ",,ProvRAMGR,2005,,,,,,,,,1997,,,,,1997,35852,,,,,,,,,,,MarkRAMPMO
RAM 1477 PMO 016,RAM,1477,1477,16,,1,PMO,"Burns, D G ",,,,,,,,,,,,2006,,,,,2006,39135,,,,,,,,,,,MarkRAMPMO
RAM 1477 PMO 017,RAM,1477,1477,17,,1,PMO,"Carter, R B H",,ProvRAMGR,2013,,,,,,,,,2009,,,,,2009,40234,,,,,,,,,,,MarkRAMPMO
RAM 1572 Inst 001,RAM,1572,1572,1,,,Inst,,,,,,,,,,,,,,,April 18th 2026,,,,,,,,,,,,,,,DBLodges
RAM 1572 Mem 001,RAM,1572,1572,1,,,Mem,"Shaw, F J",1991,ProvRAMGR,1994,,,,,,PProvGM,2015,,,,,108782,,,,,,,,,,,,,,MarkRAMHonMem
RAM 1572 Mem 002,RAM,1572,1572,2,,,Mem,"Gordon, R P",1998,ProvRAMGR,2006,,,,,,RAMGR,2011,,,,,46597,,,,,,,,,,,,,,MarkRAMHonMem
RAM 1572 Mem 003,RAM,1572,1572,3,,,Mem,"Willcock, D J W",1998,ProvRAMGR,1997,,,,,,,,,,,,132798,,,,,,,,,,,,,,MarkRAMHonMem
RAM 1572 Mem 004,RAM,1572,1572,4,,,Mem,"Giddings, M W",1999,ProvRAMGR,2005,,,,,,RAMGR,2012,,,,,44863,,,,,,,,,,,,,,MarkRAMHonMem
RAM 1572 Mem 005,RAM,1572,1572,5,,,Mem,"Dare, S J",2000,ProvRAMGR,2005,,,,,,RAMGR,2014,,,,,29778,,,,2018,,,,,,,,,,MarkRAMHonMem
RAM 1572 Mem 006,RAM,1572,1572,6,,,Mem,"Parkes, B E",2000,ProvRAMGR,2004,,,,,,RAMGR,2013,,,,,91507,,,,,,,,,,,,,,MarkRAMHonMem
RAM 1572 Mem 007,RAM,1572,1572,7,,,Mem,"Burt, D B F",2005,ProvRAMGR,2010,,,,,,RAMGR,2021,,,,,18138,,,,,,,,,,,,,,MarkRAMHonMem
RAM 1572 Mem 008,RAM,1572,1572,8,,,Mem,"Bugler, R A L",2007,ProvRAMGR,2010,,,,,,RAMGR,2018,,,,,17188,,,,2023,,,,,,,,,,MarkRAMHonMem
RAM 1572 Mem 009,RAM,1572,1572,9,,,Mem,"Bellamy, J E",2010,,,,,,,,RAMGR,2012,,,,,9030,,,,,,,,,,,,,,MarkRAMHonMem
RAM 1572 Mem 010,RAM,1572,1572,10,,,Mem,"Burt, M R",2011,ProvRAMGR,2015,,,,,,RAMGR,2024,,,,,1062967,,,,2026,,,,,,,,,,MarkRAMHonMem
RAM 1572 Mem 011,RAM,1572,1572,11,,,Mem,"Cains, F A",2013,ProvRAMGR,2014,,,,,,RAMGR,2023,,,,,1058809,,,,,,,,,,,,,,MarkRAMHonMem
RAM 1572 Mem 012,RAM,1572,1572,12,,,Mem,"Russell, F",2013,ProvRAMGR,2018,,,,,,,,,,,,1084597,,,,,,,,,,,,,,MarkRAMHonMem
RAM 1572 Mem 013,RAM,1572,1572,13,,,Mem,"Micklefield, R F",2013,ProvRAMGR,2015,,,,,,RAMGR,2020,,,,,144701,,,,,,,,,,,,,,MarkRAMHonMem
RAM 1572 Mem 014,RAM,1572,1572,14,,,Mem,"Pomeroy, V H",2014,,,,,,,,ProvGM,2023,,,,,96105,,,,2018,,,,,,,,,,MarkRAMHonMem
RAM 1572 Mem 015,RAM,1572,1572,15,,,Mem,"Wolsey, A J",2015,ProvRAMGR,2015,,,,,,,,,,,,135390,,,,,,,,,,,,,,MarkRAMHonMem
RAM 1572 Mem 016,RAM,1572,1572,16,,,Mem,"Ballard, C T",2015,ProvRAMGR,2019,,,,,,,,,,,,1220429,,,,,,,,,,,,,,MarkRAMHonMem
RAM 1572 Mem 017,RAM,1572,1572,17,,,Mem,"Kusminoff, E",2015,ProvRAMGR,2012,,,,,,RAMGR,2022,,,,,1045171,,,,,,,,,,,,,,MarkRAMHonMem
RAM 1572 Mem 018,RAM,1572,1572,18,,,Mem,"Talbot, P B",2016,ProvRAMGR,2021,,,,,,,,,,,,1218855,,,,2024,,,,,,,,,,MarkRAMHonMem
RAM 1572 Mem 019,RAM,1572,1572,19,,,Mem,"Rowe, J",2017,PDepProvGM,2017,,,,,,RAMGR,2015,,,,,104666,,,,,,,,,,,,,,MarkRAMHonMem
RAM 1572 Mem 020,RAM,1572,1572,20,,,Mem,"Eaton, D F",2018,DepProvGM,2023,,,,,,RAMGR,2023,,,,,1018468,,,,2023,,,,,,,,,,MarkRAMHonMem
RAM 1572 Mem 021,RAM,1572,1572,21,,,Mem,"Glazier, G R",2018,,,,,,,,,,,,,,45576,,,,,,,,,,,,,,MarkRAMHonMem
RAM 1572 Mem 022,RAM,1572,1572,22,,,Mem,"Paisley, R A",2018,ProvRAMGR,2022,,,,,,,,,,,,1206101,,,,,,,,,,,,,,MarkRAMHonMem
RAM 1572 Mem 023,RAM,1572,1572,23,,,Mem,"House, N M D",2018,ProvRAMGR,2018,,,,,,,,,,,,1211743,,,,,,,,,,,,,,MarkRAMHonMem
RAM 1572 Mem 024,RAM,1572,1572,24,,,Mem,"Waters, N F",2019,ProvRAMGR,2022,,,,,,,,,,,,128651,,,,,,,,,,,,,,MarkRAMHonMem
RAM 1572 Mem 025,RAM,1572,1572,25,,,Mem,"Burton, B G",2019,ProvRAMGR,2019,,,,,,,,,,,,1044986,,,,,,,,,,,,,,MarkRAMHonMem
RAM 1572 Mem 026,RAM,1572,1572,26,,,Mem,"Matthews, R E V",2019,,,,,,,,,,,,,,79168,,,,,,,,,,,,,,MarkRAMHonMem
RAM 1572 Mem 027,RAM,1572,1572,27,,,Mem,"Harper, W B",2019,ProvRAMGR,2018,,,,,,,,,,,,1211828,,,,2026,,,,,,,,,,MarkRAMHonMem
RAM 1572 Mem 028,RAM,1572,1572,28,,,Mem,"Barrett, T M",2019,ProvRAMGR,2024,,,,,,,,,,,,1223298,,,,2026,,,,,,,,,,MarkRAMHonMem
RAM 1572 Mem 029,RAM,1572,1572,29,,,Mem,"Case, T D",2019,ProvRAMGR,2024,,,,,,,,,,,,1009548,,,,2025,,,,,,,,,,MarkRAMHonMem
RAM 1572 Mem 030,RAM,1572,1572,30,,,Mem,"Parkes, R W",2022,ProvGSec,2018,,,,,,RAMGR,2025,,,,,1039178,,,,2023,,,,,,,,,,MarkRAMHonMem
RAM 1572 Mem 031,RAM,1572,1572,31,,,Mem,"Williams, T G",2023,ProvRAMGR,2021,,,,,,,,,,,,1049206,,,,2026,,,,,,,,,,MarkRAMHonMem
RAM 1572 Mem 032,RAM,1572,1572,32,,,Mem,"Waldron, P",2023,,,,,,,,,,,,,,1028245,,,,,,,,,,,,,,MarkRAMHonMem
RAM 1572 Mem 033,RAM,1572,1572,33,,,Mem,"Falconer, W A",2023,ProvRAMGR,2023,,,,,,,,,,,,38764,,,,,,,,,,,,,,MarkRAMHonMem
RAM 1572 Mem 034,RAM,1572,1572,34,,,Mem,"McHugh, R G",2023,,,,,,,,,,,,,,1229599,,,,2026,,,,,,,,,,MarkRAMHonMem
RAM 1572 Mem 035,RAM,1572,1572,35,,,Mem,"Bond, P R G",2024,,,,,,,,,,,,,,1228320,,,,2026,,,,,,,,,,MarkRAMHonMem
RAM 1572 Mem 036,RAM,1572,1572,36,,,Mem,"Fairlie, R",2024,ProvRAMGR,2023,,,,,,,,,,,,1211330,,,,,,,,,,,,,,MarkRAMHonMem
RAM 1572 Mem 037,RAM,1572,1572,37,,,Mem,"Bond, T A",2024,ProvRAMGR,2023,,,,,,,,,,,,1236422,,,,2026,,,,,,,,,,MarkRAMHonMem
RAM 1572 Mem 038,RAM,1572,1572,38,,,Mem,"Parkes, M R",2024,ProvRAMGR,2025,,,,,,,,,,,,1238035,,,,2026,,,,,,,,,,MarkRAMHonMem
RAM 1572 Mem 039,RAM,1572,1572,39,,,Mem,"Nixey, M T",2024,,,,,,,,,,,,,,88055,,,,,,,,,,,,,,MarkRAMHonMem
RAM 1572 Mem 040,RAM,1572,1572,40,,,Mem,"Tritton, B D",2025,,,,,,,,,,,,,,1040780,,,,2026,,,,,,,,,,MarkRAMHonMem
RAM 1572 Mem 041,RAM,1572,1572,41,,,Mem,"Wills, C",2025,,,,,,,,,,,,,,1218213,,,,2026,,,,,,,,,,MarkRAMHonMem
RAM 1572 Mem 042,RAM,1572,1572,42,,,Mem,"Bugler, C J",2025,,,,,,,,,,,,,,1220844,,,,2026,,,,,,,,,,MarkRAMHonMem
RAM 1572 Mem 043,RAM,1572,1572,43,,,Mem,"Baker, P J",2025,ProvRAMGR,2025,,,,,,,,,,,,1014735,,,,,,,,,,,,,,MarkRAMHonMem
RAM 1572 Off 001,RAM,1572,1572,1,Cdr,1,Off,"Barrett, T M",,,,,,,,,,,,,,,1223298,,,,,,,,,,,,,,MarkRAMOff
RAM 1572 Off 002,RAM,1572,1572,2,SW,2,Off,"Harper, W B",,,,,,,,,,,,,,,1211828,,,,,,,,,,,,,,MarkRAMOff
RAM 1572 Off 003,RAM,1572,1572,3,JW,3,Off,"Burt, M R",,,,,,,,,,,,,,,1062967,,,,,,,,,,,,,,MarkRAMOff
RAM 1572 Off 004,RAM,1572,1572,4,Chap,4,Off,"Dare, S J",,,,,,,,,,,,,,,29778,,,,,,,,,,,,,,MarkRAMOff
RAM 1572 Off 005,RAM,1572,1572,5,Treas,5,Off,"Parkes, R W",,,,,,,,,,,,,,,1039178,,,,,,,,,,,,,,MarkRAMOff
RAM 1572 Off 006,RAM,1572,1572,6,Scrb,6,Off,"Eaton, D F",,,,,,,,,,,,,,,1018468,,,,,,,,,,,,,,MarkRAMOff
RAM 1572 Off 007,RAM,1572,1572,7,DC,7,Off,"Talbot, P B",,,,,,,,,,,,,,,1218855,,,,,,,,,,,,,,MarkRAMOff
RAM 1572 Off 008,RAM,1572,1572,8,Alm,8,Off,"Pomeroy, V H",,,,,,,,,,,,,,,96105,,,,,,,,,,,,,,MarkRAMOff
RAM 1572 Off 009,RAM,1572,1572,9,ChStwd,9,Off,"Bugler, R A L",,,,,,,,,,,,,,,17188,,,,,,,,,,,,,,MarkRAMOff
RAM 1572 Off 010,RAM,1572,1572,10,SD,10,Off,"Case, T D",,,,,,,,,,,,,,,1009548,,,,,,,,,,,,,,MarkRAMOff
RAM 1572 Off 011,RAM,1572,1572,11,JD,11,Off,"Williams, T G",,,,,,,,,,,,,,,1049206,,,,,,,,,,,,,,MarkRAMOff
RAM 1572 Off 012,RAM,1572,1572,12,ADC,13,Off,"Bugler, C J",,,,,,,,,,,,,,,1220844,,,,,,,,,,,,,,MarkRAMOff
RAM 1572 Off 013,RAM,1572,1572,13,Gdn,15,Off,"Bond, T A",,,,,,,,,,,,,,,1236422,,,,,,,,,,,,,,MarkRAMOff
RAM 1572 Off 014,RAM,1572,1572,14,Stwd,16,Off,"Bond, P R G",,,,,,,,,,,,,,,1228320,,,,,,,,,,,,,,MarkRAMOff
RAM 1572 Off 015,RAM,1572,1572,15,Stwd,16,Off,"Parkes, M R",,,,,,,,,,,,,,,1238035,,,,,,,,,,,,,,MarkRAMOff
RAM 1572 Off 016,RAM,1572,1572,16,Stwd,16,Off,"Tritton, B D",,,,,,,,,,,,,,,1040780,,,,,,,,,,,,,,MarkRAMOff
RAM 1572 Off 017,RAM,1572,1572,17,Stwd,16,Off,"Wills, C",,,,,,,,,,,,,,,1218213,,,,,,,,,,,,,,MarkRAMOff
RAM 1572 Off 018,RAM,1572,1572,18,Wdr,17,Off,"McHugh, R G",,,,,,,,,,,,,,,1229599,,,,,,,,,,,,,,MarkRAMOff
RAM 1572 PMO 001,RAM,1572,1572,1,,1,PMO,"Cains, F A ",,ProvRAMGR,2014,,,,,,RAMGR,2023,,2021,,,,,2021,44660,,,,,,,,,,,MarkRAMPMO
RAM 1572 PMO 002,RAM,1572,1572,2,,1,PMO,"Russell, F  ",,ProvRAMGR,2018,,,,,,,,,2023,,,,,2023,45404,,,,,,,,,,,MarkRAMPMO
RAM 1572 PMO 003,RAM,1572,1572,3,,1,PMO,"Shaw, F J ",,ProvRAMGR,1994,,,,,,PProvGM,2015,,1998,,,,,1998,36267,,,,,,,,,,,MarkRAMPMO
RAM 1572 PMO 004,RAM,1572,1572,4,,1,PMO,"House, N M D",,ProvRAMGR,2018,,,,,,,,,2025,,,,,2025,46137,,,,,,,,,,,MarkRAMPMO
RAM 1572 PMO 005,RAM,1572,1572,5,,1,PMO,"Barrett, T M ",,ProvRAMGR,2024,,,,,,,,,2026,,,,,2026,,,,,,,,,,,,MarkRAMPMO
RAM 1572 PMO 006,RAM,1572,1572,6,,1,PMO,"Willcock, D J W",,ProvRAMGR,1997,,,,,,,,,2015,,,,,2015,42490,,,,,,,,,,,MarkRAMPMO
RAM 1572 PMO 007,RAM,1572,1572,7,,1,PMO,"Wolsey, A J ",,ProvRAMGR,2015,,,,,,,,,2024,,,,,2024,45759,,,,,,,,,,,MarkRAMPMO
RAM 1572 PMO 008,RAM,1572,1572,8,,1,PMO,"Shewan, D C ",,,,,,,,,,,,2008,,,,,2008,39921,,,,,,,,,,,MarkRAMPMO
RAM 1572 PMO 009,RAM,1572,1572,9,,1,PMO,"Bugler, R A L",,ProvRAMGR,2010,,,,,,RAMGR,2018,,2019,,,,,2019,44443,,,,,,,,,,,MarkRAMPMO
RAM 1572 PMO 010,RAM,1572,1572,10,,1,PMO,"Dare, S J ",,ProvRAMGR,2005,,,,,,RAMGR,2014,,2011,,,,,2011,41020,,,,,,,,,,,MarkRAMPMO
RAM 1572 PMO 011,RAM,1572,1572,11,,1,PMO,"Giddings, M W ",,ProvRAMGR,2005,,,,,,RAMGR,2012,,2016,,,,,2016,42833,,,,,,,,,,,MarkRAMPMO
RAM 1572 PMO 012,RAM,1572,1572,12,,1,PMO,"Hambidge, G F ",,PDepProvGM,2015,,,,,,RAMGR,2009,,2012,,,,,2012,41391,,,,,,,,,,,MarkRAMPMO
RAM 1572 PMO 013,RAM,1572,1572,13,,1,PMO,"Harris, W J W",,,,,,,,,,,,2003,,,,,2003,38087,,,,,,,,,,,MarkRAMPMO
RAM 1572 PMO 014,RAM,1572,1572,14,,1,PMO,"Bellamy, J E ",,,,,,,,,RAMGR,2012,,2022,,,,,2022,45031,,,,,,,,,,,MarkRAMPMO
RAM 1572 PMO 015,RAM,1572,1572,15,,1,PMO,"Parkes, B E ",,ProvRAMGR,2004,,,,,,RAMGR,2013,,2014,,,,,2014,42112,,,,,,,,,,,MarkRAMPMO
RAM 1572 PMO 016,RAM,1572,1572,16,,1,PMO,"Pike, M J ",,ProvRAMGR,1996,,,,,,RAMGR,2008,,2010,,,,,2010,40649,,,,,,,,,,,MarkRAMPMO
RAM 1572 PMO 017,RAM,1572,1572,17,,1,PMO,"Prax, G I ",,PDepProvGM,2008,,,,,,RAMGR,2001,,2006,,,,,2006,39193,,,,,,,,,,,MarkRAMPMO
RAM 1925 Inst 001,RAM,1925,1925,1,,,Inst,,,,,,,,,,,,,,,June 3rd 2026,,,,,,,,,,,,,,,DBLodges
RC 0004 Hon 001,RC,4,4,1,,,Hon,"Harris, W J W 31°",,,,,,,,,,,,,,,,,,,,,,,,,,,,,Rose Croix
RC 0004 Hon 002,RC,4,4,2,,,Hon,"Potter, I F 31°",,,,,,,,,,,,,,,,,,,,,,,,,,,,,Rose Croix
RC 0004 Inst 001,RC,4,4,1,,,Inst,,,,,,,,,,,,,,,October 16th 2025,,,,,,,,,,,,,,,DBLodges
RC 0004 Mem 001,RC,4,4,1,,,Mem,"Barnes, K H",,,,,,,,,,,,,,,,,,,,,,,,2006,j,,33°,,Rose Croix
RC 0004 Mem 002,RC,4,4,2,,,Mem,"Muir, P M",,,,,,,,,,,,,,,,,,,,,†,,,2004,j,,32°,,Rose Croix
RC 0004 Mem 003,RC,4,4,3,,,Mem,"Barnes, T J",,,,,,,,,,,,,,,,,,,,,†,,,1996,,,31°,,Rose Croix
RC 0004 Mem 004,RC,4,4,4,,,Mem,"Bonnett, D",,,,,,,,,,,,,,,,,,,,,†,,,1997,,,30°,,Rose Croix
RC 0004 Mem 005,RC,4,4,5,,,Mem,"Wales, R P",,,,,,,,,,,,,,,,,,,,,†,,,2003,,,30°,,Rose Croix
RC 0004 Mem 006,RC,4,4,6,,,Mem,"Wood, N B",,,,,,,,,,,,,,,,,,,,,†,,,2009,,,30°,,Rose Croix
RC 0004 Mem 007,RC,4,4,7,,,Mem,"Harper, W B",,,,,,,,,,,,,,,,,,,,,†,,,2015,re-j,,30°,,Rose Croix
RC 0004 Mem 008,RC,4,4,8,,,Mem,"Heald, G J",,,,,,,,,,,,,,,,,,,,,†,,,2013,,,30°,,Rose Croix
RC 0004 Mem 009,RC,4,4,9,,,Mem,"Abbis, K",,,,,,,,,,,,,,,,,,,,,†,,,2000,,,30°,,Rose Croix
RC 0004 Mem 010,RC,4,4,10,,,Mem,"Sutcliffe, P M",,,,,,,,,,,,,,,,,,,,,,,,2016,j,,30°,,Rose Croix
RC 0004 Mem 011,RC,4,4,11,,,Mem,"Dorrington-Ward, S",,,,,,,,,,,,,,,,,,,,,†,,,2012,,,30°,,Rose Croix
RC 0004 Mem 012,RC,4,4,12,,,Mem,"White, R",,,,,,,,,,,,,,,,,,,,,†,,,2013,,,30°,,Rose Croix
RC 0004 Mem 013,RC,4,4,13,,,Mem,"Shadbolt, P E",,,,,,,,,,,,,,,,,,,,,,,,2017,j,,30°,,Rose Croix
RC 0004 Mem 014,RC,4,4,14,,,Mem,"Teideman, G J",,,,,,,,,,,,,,,,,,,,,,,,2017,j,,30°,,Rose Croix
RC 0004 Mem 015,RC,4,4,15,,,Mem,"Wyle, V R",,,,,,,,,,,,,,,,,,,,,,,,2025,j,,30°,,Rose Croix
RC 0004 Mem 016,RC,4,4,16,,,Mem,"Culley, A E J",,,,,,,,,,,,,,,,,,,,,,,,2006,,,18°,,Rose Croix
RC 0004 Mem 017,RC,4,4,17,,,Mem,"Bolwell, M J",,,,,,,,,,,,,,,,,,,,,,,,2009,,,18°,,Rose Croix
RC 0004 Mem 018,RC,4,4,18,,,Mem,"Deacon, C T",,,,,,,,,,,,,,,,,,,,,,,,2011,,,18°,,Rose Croix
RC 0004 Mem 019,RC,4,4,19,,,Mem,"McShee, A C",,,,,,,,,,,,,,,,,,,,,,,,2011,,,18°,,Rose Croix
RC 0004 Mem 020,RC,4,4,20,,,Mem,"Selwood, S P",,,,,,,,,,,,,,,,,,,,,,,,2014,,,18°,,Rose Croix
RC 0004 Mem 021,RC,4,4,21,,,Mem,"Booth, J F",,,,,,,,,,,,,,,,,,,,,,,,2015,,,18°,,Rose Croix
RC 0004 Mem 022,RC,4,4,22,,,Mem,"Coleridge-Matthews, V",,,,,,,,,,,,,,,,,,,,,,,,2016,,,18°,,Rose Croix
RC 0004 Mem 023,RC,4,4,23,,,Mem,"Turner, K M",,,,,,,,,,,,,,,,,,,,,,,,2016,,,18°,,Rose Croix
RC 0004 Mem 024,RC,4,4,24,,,Mem,"Edney, J L",,,,,,,,,,,,,,,,,,,,,,,,2017,,,18°,,Rose Croix
RC 0004 Mem 025,RC,4,4,25,,,Mem,"Swann, RD M",,,,,,,,,,,,,,,,,,,,,,,,2018,,,18°,,Rose Croix
RC 0004 Mem 026,RC,4,4,26,,,Mem,"Wolsey, A J",,,,,,,,,,,,,,,,,,,,,,,,2022,,,18°,,Rose Croix
RC 0004 Mem 027,RC,4,4,27,,,Mem,"Gittins, C S",,,,,,,,,,,,,,,,,,,,,,,,2023,,,18°,,Rose Croix
RC 0004 Mem 028,RC,4,4,28,,,Mem,"Thomas, S S",,,,,,,,,,,,,,,,,,,,,,,,2023,j,,18°,,Rose Croix
RC 0004 Mem 029,RC,4,4,29,,,Mem,"Mallins, T Q",,,,,,,,,,,,,,,,,,,,,,,,2023,,,18°,,Rose Croix
RC 0004 Mem 030,RC,4,4,30,,,Mem,"Olner, P",,,,,,,,,,,,,,,,,,,,,,,,2025,,,18°,,Rose Croix
RC 0004 Mem 031,RC,4,4,31,,,Mem,"Atkins, R V",,,,,,,,,,,,,,,,,,,,,,,,2025,j,,18°,,Rose Croix
RC 0004 Mem 032,RC,4,4,32,,,Mem,"Beck, G J",,,,,,,,,,,,,,,,,,,,,,,,2026,,,18°,,Rose Croix
RC 0004 Off 001,RC,4,4,1,M.W.S.,,Off,"Heald, G J",,,,,,,,,,,,,,,,,,,,,,,,,,,,,Rose Croix
RC 0004 Off 002,RC,4,4,2,Prelate,,Off,"Muir, P M",,,,,,,,,,,,,,,,,,,,,,,,,,,,,Rose Croix
RC 0004 Off 003,RC,4,4,3,1st General,,Off,"Harper, W B",,,,,,,,,,,,,,,,,,,,,,,,,,,,,Rose Croix
RC 0004 Off 004,RC,4,4,4,2nd General,,Off,"Thomas, S S",,,,,,,,,,,,,,,,,,,,,,,,,,,,,Rose Croix
RC 0004 Off 005,RC,4,4,5,Treasurer,,Off,"Dorrington-Ward, S",,,,,,,,,,,,,,,,,,,,,,,,,,,,,Rose Croix
RC 0004 Off 006,RC,4,4,6,Recorder,,Off,"Sutcliffe, P M",,,,,,,,,,,,,,,,,,,,,,,,,,,,,Rose Croix
RC 0004 Off 007,RC,4,4,7,D.C.,,Off,"Abbis, K",,,,,,,,,,,,,,,,,,,,,,,,,,,,,Rose Croix
RC 0004 Off 008,RC,4,4,8,Almoner,,Off,"Shadbolt, P E",,,,,,,,,,,,,,,,,,,,,,,,,,,,,Rose Croix
RC 0004 Off 009,RC,4,4,9,Marshal,,Off,"Turner, K M",,,,,,,,,,,,,,,,,,,,,,,,,,,,,Rose Croix
RC 0004 Off 010,RC,4,4,10,Raphael,,Off,"Gittins, C S",,,,,,,,,,,,,,,,,,,,,,,,,,,,,Rose Croix
RC 0004 Off 011,RC,4,4,11,Asst. D.C.,,Off,,,,,,,,,,,,,,,,,,,,,,,,,,,,,,Rose Croix
RC 0004 Off 012,RC,4,4,12,Asst. Rec.,,Off,,,,,,,,,,,,,,,,,,,,,,,,,,,,,,Rose Croix
RC 0004 Off 013,RC,4,4,13,Herald,,Off,"Selwood, S P",,,,,,,,,,,,,,,,,,,,,,,,,,,,,Rose Croix
RC 0004 Off 014,RC,4,4,14,Organist,,Off,Vacant,,,,,,,,,,,,,,,,,,,,,,,,,,,,,Rose Croix
RC 0004 Off 015,RC,4,4,15,Capt of Gd,,Off,"Wolsey, A J",,,,,,,,,,,,,,,,,,,,,,,,,,,,,Rose Croix
RC 0004 Off 016,RC,4,4,16,Steward,,Off,,,,,,,,,,,,,,,,,,,,,,,,,,,,,,Rose Croix
RC 0004 Off 017,RC,4,4,17,Steward,,Off,,,,,,,,,,,,,,,,,,,,,,,,,,,,,,Rose Croix
RC 0004 Off 018,RC,4,4,18,Steward,,Off,,,,,,,,,,,,,,,,,,,,,,,,,,,,,,Rose Croix
RC 0004 Off 019,RC,4,4,19,Steward,,Off,,,,,,,,,,,,,,,,,,,,,,,,,,,,,,Rose Croix
RC 0004 Off 020,RC,4,4,20,Steward,,Off,,,,,,,,,,,,,,,,,,,,,,,,,,,,,,Rose Croix
RC 0004 Off 021,RC,4,4,21,Steward,,Off,,,,,,,,,,,,,,,,,,,,,,,,,,,,,,Rose Croix
RC 0004 Off 022,RC,4,4,22,Steward,,Off,,,,,,,,,,,,,,,,,,,,,,,,,,,,,,Rose Croix
RC 0004 Off 023,RC,4,4,23,Outer Guard,,Off,"Culley, A E J",,,,,,,,,,,,,,,,,,,,,,,,,,,,,Rose Croix
RC 0004 Off 024,RC,4,4,24,Guest Organist,,Off,,,,,,,,,,,,,,,,,,,,,,,,,,,,,,Rose Croix
RC 0004 SecEMail 001,RC,4,4,1,,,SecEMail,,,,,,,,,,,,,,,,,,,,,,,,,,,,,rc4@dorsetfreemasonry.info,Rose Croix
RC 0597 Hon 001,RC,597,597,1,,,Hon,"Barnes, K H 33°",,,,,,,,,,,,,,,,,,,,,,,,,,,,,Rose Croix
RC 0597 Hon 002,RC,597,597,2,,,Hon,"Brookes, L T 32°",,,,,,,,,,,,,,,,,,,,,,,,,,,,,Rose Croix
RC 0597 Inst 001,RC,597,597,1,,,Inst,,,,,,,,,,,,,,,June 8th 2026,,,,,,,,,,,,,,,DBLodges
RC 0597 Mem 001,RC,597,597,1,,,Mem,"Worne, M E",,,,,,,,,,,,,,,,,,,,,†,,,2009, ,,33°,,Rose Croix
RC 0597 Mem 002,RC,597,597,2,,,Mem,"Shaw, F J",,,,,,,,,,,,,,,,,,,,,†,,,1991, ,,32°,,Rose Croix
RC 0597 Mem 003,RC,597,597,3,,,Mem,"Gordon, R P",,,,,,,,,,,,,,,,,,,,,†,,,1989, ,,31°,,Rose Croix
RC 0597 Mem 004,RC,597,597,4,,,Mem,"Cardy, S",,,,,,,,,,,,,,,,,,,,,†,,,1995, ,,31°,,Rose Croix
RC 0597 Mem 005,RC,597,597,5,,,Mem,"Burt, D B F",,,,,,,,,,,,,,,,,,,,,†,,,1992, ,,30°,,Rose Croix
RC 0597 Mem 006,RC,597,597,6,,,Mem,"Kiver, R B",,,,,,,,,,,,,,,,,,,,,†,,,1994, ,,30°,,Rose Croix
RC 0597 Mem 007,RC,597,597,7,,,Mem,"Poate, F W J",,,,,,,,,,,,,,,,,,,,,†,,,1998, ,,30°,,Rose Croix
RC 0597 Mem 008,RC,597,597,8,,,Mem,"Mellery-Pratt, A J",,,,,,,,,,,,,,,,,,,,,†,,,1999, ,,30°,,Rose Croix
RC 0597 Mem 009,RC,597,597,9,,,Mem,"Downs, B S",,,,,,,,,,,,,,,,,,,,,†,,,2000, ,,30°,,Rose Croix
RC 0597 Mem 010,RC,597,597,10,,,Mem,"Logan, A",,,,,,,,,,,,,,,,,,,,,†,,,2001, ,,30°,,Rose Croix
RC 0597 Mem 011,RC,597,597,11,,,Mem,"Micklefield, R F",,,,,,,,,,,,,,,,,,,,,†,,,2003, ,,30°,,Rose Croix
RC 0597 Mem 012,RC,597,597,12,,,Mem,"Frostick, D J B",,,,,,,,,,,,,,,,,,,,,,,,2006, ,,30°,,Rose Croix
RC 0597 Mem 013,RC,597,597,13,,,Mem,"Painter, N B",,,,,,,,,,,,,,,,,,,,,†,,,2010, ,,30°,,Rose Croix
RC 0597 Mem 014,RC,597,597,14,,,Mem,"Wyle, V R",,,,,,,,,,,,,,,,,,,,,,,,2025,j,,30°,,Rose Croix
RC 0597 Mem 015,RC,597,597,15,,,Mem,"Lewis, M J",,,,,,,,,,,,,,,,,,,,,,,,2011, ,,18°,,Rose Croix
RC 0597 Mem 016,RC,597,597,16,,,Mem,"Lomax, G R",,,,,,,,,,,,,,,,,,,,,,,,2013, ,,18°,,Rose Croix
RC 0597 Mem 017,RC,597,597,17,,,Mem,"Ball, M R",,,,,,,,,,,,,,,,,,,,,,,,2015, ,,18°,,Rose Croix
RC 0597 Mem 018,RC,597,597,18,,,Mem,"Brown, P G",,,,,,,,,,,,,,,,,,,,,,,,2015, ,,18°,,Rose Croix
RC 0597 Mem 019,RC,597,597,19,,,Mem,"Carter, B A",,,,,,,,,,,,,,,,,,,,,,,,2018, ,,18°,,Rose Croix
RC 0597 Mem 020,RC,597,597,20,,,Mem,"Brookman, A G",,,,,,,,,,,,,,,,,,,,,,,,2024, ,,18°,,Rose Croix
RC 0597 Mem 021,RC,597,597,21,,,Mem,"Frost, M",,,,,,,,,,,,,,,,,,,,,,,,2024, ,,18°,,Rose Croix
RC 0597 Mem 022,RC,597,597,22,,,Mem,"James, S A",,,,,,,,,,,,,,,,,,,,,,,,2025, ,,18°,,Rose Croix
RC 0597 Mem 023,RC,597,597,23,,,Mem,"Murt, M R",,,,,,,,,,,,,,,,,,,,,,,,1999, ,,31°,,Rose Croix
RC 0597 Mem 024,RC,597,597,24,,,Mem,"Elliott, M W ",,,,,,,,,,,,,,,,,,,,,,,,2025, ,,18°,,Rose Croix
RC 0597 Mem 025,RC,597,597,25,,,Mem,"Howard, D",,,,,,,,,,,,,,,,,,,,,,,,1979,,,30°,,Rose Croix
RC 0597 Off 001,RC,597,597,1,M.W.S.,,Off,"Poate, F W J",,,,,,,,,,,,,,,,,,,,,,,,,,,,,Rose Croix
RC 0597 Off 002,RC,597,597,2,Prelate,,Off,"Kiver, R B ",,,,,,,,,,,,,,,,,,,,,,,,,,,,,Rose Croix
RC 0597 Off 003,RC,597,597,3,1st General,,Off,"Painter, N B",,,,,,,,,,,,,,,,,,,,,,,,,,,,,Rose Croix
RC 0597 Off 004,RC,597,597,4,2nd General,,Off,"Brookman, A G ",,,,,,,,,,,,,,,,,,,,,,,,,,,,,Rose Croix
RC 0597 Off 005,RC,597,597,5,Treasurer,,Off,"Downs, B S",,,,,,,,,,,,,,,,,,,,,,,,,,,,,Rose Croix
RC 0597 Off 006,RC,597,597,6,Recorder,,Off,"Burt, M R",,,,,,,,,,,,,,,,,,,,,,,,,,,,,Rose Croix
RC 0597 Off 007,RC,597,597,7,D.C.,,Off,"Micklefield, R F",,,,,,,,,,,,,,,,,,,,,,,,,,,,,Rose Croix
RC 0597 Off 008,RC,597,597,8,Almoner,,Off,"Lewis, M J",,,,,,,,,,,,,,,,,,,,,,,,,,,,,Rose Croix
RC 0597 Off 009,RC,597,597,9,Marshal,,Off,"Frost, M",,,,,,,,,,,,,,,,,,,,,,,,,,,,,Rose Croix
RC 0597 Off 010,RC,597,597,10,Raphael,,Off,"Elliott, M W",,,,,,,,,,,,,,,,,,,,,,,,,,,,,Rose Croix
RC 0597 Off 011,RC,597,597,11,Asst. D.C.,,Off,"Shaw, F J ",,,,,,,,,,,,,,,,,,,,,,,,,,,,,Rose Croix
RC 0597 Off 012,RC,597,597,12,Asst. Rec.,,Off,,,,,,,,,,,,,,,,,,,,,,,,,,,,,,Rose Croix
RC 0597 Off 013,RC,597,597,13,Herald,,Off,"Carter, B A",,,,,,,,,,,,,,,,,,,,,,,,,,,,,Rose Croix
RC 0597 Off 014,RC,597,597,14,Organist,,Off,,,,,,,,,,,,,,,,,,,,,,,,,,,,,,Rose Croix
RC 0597 Off 015,RC,597,597,15,Capt of Gd,,Off,"Wyle, V R",,,,,,,,,,,,,,,,,,,,,,,,,,,,,Rose Croix
RC 0597 Off 016,RC,597,597,16,Steward,,Off,"James, S A",,,,,,,,,,,,,,,,,,,,,,,,,,,,,Rose Croix
RC 0597 Off 017,RC,597,597,17,Steward,,Off,,,,,,,,,,,,,,,,,,,,,,,,,,,,,,Rose Croix
RC 0597 Off 018,RC,597,597,18,Steward,,Off,,,,,,,,,,,,,,,,,,,,,,,,,,,,,,Rose Croix
RC 0597 Off 019,RC,597,597,19,Steward,,Off,,,,,,,,,,,,,,,,,,,,,,,,,,,,,,Rose Croix
RC 0597 Off 020,RC,597,597,20,Steward,,Off,,,,,,,,,,,,,,,,,,,,,,,,,,,,,,Rose Croix
RC 0597 Off 021,RC,597,597,21,Steward,,Off,,,,,,,,,,,,,,,,,,,,,,,,,,,,,,Rose Croix
RC 0597 Off 022,RC,597,597,22,Steward,,Off,,,,,,,,,,,,,,,,,,,,,,,,,,,,,,Rose Croix
RC 0597 Off 023,RC,597,597,23,Outer Guard,,Off,,,,,,,,,,,,,,,,,,,,,,,,,,,,,,Rose Croix
RC 0597 Off 024,RC,597,597,24,Guest Organist,,Off,"Boylin, D",,,,,,,,,,,,,,,,,,,,,,,,,,,,,Rose Croix
RC 0597 SecEMail 001,RC,597,597,1,,,SecEMail,,,,,,,,,,,,,,,,,,,,,,,,,,,,,rc597@dorsetfreemasonry.info,Rose Croix
RC 0768 Hon 001,RC,768,768,1,,,Hon,"Barnes, K H 33°",,,,,,,,,,,,,,,,,,,,,,,,,,,,,Rose Croix
RC 0768 Hon 002,RC,768,768,2,,,Hon,"Brooke, L T 32°",,,,,,,,,,,,,,,,,,,,,,,,,,,,,Rose Croix
RC 0768 Hon 003,RC,768,768,3,,,Hon,"Hambridge, G F 31°",,,,,,,,,,,,,,,,,,,,,,,,,,,,,Rose Croix
RC 0768 Hon 004,RC,768,768,4,,,Hon,"Buckland, C W 31°",,,,,,,,,,,,,,,,,,,,,,,,,,,,,Rose Croix
RC 0768 Hon 005,RC,768,768,5,,,Hon,"Cardy, S 31°",,,,,,,,,,,,,,,,,,,,,,,,,,,,,Rose Croix
RC 0768 Inst 001,RC,768,768,1,,,Inst,,,,,,,,,,,,,,,June 12th 2026,,,,,,,,,,,,,,,DBLodges
RC 0768 Mem 001,RC,768,768,1,,,Mem,"Willcock, D J W",,,,,,,,,,,,,,,,,,,,,†,,,1983, ,,32°,,Rose Croix
RC 0768 Mem 002,RC,768,768,2,,,Mem,"Sullivan, I R",,,,,,,,,,,,,,,,,,,,,,,,2009,j,,32°,,Rose Croix
RC 0768 Mem 003,RC,768,768,3,,,Mem,"Carter, R B H",,,,,,,,,,,,,,,,,,,,,†,,,1982, ,,31°,,Rose Croix
RC 0768 Mem 004,RC,768,768,4,,,Mem,"Parkes, B E",,,,,,,,,,,,,,,,,,,,,,,,1999,j,,31°,,Rose Croix
RC 0768 Mem 005,RC,768,768,5,,,Mem,"Heaton, R D",,,,,,,,,,,,,,,,,,,,,†,,,1993, ,,31°,,Rose Croix
RC 0768 Mem 006,RC,768,768,6,,,Mem,"Mitchell, J",,,,,,,,,,,,,,,,,,,,,†,,,2001, ,,31°,,Rose Croix
RC 0768 Mem 007,RC,768,768,7,,,Mem,"Day, D J",,,,,,,,,,,,,,,,,,,,,,,,2002, ,,31°,,Rose Croix
RC 0768 Mem 008,RC,768,768,8,,,Mem,"Cooper, J D",,,,,,,,,,,,,,,,,,,,,†,,,2009, ,,30°,,Rose Croix
RC 0768 Mem 009,RC,768,768,9,,,Mem,"Knights, G S",,,,,,,,,,,,,,,,,,,,,†,,,2014, ,,30°,,Rose Croix
RC 0768 Mem 010,RC,768,768,10,,,Mem,"Newby, I C A",,,,,,,,,,,,,,,,,,,,,†,,,2022,j,,30°,,Rose Croix
RC 0768 Mem 011,RC,768,768,11,,,Mem,"Blake, R P M",,,,,,,,,,,,,,,,,,,,,,,,2006, ,,18°,,Rose Croix
RC 0768 Mem 012,RC,768,768,12,,,Mem,"Washbourne, A R",,,,,,,,,,,,,,,,,,,,,,,,2022, ,,18°,,Rose Croix
RC 0768 Mem 013,RC,768,768,13,,,Mem,"Orridge, A C",,,,,,,,,,,,,,,,,,,,,,,,2023, ,,18°,,Rose Croix
RC 0768 Mem 014,RC,768,768,14,,,Mem,"Cowden, D P",,,,,,,,,,,,,,,,,,,,,,,,2023, ,,18°,,Rose Croix
RC 0768 Mem 015,RC,768,768,15,,,Mem,"Parkes, M R",,,,,,,,,,,,,,,,,,,,,,,,2023,j,,18°,,Rose Croix
RC 0768 Mem 016,RC,768,768,16,,,Mem,"Beacham, R J ",,,,,,,,,,,,,,,,,,,,,,,,2025, ,,18°,,Rose Croix
RC 0768 Mem 017,RC,768,768,17,,,Mem,"Lewis, W J",,,,,,,,,,,,,,,,,,,,,,,,2025, ,,18°,,Rose Croix
RC 0768 Mem 018,RC,768,768,18,,,Mem,"Pereira, A J",,,,,,,,,,,,,,,,,,,,,,,,2026, ,,18°,,Rose Croix
RC 0768 Mem 019,RC,768,768,19,,,Mem,"Martin, D J",,,,,,,,,,,,,,,,,,,,,,,,2019, ,,30°,,Rose Croix
RC 0768 Mem 020,RC,768,768,20,,,Mem,"Baker, P J",,,,,,,,,,,,,,,,,,,,,,,,1996, ,,31°,,Rose Croix
RC 0768 Off 001,RC,768,768,1,M.W.S.,,Off,"Washbourne, A R ",,,,,,,,,,,,,,,,,,,,,,,,,,,,,Rose Croix
RC 0768 Off 002,RC,768,768,2,Prelate,,Off,"Mitchell, J",,,,,,,,,,,,,,,,,,,,,,,,,,,,,Rose Croix
RC 0768 Off 003,RC,768,768,3,1st General,,Off,"Parkes, M R",,,,,,,,,,,,,,,,,,,,,,,,,,,,,Rose Croix
RC 0768 Off 004,RC,768,768,4,2nd General,,Off,"Orridge, A C",,,,,,,,,,,,,,,,,,,,,,,,,,,,,Rose Croix
RC 0768 Off 005,RC,768,768,5,Treasurer,,Off,"Sullivan, I R",,,,,,,,,,,,,,,,,,,,,,,,,,,,,Rose Croix
RC 0768 Off 006,RC,768,768,6,Recorder,,Off,"Martin, D J",,,,,,,,,,,,,,,,,,,,,,,,,,,,,Rose Croix
RC 0768 Off 007,RC,768,768,7,D.C.,,Off,"Day, D J",,,,,,,,,,,,,,,,,,,,,,,,,,,,,Rose Croix
RC 0768 Off 008,RC,768,768,8,Almoner,,Off,"Heaton, R D",,,,,,,,,,,,,,,,,,,,,,,,,,,,,Rose Croix
RC 0768 Off 009,RC,768,768,9,Marshal,,Off,"Heaton, R D",,,,,,,,,,,,,,,,,,,,,,,,,,,,,Rose Croix
RC 0768 Off 010,RC,768,768,10,Raphael,,Off,"Beacham, R J ",,,,,,,,,,,,,,,,,,,,,,,,,,,,,Rose Croix
RC 0768 Off 011,RC,768,768,11,Asst. D.C.,,Off,"Knights, G S",,,,,,,,,,,,,,,,,,,,,,,,,,,,,Rose Croix
RC 0768 Off 012,RC,768,768,12,Asst. Rec.,,Off,"Willcock, D J W",,,,,,,,,,,,,,,,,,,,,,,,,,,,,Rose Croix
RC 0768 Off 013,RC,768,768,13,Herald,,Off,"Pereira, A J ",,,,,,,,,,,,,,,,,,,,,,,,,,,,,Rose Croix
RC 0768 Off 014,RC,768,768,14,Organist,,Off,,,,,,,,,,,,,,,,,,,,,,,,,,,,,,Rose Croix
RC 0768 Off 015,RC,768,768,15,Capt of Gd,,Off,"Cooper, J D",,,,,,,,,,,,,,,,,,,,,,,,,,,,,Rose Croix
RC 0768 Off 016,RC,768,768,16,Steward,,Off,,,,,,,,,,,,,,,,,,,,,,,,,,,,,,Rose Croix
RC 0768 Off 017,RC,768,768,17,Steward,,Off,,,,,,,,,,,,,,,,,,,,,,,,,,,,,,Rose Croix
RC 0768 Off 018,RC,768,768,18,Steward,,Off,,,,,,,,,,,,,,,,,,,,,,,,,,,,,,Rose Croix
RC 0768 Off 019,RC,768,768,19,Steward,,Off,,,,,,,,,,,,,,,,,,,,,,,,,,,,,,Rose Croix
RC 0768 Off 020,RC,768,768,20,Steward,,Off,,,,,,,,,,,,,,,,,,,,,,,,,,,,,,Rose Croix
RC 0768 Off 021,RC,768,768,21,Steward,,Off,,,,,,,,,,,,,,,,,,,,,,,,,,,,,,Rose Croix
RC 0768 Off 022,RC,768,768,22,Steward,,Off,,,,,,,,,,,,,,,,,,,,,,,,,,,,,,Rose Croix
RC 0768 Off 023,RC,768,768,23,Outer Guard,,Off,"Blake, R P M",,,,,,,,,,,,,,,,,,,,,,,,,,,,,Rose Croix
RC 0768 Off 024,RC,768,768,24,Guest Organist,,Off,,,,,,,,,,,,,,,,,,,,,,,,,,,,,,Rose Croix
RC 0768 SecEMail 001,RC,768,768,1,,,SecEMail,,,,,,,,,,,,,,,,,,,,,,,,,,,,,rc768@dorsetfreemasonry.info,Rose Croix
RC 1019 Hon 001,RC,1019,1019,1,,,Hon,"Izzard, O K ",,,,,,,,,,,,,,,,,,,,,,,,,,,,,Rose Croix
RC 1019 Inst 001,RC,1019,1019,1,,,Inst,,,,,,,,,,,,,,,October 7th 2025,,,,,,,,,,,,,,,DBLodges
RC 1019 Mem 001,RC,1019,1019,1,,,Mem,"Knight, L C F",,,,,,,,,,,,,,,,,,,,,†,,,1998,,,30°,,Rose Croix
RC 1019 Mem 002,RC,1019,1019,2,,,Mem,"Ilott, P F",,,,,,,,,,,,,,,,,,,,,†,,,2004,,,30°,,Rose Croix
RC 1019 Mem 003,RC,1019,1019,3,,,Mem,"Ward, A W",,,,,,,,,,,,,,,,,,,,,†,,,2005,j,,30°,,Rose Croix
RC 1019 Mem 004,RC,1019,1019,4,,,Mem,"Newman, P G",,,,,,,,,,,,,,,,,,,,,†,,,2010,,,30°,,Rose Croix
RC 1019 Mem 005,RC,1019,1019,5,,,Mem,"Ware, I R",,,,,,,,,,,,,,,,,,,,,†,,,1999,,,30°,,Rose Croix
RC 1019 Mem 006,RC,1019,1019,6,,,Mem,"Thornton, D I",,,,,,,,,,,,,,,,,,,,,†,,,2013,,,30°,,Rose Croix
RC 1019 Mem 007,RC,1019,1019,7,,,Mem,"Baker, H L",,,,,,,,,,,,,,,,,,,,,,,,2018,,,18°,,Rose Croix
RC 1019 Mem 008,RC,1019,1019,8,,,Mem,"Deakin, J P",,,,,,,,,,,,,,,,,,,,,,,,2001,,,18°,,Rose Croix
RC 1019 Mem 009,RC,1019,1019,9,,,Mem,"Brown, W H",,,,,,,,,,,,,,,,,,,,,,,,2009,,,18°,,Rose Croix
RC 1019 Mem 010,RC,1019,1019,10,,,Mem,"Lockyer, C",,,,,,,,,,,,,,,,,,,,,,,,2009,,,18°,,Rose Croix
RC 1019 Mem 011,RC,1019,1019,11,,,Mem,"Coxall, P D",,,,,,,,,,,,,,,,,,,,,,,,2011,,,18°,,Rose Croix
RC 1019 Mem 012,RC,1019,1019,12,,,Mem,"Watton, G",,,,,,,,,,,,,,,,,,,,,†,,,2011,,,18°,,Rose Croix
RC 1019 Mem 013,RC,1019,1019,13,,,Mem,"Dineen, S M",,,,,,,,,,,,,,,,,,,,,,,,2018,,,18°,,Rose Croix
RC 1019 Mem 014,RC,1019,1019,14,,,Mem,"Mowles, G J",,,,,,,,,,,,,,,,,,,,,,,,2018,,,18°,,Rose Croix
RC 1019 Mem 015,RC,1019,1019,15,,,Mem,"Craner, D",,,,,,,,,,,,,,,,,,,,,,,,2022,,,18°,,Rose Croix
RC 1019 Mem 016,RC,1019,1019,16,,,Mem,"Burstow, W",,,,,,,,,,,,,,,,,,,,,,,,2022,j,,18°,,Rose Croix
RC 1019 Mem 017,RC,1019,1019,17,,,Mem,"King, A P J ",,,,,,,,,,,,,,,,,,,,,,,,2023,j,,18°,,Rose Croix
RC 1019 Mem 018,RC,1019,1019,18,,,Mem,"Whicker, T J P",,,,,,,,,,,,,,,,,,,,,,,,2024,,,18°,,Rose Croix
RC 1019 Mem 019,RC,1019,1019,19,,,Mem,"Barlow, A P",,,,,,,,,,,,,,,,,,,,,,,,2026,,,18°,,Rose Croix
RC 1019 Off 001,RC,1019,1019,1,M.W.S.,,Off,"Coxall, P D",,,,,,,,,,,,,,,,,,,,,,,,,,,,,Rose Croix
RC 1019 Off 002,RC,1019,1019,2,Prelate,,Off,"Newman, P G",,,,,,,,,,,,,,,,,,,,,,,,,,,,,Rose Croix
RC 1019 Off 003,RC,1019,1019,3,1st General,,Off,"Mowles, G J",,,,,,,,,,,,,,,,,,,,,,,,,,,,,Rose Croix
RC 1019 Off 004,RC,1019,1019,4,2nd General,,Off,"Watton, G",,,,,,,,,,,,,,,,,,,,,,,,,,,,,Rose Croix
RC 1019 Off 005,RC,1019,1019,5,Treasurer,,Off,"Newman, P G",,,,,,,,,,,,,,,,,,,,,,,,,,,,,Rose Croix
RC 1019 Off 006,RC,1019,1019,6,Recorder,,Off,"Ilott, P F ",,,,,,,,,,,,,,,,,,,,,,,,,,,,,Rose Croix
RC 1019 Off 007,RC,1019,1019,7,D.C.,,Off,"Ward, A W ",,,,,,,,,,,,,,,,,,,,,,,,,,,,,Rose Croix
RC 1019 Off 008,RC,1019,1019,8,Almoner,,Off,"Thornton, D I",,,,,,,,,,,,,,,,,,,,,,,,,,,,,Rose Croix
RC 1019 Off 009,RC,1019,1019,9,Marshal,,Off,"Burstow, W ",,,,,,,,,,,,,,,,,,,,,,,,,,,,,Rose Croix
RC 1019 Off 010,RC,1019,1019,10,Raphael,,Off,"King, A P J",,,,,,,,,,,,,,,,,,,,,,,,,,,,,Rose Croix
RC 1019 Off 011,RC,1019,1019,11,Asst. D.C.,,Off,,,,,,,,,,,,,,,,,,,,,,,,,,,,,,Rose Croix
RC 1019 Off 012,RC,1019,1019,12,Asst. Rec.,,Off,,,,,,,,,,,,,,,,,,,,,,,,,,,,,,Rose Croix
RC 1019 Off 013,RC,1019,1019,13,Herald,,Off,"Whicker, T J P A",,,,,,,,,,,,,,,,,,,,,,,,,,,,,Rose Croix
RC 1019 Off 014,RC,1019,1019,14,Organist,,Off,"Brown, W H",,,,,,,,,,,,,,,,,,,,,,,,,,,,,Rose Croix
RC 1019 Off 015,RC,1019,1019,15,Capt of Gd,,Off,"Knight, L C F",,,,,,,,,,,,,,,,,,,,,,,,,,,,,Rose Croix
RC 1019 Off 016,RC,1019,1019,16,Steward,,Off,,,,,,,,,,,,,,,,,,,,,,,,,,,,,,Rose Croix
RC 1019 Off 017,RC,1019,1019,17,Steward,,Off,,,,,,,,,,,,,,,,,,,,,,,,,,,,,,Rose Croix
RC 1019 Off 018,RC,1019,1019,18,Steward,,Off,,,,,,,,,,,,,,,,,,,,,,,,,,,,,,Rose Croix
RC 1019 Off 019,RC,1019,1019,19,Steward,,Off,,,,,,,,,,,,,,,,,,,,,,,,,,,,,,Rose Croix
RC 1019 Off 020,RC,1019,1019,20,Steward,,Off,,,,,,,,,,,,,,,,,,,,,,,,,,,,,,Rose Croix
RC 1019 Off 021,RC,1019,1019,21,Steward,,Off,,,,,,,,,,,,,,,,,,,,,,,,,,,,,,Rose Croix
RC 1019 Off 022,RC,1019,1019,22,Steward,,Off,,,,,,,,,,,,,,,,,,,,,,,,,,,,,,Rose Croix
RC 1019 Off 023,RC,1019,1019,23,Outer Guard,,Off,,,,,,,,,,,,,,,,,,,,,,,,,,,,,,Rose Croix
RC 1019 Off 024,RC,1019,1019,24,Guest Organist,,Off,,,,,,,,,,,,,,,,,,,,,,,,,,,,,,Rose Croix
RC 1019 SecEMail 001,RC,1019,1019,1,,,SecEMail,,,,,,,,,,,,,,,,,,,,,,,,,,,,,rc1019@dorsetfreemasonry.info,Rose Croix
RC 1068 Hon 001,RC,1068,1068,1,,,Hon,Barnes K H 33°,,,,,,,,,,,,,,,,,,,,,,,,,,,,,Rose Croix
RC 1068 Hon 002,RC,1068,1068,2,,,Hon,Smith B P 32°,,,,,,,,,,,,,,,,,,,,,,,,,,,,,Rose Croix
RC 1068 Inst 001,RC,1068,1068,1,,,Inst,,,,,,,,,,,,,,,October 15th 2025,,,,,,,,,,,,,,,DBLodges
RC 1068 Mem 001,RC,1068,1068,1,,,Mem,Worne M E,,,,,,,,,,,,,,,,,,,,,,,,2025,j,,33°,,Rose Croix
RC 1068 Mem 002,RC,1068,1068,2,,,Mem,Boylin D,,,,,,,,,,,,,,,,,,,,,†,,,1994,,,32°,,Rose Croix
RC 1068 Mem 003,RC,1068,1068,3,,,Mem,Day D J,,,,,,,,,,,,,,,,,,,,,†,,,2015,j,,31°,,Rose Croix
RC 1068 Mem 004,RC,1068,1068,4,,,Mem,Mantock K J,,,,,,,,,,,,,,,,,,,,,,,,2011,j,,30°,,Rose Croix
RC 1068 Mem 005,RC,1068,1068,5,,,Mem,Frostick D F B,,,,,,,,,,,,,,,,,,,,,†,,,2013,,,30°,,Rose Croix
RC 1068 Mem 006,RC,1068,1068,6,,,Mem,Mumford R M,,,,,,,,,,,,,,,,,,,,,†,,,2013,,,30°,,Rose Croix
RC 1068 Mem 007,RC,1068,1068,7,,,Mem,Ballard C T,,,,,,,,,,,,,,,,,,,,,†,,,2014,,,30°,,Rose Croix
RC 1068 Mem 008,RC,1068,1068,8,,,Mem,Voysey F W,,,,,,,,,,,,,,,,,,,,,,,,2017,j,,30°,,Rose Croix
RC 1068 Mem 009,RC,1068,1068,9,,,Mem,Collier M J,,,,,,,,,,,,,,,,,,,,,,,,2023,j,,30°,,Rose Croix
RC 1068 Mem 010,RC,1068,1068,10,,,Mem,Heald G J,,,,,,,,,,,,,,,,,,,,,,,,2025,j,,30°,,Rose Croix
RC 1068 Mem 011,RC,1068,1068,11,,,Mem,Morris M A,,,,,,,,,,,,,,,,,,,,,,,,2023,j,,18°,,Rose Croix
RC 1068 Mem 012,RC,1068,1068,12,,,Mem,Smith A R,,,,,,,,,,,,,,,,,,,,,,,,2023,j,,18°,,Rose Croix
RC 1068 Mem 013,RC,1068,1068,13,,,Mem,Towns G D,,,,,,,,,,,,,,,,,,,,,,,,2024,,,18°,,Rose Croix
RC 1068 Mem 014,RC,1068,1068,14,,,Mem,Bayliss C J,,,,,,,,,,,,,,,,,,,,,,,,2025,,,18°,,Rose Croix
RC 1068 Off 001,RC,1068,1068,1,M.W.S.,,Off,Mumford R M,,,,,,,,,,,,,,,,,,,,,,,,,,,,,Rose Croix
RC 1068 Off 002,RC,1068,1068,2,Prelate,,Off,Higgins T (Acting),,,,,,,,,,,,,,,,,,,,,,,,,,,,,Rose Croix
RC 1068 Off 003,RC,1068,1068,3,1st General,,Off,Morris M A,,,,,,,,,,,,,,,,,,,,,,,,,,,,,Rose Croix
RC 1068 Off 004,RC,1068,1068,4,2nd General,,Off,Towns G D,,,,,,,,,,,,,,,,,,,,,,,,,,,,,Rose Croix
RC 1068 Off 005,RC,1068,1068,5,Treasurer,,Off,Ballard C T,,,,,,,,,,,,,,,,,,,,,,,,,,,,,Rose Croix
RC 1068 Off 006,RC,1068,1068,6,Recorder,,Off,Mantock K J,,,,,,,,,,,,,,,,,,,,,,,,,,,,,Rose Croix
RC 1068 Off 007,RC,1068,1068,7,D.C.,,Off,Collier M J,,,,,,,,,,,,,,,,,,,,,,,,,,,,,Rose Croix
RC 1068 Off 008,RC,1068,1068,8,Almoner,,Off,Frostick D J B,,,,,,,,,,,,,,,,,,,,,,,,,,,,,Rose Croix
RC 1068 Off 009,RC,1068,1068,9,Marshal,,Off,Smith A R,,,,,,,,,,,,,,,,,,,,,,,,,,,,,Rose Croix
RC 1068 Off 010,RC,1068,1068,10,Raphael,,Off,Heald G J,,,,,,,,,,,,,,,,,,,,,,,,,,,,,Rose Croix
RC 1068 Off 011,RC,1068,1068,11,Asst. D.C.,,Off,Day D J,,,,,,,,,,,,,,,,,,,,,,,,,,,,,Rose Croix
RC 1068 Off 012,RC,1068,1068,12,Asst. Rec.,,Off,,,,,,,,,,,,,,,,,,,,,,,,,,,,,,Rose Croix
RC 1068 Off 013,RC,1068,1068,13,Herald,,Off,Bayliss C J,,,,,,,,,,,,,,,,,,,,,,,,,,,,,Rose Croix
RC 1068 Off 014,RC,1068,1068,14,Organist,,Off,Boylin D,,,,,,,,,,,,,,,,,,,,,,,,,,,,,Rose Croix
RC 1068 Off 015,RC,1068,1068,15,Capt of Gd,,Off,Higgins M (Acting),,,,,,,,,,,,,,,,,,,,,,,,,,,,,Rose Croix
RC 1068 Off 016,RC,1068,1068,16,Steward,,Off,,,,,,,,,,,,,,,,,,,,,,,,,,,,,,Rose Croix
RC 1068 Off 017,RC,1068,1068,17,Steward,,Off,,,,,,,,,,,,,,,,,,,,,,,,,,,,,,Rose Croix
RC 1068 Off 018,RC,1068,1068,18,Steward,,Off,,,,,,,,,,,,,,,,,,,,,,,,,,,,,,Rose Croix
RC 1068 Off 019,RC,1068,1068,19,Steward,,Off,,,,,,,,,,,,,,,,,,,,,,,,,,,,,,Rose Croix
RC 1068 Off 020,RC,1068,1068,20,Steward,,Off,,,,,,,,,,,,,,,,,,,,,,,,,,,,,,Rose Croix
RC 1068 Off 021,RC,1068,1068,21,Steward,,Off,,,,,,,,,,,,,,,,,,,,,,,,,,,,,,Rose Croix
RC 1068 Off 022,RC,1068,1068,22,Steward,,Off,,,,,,,,,,,,,,,,,,,,,,,,,,,,,,Rose Croix
RC 1068 Off 023,RC,1068,1068,23,Outer Guard,,Off,Vacant,,,,,,,,,,,,,,,,,,,,,,,,,,,,,Rose Croix
RC 1068 Off 024,RC,1068,1068,24,Guest Organist,,Off,,,,,,,,,,,,,,,,,,,,,,,,,,,,,,Rose Croix
RC 1068 SecEMail 001,RC,1068,1068,1,,,SecEMail,,,,,,,,,,,,,,,,,,,,,,,,,,,,,rc1068@dorsetfreemasonry.info,Rose Croix
RC 1078 Hon 001,RC,1078,1078,1,,,Hon,Barnes K H 33°,,,,,,,,,,,,,,,,,,,,,,,,,,,,,Rose Croix
RC 1078 Hon 002,RC,1078,1078,2,,,Hon,Brookes L T 32°,,,,,,,,,,,,,,,,,,,,,,,,,,,,,Rose Croix
RC 1078 Hon 003,RC,1078,1078,3,,,Hon,Cardy S 31°,,,,,,,,,,,,,,,,,,,,,,,,,,,,,Rose Croix
RC 1078 Inst 001,RC,1078,1078,1,,,Inst,,,,,,,,,,,,,,,September 29th 2025,,,,,,,,,,,,,,,DBLodges
RC 1078 Mem 001,RC,1078,1078,1,,,Mem,"Prudames, I B",,,,,,,,,,,,,,,,,,,,,†,,,2008,,,31°,,Rose Croix
RC 1078 Mem 002,RC,1078,1078,2,,,Mem,"Jolliffe, M J",,,,,,,,,,,,,,,,,,,,,†,,,1999,,,30°,,Rose Croix
RC 1078 Mem 003,RC,1078,1078,3,,,Mem,"Williams, T G",,,,,,,,,,,,,,,,,,,,,†,,,2002,,,30°,,Rose Croix
RC 1078 Mem 004,RC,1078,1078,4,,,Mem,"Parkes, R W",,,,,,,,,,,,,,,,,,,,,†,,,2002,,,30°,,Rose Croix
RC 1078 Mem 005,RC,1078,1078,5,,,Mem,"Nixey, M T",,,,,,,,,,,,,,,,,,,,,†,,,2007,,,30°,,Rose Croix
RC 1078 Mem 006,RC,1078,1078,6,,,Mem,"Shepherd, J F",,,,,,,,,,,,,,,,,,,,,,,,2009,re-j,,30°,,Rose Croix
RC 1078 Mem 007,RC,1078,1078,7,,,Mem,"Thompson, P",,,,,,,,,,,,,,,,,,,,,,,,2011,,,30°,,Rose Croix
RC 1078 Mem 008,RC,1078,1078,8,,,Mem,"Stone, R",,,,,,,,,,,,,,,,,,,,,,,,2012,,,30°,,Rose Croix
RC 1078 Mem 009,RC,1078,1078,9,,,Mem,"Bond, T A",,,,,,,,,,,,,,,,,,,,,,,,2014,,,30°,,Rose Croix
RC 1078 Mem 010,RC,1078,1078,10,,,Mem,"Connolly, M D",,,,,,,,,,,,,,,,,,,,,,,,2015,,,30°,,Rose Croix
RC 1078 Mem 011,RC,1078,1078,11,,,Mem,"Heald, G J",,,,,,,,,,,,,,,,,,,,,,,,2025,j,,30°,,Rose Croix
RC 1078 Mem 012,RC,1078,1078,12,,,Mem,"Starr, K",,,,,,,,,,,,,,,,,,,,,,,,2017,,,30°,,Rose Croix
RC 1078 Mem 013,RC,1078,1078,13,,,Mem,"Green, G K",,,,,,,,,,,,,,,,,,,,,,,,2018,j,,18°,,Rose Croix
RC 1078 Mem 014,RC,1078,1078,14,,,Mem,"Shaw, K J",,,,,,,,,,,,,,,,,,,,,,,,2019,,,18°,,Rose Croix
RC 1078 Mem 015,RC,1078,1078,15,,,Mem,"Pottinger, G W",,,,,,,,,,,,,,,,,,,,,,,,2019,,,18°,,Rose Croix
RC 1078 Mem 016,RC,1078,1078,16,,,Mem,"Porter, A J",,,,,,,,,,,,,,,,,,,,,,,,2021,,,18°,,Rose Croix
RC 1078 Mem 017,RC,1078,1078,17,,,Mem,"Britten, G R",,,,,,,,,,,,,,,,,,,,,,,,2023,,,18°,,Rose Croix
RC 1078 Mem 018,RC,1078,1078,18,,,Mem,"Roberts, K W K",,,,,,,,,,,,,,,,,,,,,,,,2023,,,18°,,Rose Croix
RC 1078 Mem 019,RC,1078,1078,19,,,Mem,"Latham, K F",,,,,,,,,,,,,,,,,,,,,,,,2024,j,,18°,,Rose Croix
RC 1078 Mem 020,RC,1078,1078,20,,,Mem,"Newman, J S",,,,,,,,,,,,,,,,,,,,,,,,2024,,,18°,,Rose Croix
RC 1078 Mem 021,RC,1078,1078,21,,,Mem,"Newman, O S",,,,,,,,,,,,,,,,,,,,,,,,2025,,,18°,,Rose Croix
RC 1078 Mem 022,RC,1078,1078,22,,,Mem,"Coles, L",,,,,,,,,,,,,,,,,,,,,,,,2025,,,18°,,Rose Croix
RC 1078 Mem 023,RC,1078,1078,23,,,Mem,Edney J,,,,,,,,,,,,,,,,,,,,,,,,2025,j,,18°,,Rose Croix
RC 1078 Mem 024,RC,1078,1078,24,,,Mem,"Squibb, R E",,,,,,,,,,,,,,,,,,,,,,,,2026,,,18°,,Rose Croix
RC 1078 Mem 025,RC,1078,1078,25,,,Mem,"Williamson, T",,,,,,,,,,,,,,,,,,,,,,,,2026,,,18°,,Rose Croix
RC 1078 Off 001,RC,1078,1078,1,M.W.S.,,Off,"Shaw, K J",,,,,,,,,,,,,,,,,,,,,,,,,,,,,Rose Croix
RC 1078 Off 002,RC,1078,1078,2,Prelate,,Off,"Williams, T G",,,,,,,,,,,,,,,,,,,,,,,,,,,,,Rose Croix
RC 1078 Off 003,RC,1078,1078,3,1st General,,Off,"Porter, A J",,,,,,,,,,,,,,,,,,,,,,,,,,,,,Rose Croix
RC 1078 Off 004,RC,1078,1078,4,2nd General,,Off,"Pottinger, G W",,,,,,,,,,,,,,,,,,,,,,,,,,,,,Rose Croix
RC 1078 Off 005,RC,1078,1078,5,Treasurer,,Off,"Nixey, M T",,,,,,,,,,,,,,,,,,,,,,,,,,,,,Rose Croix
RC 1078 Off 006,RC,1078,1078,6,Recorder,,Off,"Prudames, I B",,,,,,,,,,,,,,,,,,,,,,,,,,,,,Rose Croix
RC 1078 Off 007,RC,1078,1078,7,D.C.,,Off,"Stone, R",,,,,,,,,,,,,,,,,,,,,,,,,,,,,Rose Croix
RC 1078 Off 008,RC,1078,1078,8,Almoner,,Off,"Parkes, R W ",,,,,,,,,,,,,,,,,,,,,,,,,,,,,Rose Croix
RC 1078 Off 009,RC,1078,1078,9,Marshal,,Off,"Britton, G R",,,,,,,,,,,,,,,,,,,,,,,,,,,,,Rose Croix
RC 1078 Off 010,RC,1078,1078,10,Raphael,,Off,"Roberts, K W K",,,,,,,,,,,,,,,,,,,,,,,,,,,,,Rose Croix
RC 1078 Off 011,RC,1078,1078,11,Asst. D.C.,,Off,"Jolliffe, M J",,,,,,,,,,,,,,,,,,,,,,,,,,,,,Rose Croix
RC 1078 Off 012,RC,1078,1078,12,Asst. Rec.,,Off,"Connolly, M D",,,,,,,,,,,,,,,,,,,,,,,,,,,,,Rose Croix
RC 1078 Off 013,RC,1078,1078,13,Herald,,Off,"Latham, K F",,,,,,,,,,,,,,,,,,,,,,,,,,,,,Rose Croix
RC 1078 Off 014,RC,1078,1078,14,Organist,,Off,Vacant,,,,,,,,,,,,,,,,,,,,,,,,,,,,,Rose Croix
RC 1078 Off 015,RC,1078,1078,15,Capt of Gd,,Off,"Newman, J S",,,,,,,,,,,,,,,,,,,,,,,,,,,,,Rose Croix
RC 1078 Off 016,RC,1078,1078,16,Steward,,Off,"Newman, O S",,,,,,,,,,,,,,,,,,,,,,,,,,,,,Rose Croix
RC 1078 Off 017,RC,1078,1078,17,Steward,,Off,"Coles, L",,,,,,,,,,,,,,,,,,,,,,,,,,,,,Rose Croix
RC 1078 Off 018,RC,1078,1078,18,Steward,,Off,,,,,,,,,,,,,,,,,,,,,,,,,,,,,,Rose Croix
RC 1078 Off 019,RC,1078,1078,19,Steward,,Off,,,,,,,,,,,,,,,,,,,,,,,,,,,,,,Rose Croix
RC 1078 Off 020,RC,1078,1078,20,Steward,,Off,,,,,,,,,,,,,,,,,,,,,,,,,,,,,,Rose Croix
RC 1078 Off 021,RC,1078,1078,21,Steward,,Off,,,,,,,,,,,,,,,,,,,,,,,,,,,,,,Rose Croix
RC 1078 Off 022,RC,1078,1078,22,Steward,,Off,,,,,,,,,,,,,,,,,,,,,,,,,,,,,,Rose Croix
RC 1078 Off 023,RC,1078,1078,23,Outer Guard,,Off,"Bond, T A",,,,,,,,,,,,,,,,,,,,,,,,,,,,,Rose Croix
RC 1078 Off 024,RC,1078,1078,24,Guest Organist,,Off,,,,,,,,,,,,,,,,,,,,,,,,,,,,,,Rose Croix
RC 1078 SecEMail 001,RC,1078,1078,1,,,SecEMail,,,,,,,,,,,,,,,,,,,,,,,,,,,,,rc1078@dorsetfreemasonry.info,Rose Croix
RC 1127 Inst 001,RC,1127,1127,1,,,Inst,,,,,,,,,,,,,,,March 10th 2026,,,,,,,,,,,,,,,DBLodges
RC 1127 Mem 001,RC,1127,1127,1,,,Mem,"Old, R M",,,,,,,,,,,,,,,,,,,,,†,,,2002,,,30°,,Rose Croix
RC 1127 Mem 002,RC,1127,1127,2,,,Mem,"Gould, L G",,,,,,,,,,,,,,,,,,,,,†,,,2006,,,30°,,Rose Croix
RC 1127 Mem 003,RC,1127,1127,3,,,Mem,"Diment‑Davies, S",,,,,,,,,,,,,,,,,,,,,†,,,2007,,,30°,,Rose Croix
RC 1127 Mem 004,RC,1127,1127,4,,,Mem,"Goldsmith, B J",,,,,,,,,,,,,,,,,,,,,†,,,2009,,,30°,,Rose Croix
RC 1127 Mem 005,RC,1127,1127,5,,,Mem,"Burroughs, M J",,,,,,,,,,,,,,,,,,,,,†,,,2010,,,30°,,Rose Croix
RC 1127 Mem 006,RC,1127,1127,6,,,Mem,"Fish, J W",,,,,,,,,,,,,,,,,,,,,†,,,2015,,,30°,,Rose Croix
RC 1127 Mem 007,RC,1127,1127,7,,,Mem,"Storey, J R",,,,,,,,,,,,,,,,,,,,,,,,2022,j,,30°,,Rose Croix
RC 1127 Mem 008,RC,1127,1127,8,,,Mem,"Antell, J A",,,,,,,,,,,,,,,,,,,,,,,,2016,,,18°,,Rose Croix
RC 1127 Mem 009,RC,1127,1127,9,,,Mem,"Hall, G",,,,,,,,,,,,,,,,,,,,,†,,,2016,,,18°,,Rose Croix
RC 1127 Mem 010,RC,1127,1127,10,,,Mem,"Knight, R D G",,,,,,,,,,,,,,,,,,,,,,,,2017,,,18°,,Rose Croix
RC 1127 Mem 011,RC,1127,1127,11,,,Mem,"Sandall, D L",,,,,,,,,,,,,,,,,,,,,,,,2018,,,18°,,Rose Croix
RC 1127 Mem 012,RC,1127,1127,12,,,Mem,"Groves, S",,,,,,,,,,,,,,,,,,,,,,,,2022,,,18°,,Rose Croix
RC 1127 Mem 013,RC,1127,1127,13,,,Mem,"Samways, C B",,,,,,,,,,,,,,,,,,,,,,,,2022,,,18°,,Rose Croix
RC 1127 Mem 014,RC,1127,1127,14,,,Mem,"Cairns, P K",,,,,,,,,,,,,,,,,,,,,,,,2022,,,18°,,Rose Croix
RC 1127 Mem 015,RC,1127,1127,15,,,Mem,"James, S M",,,,,,,,,,,,,,,,,,,,,,,,2023,,,18°,,Rose Croix
RC 1127 Mem 016,RC,1127,1127,16,,,Mem,"Jackson, M P",,,,,,,,,,,,,,,,,,,,,,,,2023,j,,18°,,Rose Croix
RC 1127 Mem 017,RC,1127,1127,17,,,Mem,"Kidd, S P",,,,,,,,,,,,,,,,,,,,,,,,2024,,,18°,,Rose Croix
RC 1127 Mem 018,RC,1127,1127,18,,,Mem,"Andrews, A P",,,,,,,,,,,,,,,,,,,,,,,,2024,,,18°,,Rose Croix
RC 1127 Mem 019,RC,1127,1127,19,,,Mem,"Lound, M E",,,,,,,,,,,,,,,,,,,,,,,,2024,j,,18°,,Rose Croix
RC 1127 Mem 020,RC,1127,1127,20,,,Mem,"Shirley, R ",,,,,,,,,,,,,,,,,,,,,,,,2025,,,18°,,Rose Croix
RC 1127 Mem 021,RC,1127,1127,21,,,Mem,"Reach, J A",,,,,,,,,,,,,,,,,,,,,,,,2025,,,18°,,Rose Croix
RC 1127 Mem 022,RC,1127,1127,22,,,Mem,"Reach, J N",,,,,,,,,,,,,,,,,,,,,,,,2025,,,18°,,Rose Croix
RC 1127 Mem 023,RC,1127,1127,23,,,Mem,"Vaughan, T",,,,,,,,,,,,,,,,,,,,,,,,2026,,,18°,,Rose Croix
RC 1127 Mem 024,RC,1127,1127,24,,,Mem,"Daniels, P E R ",,,,,,,,,,,,,,,,,,,,,,,,2026,,,18°,,Rose Croix
RC 1127 Off 001,RC,1127,1127,1,M.W.S.,,Off,"Antell, J A",,,,,,,,,,,,,,,,,,,,,,,,,,,,,Rose Croix
RC 1127 Off 002,RC,1127,1127,2,Prelate,,Off,"Gould, L G",,,,,,,,,,,,,,,,,,,,,,,,,,,,,Rose Croix
RC 1127 Off 003,RC,1127,1127,3,1st General,,Off,"Jackson, M P",,,,,,,,,,,,,,,,,,,,,,,,,,,,,Rose Croix
RC 1127 Off 004,RC,1127,1127,4,2nd General,,Off,"James, S M",,,,,,,,,,,,,,,,,,,,,,,,,,,,,Rose Croix
RC 1127 Off 005,RC,1127,1127,5,Treasurer,,Off,"Goldsmith, B J ",,,,,,,,,,,,,,,,,,,,,,,,,,,,,Rose Croix
RC 1127 Off 006,RC,1127,1127,6,Recorder,,Off,Cairns P K,,,,,,,,,,,,,,,,,,,,,,,,,,,,,Rose Croix
RC 1127 Off 007,RC,1127,1127,7,D.C.,,Off,"Burroughs, M J",,,,,,,,,,,,,,,,,,,,,,,,,,,,,Rose Croix
RC 1127 Off 008,RC,1127,1127,8,Almoner,,Off,"Knight, R D G",,,,,,,,,,,,,,,,,,,,,,,,,,,,,Rose Croix
RC 1127 Off 009,RC,1127,1127,9,Marshal,,Off,"Groves, S J ",,,,,,,,,,,,,,,,,,,,,,,,,,,,,Rose Croix
RC 1127 Off 010,RC,1127,1127,10,Raphael,,Off,"Kidd, S P",,,,,,,,,,,,,,,,,,,,,,,,,,,,,Rose Croix
RC 1127 Off 011,RC,1127,1127,11,Asst. D.C.,,Off,"Fish, J W",,,,,,,,,,,,,,,,,,,,,,,,,,,,,Rose Croix
RC 1127 Off 012,RC,1127,1127,12,Asst. Rec.,,Off,,,,,,,,,,,,,,,,,,,,,,,,,,,,,,Rose Croix
RC 1127 Off 013,RC,1127,1127,13,Herald,,Off,"Andrews, A",,,,,,,,,,,,,,,,,,,,,,,,,,,,,Rose Croix
RC 1127 Off 014,RC,1127,1127,14,Organist,,Off,Vacant,,,,,,,,,,,,,,,,,,,,,,,,,,,,,Rose Croix
RC 1127 Off 015,RC,1127,1127,15,Capt of Gd,,Off,"Shirley, R",,,,,,,,,,,,,,,,,,,,,,,,,,,,,Rose Croix
RC 1127 Off 016,RC,1127,1127,16,Steward,,Off,,,,,,,,,,,,,,,,,,,,,,,,,,,,,,Rose Croix
RC 1127 Off 017,RC,1127,1127,17,Steward,,Off,,,,,,,,,,,,,,,,,,,,,,,,,,,,,,Rose Croix
RC 1127 Off 018,RC,1127,1127,18,Steward,,Off,,,,,,,,,,,,,,,,,,,,,,,,,,,,,,Rose Croix
RC 1127 Off 019,RC,1127,1127,19,Steward,,Off,,,,,,,,,,,,,,,,,,,,,,,,,,,,,,Rose Croix
RC 1127 Off 020,RC,1127,1127,20,Steward,,Off,,,,,,,,,,,,,,,,,,,,,,,,,,,,,,Rose Croix
RC 1127 Off 021,RC,1127,1127,21,Steward,,Off,,,,,,,,,,,,,,,,,,,,,,,,,,,,,,Rose Croix
RC 1127 Off 022,RC,1127,1127,22,Steward,,Off,,,,,,,,,,,,,,,,,,,,,,,,,,,,,,Rose Croix
RC 1127 Off 023,RC,1127,1127,23,Outer Guard,,Off,"Samways, C B ",,,,,,,,,,,,,,,,,,,,,,,,,,,,,Rose Croix
RC 1127 Off 024,RC,1127,1127,24,Guest Organist,,Off,,,,,,,,,,,,,,,,,,,,,,,,,,,,,,Rose Croix
RC 1127 SecEMail 001,RC,1127,1127,1,,,SecEMail,,,,,,,,,,,,,,,,,,,,,,,,,,,,,rc1127@dorsetfreemasonry.info,Rose Croix
RC 1162 Hon 001,RC,1162,1162,1,,,Hon,"Bosanquet, N G I 33°",,,,,,,,,,,,,,,,,,,,,,,,,,,,,Rose Croix
RC 1162 Hon 002,RC,1162,1162,2,,,Hon,"Potter, I F 31°",,,,,,,,,,,,,,,,,,,,,,,,,,,,,Rose Croix
RC 1162 Hon 003,RC,1162,1162,3,,,Hon,"Bale, D W B 31°",,,,,,,,,,,,,,,,,,,,,,,,,,,,,Rose Croix
RC 1162 Inst 001,RC,1162,1162,1,,,Inst,,,,,,,,,,,,,,,February 26th 2026,,,,,,,,,,,,,,,DBLodges
RC 1162 Mem 001,RC,1162,1162,1,,,Mem,"Barnes, K H",,,,,,,,,,,,,,,,,,,,,,,,2007,j,,33°,,Rose Croix
RC 1162 Mem 002,RC,1162,1162,2,,,Mem,"Worne, M E",,,,,,,,,,,,,,,,,,,,,,,,2023,j,,33°,,Rose Croix
RC 1162 Mem 003,RC,1162,1162,3,,,Mem,"Brookes, L T",,,,,,,,,,,,,,,,,,,,,,,f,2004,fndr,,32°,,Rose Croix
RC 1162 Mem 004,RC,1162,1162,4,,,Mem,"Muir, P M ",,,,,,,,,,,,,,,,,,,,,,,f,2004,fndr,,32°,,Rose Croix
RC 1162 Mem 005,RC,1162,1162,5,,,Mem,"Willcock, D J W",,,,,,,,,,,,,,,,,,,,,,,f,2004,fndr,,32°,,Rose Croix
RC 1162 Mem 006,RC,1162,1162,6,,,Mem,"Shaw, F J",,,,,,,,,,,,,,,,,,,,,,,,2006,j,,32°,,Rose Croix
RC 1162 Mem 007,RC,1162,1162,7,,,Mem,"Boylin, D",,,,,,,,,,,,,,,,,,,,,,,,2007,j,,32°,,Rose Croix
RC 1162 Mem 008,RC,1162,1162,8,,,Mem,Sullivan I R,,,,,,,,,,,,,,,,,,,,,,,,2009,j,,32°,,Rose Croix
RC 1162 Mem 009,RC,1162,1162,9,,,Mem,"Greenland, D",,,,,,,,,,,,,,,,,,,,,,,,2026,j,,32°,,Rose Croix
RC 1162 Mem 010,RC,1162,1162,10,,,Mem,"Gordon, R P",,,,,,,,,,,,,,,,,,,,,,,f,2004,fndr,,31°,,Rose Croix
RC 1162 Mem 011,RC,1162,1162,11,,,Mem,"Hambidge, G F",,,,,,,,,,,,,,,,,,,,,,,f,2004,fndr,,31°,,Rose Croix
RC 1162 Mem 012,RC,1162,1162,12,,,Mem,"Parkes, B E",,,,,,,,,,,,,,,,,,,,,,,f,2004,fndr,,31°,,Rose Croix
RC 1162 Mem 013,RC,1162,1162,13,,,Mem,"Baker, P J",,,,,,,,,,,,,,,,,,,,,,,,2009,j,,31°,,Rose Croix
RC 1162 Mem 014,RC,1162,1162,14,,,Mem,"Cardy, S",,,,,,,,,,,,,,,,,,,,,,,,2012,j,,31°,,Rose Croix
RC 1162 Mem 015,RC,1162,1162,15,,,Mem,"Day, D J",,,,,,,,,,,,,,,,,,,,,,,,2013,j,,31°,,Rose Croix
RC 1162 Mem 016,RC,1162,1162,16,,,Mem,"Barnes, T J",,,,,,,,,,,,,,,,,,,,,,,,2014,j,,31°,,Rose Croix
RC 1162 Mem 017,RC,1162,1162,17,,,Mem,"Burt, M R",,,,,,,,,,,,,,,,,,,,,,,,2015,j,,31°,,Rose Croix
RC 1162 Mem 018,RC,1162,1162,18,,,Mem,"Heaton, R D",,,,,,,,,,,,,,,,,,,,,,,,2019,j,,31°,,Rose Croix
RC 1162 Mem 019,RC,1162,1162,19,,,Mem,"Mitchell, J",,,,,,,,,,,,,,,,,,,,,,,,2011,j,,31°,,Rose Croix
RC 1162 Mem 020,RC,1162,1162,20,,,Mem,"Prudames, I B ",,,,,,,,,,,,,,,,,,,,,,,,2017,j,,31°,,Rose Croix
RC 1162 Mem 021,RC,1162,1162,21,,,Mem,Howard,,,,,,,,,,,,,,,,,,,,,,,,2010,j,,30°,,Rose Croix
RC 1162 Mem 022,RC,1162,1162,22,,,Mem,"Kiver, R B",,,,,,,,,,,,,,,,,,,,,,,,2016,j,,30°,,Rose Croix
RC 1162 Mem 023,RC,1162,1162,23,,,Mem,"Wales, R P",,,,,,,,,,,,,,,,,,,,,,,,2012,j,,30°,,Rose Croix
RC 1162 Mem 024,RC,1162,1162,24,,,Mem,"Mantock, K J",,,,,,,,,,,,,,,,,,,,,,,,2013,j,,30°,,Rose Croix
RC 1162 Mem 025,RC,1162,1162,25,,,Mem,"Gould, L G",,,,,,,,,,,,,,,,,,,,,,,,2014,j,,30°,,Rose Croix
RC 1162 Mem 026,RC,1162,1162,26,,,Mem,"Boitoult, M A",,,,,,,,,,,,,,,,,,,,,,,,2014,j,,30°,,Rose Croix
RC 1162 Mem 027,RC,1162,1162,27,,,Mem,"Poate, F W J",,,,,,,,,,,,,,,,,,,,,,,,2014,j,,30°,,Rose Croix
RC 1162 Mem 028,RC,1162,1162,28,,,Mem,"Parkes, R W",,,,,,,,,,,,,,,,,,,,,,,,2014,j,,30°,,Rose Croix
RC 1162 Mem 029,RC,1162,1162,29,,,Mem,"Cooper, J D",,,,,,,,,,,,,,,,,,,,,,,,2015,j,,30°,,Rose Croix
RC 1162 Mem 030,RC,1162,1162,30,,,Mem,"Goldsmith, B J ",,,,,,,,,,,,,,,,,,,,,,,,2016,j,,30°,,Rose Croix
RC 1162 Mem 031,RC,1162,1162,31,,,Mem,"Logan,A",,,,,,,,,,,,,,,,,,,,,,,,2016,j,,30°,,Rose Croix
RC 1162 Mem 032,RC,1162,1162,32,,,Mem,"Ilott, P F",,,,,,,,,,,,,,,,,,,,,,,,2016,j,,30°,,Rose Croix
RC 1162 Mem 033,RC,1162,1162,33,,,Mem,"Nixey, M T",,,,,,,,,,,,,,,,,,,,,,,,2016,j,,30°,,Rose Croix
RC 1162 Mem 034,RC,1162,1162,34,,,Mem,"Micklefield, R F ",,,,,,,,,,,,,,,,,,,,,,,,2017,j,,30°,,Rose Croix
RC 1162 Mem 035,RC,1162,1162,35,,,Mem,"Burroughs, M V ",,,,,,,,,,,,,,,,,,,,,,,,2017,j,,30°,,Rose Croix
RC 1162 Mem 036,RC,1162,1162,36,,,Mem,"Knight, L C F ",,,,,,,,,,,,,,,,,,,,,,,,2017,re-j,,30°,,Rose Croix
RC 1162 Mem 037,RC,1162,1162,37,,,Mem,"Harper, W B ",,,,,,,,,,,,,,,,,,,,,,,,2018,j,,30°,,Rose Croix
RC 1162 Mem 038,RC,1162,1162,38,,,Mem,Downs,,,,,,,,,,,,,,,,,,,,,,,,2019,j,,30°,,Rose Croix
RC 1162 Mem 039,RC,1162,1162,39,,,Mem,"Burt, D B F",,,,,,,,,,,,,,,,,,,,,,,,2019,j,,30°,,Rose Croix
RC 1162 Mem 040,RC,1162,1162,40,,,Mem,"Heald, G J",,,,,,,,,,,,,,,,,,,,,,,,2020,j,,30°,,Rose Croix
RC 1162 Mem 041,RC,1162,1162,41,,,Mem,"Mellery-Pratt, A J ",,,,,,,,,,,,,,,,,,,,,,,,2020,j,,30°,,Rose Croix
RC 1162 Mem 042,RC,1162,1162,42,,,Mem,"Frostick, D J B",,,,,,,,,,,,,,,,,,,,,,,,2022,j,,30°,,Rose Croix
RC 1162 Mem 043,RC,1162,1162,43,,,Mem,"Knights, G S",,,,,,,,,,,,,,,,,,,,,,,,2023,j,,30°,,Rose Croix
RC 1162 Mem 044,RC,1162,1162,44,,,Mem,"Ballard, C T",,,,,,,,,,,,,,,,,,,,,,,,2023,j,,30°,,Rose Croix
RC 1162 Mem 045,RC,1162,1162,45,,,Mem,"Martin, D J",,,,,,,,,,,,,,,,,,,,,,,,2024,j,,30°,,Rose Croix
RC 1162 Mem 046,RC,1162,1162,46,,,Mem,"Mumford, R M",,,,,,,,,,,,,,,,,,,,,,,,2024,j,,30°,,Rose Croix
RC 1162 Mem 047,RC,1162,1162,47,,,Mem,"Connolly, M D ",,,,,,,,,,,,,,,,,,,,,,,,2024,j,,30°,,Rose Croix
RC 1162 Mem 048,RC,1162,1162,48,,,Mem,"Fish, J W",,,,,,,,,,,,,,,,,,,,,,,,2025,j,,30°,,Rose Croix
RC 1162 Mem 049,RC,1162,1162,49,,,Mem,"Dorrington-Ward, S",,,,,,,,,,,,,,,,,,,,,,,,2025,j,,30°,,Rose Croix
RC 1162 Mem 050,RC,1162,1162,50,,,Mem,"Thornton, D I ",,,,,,,,,,,,,,,,,,,,,,,,2026,j,,30°,,Rose Croix
RC 1162 Mem 051,RC,1162,1162,51,,,Mem,"Ware, I R",,,,,,,,,,,,,,,,,,,,,,,,2026,j,,30°,,Rose Croix
RC 1162 Mem 052,RC,1162,1162,52,,,Mem,"Starr, K",,,,,,,,,,,,,,,,,,,,,,,,2026,j,,30°,,Rose Croix
RC 1162 Mem 053,RC,1162,1162,53,,,Mem,"Newby, I C A",,,,,,,,,,,,,,,,,,,,,,,,2026,j,,30°,,Rose Croix
RC 1162 Mem 054,RC,1162,1162,54,,,Mem,"Ward, A W",,,,,,,,,,,,,,,,,,,,,,,,2026,j,,30°,,Rose Croix
RC 1162 Off 001,RC,1162,1162,1,M.W.S.,,Off,"Boylin, D",,,,,,,,,,,,,,,,,,,,,,,,,,,,,Rose Croix
RC 1162 Off 002,RC,1162,1162,2,Prelate,,Off,"Muir, P M ",,,,,,,,,,,,,,,,,,,,,,,,,,,,,Rose Croix
RC 1162 Off 003,RC,1162,1162,3,1st General,,Off,"Worne, M E",,,,,,,,,,,,,,,,,,,,,,,,,,,,,Rose Croix
RC 1162 Off 004,RC,1162,1162,4,2nd General,,Off,"Mitchell, J",,,,,,,,,,,,,,,,,,,,,,,,,,,,,Rose Croix
RC 1162 Off 005,RC,1162,1162,5,Treasurer,,Off,"Ballard, C T",,,,,,,,,,,,,,,,,,,,,,,,,,,,,Rose Croix
RC 1162 Off 006,RC,1162,1162,6,Recorder,,Off,"Shaw, F J ",,,,,,,,,,,,,,,,,,,,,,,,,,,,,Rose Croix
RC 1162 Off 007,RC,1162,1162,7,D.C.,,Off,Sullivan I R,,,,,,,,,,,,,,,,,,,,,,,,,,,,,Rose Croix
RC 1162 Off 008,RC,1162,1162,8,Almoner,,Off,"Micklefield, R F",,,,,,,,,,,,,,,,,,,,,,,,,,,,,Rose Croix
RC 1162 Off 009,RC,1162,1162,9,Marshal,,Off,"Nixey, M T",,,,,,,,,,,,,,,,,,,,,,,,,,,,,Rose Croix
RC 1162 Off 010,RC,1162,1162,10,Raphael,,Off,"Prudames, I B",,,,,,,,,,,,,,,,,,,,,,,,,,,,,Rose Croix
RC 1162 Off 011,RC,1162,1162,11,Asst. D.C.,,Off,"Day, D J ",,,,,,,,,,,,,,,,,,,,,,,,,,,,,Rose Croix
RC 1162 Off 012,RC,1162,1162,12,Asst. Rec.,,Off,"Martin, D",,,,,,,,,,,,,,,,,,,,,,,,,,,,,Rose Croix
RC 1162 Off 013,RC,1162,1162,13,Herald,,Off,"Fish, J W",,,,,,,,,,,,,,,,,,,,,,,,,,,,,Rose Croix
RC 1162 Off 014,RC,1162,1162,14,Organist,,Off, ,,,,,,,,,,,,,,,,,,,,,,,,,,,,,Rose Croix
RC 1162 Off 015,RC,1162,1162,15,Capt of Gd,,Off,"Ilott, P F",,,,,,,,,,,,,,,,,,,,,,,,,,,,,Rose Croix
RC 1162 Off 016,RC,1162,1162,16,Steward,,Off, ,,,,,,,,,,,,,,,,,,,,,,,,,,,,,Rose Croix
RC 1162 Off 017,RC,1162,1162,17,Steward,,Off, ,,,,,,,,,,,,,,,,,,,,,,,,,,,,,Rose Croix
RC 1162 Off 018,RC,1162,1162,18,Steward,,Off, ,,,,,,,,,,,,,,,,,,,,,,,,,,,,,Rose Croix
RC 1162 Off 019,RC,1162,1162,19,Steward,,Off, ,,,,,,,,,,,,,,,,,,,,,,,,,,,,,Rose Croix
RC 1162 Off 020,RC,1162,1162,20,Steward,,Off, ,,,,,,,,,,,,,,,,,,,,,,,,,,,,,Rose Croix
RC 1162 Off 021,RC,1162,1162,21,Steward,,Off, ,,,,,,,,,,,,,,,,,,,,,,,,,,,,,Rose Croix
RC 1162 Off 022,RC,1162,1162,22,Steward,,Off, ,,,,,,,,,,,,,,,,,,,,,,,,,,,,,Rose Croix
RC 1162 Off 023,RC,1162,1162,23,Outer Guard,,Off,"Mumford, R M",,,,,,,,,,,,,,,,,,,,,,,,,,,,,Rose Croix
RC 1162 Off 024,RC,1162,1162,24,Guest Organist,,Off,,,,,,,,,,,,,,,,,,,,,,,,,,,,,,Rose Croix
RC 1162 SecEMail 001,RC,1162,1162,1,,,SecEMail,,,,,,,,,,,,,,,,,,,,,,,,,,,,,rc1162@dorsetfreemasonry.info,Rose Croix
RC 1212 Hon 001,RC,1212,1212,1,,,Hon,"Shilson, G R E 33°",,,,,,,,,,,,,,,,,,,,,,,,,,,,,Rose Croix
RC 1212 Hon 002,RC,1212,1212,2,,,Hon,"Buckland, C W 31°",,,,,,,,,,,,,,,,,,,,,,,,,,,,,Rose Croix
RC 1212 Hon 003,RC,1212,1212,3,,,Hon,"Potter, I F 31°",,,,,,,,,,,,,,,,,,,,,,,,,,,,,Rose Croix
RC 1212 Hon 004,RC,1212,1212,4,,,Hon,"Carter, P 18°",,,,,,,,,,,,,,,,,,,,,,,,,,,,,Rose Croix
RC 1212 Inst 001,RC,1212,1212,1,,,Inst,,,,,,,,,,,,,,,March 25th 2026,,,,,,,,,,,,,,,DBLodges
RC 1212 Mem 001,RC,1212,1212,1,,,Mem,"Muir, P M",,,,,,,,,,,,,,,,,,,,,†,,f,2017,fndr,,32°,,Rose Croix
RC 1212 Mem 002,RC,1212,1212,2,,,Mem,"Baker, P J",,,,,,,,,,,,,,,,,,,,,†,,f,2017,fndr,,31°,,Rose Croix
RC 1212 Mem 003,RC,1212,1212,3,,,Mem,"Boitoult, M A",,,,,,,,,,,,,,,,,,,,,†,,f,2017,fndr,,30°,,Rose Croix
RC 1212 Mem 004,RC,1212,1212,4,,,Mem,"Bond, T A ",,,,,,,,,,,,,,,,,,,,,†,,f,2017,fndr,,30°,,Rose Croix
RC 1212 Mem 005,RC,1212,1212,5,,,Mem,"Brewer, W J",,,,,,,,,,,,,,,,,,,,,†,,f,2017,fndr,,30°,,Rose Croix
RC 1212 Mem 006,RC,1212,1212,6,,,Mem,"Frostick, D F B ",,,,,,,,,,,,,,,,,,,,,†,,f,2017,fndr,,30°,,Rose Croix
RC 1212 Mem 007,RC,1212,1212,7,,,Mem,"Heald, G J ",,,,,,,,,,,,,,,,,,,,,†,,f,2017,fndr,,30°,,Rose Croix
RC 1212 Mem 008,RC,1212,1212,8,,,Mem,"Parkes, R W ",,,,,,,,,,,,,,,,,,,,,†,,f,2017,fndr,,30°,,Rose Croix
RC 1212 Mem 009,RC,1212,1212,9,,,Mem,"Bassnett, R J",,,,,,,,,,,,,,,,,,,,,,,f,2017,fndr,,18°,,Rose Croix
RC 1212 Mem 010,RC,1212,1212,10,,,Mem,"Selwood, S P",,,,,,,,,,,,,,,,,,,,,,,f,2017,fndr,,18°,,Rose Croix
RC 1212 Mem 011,RC,1212,1212,11,,,Mem,"Darling, J C H",,,,,,,,,,,,,,,,,,,,,†,,,2017,,,18°,,Rose Croix
RC 1212 Mem 012,RC,1212,1212,12,,,Mem,"Palacio, J",,,,,,,,,,,,,,,,,,,,,,,,2018,,,18°,,Rose Croix
RC 1212 Mem 013,RC,1212,1212,13,,,Mem,"Goodall, M J",,,,,,,,,,,,,,,,,,,,,,,,2018,,,18°,,Rose Croix
RC 1212 Mem 014,RC,1212,1212,14,,,Mem,"Latham, K F",,,,,,,,,,,,,,,,,,,,,,,,2023,,,18°,,Rose Croix
RC 1212 Mem 015,RC,1212,1212,15,,,Mem,"Serna Acero, A J",,,,,,,,,,,,,,,,,,,,,,,,2024,,,18°,,Rose Croix
RC 1212 Mem 016,RC,1212,1212,16,,,Mem,"Hill, A P",,,,,,,,,,,,,,,,,,,,,,,,2025,,,18°,,Rose Croix
RC 1212 Mem 017,RC,1212,1212,17,,,Mem,"Richards, M F",,,,,,,,,,,,,,,,,,,,,,,,2025,j,,18°,,Rose Croix
RC 1212 Mem 018,RC,1212,1212,18,,,Mem,"Hann, S M",,,,,,,,,,,,,,,,,,,,,,,,2025,j,,18°,,Rose Croix
RC 1212 Mem 019,RC,1212,1212,19,,,Mem,"Parker, T C",,,,,,,,,,,,,,,,,,,,,,,,2025,,,18°,,Rose Croix
RC 1212 Mem 020,RC,1212,1212,20,,,Mem,"Waddington,  P",,,,,,,,,,,,,,,,,,,,,,,,2025,re-j,,18°,,Rose Croix
RC 1212 Mem 021,RC,1212,1212,21,,,Mem,"Hitchins, E G",,,,,,,,,,,,,,,,,,,,,,,,2025,,,18°,,Rose Croix
RC 1212 Mem 022,RC,1212,1212,22,,,Mem,"Lloyd-Bevis, J P",,,,,,,,,,,,,,,,,,,,,,,,2026,,,18°,,Rose Croix
RC 1212 Off 001,RC,1212,1212,1,M.W.S.,,Off,"Palacio, J",,,,,,,,,,,,,,,,,,,,,,,,,,,,,Rose Croix
RC 1212 Off 002,RC,1212,1212,2,Prelate,,Off,"Baker, P J",,,,,,,,,,,,,,,,,,,,,,,,,,,,,Rose Croix
RC 1212 Off 003,RC,1212,1212,3,1st General,,Off,"Latham, K F",,,,,,,,,,,,,,,,,,,,,,,,,,,,,Rose Croix
RC 1212 Off 004,RC,1212,1212,4,2nd General,,Off,"Hann, S M ",,,,,,,,,,,,,,,,,,,,,,,,,,,,,Rose Croix
RC 1212 Off 005,RC,1212,1212,5,Treasurer,,Off,"Parker, T",,,,,,,,,,,,,,,,,,,,,,,,,,,,,Rose Croix
RC 1212 Off 006,RC,1212,1212,6,Recorder,,Off,"Parkes, R W",,,,,,,,,,,,,,,,,,,,,,,,,,,,,Rose Croix
RC 1212 Off 007,RC,1212,1212,7,D.C.,,Off,"Brewer, W J",,,,,,,,,,,,,,,,,,,,,,,,,,,,,Rose Croix
RC 1212 Off 008,RC,1212,1212,8,Almoner,,Off,"Heald, G J",,,,,,,,,,,,,,,,,,,,,,,,,,,,,Rose Croix
RC 1212 Off 009,RC,1212,1212,9,Marshal,,Off,"Serna Acero, A J",,,,,,,,,,,,,,,,,,,,,,,,,,,,,Rose Croix
RC 1212 Off 010,RC,1212,1212,10,Raphael,,Off,"Waddington, P",,,,,,,,,,,,,,,,,,,,,,,,,,,,,Rose Croix
RC 1212 Off 011,RC,1212,1212,11,Asst. D.C.,,Off,"Selwood, S P",,,,,,,,,,,,,,,,,,,,,,,,,,,,,Rose Croix
RC 1212 Off 012,RC,1212,1212,12,Asst. Rec.,,Off,,,,,,,,,,,,,,,,,,,,,,,,,,,,,,Rose Croix
RC 1212 Off 013,RC,1212,1212,13,Herald,,Off,"Goodall, M J ",,,,,,,,,,,,,,,,,,,,,,,,,,,,,Rose Croix
RC 1212 Off 014,RC,1212,1212,14,Organist,,Off,"Hitchins, G E ",,,,,,,,,,,,,,,,,,,,,,,,,,,,,Rose Croix
RC 1212 Off 015,RC,1212,1212,15,Capt of Gd,,Off,"Richards, M F",,,,,,,,,,,,,,,,,,,,,,,,,,,,,Rose Croix
RC 1212 Off 016,RC,1212,1212,16,Steward,,Off,,,,,,,,,,,,,,,,,,,,,,,,,,,,,,Rose Croix
RC 1212 Off 017,RC,1212,1212,17,Steward,,Off,,,,,,,,,,,,,,,,,,,,,,,,,,,,,,Rose Croix
RC 1212 Off 018,RC,1212,1212,18,Steward,,Off,,,,,,,,,,,,,,,,,,,,,,,,,,,,,,Rose Croix
RC 1212 Off 019,RC,1212,1212,19,Steward,,Off,,,,,,,,,,,,,,,,,,,,,,,,,,,,,,Rose Croix
RC 1212 Off 020,RC,1212,1212,20,Steward,,Off,,,,,,,,,,,,,,,,,,,,,,,,,,,,,,Rose Croix
RC 1212 Off 021,RC,1212,1212,21,Steward,,Off,,,,,,,,,,,,,,,,,,,,,,,,,,,,,,Rose Croix
RC 1212 Off 022,RC,1212,1212,22,Steward,,Off,,,,,,,,,,,,,,,,,,,,,,,,,,,,,,Rose Croix
RC 1212 Off 023,RC,1212,1212,23,Outer Guard,,Off,"Bond, T A",,,,,,,,,,,,,,,,,,,,,,,,,,,,,Rose Croix
RC 1212 Off 024,RC,1212,1212,24,Guest Organist,,Off,,,,,,,,,,,,,,,,,,,,,,,,,,,,,,Rose Croix
RC 1212 SecEMail 001,RC,1212,1212,1,,,SecEMail,,,,,,,,,,,,,,,,,,,,,,,,,,,,,rc1212@dorsetfreemasonry.info,Rose Croix
RCOC 0258 Inst 001,RCOC,258,258,1,,,Inst,,,,,,,,,,,,,,,October 23rd 2025,,,,,,,,,,,,,,,DBLodges
RCOC 0313 Inst 001,RCOC,313,313,1,,,Inst,,,,,,,,,,,,,,,November 4th 2025,,,,,,,,,,,,,,,DBLodges
RCOC 0313 Off 002,RCOC,313,313,2,M.P. Sov.,,Off,"Smart, N A",,,,,,,,,,,,,,,,,,,,,,,,,,,,,Returns
RCOC 0313 Off 003,RCOC,313,313,3,Viceroy,,Off,"Ilott, P F",,,,,,,,,,,,,,,,,,,,,,,,,,,,,Returns
RCOC 0313 Off 004,RCOC,313,313,4,S. Gen,,Off,"Wilson, R G",,,,,,,,,,,,,,,,,,,,,,,,,,,,,Returns
RCOC 0313 Off 005,RCOC,313,313,5,J. Gen,,Off,"Sykes, M J",,,,,,,,,,,,,,,,,,,,,,,,,,,,,Returns
RCOC 0313 Off 006,RCOC,313,313,6,High Prelate,,Off,"Sullivan, I R",,,,,,,,,,,,,,,,,,,,,,,,,,,,,Returns
RCOC 0313 Off 007,RCOC,313,313,7,Treasurer,,Off,"Curley, A",,,,,,,,,,,,,,,,,,,,,,,,,,,,,Returns
RCOC 0313 Off 008,RCOC,313,313,8,Recorder,,Off,"Mowles, G J",,,,,,,,,,,,,,,,,,,,,,,,,,,,,Returns
RCOC 0313 Off 009,RCOC,313,313,9,Almoner,,Off,,,,,,,,,,,,,,,,,,,,,,,,,,,,,,Returns
RCOC 0313 Off 010,RCOC,313,313,10,Marshal,,Off,,,,,,,,,,,,,,,,,,,,,,,,,,,,,,Returns
RCOC 0313 Off 011,RCOC,313,313,11,Dep. Marshal,,Off,,,,,,,,,,,,,,,,,,,,,,,,,,,,,,Returns
RCOC 0313 Off 012,RCOC,313,313,12,Orator,,Off,,,,,,,,,,,,,,,,,,,,,,,,,,,,,,Returns
RCOC 0313 Off 013,RCOC,313,313,13,Std.B.(C.),,Off,"Cottrell, A G",,,,,,,,,,,,,,,,,,,,,,,,,,,,,Returns
RCOC 0313 Off 014,RCOC,313,313,14,Std.B.(L.),,Off,"Haslam, A I",,,,,,,,,,,,,,,,,,,,,,,,,,,,,Returns
RCOC 0313 Off 015,RCOC,313,313,15,Prefect,,Off,"Fuller, T R",,,,,,,,,,,,,,,,,,,,,,,,,,,,,Returns
RCOC 0313 Off 016,RCOC,313,313,16,Organist,,Off,,,,,,,,,,,,,,,,,,,,,,,,,,,,,,Returns
RCOC 0313 Off 017,RCOC,313,313,17,1st A-de-C,,Off,,,,,,,,,,,,,,,,,,,,,,,,,,,,,,Returns
RCOC 0313 Off 018,RCOC,313,313,18,2nd A-de-C,,Off,,,,,,,,,,,,,,,,,,,,,,,,,,,,,,Returns
RCOC 0313 Off 019,RCOC,313,313,19,Herald,,Off,"King, A P J",,,,,,,,,,,,,,,,,,,,,,,,,,,,,Returns
RCOC 0313 Off 020,RCOC,313,313,20,Sentinel,,Off,,,,,,,,,,,,,,,,,,,,,,,,,,,,,,Returns
RCOC 0313 PMI 022,RCOC,313,313,22,,,PMI,"Sullivan, I R",,P.Div.Reg,,,,,,,,,,40091,,,,,,,,,,,,2017,,,,,Returns
RCOC 0313 PMI 023,RCOC,313,313,23,,,PMI,"Sykes, M J",,Div.Reg,2023,,,,,,,,,41213,,,,,,,,,,,,2019,,,,,Returns
RCOC 0313 PMI 024,RCOC,313,313,24,,,PMI,"Wilson, R G",,Div.S.Gen,2025,,,,,,,,,38861,,,,,,,,,,,,2006,,,,,Returns
RCOC 0313 PMO 021,RCOC,313,313,21,,,PMO,"Barnes, K H",,Div.H.Prel,2017,,,,,,,,,2021,,,,,,,,,,,,1993,a,,,,Returns
RCOC 0313 SecEMail 001,RCOC,313,313,1,,,SecEMail,,,,,,,,,,,,,,,,,,,,,,,,,,,,,,Returns
RCOC 0380 Inst 001,RCOC,380,380,1,,,Inst,,,,,,,,,,,,,,,May 21st 2026,,,,,,,,,,,,,,,DBLodges
RCOC 0380 Mem 029,RCOC,380,380,29,,,Mem,"Fairlie, R",,,,,,,,,,,,,,,,,,,,,,,,2026,,,,,Returns
RCOC 0380 Mem 030,RCOC,380,380,30,,,Mem,"Paul, A",,,,,,,,,,,,,,,,,,,,,,,,2025,,,,,Returns
RCOC 0380 Off 002,RCOC,380,380,2,M.P. Sov.,,Off,"Burt, M R",,,,,,,,,,,,,,,,,,,,,,,,,,,,,Returns
RCOC 0380 Off 003,RCOC,380,380,3,Viceroy,,Off,"Harris, S R",,,,,,,,,,,,,,,,,,,,,,,,,,,,,Returns
RCOC 0380 Off 004,RCOC,380,380,4,S. Gen,,Off,"Turner, L H",,,,,,,,,,,,,,,,,,,,,,,,,,,,,Returns
RCOC 0380 Off 005,RCOC,380,380,5,J. Gen,,Off,,,,,,,,,,,,,,,,,,,,,,,,,,,,,,Returns
RCOC 0380 Off 006,RCOC,380,380,6,High Prelate,,Off,"Hawking, G J",,,,,,,,,,,,,,,,,,,,,,,,,,,,,Returns
RCOC 0380 Off 007,RCOC,380,380,7,Treasurer,,Off,"Swain, C E W",,,,,,,,,,,,,,,,,,,,,,,,,,,,,Returns
RCOC 0380 Off 008,RCOC,380,380,8,Recorder,,Off,"Tykocki, A",,,,,,,,,,,,,,,,,,,,,,,,,,,,,Returns
RCOC 0380 Off 009,RCOC,380,380,9,Almoner,,Off,,,,,,,,,,,,,,,,,,,,,,,,,,,,,,Returns
RCOC 0380 Off 010,RCOC,380,380,10,Marshal,,Off,"Micklefield, R F",,,,,,,,,,,,,,,,,,,,,,,,,,,,,Returns
RCOC 0380 Off 011,RCOC,380,380,11,Dep. Marshal,,Off,,,,,,,,,,,,,,,,,,,,,,,,,,,,,,Returns
RCOC 0380 Off 012,RCOC,380,380,12,Orator,,Off,,,,,,,,,,,,,,,,,,,,,,,,,,,,,,Returns
RCOC 0380 Off 013,RCOC,380,380,13,Std.B.(C.),,Off,,,,,,,,,,,,,,,,,,,,,,,,,,,,,,Returns
RCOC 0380 Off 014,RCOC,380,380,14,Std.B.(L.),,Off,"Stuart-Paul, R I",,,,,,,,,,,,,,,,,,,,,,,,,,,,,Returns
RCOC 0380 Off 015,RCOC,380,380,15,Prefect,,Off,"Bursey, R S",,,,,,,,,,,,,,,,,,,,,,,,,,,,,Returns
RCOC 0380 Off 016,RCOC,380,380,16,Organist,,Off,,,,,,,,,,,,,,,,,,,,,,,,,,,,,,Returns
RCOC 0380 Off 017,RCOC,380,380,17,1st A-de-C,,Off,,,,,,,,,,,,,,,,,,,,,,,,,,,,,,Returns
RCOC 0380 Off 018,RCOC,380,380,18,2nd A-de-C,,Off,,,,,,,,,,,,,,,,,,,,,,,,,,,,,,Returns
RCOC 0380 Off 019,RCOC,380,380,19,Herald,,Off,"Burt, D B F",,,,,,,,,,,,,,,,,,,,,,,,,,,,,Returns
RCOC 0380 Off 020,RCOC,380,380,20,Sentinel,,Off,,,,,,,,,,,,,,,,,,,,,,,,,,,,,,Returns
RCOC 0380 PMO 021,RCOC,380,380,21,,,PMO,"Townend, D M",,PDivSGen,2019,,,,,,,,,2005,,,,,,,,,,,,2000,,,,,Returns
RCOC 0380 PMO 022,RCOC,380,380,22,,,PMO,"Burt, M R",,PInt-Gen,2021,,,,,,,,,2004,,,,,,,,,,,,1999,,,,,Returns
RCOC 0380 PMO 023,RCOC,380,380,23,,,PMO,"Turner, L H",,DivJGen,2025,,,,,,,,,2017,,,,,,,,,,,,2005,a,,,,Returns
RCOC 0380 PMO 024,RCOC,380,380,24,,,PMO,"Swain, C E W",,PDepInt-Gen,2025,,,,,,,,,2013,,,,,,,,,,,,2009,,,,,Returns
RCOC 0380 PMO 025,RCOC,380,380,25,,,PMO,"Tykocki, A",,PDivEusebius,2025,,,,,,,,,2003,,,,,,,,,,,,2003,,,,,Returns
RCOC 0380 PMO 026,RCOC,380,380,26,,,PMO,"Micklefield, R F",,DivSGen,2025,,,,,,,,,2006,,,,,,,,,,,,2001,a,,,,Returns
RCOC 0380 PMO 027,RCOC,380,380,27,,,PMO,"Stuart-Paul, R I",,,,,,,,,,,,2023,,,,,,,,,,,,2016,,,,,Returns
RCOC 0380 PMO 028,RCOC,380,380,28,,,PMO,"Bursey, R S",,DivStB(L),2024,,,,,,,,,2022,,,,,,,,,,,,2010,a,,,,Returns
RCOC 0380 SecEMail 001,RCOC,380,380,1,,,SecEMail,,,,,,,,,,,,,,,,,,,,,,,,,,,,,,Returns
RCOC 0399 Inst 001,RCOC,399,399,1,,,Inst,,,,,,,,,,,,,,,March 11th 2026,,,,,,,,,,,,,,,DBLodges
RCOC 0399 Mem 022,RCOC,399,399,22,,,Mem,"Curley, A",,,,,,,,,,,,,,,,,,,,,,,,,,,,,Returns
RCOC 0399 Mem 023,RCOC,399,399,23,,,Mem,"Frostick, D J B",,,,,,,,,,,,,,,,,,,,,,,,,,,,,Returns
RCOC 0399 Mem 024,RCOC,399,399,24,,,Mem,"Jowett, R B",,,,,,,,,,,,,,,,,,,,,,,,,,,,,Returns
RCOC 0399 Mem 025,RCOC,399,399,25,,,Mem,"Shaw, F J",,,,,,,,,,,,,,,,,,,,,,,,,,,,,Returns
RCOC 0399 Mem 026,RCOC,399,399,26,,,Mem,"Sullivan, I R",,,,,,,,,,,,,,,,,,,,,,,,,,,,,Returns
RCOC 0399 Mem 027,RCOC,399,399,27,,,Mem,"Townend, D M",,,,,,,,,,,,,,,,,,,,,,,,,,,,,Returns
RCOC 0399 Off 002,RCOC,399,399,2,M.P. Sov.,,Off,"Tykocki, A",,,,,,,,,,,,,,,,,,,,,,,,,,,,,Returns
RCOC 0399 Off 003,RCOC,399,399,3,Viceroy,,Off,"Ballard, C T",,,,,,,,,,,,,,,,,,,,,,,,,,,,,Returns
RCOC 0399 Off 004,RCOC,399,399,4,S. Gen,,Off,"Callow, C T",,,,,,,,,,,,,,,,,,,,,,,,,,,,,Returns
RCOC 0399 Off 005,RCOC,399,399,5,J. Gen,,Off,"Sykes, M J",,,,,,,,,,,,,,,,,,,,,,,,,,,,,Returns
RCOC 0399 Off 006,RCOC,399,399,6,High Prelate,,Off,"Montgomery, P J",,,,,,,,,,,,,,,,,,,,,,,,,,,,,Returns
RCOC 0399 Off 007,RCOC,399,399,7,Treasurer,,Off,"Swain, C E W",,,,,,,,,,,,,,,,,,,,,,,,,,,,,Returns
RCOC 0399 Off 008,RCOC,399,399,8,Recorder,,Off,"Hobbs, B K",,,,,,,,,,,,,,,,,,,,,,,,,,,,,Returns
RCOC 0399 Off 009,RCOC,399,399,9,Almoner,,Off,,,,,,,,,,,,,,,,,,,,,,,,,,,,,,Returns
RCOC 0399 Off 010,RCOC,399,399,10,Marshal,,Off,"Burt, M R",,,,,,,,,,,,,,,,,,,,,,,,,,,,,Returns
RCOC 0399 Off 011,RCOC,399,399,11,Dep. Marshal,,Off,"Kidd, S",,,,,,,,,,,,,,,,,,,,,,,,,,,,,Returns
RCOC 0399 Off 012,RCOC,399,399,12,Orator,,Off,,,,,,,,,,,,,,,,,,,,,,,,,,,,,,Returns
RCOC 0399 Off 013,RCOC,399,399,13,Std.B.(C.),,Off,"Jowlett, R B",,,,,,,,,,,,,,,,,,,,,,,,,,,,,Returns
RCOC 0399 Off 014,RCOC,399,399,14,Std.B.(L.),,Off,"Micklefield, R F",,,,,,,,,,,,,,,,,,,,,,,,,,,,,Returns
RCOC 0399 Off 015,RCOC,399,399,15,Prefect,,Off,"Burt, D B F",,,,,,,,,,,,,,,,,,,,,,,,,,,,,Returns
RCOC 0399 Off 016,RCOC,399,399,16,Organist,,Off,,,,,,,,,,,,,,,,,,,,,,,,,,,,,,Returns
RCOC 0399 Off 017,RCOC,399,399,17,1st A-de-C,,Off,,,,,,,,,,,,,,,,,,,,,,,,,,,,,,Returns
RCOC 0399 Off 018,RCOC,399,399,18,2nd A-de-C,,Off,,,,,,,,,,,,,,,,,,,,,,,,,,,,,,Returns
RCOC 0399 Off 019,RCOC,399,399,19,Herald,,Off,"Harper, W B",,,,,,,,,,,,,,,,,,,,,,,,,,,,,Returns
RCOC 0399 Off 020,RCOC,399,399,20,Sentinel,,Off,,,,,,,,,,,,,,,,,,,,,,,,,,,,,,Returns
RCOC 0399 PMO 021,RCOC,399,399,21,,,PMO,"Turner, L H",,,,,,,,,,,,,,,,,,,,,,,,,,,,,Returns
RCOC 0399 SecEMail 001,RCOC,399,399,1,,,SecEMail,,,,,,,,,,,,,,,,,,,,,,,,,,,,,,Returns
RCOC 0404 Inst 001,RCOC,404,404,1,,,Inst,,,,,,,,,,,,,,,October 30th 2025,,,,,,,,,,,,,,,DBLodges
RCOC 0404 Mem 021,RCOC,404,404,21,,,Mem,"Bristow, G W",,,,,,,,,,,,,,,,,,,,,,,,1989,,,,,Returns
RCOC 0404 Mem 022,RCOC,404,404,22,,,Mem,"Frostick, D J B",,,,,,,,,,,,,,,,,,,,,,,,2019,,,,,Returns
RCOC 0404 Mem 023,RCOC,404,404,23,,,Mem,"Harrold, A H",,,,,,,,,,,,,,,,,,,,,,,,1991,,,,,Returns
RCOC 0404 Mem 024,RCOC,404,404,24,,,Mem,"Hobbs, B K",,,,,,,,,,,,,,,,,,,,,,,,2010,,,,,Returns
RCOC 0404 Mem 025,RCOC,404,404,25,,,Mem,"Madden, S P",,,,,,,,,,,,,,,,,,,,,,,,2026,,,,,Returns
RCOC 0404 Mem 026,RCOC,404,404,26,,,Mem,"Manton, P F",,,,,,,,,,,,,,,,,,,,,,,,2010,,,,,Returns
RCOC 0404 Off 002,RCOC,404,404,2,M.P. Sov.,,Off,"Ilott, P F",,,,,,,,,,,,,,,,,,,,,,,,,,,,,Returns
RCOC 0404 Off 003,RCOC,404,404,3,Viceroy,,Off,"Larkin, A J",,,,,,,,,,,,,,,,,,,,,,,,,,,,,Returns
RCOC 0404 Off 004,RCOC,404,404,4,S. Gen,,Off,"Tegg, S P",,,,,,,,,,,,,,,,,,,,,,,,,,,,,Returns
RCOC 0404 Off 005,RCOC,404,404,5,J. Gen,,Off,"Kellard, D E",,,,,,,,,,,,,,,,,,,,,,,,,,,,,Returns
RCOC 0404 Off 006,RCOC,404,404,6,High Prelate,,Off,"Montgomery, P J",,,,,,,,,,,,,,,,,,,,,,,,,,,,,Returns
RCOC 0404 Off 007,RCOC,404,404,7,Treasurer,,Off,"Ballard, C T",,,,,,,,,,,,,,,,,,,,,,,,,,,,,Returns
RCOC 0404 Off 008,RCOC,404,404,8,Recorder,,Off,"Jennings, A S",,,,,,,,,,,,,,,,,,,,,,,,,,,,,Returns
RCOC 0404 Off 009,RCOC,404,404,9,Almoner,,Off,"Strafford, M J",,,,,,,,,,,,,,,,,,,,,,,,,,,,,Returns
RCOC 0404 Off 010,RCOC,404,404,10,Marshal,,Off,"Moore, I D",,,,,,,,,,,,,,,,,,,,,,,,,,,,,Returns
RCOC 0404 Off 011,RCOC,404,404,11,Dep. Marshal,,Off,"Brookes, L T",,,,,,,,,,,,,,,,,,,,,,,,,,,,,Returns
RCOC 0404 Off 012,RCOC,404,404,12,Orator,,Off,"Carey, P R",,,,,,,,,,,,,,,,,,,,,,,,,,,,,Returns
RCOC 0404 Off 013,RCOC,404,404,13,Std.B.(C.),,Off,"Fuller, T R",,,,,,,,,,,,,,,,,,,,,,,,,,,,,Returns
RCOC 0404 Off 014,RCOC,404,404,14,Std.B.(L.),,Off,"Sykes, M J",,,,,,,,,,,,,,,,,,,,,,,,,,,,,Returns
RCOC 0404 Off 015,RCOC,404,404,15,Prefect,,Off,"Donoghue, J",,,,,,,,,,,,,,,,,,,,,,,,,,,,,Returns
RCOC 0404 Off 016,RCOC,404,404,16,Organist,,Off,"Burt, M R",,,,,,,,,,,,,,,,,,,,,,,,,,,,,Returns
RCOC 0404 Off 017,RCOC,404,404,17,1st A-de-C,,Off,,,,,,,,,,,,,,,,,,,,,,,,,,,,,,Returns
RCOC 0404 Off 018,RCOC,404,404,18,2nd A-de-C,,Off,,,,,,,,,,,,,,,,,,,,,,,,,,,,,,Returns
RCOC 0404 Off 019,RCOC,404,404,19,Herald,,Off,"Josic, M",,,,,,,,,,,,,,,,,,,,,,,,,,,,,Returns
RCOC 0404 Off 020,RCOC,404,404,20,Sentinel,,Off,,,,,,,,,,,,,,,,,,,,,,,,,,,,,,Returns
RCOC 0404 SecEMail 001,RCOC,404,404,1,,,SecEMail,,,,,,,,,,,,,,,,,,,,,,,,,,,,,,Returns
RCOC 0447 Inst 001,RCOC,447,447,1,,,Inst,,,,,,,,,,,,,,,October 31st 2025,,,,,,,,,,,,,,,DBLodges
RCOC 0447 Off 002,RCOC,447,447,2,M.P. Sov.,,Off,"Parkes, M R",,,,,,,,,,,,,,,,,,,,,,,,,,,,,Returns
RCOC 0447 Off 003,RCOC,447,447,3,Viceroy,,Off,"Jennings, A S",,,,,,,,,,,,,,,,,,,,,,,,,,,,,Returns
RCOC 0447 Off 004,RCOC,447,447,4,S. Gen,,Off,"Muir, P M",,,,,,,,,,,,,,,,,,,,,,,,,,,,,Returns
RCOC 0447 Off 005,RCOC,447,447,5,J. Gen,,Off,"Latham, K F",,,,,,,,,,,,,,,,,,,,,,,,,,,,,Returns
RCOC 0447 Off 006,RCOC,447,447,6,High Prelate,,Off,"Barnes, K H",,,,,,,,,,,,,,,,,,,,,,,,,,,,,Returns
RCOC 0447 Off 007,RCOC,447,447,7,Treasurer,,Off,"Ballard, C T",,,,,,,,,,,,,,,,,,,,,,,,,,,,,Returns
RCOC 0447 Off 008,RCOC,447,447,8,Recorder,,Off,"Willcock, D J W",,,,,,,,,,,,,,,,,,,,,,,,,,,,,Returns
RCOC 0447 Off 009,RCOC,447,447,9,Almoner,,Off,"Parkes, B E",,,,,,,,,,,,,,,,,,,,,,,,,,,,,Returns
RCOC 0447 Off 010,RCOC,447,447,10,Marshal,,Off,,,,,,,,,,,,,,,,,,,,,,,,,,,,,,Returns
RCOC 0447 Off 011,RCOC,447,447,11,Dep. Marshal,,Off,,,,,,,,,,,,,,,,,,,,,,,,,,,,,,Returns
RCOC 0447 Off 012,RCOC,447,447,12,Orator,,Off,,,,,,,,,,,,,,,,,,,,,,,,,,,,,,Returns
RCOC 0447 Off 013,RCOC,447,447,13,Std.B.(C.),,Off,"Micklefield, R F",,,,,,,,,,,,,,,,,,,,,,,,,,,,,Returns
RCOC 0447 Off 014,RCOC,447,447,14,Std.B.(L.),,Off,"Prudames, I B",,,,,,,,,,,,,,,,,,,,,,,,,,,,,Returns
RCOC 0447 Off 015,RCOC,447,447,15,Prefect,,Off,"Gawler, P R",,,,,,,,,,,,,,,,,,,,,,,,,,,,,Returns
RCOC 0447 Off 016,RCOC,447,447,16,Organist,,Off,,,,,,,,,,,,,,,,,,,,,,,,,,,,,,Returns
RCOC 0447 Off 017,RCOC,447,447,17,1st A-de-C,,Off,"Harper, W B",,,,,,,,,,,,,,,,,,,,,,,,,,,,,Returns
RCOC 0447 Off 018,RCOC,447,447,18,2nd A-de-C,,Off,"Quant, S P",,,,,,,,,,,,,,,,,,,,,,,,,,,,,Returns
RCOC 0447 Off 019,RCOC,447,447,19,Herald,,Off,"Shaw, F J",,,,,,,,,,,,,,,,,,,,,,,,,,,,,Returns
RCOC 0447 Off 020,RCOC,447,447,20,Sentinel,,Off,,,,,,,,,,,,,,,,,,,,,,,,,,,,,,Returns
RCOC 0447 PMO 021,RCOC,447,447,21,,,PMO,"Shaw, F J",,P.Div.Swd.B.,2020,,,,,,,,,2015,,,,,,,,,,,,2012,,,,,Returns
RCOC 0447 PMO 022,RCOC,447,447,22,,,PMO,"Gawler, P R",,Div.St.B.(C.),2023,,,,,,,,,2022,,,,,,,,,,,,2017,a,,,,Returns
RCOC 0447 PMO 023,RCOC,447,447,23,,,PMO,"Harper, W B",,Div.Stwd.,2024,,,,,,,,,2023,,,,,,,,,,,,2019,a,,,,Returns
RCOC 0447 PMO 024,RCOC,447,447,24,,,PMO,"Quant, S P",,,,,,,,,,,,2025,,,,,,,,,,,,2021,,,,,Returns
RCOC 0447 SecEMail 001,RCOC,447,447,1,,,SecEMail,,,,,,,,,,,,,,,,,,,,,,,,,,,,,,Returns
RCOC 0448 Inst 001,RCOC,448,448,1,,,Inst,,,,,,,,,,,,,,,October 22nd 2025,,,,,,,,,,,,,,,DBLodges
RCOC 0448 Off 002,RCOC,448,448,2,M.P. Sov.,,Off,,,,,,,,,,,,,,,,,,,,,,,,,,,,,,Returns
RCOC 0448 Off 003,RCOC,448,448,3,Viceroy,,Off,,,,,,,,,,,,,,,,,,,,,,,,,,,,,,Returns
RCOC 0448 Off 004,RCOC,448,448,4,S. Gen,,Off,,,,,,,,,,,,,,,,,,,,,,,,,,,,,,Returns
RCOC 0448 Off 005,RCOC,448,448,5,J. Gen,,Off,,,,,,,,,,,,,,,,,,,,,,,,,,,,,,Returns
RCOC 0448 Off 006,RCOC,448,448,6,High Prelate,,Off,,,,,,,,,,,,,,,,,,,,,,,,,,,,,,Returns
RCOC 0448 Off 007,RCOC,448,448,7,Treasurer,,Off,,,,,,,,,,,,,,,,,,,,,,,,,,,,,,Returns
RCOC 0448 Off 008,RCOC,448,448,8,Recorder,,Off,,,,,,,,,,,,,,,,,,,,,,,,,,,,,,Returns
RCOC 0448 Off 009,RCOC,448,448,9,Almoner,,Off,,,,,,,,,,,,,,,,,,,,,,,,,,,,,,Returns
RCOC 0448 Off 010,RCOC,448,448,10,Marshal,,Off,,,,,,,,,,,,,,,,,,,,,,,,,,,,,,Returns
RCOC 0448 Off 011,RCOC,448,448,11,Dep. Marshal,,Off,,,,,,,,,,,,,,,,,,,,,,,,,,,,,,Returns
RCOC 0448 Off 012,RCOC,448,448,12,Orator,,Off,,,,,,,,,,,,,,,,,,,,,,,,,,,,,,Returns
RCOC 0448 Off 013,RCOC,448,448,13,Std.B.(C.),,Off,,,,,,,,,,,,,,,,,,,,,,,,,,,,,,Returns
RCOC 0448 Off 014,RCOC,448,448,14,Std.B.(L.),,Off,,,,,,,,,,,,,,,,,,,,,,,,,,,,,,Returns
RCOC 0448 Off 015,RCOC,448,448,15,Prefect,,Off,,,,,,,,,,,,,,,,,,,,,,,,,,,,,,Returns
RCOC 0448 Off 016,RCOC,448,448,16,Organist,,Off,,,,,,,,,,,,,,,,,,,,,,,,,,,,,,Returns
RCOC 0448 Off 017,RCOC,448,448,17,1st A-de-C,,Off,,,,,,,,,,,,,,,,,,,,,,,,,,,,,,Returns
RCOC 0448 Off 018,RCOC,448,448,18,2nd A-de-C,,Off,,,,,,,,,,,,,,,,,,,,,,,,,,,,,,Returns
RCOC 0448 Off 019,RCOC,448,448,19,Herald,,Off,,,,,,,,,,,,,,,,,,,,,,,,,,,,,,Returns
RCOC 0448 Off 020,RCOC,448,448,20,Sentinel,,Off,,,,,,,,,,,,,,,,,,,,,,,,,,,,,,Returns
RCOC 0448 SecEMail 001,RCOC,448,448,1,,,SecEMail,,,,,,,,,,,,,,,,,,,,,,,,,,,,,,Returns
ROS 0001 Mem 001,ROS,1,1,1,,,Mem,"Willcock, D J W",,,,,,,,,,,,,,,,,,,,,,,,1999,f,Discovery,Founder,,Returns
ROS 0001 Mem 002,ROS,1,1,2,,,Mem,"Brookes, L T",,,,,,,,,,,,,,,,,,,,,,,,1999,f,Husbandry,Founder,,Returns
ROS 0001 Mem 003,ROS,1,1,3,,,Mem,"Voysey, W",,,,,,,,,,,,,,,,,,,,,,,,1999,f,Airworthy,Founder,,Returns
ROS 0001 Mem 004,ROS,1,1,4,,,Mem,"Barnes, H  - JP",,,,,,,,,,,,,,,,,,,,,,,,1999,f,Superintendence,Founder,,Returns
ROS 0001 Mem 005,ROS,1,1,5,,,Mem,"Burt, D",,,,,,,,,,,,,,,,,,,,,,,,1999,f,Foundation,Founder,,Returns
ROS 0001 Mem 006,ROS,1,1,6,,,Mem,"Logan, A",,,,,,,,,,,,,,,,,,,,,,,,1999,f,Finance,Founder,,Returns
ROS 0001 Mem 007,ROS,1,1,7,,,Mem,"Parkes, B E",,,,,,,,,,,,,,,,,,,,,,,,2001,,Constabulary,2001,,Returns
ROS 0001 Mem 008,ROS,1,1,8,,,Mem,"Baker, P J",,,,,,,,,,,,,,,,,,,,,,,,2001,,Militarism,2001,,Returns
ROS 0001 Mem 009,ROS,1,1,9,,,Mem,"Burt, M R",,,,,,,,,,,,,,,,,,,,,,,,2002,,Harmonious,2002,,Returns
ROS 0001 Mem 010,ROS,1,1,10,,,Mem,"Haines, M V",,,,,,,,,,,,,,,,,,,,,,,,2003,,Improvement,2003,,Returns
ROS 0001 Mem 011,ROS,1,1,11,,,Mem,"Micklefield, R F",,,,,,,,,,,,,,,,,,,,,,,,2003,,Volitation,2003,,Returns
ROS 0001 Mem 012,ROS,1,1,12,,,Mem,"Murray, P",,,,,,,,,,,,,,,,,,,,,,,,2004,,Dependability,2004,,Returns
ROS 0001 Mem 013,ROS,1,1,13,,,Mem,"Howlett, B H",,,,,,,,,,,,,,,,,,,,,,,,2005,,Impregnability,2005,,Returns
ROS 0001 Mem 014,ROS,1,1,14,,,Mem,"Fairlie, R",,,,,,,,,,,,,,,,,,,,,,,,2006,,Bibliophile,2006,,Returns
ROS 0001 Mem 015,ROS,1,1,15,,,Mem,"Vickery, A D",,,,,,,,,,,,,,,,,,,,,,,,2007,,Sympathy,2007,,Returns
ROS 0001 Mem 016,ROS,1,1,16,,,Mem,"Shaw,  J",,,,,,,,,,,,,,,,,,,,,,,,2007,,Chronicler,2007,,Returns
ROS 0001 Mem 017,ROS,1,1,17,,,Mem,"Sullivan, I R",,,,,,,,,,,,,,,,,,,,,,,,2009,,Development,2009,,Returns
ROS 0001 Mem 018,ROS,1,1,18,,,Mem,"MacLean, A",,,,,,,,,,,,,,,,,,,,,,,,2010,,Originality,2010,,Returns
ROS 0001 Mem 019,ROS,1,1,19,,,Mem,"Muir, J",,,,,,,,,,,,,,,,,,,,,,,,2010,,Relief,2010,,Returns
ROS 0001 Mem 020,ROS,1,1,20,,,Mem,"Harper, W B",,,,,,,,,,,,,,,,,,,,,,,,2010,,Pathfinder,2010,,Returns
ROS 0001 Mem 021,ROS,1,1,21,,,Mem,"Swain, C",,,,,,,,,,,,,,,,,,,,,,,,2010,,Articulate,2010,,Returns
ROS 0001 Mem 022,ROS,1,1,22,,,Mem,"Tritton, B D",,,,,,,,,,,,,,,,,,,,,,,,2011,,Containment,2011,,Returns
ROS 0001 Mem 023,ROS,1,1,23,,,Mem,"Barnard, J",,,,,,,,,,,,,,,,,,,,,,,,2011,,Restoration,2011,,Returns
ROS 0001 Mem 024,ROS,1,1,24,,,Mem,"Brown, C M",,,,,,,,,,,,,,,,,,,,,,,,2012,,Perfectionist,2012,,Returns
ROS 0001 Mem 025,ROS,1,1,25,,,Mem,"Day, D J",,,,,,,,,,,,,,,,,,,,,,,,2012,,Judicator,2012,,Returns
ROS 0001 Mem 026,ROS,1,1,26,,,Mem,"Barrett, B O",,,,,,,,,,,,,,,,,,,,,,,,2012,,Monocoque,2012,,Returns
ROS 0001 Mem 027,ROS,1,1,27,,,Mem,"Williams, T G",,,,,,,,,,,,,,,,,,,,,,,,2012,,Braveheart,2012,,Returns
ROS 0001 Mem 028,ROS,1,1,28,,,Mem,"Bond, T A",,,,,,,,,,,,,,,,,,,,,,,,2013,,Constructor,2013,,Returns
ROS 0001 Mem 029,ROS,1,1,29,,,Mem,"Mitchell, J",,,,,,,,,,,,,,,,,,,,,,,,2013,,Adventurer,2013,,Returns
ROS 0001 Mem 030,ROS,1,1,30,,,Mem,"Thompson, J",,,,,,,,,,,,,,,,,,,,,,,,2014,,Navigation,2014,,Returns
ROS 0001 Mem 031,ROS,1,1,31,,,Mem,"Hobbs, B K",,,,,,,,,,,,,,,,,,,,,,,,2014,,Philatelist,2014,,Returns
ROS 0001 Mem 032,ROS,1,1,32,,,Mem,"Minto, N",,,,,,,,,,,,,,,,,,,,,,,,2015,,Percussionist,2015,,Returns
ROS 0001 Mem 033,ROS,1,1,33,,,Mem,"Berridge, J",,,,,,,,,,,,,,,,,,,,,,,,2016,,Prevention,2016,,Returns
ROS 0001 Mem 034,ROS,1,1,34,,,Mem,"Turner, L H",,,,,,,,,,,,,,,,,,,,,,,,2016,,Topsy,2016,,Returns
ROS 0001 Mem 035,ROS,1,1,35,,,Mem,"Lockyer, C",,,,,,,,,,,,,,,,,,,,,,,,2017,,Contemplation,2017,,Returns
ROS 0001 Mem 036,ROS,1,1,36,,,Mem,"Barrett, T M",,,,,,,,,,,,,,,,,,,,,,,,2017,,Pulletier,2017,,Returns
ROS 0001 Mem 037,ROS,1,1,37,,,Mem,"Shaw, K J",,,,,,,,,,,,,,,,,,,,,,,,2017,,Ecobuilder,2017,,Returns
ROS 0001 Mem 038,ROS,1,1,38,,,Mem,"Nixey, M T",,,,,,,,,,,,,,,,,,,,,,,,2018,,Postmaster,2018,,Returns
ROS 0001 Mem 039,ROS,1,1,39,,,Mem,"Prudames, I B",,,,,,,,,,,,,,,,,,,,,,,,2018,,Supervisory,2018,,Returns
ROS 0001 Mem 040,ROS,1,1,40,,,Mem,"Douglas, N",,,,,,,,,,,,,,,,,,,,,,,,2019,,Marquetarian,2019,,Returns
ROS 0001 Mem 041,ROS,1,1,41,,,Mem,"Parkes, R W",,,,,,,,,,,,,,,,,,,,,,,,2019,,Technologist,2019,,Returns
ROS 0001 Mem 042,ROS,1,1,42,,,Mem,"Abbiss, K",,,,,,,,,,,,,,,,,,,,,,,,2020,,Cavity,2020,,Returns
ROS 0001 Mem 043,ROS,1,1,43,,,Mem,"Malins, T Q",,,,,,,,,,,,,,,,,,,,,,,,2020,,Horologist,2020,,Returns
ROS 0001 Mem 044,ROS,1,1,44,,,Mem,"Gawler, P R",,,,,,,,,,,,,,,,,,,,,,,,2022,,Preparation,2022,,Returns
ROS 0001 Mem 045,ROS,1,1,45,,,Mem,"Lowe, J",,,,,,,,,,,,,,,,,,,,,,,,2022,,Overseer,2022,,Returns
ROS 0001 Mem 046,ROS,1,1,46,,,Mem,"Mearns, P",,,,,,,,,,,,,,,,,,,,,,,,2022,,Ornithologist,2022,,Returns
ROS 0001 Mem 047,ROS,1,1,47,,,Mem,"Jennings, A S",,,,,,,,,,,,,,,,,,,,,,,,2023,,Nauticality,2023,,Returns
ROS 0001 Mem 048,ROS,1,1,48,,,Mem,"Hutton, J K",,,,,,,,,,,,,,,,,,,,,,,,2023,J,Professionalism,2023,,Returns
ROS 0001 Mem 049,ROS,1,1,49,,,Mem,"Ware, I R",,,,,,,,,,,,,,,,,,,,,,,,2023,,Propagator,2023,,Returns
ROS 0001 Mem 050,ROS,1,1,50,,,Mem,"Telford, F R",,,,,,,,,,,,,,,,,,,,,,,,2023,,Flier,2023,,Returns
ROS 0001 Mem 051,ROS,1,1,51,,,Mem,"Wormald, T R",,,,,,,,,,,,,,,,,,,,,,,,2023,,Oak,2023,,Returns
ROS 0001 Mem 052,ROS,1,1,52,,,Mem,"Taylor, M B",,,,,,,,,,,,,,,,,,,,,,,,2023,,Consultation,2023,,Returns
ROS 0001 Mem 053,ROS,1,1,53,,,Mem,"Donoghue, J",,,,,,,,,,,,,,,,,,,,,,,,2024,Re-J,Velocopedist,2024,,Returns
ROS 0001 Mem 054,ROS,1,1,54,,,Mem,"Hartland, A",,,,,,,,,,,,,,,,,,,,,,,,2024,,Propulsion,2024,,Returns
ROS 0001 Mem 055,ROS,1,1,55,,,Mem,"Parkes, M R",,,,,,,,,,,,,,,,,,,,,,,,2024,,Assistance,2024,,Returns
ROS 0001 Mem 056,ROS,1,1,56,,,Mem,"Britten, G R",,,,,,,,,,,,,,,,,,,,,,,,2024,,Association,2024,,Returns
ROS 0001 Mem 057,ROS,1,1,57,,,Mem,"Bayne, D A W",,,,,,,,,,,,,,,,,,,,,,,,2024,,Fairway,2024,,Returns
ROS 0001 Mem 058,ROS,1,1,58,,,Mem,"Lemm, J",,,,,,,,,,,,,,,,,,,,,,,,2024,J,Trapshooter,2024,,Returns
ROS 0001 Mem 059,ROS,1,1,59,,,Mem,"Sandall, D L",,,,,,,,,,,,,,,,,,,,,,,,2024,Re-J,Armourer,2024,,Returns
ROS 0001 Mem 060,ROS,1,1,60,,,Mem,"Lockyer, P N",,,,,,,,,,,,,,,,,,,,,,,,2024,,Peregrinator,2024,,Returns
ROS 0001 Mem 061,ROS,1,1,61,,,Mem,"Green, T",,,,,,,,,,,,,,,,,,,,,,,,2024,,Administration,2024,,Returns
ROS 0001 Mem 062,ROS,1,1,62,,,Mem,"Lewis, W J",,,,,,,,,,,,,,,,,,,,,,,,2025,,Pharmacopia,2025,,Returns
ROS 0001 Mem 063,ROS,1,1,63,,,Mem,"Lavery, P J E L",,,,,,,,,,,,,,,,,,,,,,,,2025,,Cuisinier,2025,,Returns
ROS 0001 Mem 064,ROS,1,1,64,,,Mem,"Pomeroy, V",,,,,,,,,,,,,,,,,,,,,,,,2025,Re-J,Comprehension,2025,,Returns
ROS 0001 Mem 065,ROS,1,1,65,,,Mem,"Brewer, A",,,,,,,,,,,,,,,,,,,,,,,,2025,J,Analytical,2025,,Returns
ROS 0001 Mem 066,ROS,1,1,66,,,Mem,"O’Keefe, L J O",,,,,,,,,,,,,,,,,,,,,,,,2025,,Ingeniator,2025,,Returns
ROS 0001 Mem 067,ROS,1,1,67,,,Mem,"Dodd, M P",,,,,,,,,,,,,,,,,,,,,,,,2025,,Seeker,2025,,Returns
ROS 0001 Mem 068,ROS,1,1,68,,,Mem,"Lawery, D J",,,,,,,,,,,,,,,,,,,,,,,,2025,,Communication,2025,,Returns
ROS 0001 Mem 069,ROS,1,1,69,,,Mem,"Payne, D V",,,,,,,,,,,,,,,,,,,,,,,,2025,,Benevolence,2025,,Returns
ROS 0001 Mem 070,ROS,1,1,70,,,Mem,"Vickery, W J L",,,,,,,,,,,,,,,,,,,,,,,,2026,,Gamekeeper,2026,,Returns
ROS 0001 Mem 071,ROS,1,1,71,,,Mem,"Leakey, S A B",,,,,,,,,,,,,,,,,,,,,,,,2026,,Paleontology,2026,,Returns
ROS 0001 Mem 072,ROS,1,1,72,,,Mem,"Paul, A",,,,,,,,,,,,,,,,,,,,,,,,2026,,Paganica,2026,,Returns
ROS 0001 Mem 073,ROS,1,1,73,,,Mem,"Williamson, T",,,,,,,,,,,,,,,,,,,,,,,,2026,,Fiscere,2026,,Returns
RSM 0209 Hon 041,RSM,209,209,41,,,Hon,"Bale, D W B",,,,,,,,,,,,,,,,,,,,,,,,,,,,,Returns
RSM 0209 Inst 001,RSM,209,209,1,,,Inst,,,,,,,,,,,,,,,September 27th 2025,,,,,,,,,,,,,,,DBLodges
RSM 0209 Mem 035,RSM,209,209,35,,,Mem,"Warwick, M H",,,,,,,,,,,,,,,,,,,,,,,,2005,,,,,Returns
RSM 0209 Mem 036,RSM,209,209,36,,,Mem,"Wiffen, B G",,,,,,,,,,,,,,,,,,,,,,,,2006,,,,,Returns
RSM 0209 Mem 037,RSM,209,209,37,,,Mem,"Donoghue, J",,,,,,,,,,,,,,,,,,,,,,,,2021,,,,,Returns
RSM 0209 Mem 038,RSM,209,209,38,,,Mem,"Vaughan, D J",,,,,,,,,,,,,,,,,,,,,,,,2021,,,,,Returns
RSM 0209 Mem 039,RSM,209,209,39,,,Mem,"Parkes, M R",,,,,,,,,,,,,,,,,,,,,,,,2024,,,,,Returns
RSM 0209 Mem 040,RSM,209,209,40,,,Mem,"Paul, A",,,,,,,,,,,,,,,,,,,,,,,,2024,,,,,Returns
RSM 0209 Off 002,RSM,209,209,2,T.I.M,,Off,P F Probert,,,,,,,,,,,,,,,,,,,,,,,,,,,,,Returns
RSM 0209 Off 003,RSM,209,209,3,Dep M,,Off,J Donoghue,,,,,,,,,,,,,,,,,,,,,,,,,,,,,Returns
RSM 0209 Off 004,RSM,209,209,4,P.C.W.,,Off,D J Vaughan,,,,,,,,,,,,,,,,,,,,,,,,,,,,,Returns
RSM 0209 Off 005,RSM,209,209,5,Chaplain,,Off,R Fairlie,,,,,,,,,,,,,,,,,,,,,,,,,,,,,Returns
RSM 0209 Off 006,RSM,209,209,6,Treasurer,,Off,"Micklefield, R F ",,,,,,,,,,,,,,,,,,,,,,,,,,,,,Returns
RSM 0209 Off 007,RSM,209,209,7,Recorder,,Off,"Gannaway, M E ",,,,,,,,,,,,,,,,,,,,,,,,,,,,,Returns
RSM 0209 Off 008,RSM,209,209,8,D.C,,Off,"Brookes, L T ",,,,,,,,,,,,,,,,,,,,,,,,,,,,,Returns
RSM 0209 Off 009,RSM,209,209,9,Capt.Gd.,,Off,"Kusminoff, E ",,,,,,,,,,,,,,,,,,,,,,,,,,,,,Returns
RSM 0209 Off 010,RSM,209,209,10,Cond.C,,Off,"Parkes, M R ",,,,,,,,,,,,,,,,,,,,,,,,,,,,,Returns
RSM 0209 Off 011,RSM,209,209,11,Organist,,Off,"Burt, M R ",,,,,,,,,,,,,,,,,,,,,,,,,,,,,Returns
RSM 0209 Off 012,RSM,209,209,12,A.D.C.,,Off,"Worne, M E ",,,,,,,,,,,,,,,,,,,,,,,,,,,,,Returns
RSM 0209 Off 013,RSM,209,209,13,Asst.Rec.,,Off,"Ballard, C T ",,,,,,,,,,,,,,,,,,,,,,,,,,,,,Returns
RSM 0209 Off 014,RSM,209,209,14,Steward,,Off,"Paul, A ",,,,,,,,,,,,,,,,,,,,,,,,,,,,,Returns
RSM 0209 Off 015,RSM,209,209,15,Manciple,,Off,,,,,,,,,,,,,,,,,,,,,,,,,,,,,,Returns
RSM 0209 Off 016,RSM,209,209,16,Manciple,,Off,,,,,,,,,,,,,,,,,,,,,,,,,,,,,,Returns
RSM 0209 Off 017,RSM,209,209,17,Manciple,,Off,,,,,,,,,,,,,,,,,,,,,,,,,,,,,,Returns
RSM 0209 Off 018,RSM,209,209,18,Manciple,,Off,,,,,,,,,,,,,,,,,,,,,,,,,,,,,,Returns
RSM 0209 Off 019,RSM,209,209,19,Sentinel,,Off,"Wiffen, B G",,,,,,,,,,,,,,,,,,,,,,,,,,,,,Returns
RSM 0209 PMI 033,RSM,209,209,33,,,PMI,"Slater, M",,P.Dist.G.D.C.,1997,,,,,,,,,1993,,,,,,,,,,,,1997,,,,,Returns
RSM 0209 PMI 034,RSM,209,209,34,,,PMI,"Shaw, F J",,P.Dist.G.M.,2017,,,,,,,,,2009,,,,,,,,,,,,2024,,,,,Returns
RSM 0209 PMO 020,RSM,209,209,20,,,PMO,"Brookes, L T",,PDistGPCW,2005,,,,,,,,,1997,,,,,,,,,,,,1997,,,,,Returns
RSM 0209 PMO 021,RSM,209,209,21,,,PMO,"Voysey, F W",,PDistGSwdB,2005,,,,,,,,,2002,,,,,,,,,,,,1997,,,,,Returns
RSM 0209 PMO 022,RSM,209,209,22,,,PMO,"Kusminoff, E",,PDistGDC,2013,,,,,,,,,2004,,,,,,,,,,,,1997,,,,,Returns
RSM 0209 PMO 023,RSM,209,209,23,,,PMO,"Micklefield, R F",,PDepDistGDC,2013,,,,,,,,,2007,,,,,,,,,,,,2000,,,,,Returns
RSM 0209 PMO 024,RSM,209,209,24,,,PMO,"Burt, M R",,DistGOrg,2026,,,,,,,,,2008,,,,,,,,,,,,2000,a,,,,Returns
RSM 0209 PMO 025,RSM,209,209,25,,,PMO,"Gannaway, M E",,DistGDC,2025,,,,,,,,,2011,,,,,,,,,,,,2005,a,,,,Returns
RSM 0209 PMO 026,RSM,209,209,26,,,PMO,"Kusminoff, E",,PDistGDC,2013,,,,,,,,,2015,,,,,,,,,,,,1997,,,,,Returns
RSM 0209 PMO 027,RSM,209,209,27,,,PMO,"Worne, M E",,PDistGLect,2024,,,,,,,,,2016,,,,,,,,,,,,2007,,,,,Returns
RSM 0209 PMO 028,RSM,209,209,28,,,PMO,"Ballard, C T",,PDistGCaptG,2019,,,,,,,,,2017,,,,,,,,,,,,2007,,,,,Returns
RSM 0209 PMO 029,RSM,209,209,29,,,PMO,"Gannaway, M E",,DistGDC,2025,,,,,,,,,2018,,,,,,,,,,,,2005,a,,,,Returns
RSM 0209 PMO 030,RSM,209,209,30,,,PMO,"Brookes, L T",,PDistGPCW,2005,,,,,,,,,2019,,,,,,,,,,,,1997,,,,,Returns
RSM 0209 PMO 031,RSM,209,209,31,,,PMO,"Frostick, D J B",,PDistGSwdB,2026,,,,,,,,,2022,,,,,,,,,,,,2017,,,,,Returns
RSM 0209 PMO 032,RSM,209,209,32,,,PMO,"Probert, P F",,PDistGChap,2013,,,,,,,,,2025,,,,,,,,,,,,2021,,,,,Returns
RSM 0209 SecEMail 001,RSM,209,209,1,,,SecEMail,,,,,,,,,,,,,,,,,,,,,,,,,,,,,,Returns
RSM 0263 Hon 035,RSM,263,263,35,,,Hon,"Probert, P R",,,,,,,,,,,,,,,,,,,,,,,,,,,,,Returns
RSM 0263 Hon 036,RSM,263,263,36,,,Hon,"Voysey, W",,,,,,,,,,,,,,,,,,,,,,,,,,,,,Returns
RSM 0263 Hon 037,RSM,263,263,37,,,Hon,"Pullin, P C",,,,,,,,,,,,,,,,,,,,,,,,,,,,,Returns
RSM 0263 Hon 038,RSM,263,263,38,,,Hon,"Lanham, L R",,,,,,,,,,,,,,,,,,,,,,,,,,,,,Returns
RSM 0263 Inst 001,RSM,263,263,1,,,Inst,,,,,,,,,,,,,,,January 30th 2026,,,,,,,,,,,,,,,DBLodges
RSM 0263 Mem 030,RSM,263,263,30,,,Mem,"Sullivan, I R",,,,,,,,,,,,,,,,,,,,,,,,2018,,,,,Returns
RSM 0263 Mem 031,RSM,263,263,31,,,Mem,"Carey, P R",,,,,,,,,,,,,,,,,,,,,,,,2023,,,,,Returns
RSM 0263 Mem 032,RSM,263,263,32,,,Mem,"Bond, T A",,,,,,,,,,,,,,,,,,,,,,,,2024,,,,,Returns
RSM 0263 Mem 033,RSM,263,263,33,,,Mem,"Pomeroy, V H",,,,,,,,,,,,,,,,,,,,,,,,2025,,,,,Returns
RSM 0263 Mem 034,RSM,263,263,34,,,Mem,"Rowe, J",,,,,,,,,,,,,,,,,,,,,,,,2025,,,,,Returns
RSM 0263 Off 002,RSM,263,263,2,T.I.M,,Off,"Barrett, T M",,,,,,,,,,,,,,,,,,,,,,,,,,,,,Returns
RSM 0263 Off 003,RSM,263,263,3,Dep M,,Off,"Waldron, P",,,,,,,,,,,,,,,,,,,,,,,,,,,,,Returns
RSM 0263 Off 004,RSM,263,263,4,P.C.W.,,Off,"Carey, P R",,,,,,,,,,,,,,,,,,,,,,,,,,,,,Returns
RSM 0263 Off 005,RSM,263,263,5,Chaplain,,Off,"Dare, S J",,,,,,,,,,,,,,,,,,,,,,,,,,,,,Returns
RSM 0263 Off 006,RSM,263,263,6,Treasurer,,Off,"Shaw, F J",,,,,,,,,,,,,,,,,,,,,,,,,,,,,Returns
RSM 0263 Off 007,RSM,263,263,7,Recorder,,Off,"Nailer, A J",,,,,,,,,,,,,,,,,,,,,,,,,,,,,Returns
RSM 0263 Off 008,RSM,263,263,8,D.C,,Off,"Muir, P M",,,,,,,,,,,,,,,,,,,,,,,,,,,,,Returns
RSM 0263 Off 009,RSM,263,263,9,Capt.Gd.,,Off,"Sullivan, I R",,,,,,,,,,,,,,,,,,,,,,,,,,,,,Returns
RSM 0263 Off 010,RSM,263,263,10,Cond.C,,Off,"Bond, T A",,,,,,,,,,,,,,,,,,,,,,,,,,,,,Returns
RSM 0263 Off 011,RSM,263,263,11,Organist,,Off,,,,,,,,,,,,,,,,,,,,,,,,,,,,,,Returns
RSM 0263 Off 012,RSM,263,263,12,A.D.C.,,Off,"Parkes, B E",,,,,,,,,,,,,,,,,,,,,,,,,,,,,Returns
RSM 0263 Off 013,RSM,263,263,13,Asst.Rec.,,Off,,,,,,,,,,,,,,,,,,,,,,,,,,,,,,Returns
RSM 0263 Off 014,RSM,263,263,14,Steward,,Off,"Pomeroy, V H",,,,,,,,,,,,,,,,,,,,,,,,,,,,,Returns
RSM 0263 Off 015,RSM,263,263,15,Manciple,,Off,"Latham, K F",,,,,,,,,,,,,,,,,,,,,,,,,,,,,Returns
RSM 0263 Off 016,RSM,263,263,16,Manciple,,Off,,,,,,,,,,,,,,,,,,,,,,,,,,,,,,Returns
RSM 0263 Off 017,RSM,263,263,17,Manciple,,Off,,,,,,,,,,,,,,,,,,,,,,,,,,,,,,Returns
RSM 0263 Off 018,RSM,263,263,18,Manciple,,Off,,,,,,,,,,,,,,,,,,,,,,,,,,,,,,Returns
RSM 0263 Off 019,RSM,263,263,19,Sentinel,,Off,,,,,,,,,,,,,,,,,,,,,,,,,,,,,,Returns
RSM 0263 PMI 029,RSM,263,263,29,,,PMI,"Waldron, P",,P.Dist.G.D.C. (Beds),2017,,,,,,,,,2010,,,,,,,,,,,,2023,,,,,Returns
RSM 0263 PMO 020,RSM,263,263,20,,,PMO,"Shaw, F J",,P.Dist.G.M.,2017,,,,,,,,,2009,,,,,,,,,,,,2005,,,,,Returns
RSM 0263 PMO 021,RSM,263,263,21,,,PMO,"Burt, D B F",,P.Dist.G.Lect.,2017,,,,,,,,,2010,,,,,,,,,,,,2005,,,,,Returns
RSM 0263 PMO 022,RSM,263,263,22,,,PMO,"Nailer, A J",,P.Dist. G.Rec.,2024,,,,,,,,,2012,,,,,,,,,,,,2005,,,,,Returns
RSM 0263 PMO 023,RSM,263,263,23,,,PMO,"Dare, S J",,P.Dist.Gapt.G.,2026,,,,,,,,,2015,,,,,,,,,,,,2006,,,,,Returns
RSM 0263 PMO 024,RSM,263,263,24,,,PMO,"Parkes, B E",,P.Dist.G.Lect.,2023,,,,,,,,,2016,,,,,,,,,,,,2005,,,,,Returns
RSM 0263 PMO 025,RSM,263,263,25,,,PMO,"Muir, P M",,P.Dist.G.A.D.C.,2024,,,,,,,,,2019,,,,,,,,,,,,2013,,,,,Returns
RSM 0263 PMO 026,RSM,263,263,26,,,PMO,"Dare, S J",,P.Dist.Gapt.G.,2026,,,,,,,,,2023,,,,,,,,,,,,2007,,,,,Returns
RSM 0263 PMO 027,RSM,263,263,27,,,PMO,"Muir, P M",,P.Dist.G.A.D.C.,2024,,,,,,,,,2024,,,,,,,,,,,,2013,,,,,Returns
RSM 0263 PMO 028,RSM,263,263,28,,,PMO,"Nixey, M T",,P.D.G.Stwd.,2025,,,,,,,,,2025,,,,,,,,,,,,2027,,,,,Returns
RSM 0263 SecEMail 001,RSM,263,263,1,,,SecEMail,,,,,,,,,,,,,,,,,,,,,,,,,,,,,,Returns
SRIA 0030 Off 002,SRIA,30,30,2,Celebrant,,Off,"Cutler, R",,,,,,,,,,,,,,,,,,,,,,,,,,,,,Returns
SRIA 0030 Off 003,SRIA,30,30,3,Exponent,,Off,"Praetig, R",,,,,,,,,,,,,,,,,,,,,,,,,,,,,Returns
SRIA 0030 Off 004,SRIA,30,30,4,Chaplain,,Off,"Rowe, O",,,,,,,,,,,,,,,,,,,,,,,,,,,,,Returns
SRIA 0030 Off 005,SRIA,30,30,5,Secretary,,Off,"Carvalho, A",,,,,,,,,,,,,,,,,,,,,,,,,,,,,Returns
SRIA 0030 Off 006,SRIA,30,30,6,Treasurer,,Off,"Scott, C",,,,,,,,,,,,,,,,,,,,,,,,,,,,,Returns
SRIA 0030 Off 007,SRIA,30,30,7,DC,,Off,"Haxell, A",,,,,,,,,,,,,,,,,,,,,,,,,,,,,Returns
SRIA 0030 Off 008,SRIA,30,30,8,1st Ancient,,Off,"Mills, I",,,,,,,,,,,,,,,,,,,,,,,,,,,,,Returns
SRIA 0030 Off 009,SRIA,30,30,9,2nd Ancient,,Off,"Ifill, F",,,,,,,,,,,,,,,,,,,,,,,,,,,,,Returns
SRIA 0030 Off 010,SRIA,30,30,10,3rd Ancient,,Off,"Cooper, O",,,,,,,,,,,,,,,,,,,,,,,,,,,,,Returns
SRIA 0030 Off 011,SRIA,30,30,11,4th Ancient,,Off,"Gawler, A",,,,,,,,,,,,,,,,,,,,,,,,,,,,,Returns
SRIA 0030 Off 012,SRIA,30,30,12,Coordinator of Studies,,Off,"Jeffery, E",,,,,,,,,,,,,,,,,,,,,,,,,,,,,Returns
SRIA 0030 Off 013,SRIA,30,30,13,Conductor of Novices,,Off,"Scott, C",,,,,,,,,,,,,,,,,,,,,,,,,,,,,Returns
SRIA 0030 Off 014,SRIA,30,30,14,Torch Bearer,,Off,"Protopsaltis, R",,,,,,,,,,,,,,,,,,,,,,,,,,,,,Returns
SRIA 0030 Off 015,SRIA,30,30,15,Librarian,,Off,"Stratford, T",,,,,,,,,,,,,,,,,,,,,,,,,,,,,Returns
SRIA 0030 Off 016,SRIA,30,30,16,Guardian,,Off,"Brown, R",,,,,,,,,,,,,,,,,,,,,,,,,,,,,Returns
SRIA 0030 Off 017,SRIA,30,30,17,Registrar of Mottoes,,Off,"Vacant, A",,,,,,,,,,,,,,,,,,,,,,,,,,,,,Returns
SRIA 0030 Off 018,SRIA,30,30,18,Herald,,Off,"Carvalho, A",,,,,,,,,,,,,,,,,,,,,,,,,,,,,Returns
SRIA 0030 Off 019,SRIA,30,30,19,Cellarius,,Off,"Brown, R",,,,,,,,,,,,,,,,,,,,,,,,,,,,,Returns
SRIA 0030 Off 020,SRIA,30,30,20,Acolyte,,Off,Vacant,,,,,,,,,,,,,,,,,,,,,,,,,,,,,Returns
SRIA 0030 SecEMail 001,SRIA,30,30,1,,,SecEMail,,,,,,,,,,,,,,,,,,,,,,,,,,,,,,Returns
STOA 0114 Hon 066,STOA,114,114,66,,,Hon,"Cox,  I",,,,,,,,,,,,,,,,,,,,,,,,,,,,,Returns
STOA 0114 Hon 067,STOA,114,114,67,,,Hon,"Phillips,  P",,,,,,,,,,,,,,,,,,,,,,,,,,,,,Returns
STOA 0114 Hon 068,STOA,114,114,68,,,Hon,"Randell,  H",,,,,,,,,,,,,,,,,,,,,,,,,,,,,Returns
STOA 0114 Inst 001,STOA,114,114,1,,,Inst,,,,,,,,,,,,,,,April 4th 2026,,,,,,,,,,,,,,,DBLodges
STOA 0114 Mem 040,STOA,114,114,40,,,Mem,"Amos,  B",,,,,,,,,,,,,,,,,,,,,,,f,2014,,,,,Returns
STOA 0114 Mem 041,STOA,114,114,41,,,Mem,"Bateman,  J",,,,,,,,,,,,,,,,,,,,,,,,2015,,,,,Returns
STOA 0114 Mem 042,STOA,114,114,42,,,Mem,"Braginton,  N",,,,,,,,,,,,,,,,,,,,,,,,2024,,,,,Returns
STOA 0114 Mem 043,STOA,114,114,43,,,Mem,"Buckle,  B",,,,,,,,,,,,,,,,,,,,,,,f,2014,,,,,Returns
STOA 0114 Mem 044,STOA,114,114,44,,,Mem,"Burt,  M",,,,,,,,,,,,,,,,,,,,,,,f,2014,,,,,Returns
STOA 0114 Mem 045,STOA,114,114,45,,,Mem,"Caswell,  M",,,,,,,,,,,,,,,,,,,,,,,,2023,,,,,Returns
STOA 0114 Mem 046,STOA,114,114,46,,,Mem,"Clapp,  A",,,,,,,,,,,,,,,,,,,,,,,,2023,,,,,Returns
STOA 0114 Mem 047,STOA,114,114,47,,,Mem,"Fairlie,  R",,,,,,,,,,,,,,,,,,,,,,,f,2014,,,,,Returns
STOA 0114 Mem 048,STOA,114,114,48,,,Mem,"Frostick,  D",,,,,,,,,,,,,,,,,,,,,,,f,2014,,,,,Returns
STOA 0114 Mem 049,STOA,114,114,49,,,Mem,"Gibbs,  D",,,,,,,,,,,,,,,,,,,,,,,,2022,,,,,Returns
STOA 0114 Mem 050,STOA,114,114,50,,,Mem,"Furneaux-Gotch,  J",,,,,,,,,,,,,,,,,,,,,,,,2025,,,,,Returns
STOA 0114 Mem 051,STOA,114,114,51,,,Mem,"Jeffery,  C",,,,,,,,,,,,,,,,,,,,,,,,2019,,,,,Returns
STOA 0114 Mem 052,STOA,114,114,52,,,Mem,"Kelly,  C",,,,,,,,,,,,,,,,,,,,,,,,2024,,,,,Returns
STOA 0114 Mem 053,STOA,114,114,53,,,Mem,"MacKenzie,  G",,,,,,,,,,,,,,,,,,,,,,,,2023,,,,,Returns
STOA 0114 Mem 054,STOA,114,114,54,,,Mem,"May,  J",,,,,,,,,,,,,,,,,,,,,,,f,2014,,,,,Returns
STOA 0114 Mem 055,STOA,114,114,55,,,Mem,"McMurray,  A",,,,,,,,,,,,,,,,,,,,,,,,2022,,,,,Returns
STOA 0114 Mem 056,STOA,114,114,56,,,Mem,"McNally,  J",,,,,,,,,,,,,,,,,,,,,,,,2019,,,,,Returns
STOA 0114 Mem 057,STOA,114,114,57,,,Mem,"Page,  M",,,,,,,,,,,,,,,,,,,,,,,,2025,,,,,Returns
STOA 0114 Mem 058,STOA,114,114,58,,,Mem,"Palmer,  B",,,,,,,,,,,,,,,,,,,,,,,,2025,,,,,Returns
STOA 0114 Mem 059,STOA,114,114,59,,,Mem,"Parrock,  M",,,,,,,,,,,,,,,,,,,,,,,f,2014,,,,,Returns
STOA 0114 Mem 060,STOA,114,114,60,,,Mem,"Penfold,  J",,,,,,,,,,,,,,,,,,,,,,,f,2014,,,,,Returns
STOA 0114 Mem 061,STOA,114,114,61,,,Mem,"Shepherd,  J",,,,,,,,,,,,,,,,,,,,,,,f,2014,,,,,Returns
STOA 0114 Mem 062,STOA,114,114,62,,,Mem,"Slade,  C",,,,,,,,,,,,,,,,,,,,,,,,2025,,,,,Returns
STOA 0114 Mem 063,STOA,114,114,63,,,Mem,"Thomas,  R",,,,,,,,,,,,,,,,,,,,,,,,2024,,,,,Returns
STOA 0114 Mem 064,STOA,114,114,64,,,Mem,"Walker,  I",,,,,,,,,,,,,,,,,,,,,,,f,2014,,,,,Returns
STOA 0114 Mem 065,STOA,114,114,65,,,Mem,"Warwick,  S",,,,,,,,,,,,,,,,,,,,,,,,2025,,,,,Returns
STOA 0114 Off 002,STOA,114,114,2,Worthy Master,,Off,"Jeffery,  C",,,,,,,,,,,,,,,,,,,,,,,,,,,,,Returns
STOA 0114 Off 003,STOA,114,114,3,Eminent Prior,,Off,"McMurray,  A",,,,,,,,,,,,,,,,,,,,,,,,,,,,,Returns
STOA 0114 Off 004,STOA,114,114,4,Marshal,,Off,"Fairlie,  R",,,,,,,,,,,,,,,,,,,,,,,,,,,,,Returns
STOA 0114 Off 005,STOA,114,114,5,Treasurer,,Off,"Bateman,  J",,,,,,,,,,,,,,,,,,,,,,,,,,,,,Returns
STOA 0114 Off 006,STOA,114,114,6,Secretary,,Off,"Walker,  I J",,,,,,,,,,,,,,,,,,,,,,,,,,,,,Returns
STOA 0114 Off 007,STOA,114,114,7,Dep Marshal,,Off,"Gibbs,  D",,,,,,,,,,,,,,,,,,,,,,,,,,,,,Returns
STOA 0114 Off 008,STOA,114,114,8,Almoner,,Off,"Shepherd,  J",,,,,,,,,,,,,,,,,,,,,,,,,,,,,Returns
STOA 0114 Off 009,STOA,114,114,9,1st W.K.,,Off,"Caswell,  M",,,,,,,,,,,,,,,,,,,,,,,,,,,,,Returns
STOA 0114 Off 010,STOA,114,114,10,2nd W.K.,,Off,"Thomas,  R",,,,,,,,,,,,,,,,,,,,,,,,,,,,,Returns
STOA 0114 Off 011,STOA,114,114,11,3rd W.K.,,Off,"Braginton,  N",,,,,,,,,,,,,,,,,,,,,,,,,,,,,Returns
STOA 0114 Off 012,STOA,114,114,12,4th W.K.,,Off,"Kelly,  C",,,,,,,,,,,,,,,,,,,,,,,,,,,,,Returns
STOA 0114 Off 013,STOA,114,114,13,Herald,,Off,"Warwick,  S",,,,,,,,,,,,,,,,,,,,,,,,,,,,,Returns
STOA 0114 Off 014,STOA,114,114,14,Organist,,Off,"Burt,  M",,,,,,,,,,,,,,,,,,,,,,,,,,,,,Returns
STOA 0114 Off 015,STOA,114,114,15,Doorkeeper,,Off,"Slade,  C",,,,,,,,,,,,,,,,,,,,,,,,,,,,,Returns
STOA 0114 Off 016,STOA,114,114,16,Tyler,,Off,,,,,,,,,,,,,,,,,,,,,,,,,,,,,,Returns
STOA 0114 Off 017,STOA,114,114,17,Cellarer,,Off,"Furneaux-Gotch,  J",,,,,,,,,,,,,,,,,,,,,,,,,,,,,Returns
STOA 0114 Off 018,STOA,114,114,18,Cellarer,,Off,"Page,  M",,,,,,,,,,,,,,,,,,,,,,,,,,,,,Returns
STOA 0114 Off 019,STOA,114,114,19,Cellarer,,Off,,,,,,,,,,,,,,,,,,,,,,,,,,,,,,Returns
STOA 0114 Off 020,STOA,114,114,20,Cellarer,,Off,,,,,,,,,,,,,,,,,,,,,,,,,,,,,,Returns
STOA 0114 Off 021,STOA,114,114,21,Cellarer,,Off,,,,,,,,,,,,,,,,,,,,,,,,,,,,,,Returns
STOA 0114 Off 022,STOA,114,114,22,Cellarer,,Off,,,,,,,,,,,,,,,,,,,,,,,,,,,,,,Returns
STOA 0114 Off 023,STOA,114,114,23,Sentry,,Off,"Palmer,  B",,,,,,,,,,,,,,,,,,,,,,,,,,,,,Returns
STOA 0114 PMI 031,STOA,114,114,31,,,PMI,"Clapp,  A",,RWGP,,,,,,,,,,2010,,,,,,,,,,,,,,,,,Returns
STOA 0114 PMI 032,STOA,114,114,32,,,PMI,"MacKenzie,  G",,Pr G Prior,,,,,,,,,,2010,,,,,,,,,,,,,,,,,Returns
STOA 0114 PMI 033,STOA,114,114,33,,,PMI,"Parrock,  M",,Pr G Alm,,,,,,,,,,2010,,,,,,,,,,,,,,,,,Returns
STOA 0114 PMI 034,STOA,114,114,34,,,PMI,"Amos,  B",,PPr G Mar,,,,,,,,,,2012,,,,,,,,,,,,,,,,,Returns
STOA 0114 PMI 035,STOA,114,114,35,,,PMI,"Burt,  M",,Pr Org,,,,,,,,,,2013,,,,,,,,,,,,,,,,,Returns
STOA 0114 PMI 036,STOA,114,114,36,,,PMI,"Penfold,  J",,Pr G Sec,,,,,,,,,,2015,,,,,,,,,,,,,,,,,Returns
STOA 0114 PMI 037,STOA,114,114,37,,,PMI,"Bateman,  J",,P Pr G Treas,,,,,,,,,,2021,,,,,,,,,,,,,,,,,Returns
STOA 0114 PMI 038,STOA,114,114,38,,,PMI,"Caswell,  M",,PPr DG Sec,,,,,,,,,,2024,,,,,,,,,,,,,,,,,Returns
STOA 0114 PMI 039,STOA,114,114,39,,,PMI,"Gibbs,  D",,Pr Alm,,,,,,,,,,2023,,,,,,,,,,,,,,,,,Returns
STOA 0114 PMO 024,STOA,114,114,24,,,PMO,"May,  J",,PPrG Mar,,,,,,,,,,2014,,,,,,,,,,,,2014,,,,,Returns
STOA 0114 PMO 025,STOA,114,114,25,,,PMO,"Walker,  I J",,Pr Reg,,,,,,,,,,2016,,,,,,,,,,,,2014,,,,,Returns
STOA 0114 PMO 026,STOA,114,114,26,,,PMO,"Fairlie,  R",,PPr GBB,,,,,,,,,,2017,,,,,,,,,,,,2014,,,,,Returns
STOA 0114 PMO 027,STOA,114,114,27,,,PMO,"Shepherd,  J",,PPr GBB,,,,,,,,,,2022,,,,,,,,,,,,2014,,,,,Returns
STOA 0114 PMO 028,STOA,114,114,28,,,PMO,"Buckle,  B",,Pr G Cell,,,,,,,,,,2023,,,,,,,,,,,,2014,,,,,Returns
STOA 0114 PMO 029,STOA,114,114,29,,,PMO,"Frostick,  D",,Pr G Cell,,,,,,,,,,2024,,,,,,,,,,,,2014,,,,,Returns
STOA 0114 PMO 030,STOA,114,114,30,,,PMO,"McNally,  J",,Pr G Cell,,,,,,,,,,2025,,,,,,,,,,,,2019,,,,,Returns
STOA 0114 SecEMail 001,STOA,114,114,1,,,SecEMail,,,,,,,,,,,,,,,,,,,,,,,,,,,,,,Returns
